Fecha,CodigoEmbalse,RegionHidrologica,reserva_pct,aportes_masa,media_historica_masa,aportes_vs_media_pct,t2m,u10,v10,msl,sst_nino12_proxy,oni_anom,tp,ro,sro,swvl1,wind_speed
2013-01-01,URRA1,Caribe,75.74,107990000.0,170540000.0,63.32238770962824,26.466522,0.17577362,-0.231781,1009.7527,23.663086,-0.29,0.097990036,0.039100647,0.0010728836,0.47065485,0.2908931
2013-01-02,URRA1,Caribe,75.74,121290000.0,170540000.0,71.12114459950745,26.605682,0.34339523,-0.13898468,1008.97534,23.747772,-0.29,0.04506111,0.037789345,0.0009536743,0.46582475,0.37045518
2013-01-03,URRA1,Caribe,75.97,160000000.0,170540000.0,93.81963175794536,27.040314,0.027210236,-0.37477112,1010.1266,23.999786,-0.29,0.025629997,0.036239624,0.00023841858,0.45633957,0.37575763
2013-01-04,URRA1,Caribe,75.91,116920000.0,170540000.0,68.55869590711856,26.964935,0.33350754,-0.22764969,1010.84955,23.946686,-0.29,0.12505054,0.03683567,0.0017881393,0.44821888,0.40379655
2013-01-05,URRA1,Caribe,75.97,129730000.0,170540000.0,76.07013017473906,26.997467,-0.0092048645,-0.8027916,1010.0613,23.757507,-0.29,0.023841858,0.03492832,0.00035762787,0.4426354,0.80284435
2013-01-06,URRA1,Caribe,75.86,100820000.0,170540000.0,59.11809546147532,27.308136,-0.06432724,-0.72184753,1008.9934,23.87091,-0.29,0.002503395,0.0333786,0.0,0.4288907,0.72470814
2013-01-07,URRA1,Caribe,75.69,91340000.0,170540000.0,53.559282279817054,26.87735,-0.107875824,-0.61265945,1008.54877,24.344086,-0.29,0.0011920929,0.03284216,0.0,0.41393712,0.6220842
2013-01-08,URRA1,Caribe,74.27,65330000.0,170540000.0,38.30772839216606,27.1279,-0.65037155,-0.6086502,1007.1947,24.515778,-0.29,0.000834465,0.031650066,0.0,0.39929616,0.89075154
2013-01-09,URRA1,Caribe,73.42,54420000.0,170540000.0,31.91040225167116,27.272614,0.40135956,-0.35089874,1008.3617,24.527252,-0.29,0.00667572,0.030994415,0.0,0.38738444,0.5331223
2013-01-10,URRA1,Caribe,73.08,73280000.0,170540000.0,42.969391345138966,28.121796,-0.37709045,-0.22753143,1008.7942,24.554077,-0.29,0.0014305115,0.029861927,0.0,0.3773567,0.4404177
2013-01-11,URRA1,Caribe,72.8,77680000.0,170540000.0,45.54943121848247,27.724945,0.21782303,-0.6800461,1007.89514,24.662903,-0.29,0.00011920929,0.029206276,0.0,0.36607468,0.7140795
2013-01-12,URRA1,Caribe,72.58,83670000.0,170540000.0,49.06180368242055,26.943329,0.66748047,-0.7878952,1008.1705,24.632141,-0.29,0.00011920929,0.028133392,0.0,0.35601413,1.0326223
2013-01-13,URRA1,Caribe,72.28999999999999,68320000.0,170540000.0,40.060982760642666,26.386383,0.5704689,-0.43650436,1009.6422,24.648346,-0.29,0.019907951,0.027477741,0.00023841858,0.34792507,0.7183111
2013-01-14,URRA1,Caribe,72.00999999999999,68600000.0,170540000.0,40.22516711621907,26.594086,0.23528671,-0.531517,1010.26,24.8479,-0.29,0.0051259995,0.026345253,0.00011920929,0.3420825,0.581266
2013-01-15,URRA1,Caribe,71.73,68040000.0,170540000.0,39.89679840506626,26.409637,0.67074585,-0.46575928,1009.9925,24.499908,-0.29,0.013589859,0.025987625,0.00029802322,0.3427568,0.81659764
2013-01-16,URRA1,Caribe,71.39,58640000.0,170540000.0,34.384895039286974,26.589264,0.70375824,-0.17441559,1009.97217,24.351227,-0.29,0.019431114,0.025331974,0.00029802322,0.33839637,0.72504926
2013-01-17,URRA1,Caribe,71.11,68550000.0,170540000.0,40.19584848129471,26.231415,1.0660858,-0.41755295,1011.2072,24.522552,-0.29,0.029921532,0.024497509,0.00017881393,0.33765203,1.1449409
2013-01-18,URRA1,Caribe,70.77,58860000.0,170540000.0,34.51389703295414,26.219147,0.5366783,-0.8129196,1011.923,24.732483,-0.29,0.030040741,0.023812056,0.00017881393,0.34491494,0.97409546
2013-01-19,URRA1,Caribe,70.49,68480000.0,170540000.0,40.15480239240061,25.999237,0.52674484,-0.6751747,1011.04,24.652527,-0.29,0.024080276,0.023066998,0.00029802322,0.3469007,0.85634166
2013-01-20,URRA1,Caribe,70.1,49720000.0,170540000.0,29.15445056878152,26.767181,0.69374466,-0.6951103,1010.0072,24.513092,-0.29,0.015974045,0.022292137,0.00014901161,0.34398967,0.98206925
2013-01-21,URRA1,Caribe,69.76,59280000.0,170540000.0,34.760173566318755,26.873932,1.0439873,-0.73532486,1009.77734,24.59903,-0.29,0.00667572,0.021398067,5.9604645e-05,0.33919775,1.2769543
2013-01-22,URRA1,Caribe,69.37,48170000.0,170540000.0,28.245572886126425,27.092743,1.1283569,-0.8877983,1010.8569,24.85675,-0.29,0.004529953,0.020742416,0.0,0.33881903,1.4357489
2013-01-23,URRA1,Caribe,67.58,25110000.0,170540000.0,14.723818459012548,26.829498,1.2487297,-0.64442825,1012.6225,24.851166,-0.29,0.047802925,0.020503998,0.00029802322,0.3464141,1.4052094
2013-01-24,URRA1,Caribe,66.60000000000001,11260000.0,170540000.0,6.602556584965404,26.313324,1.2919693,-0.5926933,1013.045,24.82071,-0.29,0.022411346,0.02002716,0.00017881393,0.3609699,1.4214324
2013-01-25,URRA1,Caribe,65.75999999999999,52140000.0,170540000.0,30.57347249912044,25.751862,1.0219421,-0.80750275,1012.6747,24.86969,-0.29,0.20420551,0.021100044,0.001847744,0.38468742,1.3024694
2013-01-26,URRA1,Caribe,64.94,56990000.0,170540000.0,33.41738008678316,26.427582,0.6150131,-0.60341644,1011.6136,24.931732,-0.29,0.026583672,0.019133091,0.00035762787,0.41265067,0.86159885
2013-01-27,URRA1,Caribe,64.01,35280000.0,170540000.0,20.68722880262695,27.108307,0.5942726,-0.67232895,1011.65283,24.98111,-0.29,0.023841858,0.018715858,0.0004172325,0.39167088,0.89732164
2013-01-28,URRA1,Caribe,63.03,27870000.0,170540000.0,16.342207106837105,27.101166,0.3987198,-0.4275856,1011.555,24.951294,-0.29,0.032544136,0.017821789,0.00017881393,0.3795985,0.5846425
2013-01-29,URRA1,Caribe,62.27,31150000.0,170540000.0,18.265509557874985,27.592987,0.8333664,-0.5051918,1010.6223,24.986877,-0.29,0.010728836,0.017344952,0.00017881393,0.36918187,0.9745349
2013-01-30,URRA1,Caribe,61.84,44480000.0,170540000.0,26.08185762870881,27.453156,0.84540176,-0.4436798,1009.89545,24.99582,-0.29,0.02014637,0.016868114,0.00023841858,0.36056456,0.9547544
2013-01-31,URRA1,Caribe,61.3,35050000.0,170540000.0,20.552363081974903,27.51889,0.61556625,-0.3992195,1009.5034,24.991547,-0.29,0.00333786,0.016212463,0.0,0.36050308,0.73368794
2013-02-01,URRA1,Caribe,60.870000000000005,41110000.0,128070000.0,32.09963301319591,26.640839,1.2032623,-0.6949272,1010.34125,24.958862,-0.29,0.03325939,0.016093254,0.00023841858,0.35752088,1.3895193
2013-02-02,URRA1,Caribe,60.540000000000006,59300000.0,128070000.0,46.30280315452487,25.352448,0.7370529,0.4184723,1011.02545,24.721436,-0.29,0.1244545,0.016629696,0.0010728836,0.38686243,0.84756476
2013-02-03,URRA1,Caribe,60.17,50070000.0,128070000.0,39.09580698055751,25.506561,1.1911087,-0.13493729,1010.78174,24.587372,-0.29,0.24783611,0.017762184,0.0023245811,0.41935754,1.1987276
2013-02-04,URRA1,Caribe,60.27,132150000.0,128070000.0,103.18575778870932,25.493073,0.92165756,-0.24141693,1010.45795,24.668365,-0.29,0.13756752,0.016272068,0.0013113022,0.46169567,0.95275116
2013-02-05,URRA1,Caribe,60.06,77490000.0,128070000.0,60.50597329585384,25.7529,1.3527374,0.23113632,1011.0086,24.74878,-0.29,0.15842915,0.016391277,0.0016093254,0.44547588,1.372342
2013-02-06,URRA1,Caribe,59.31,64490000.0,128070000.0,50.35527445928009,25.624237,1.1290588,0.012519836,1011.02344,25.362122,-0.29,0.13291836,0.015556812,0.0012516975,0.43412405,1.1291282
2013-02-07,URRA1,Caribe,58.35,30200000.0,128070000.0,23.580854220348247,25.435638,1.1381187,-0.39299774,1010.9614,25.533173,-0.29,0.16307831,0.015974045,0.0017285347,0.44233173,1.2040604
2013-02-08,URRA1,Caribe,57.56,54760000.0,128070000.0,42.757866791598346,25.366486,1.0772362,-0.38313675,1011.0591,25.509613,-0.29,0.2579689,0.01603365,0.0023245811,0.45121127,1.1433423
2013-02-09,URRA1,Caribe,57.3,68630000.0,128070000.0,53.5878816272351,25.832672,1.3781509,-0.27286148,1011.6156,25.646912,-0.29,0.13697147,0.014960766,0.0014901161,0.45510614,1.4049033
2013-02-10,URRA1,Caribe,57.19,95480000.0,128070000.0,74.55297883969703,25.343353,1.118988,-0.57835007,1012.03534,25.623749,-0.29,0.3823042,0.018000603,0.004708767,0.47324252,1.2596122
2013-02-11,URRA1,Caribe,56.67,101240000.0,128070000.0,79.05051924728664,26.249725,0.9018669,-0.10550308,1011.84796,25.757538,-0.29,0.046491623,0.013649464,0.00059604645,0.46707582,0.908017
2013-02-12,URRA1,Caribe,55.93,64260000.0,128070000.0,50.17568517217147,26.34079,0.70425415,0.45936584,1011.22656,25.693176,-0.29,0.13446808,0.014066696,0.0014305115,0.45556352,0.8408275
2013-02-13,URRA1,Caribe,55.15,56950000.0,128070000.0,44.46786913406731,26.017365,0.9507942,0.26029968,1010.48267,25.691559,-0.29,0.027298927,0.012934208,0.00035762787,0.4401441,0.9857817
2013-02-14,URRA1,Caribe,54.06999999999999,44590000.0,128070000.0,34.81689700944796,26.247772,0.84371567,0.36696243,1011.3828,25.674744,-0.29,0.049591064,0.012814999,0.00071525574,0.44075453,0.9200639
2013-02-15,URRA1,Caribe,52.95,37490000.0,128070000.0,29.273053798703835,26.46933,0.7076607,-0.35343933,1011.1625,25.689209,-0.29,0.05173683,0.0123381615,0.00044703484,0.4570668,0.7910139
2013-02-16,URRA1,Caribe,52.59,57320000.0,128070000.0,44.75677363941594,26.777313,0.9710922,-0.8301468,1010.2403,25.603668,-0.29,0.028729439,0.011980534,0.0004172325,0.43985984,1.2775617
2013-02-17,URRA1,Caribe,52.34,74700000.0,128070000.0,58.32747716092762,25.68393,0.796299,0.067287445,1011.423,25.303192,-0.29,0.3618002,0.015676022,0.0039339066,0.4653546,0.7991369
2013-02-18,URRA1,Caribe,51.33,54180000.0,128070000.0,42.30498945888967,25.782806,0.52321625,-0.28081894,1010.48346,24.863983,-0.29,0.106692314,0.013649464,0.0022649765,0.4676842,0.59381354
2013-02-19,URRA1,Caribe,50.28,38780000.0,128070000.0,30.28031545248692,27.266266,0.6564903,-0.03554535,1009.3014,24.746216,-0.29,0.029444695,0.011563301,0.0004172325,0.45547003,0.6574519
2013-02-20,URRA1,Caribe,49.19,40850000.0,128070000.0,31.89661903646444,27.220917,0.64110184,-0.009372711,1007.883,24.472992,-0.29,0.007987022,0.011205673,0.00017881393,0.43906972,0.6411704
2013-02-21,URRA1,Caribe,48.16,51490000.0,128070000.0,40.204575622706336,27.098785,0.7274475,-0.096961975,1007.9877,24.225494,-0.29,0.09679794,0.01347065,0.0029206276,0.43296793,0.7338811
2013-02-22,URRA1,Caribe,47.05,38110000.0,128070000.0,29.757164050909655,27.181427,0.76334,0.1859932,1009.2575,24.28366,-0.29,0.016450882,0.010609627,0.00029802322,0.44171765,0.7856726
2013-02-23,URRA1,Caribe,46.81,75600000.0,128070000.0,59.0302178496135,27.391266,0.8507309,-0.18842697,1008.97296,24.547272,-0.29,0.023126602,0.010788441,0.00047683716,0.42383337,0.87134826
2013-02-24,URRA1,Caribe,46.48,59740000.0,128070000.0,46.64636526899352,27.077057,0.9784355,0.048511505,1009.3569,24.842499,-0.29,0.25069714,0.012099743,0.0020861626,0.42521733,0.9796374
2013-02-25,URRA1,Caribe,45.34,32460000.0,128070000.0,25.34551417193722,27.416962,0.46625137,-0.40459824,1007.79095,24.991364,-0.29,0.026345253,0.010192394,0.0004172325,0.4311973,0.61732495
2013-02-26,URRA1,Caribe,44.17,22790000.0,128070000.0,17.79495588350121,26.858246,1.0394096,-0.22408676,1008.85626,25.159973,-0.29,0.021338463,0.010073185,0.00035762787,0.4213654,1.0632908
2013-02-27,URRA1,Caribe,43.11,41610000.0,128070000.0,32.49004450691028,27.333527,0.8318863,-0.4609909,1009.2966,25.331207,-0.29,0.046133995,0.010430813,0.00059604645,0.42239016,0.951077
2013-02-28,URRA1,Caribe,41.92,23050000.0,128070000.0,17.997969860232686,26.852448,1.1256676,0.0034561157,1008.9764,25.56549,-0.29,0.6763935,0.12731552,0.11789799,0.44574222,1.1256729
2013-03-01,URRA1,Caribe,41.61,55780000.0,134860000.0,41.36141183449503,26.88327,1.3938599,0.24896622,1008.54126,25.987915,-0.21,0.31220913,0.013113022,0.003874302,0.47069833,1.41592
2013-03-02,URRA1,Caribe,40.44,35960000.0,134860000.0,26.664689307429928,26.774689,1.2283554,0.26727295,1009.21405,26.13208,-0.21,0.744462,0.046610832,0.037431717,0.48082772,1.2570966
2013-03-03,URRA1,Caribe,44.59,845910000.0,134860000.0,627.250481981314,25.435455,0.9917412,-1.4600525,1011.6803,26.115143,-0.21,1.5704632,0.1770258,0.16793609,0.5052453,1.7650223
2013-03-04,URRA1,Caribe,45.15,292190000.0,134860000.0,216.6617232685748,26.023163,-0.8670044,-1.5768929,1012.2125,25.976349,-0.21,0.16999245,0.011563301,0.002503395,0.5016532,1.7995243
2013-03-05,URRA1,Caribe,44.82,184310000.0,134860000.0,136.66765534628504,26.76065,0.1691742,-1.1064835,1011.08704,25.98465,-0.21,0.16093254,0.012218952,0.0031590462,0.49431837,1.1193416
2013-03-06,URRA1,Caribe,44.45,186990000.0,134860000.0,138.65490137920807,27.440521,0.9826164,0.1619072,1011.16516,26.155304,-0.21,0.1527071,0.011563301,0.0029206276,0.48997426,0.99586594
2013-03-07,URRA1,Caribe,43.98,158080000.0,134860000.0,117.21785555390775,27.097809,1.1128159,-0.2030716,1011.3873,26.46698,-0.21,0.43737888,0.04464388,0.036120415,0.49049243,1.1311928
2013-03-08,URRA1,Caribe,43.24,116900000.0,134860000.0,86.68248554056058,27.217438,0.3181038,-0.85375595,1010.4519,26.385437,-0.21,0.058412552,0.009834766,0.0012516975,0.49125463,0.91109234
2013-03-09,URRA1,Caribe,42.7,128960000.0,134860000.0,95.62509268871422,26.689606,1.1548309,-0.37245178,1009.70825,26.2128,-0.21,0.08618832,0.011742115,0.0030994415,0.4942777,1.2134063
2013-03-10,URRA1,Caribe,42.38,261860000.0,134860000.0,194.1717336497108,27.085052,0.7276573,0.036590576,1009.63,26.164825,-0.21,0.11789799,0.010430813,0.0019073486,0.4929728,0.7285767
2013-03-11,URRA1,Caribe,41.47,157350000.0,134860000.0,116.67655346285038,27.109772,0.42794037,-0.22029495,1008.6314,26.235474,-0.21,0.20468235,0.012874603,0.004351139,0.49286842,0.48131365
2013-03-12,URRA1,Caribe,40.8,195260000.0,134860000.0,144.7871867121459,26.831024,0.9889412,0.69791794,1009.947,26.495087,-0.21,0.042557716,0.009298325,0.0008940697,0.49009535,1.2104107
2013-03-13,URRA1,Caribe,40.09,189600000.0,134860000.0,140.5902417321667,26.441376,0.5552521,0.43542862,1010.23376,26.482574,-0.21,0.40996075,0.022053719,0.013828278,0.49757802,0.7056224
2013-03-14,URRA1,Caribe,42.970000000000006,794820000.0,134860000.0,589.3667507044343,25.648773,0.9294014,-0.17322922,1009.79346,26.522278,-0.21,0.6529093,0.03248453,0.02104044,0.51065683,0.9454075
2013-03-15,URRA1,Caribe,48.21,1185270000.0,134860000.0,878.8892184487617,25.000885,0.78235626,-1.7425995,1010.5083,26.31363,-0.21,1.6115904,0.3067851,0.29838085,0.50655663,1.910166
2013-03-16,URRA1,Caribe,52.690000000000005,1061120000.0,134860000.0,786.830787483316,26.407074,0.21287918,-0.9523392,1009.823,26.09491,-0.21,0.41615963,0.04172325,0.033050776,0.4955187,0.9758419
2013-03-17,URRA1,Caribe,55.05,746630000.0,134860000.0,553.6333975975085,26.32602,0.62225723,0.46607208,1010.84576,25.961517,-0.21,0.119805336,0.012695789,0.0037550926,0.49945876,0.7774492
2013-03-18,URRA1,Caribe,56.25,566400000.0,134860000.0,419.9911018834347,26.06668,1.3174362,0.65083694,1011.2911,25.960022,-0.21,0.031113625,0.009834766,0.00071525574,0.49518758,1.4694308
2013-03-19,URRA1,Caribe,56.510000000000005,412920000.0,134860000.0,306.18419101290226,26.259308,0.85334396,0.20591354,1010.78375,25.871002,-0.21,0.053286552,0.010430813,0.001013279,0.4843908,0.8778361
2013-03-20,URRA1,Caribe,57.50999999999999,415560000.0,134860000.0,308.14177665727425,26.658112,1.0439072,-0.07998657,1010.42487,25.566864,-0.21,0.11050701,0.013887882,0.004172325,0.4852659,1.046967
2013-03-21,URRA1,Caribe,60.540000000000006,774630000.0,134860000.0,574.3956695832716,25.736115,1.0870743,0.2308464,1010.8942,25.316956,-0.21,0.5736351,0.04464388,0.03451109,0.4988014,1.1113148
2013-03-22,URRA1,Caribe,61.3,516540000.0,134860000.0,383.01942755450096,25.82901,0.6715965,-0.44639587,1012.04126,25.21936,-0.21,0.10585785,0.013291836,0.0029802322,0.49266875,0.8064187
2013-03-23,URRA1,Caribe,59.85,313760000.0,134860000.0,232.6560877947501,26.02713,0.47262955,0.012355804,1011.53015,24.876709,-0.21,0.007748604,0.010848045,0.00011920929,0.48548937,0.47279102
2013-03-24,URRA1,Caribe,57.24,166900000.0,134860000.0,123.75797122942312,26.328339,0.47646713,0.4726982,1009.548,24.525635,-0.21,0.09286404,0.012397766,0.0014305115,0.48848993,0.67116654
2013-03-25,URRA1,Caribe,55.620000000000005,196690000.0,134860000.0,145.84754560284742,26.504059,0.50204086,0.09595108,1009.1955,24.496735,-0.21,0.04005432,0.0121593475,0.0009536743,0.48835832,0.5111278
2013-03-26,URRA1,Caribe,53.92,179230000.0,134860000.0,132.9007860002966,26.769928,-0.018245697,0.38218307,1009.84406,24.225128,-0.21,0.09357929,0.01335144,0.0016093254,0.49901783,0.38261837
2013-03-27,URRA1,Caribe,53.61,407810000.0,134860000.0,302.39507637550054,26.841461,0.90421677,-0.5700455,1010.84625,23.778748,-0.21,0.21874905,0.0218153,0.009655952,0.5024083,1.0689058
2013-03-28,URRA1,Caribe,54.33,583840000.0,134860000.0,432.92303129171,26.632599,0.8514366,-0.7663765,1011.27234,23.654816,-0.21,0.15461445,0.019788742,0.006914139,0.49940366,1.1455467
2013-03-29,URRA1,Caribe,56.35,802370000.0,134860000.0,594.9651490434525,27.015533,-0.09371567,-1.1339188,1011.4214,23.415619,-0.21,0.2542734,0.021457672,0.007867813,0.49488688,1.1377848
2013-03-30,URRA1,Caribe,59.1,927260000.0,134860000.0,687.5722971970932,26.98349,0.096710205,-0.032585144,1010.5123,23.37323,-0.21,0.9493828,0.11360645,0.09953976,0.49989608,0.10205222
2013-03-31,URRA1,Caribe,59.42,576620000.0,134860000.0,427.5693311582382,27.590118,0.06347656,0.13842392,1009.8347,23.111786,-0.21,0.028133392,0.015616417,0.0009536743,0.49210685,0.15228413
2013-04-01,URRA1,Caribe,58.09,387730000.0,239380000.0,161.97259587267106,27.36789,0.57822037,0.48647308,1008.89966,22.884583,-0.19,0.039577484,0.016510487,0.00071525574,0.48591188,0.755642
2013-04-02,URRA1,Caribe,57.14,358670000.0,239380000.0,149.83290166262847,26.890228,0.65833664,0.74557114,1010.6956,22.545624,-0.19,0.08249283,0.019490719,0.0025629997,0.50046104,0.9946273
2013-04-03,URRA1,Caribe,55.57,254740000.0,239380000.0,106.41657615506726,27.062347,0.8569069,-0.03042984,1011.145,22.55185,-0.19,0.044584274,0.019073486,0.0007748604,0.48460126,0.857447
2013-04-04,URRA1,Caribe,53.71,189340000.0,239380000.0,79.09599799481995,27.25235,0.6336403,-0.17164993,1010.7442,22.672394,-0.19,0.04029274,0.020623207,0.0011324883,0.49827605,0.6564783
2013-04-05,URRA1,Caribe,51.48,131240000.0,239380000.0,54.82496449160331,27.58316,1.1111069,0.14248276,1010.9547,22.860016,-0.19,0.024318695,0.021636486,0.000834465,0.48157254,1.1202053
2013-04-06,URRA1,Caribe,49.53,177160000.0,239380000.0,74.00785362185647,26.03006,1.3401794,0.42531204,1011.6259,22.950256,-0.19,0.26023388,0.03552437,0.013947487,0.48771417,1.406048
2013-04-07,URRA1,Caribe,46.38,81880000.0,239380000.0,34.20502965995488,26.517853,0.34606934,-0.72745514,1010.90424,22.874786,-0.19,0.40769577,0.029206276,0.0066161156,0.49151832,0.8055774
2013-04-08,URRA1,Caribe,44.5,138040000.0,239380000.0,57.66563622691954,27.097809,0.72364426,-0.15751266,1009.2997,23.06247,-0.19,0.03170967,0.024199486,0.0011920929,0.49013042,0.7405885
2013-04-09,URRA1,Caribe,43.89,210010000.0,239380000.0,87.73080457849444,27.810577,1.1107292,0.2484169,1009.3697,23.20462,-0.19,0.07414818,0.025749207,0.0021457672,0.48500943,1.1381698
2013-04-10,URRA1,Caribe,43.29,207560000.0,239380000.0,86.70732726209374,27.920624,0.77269363,0.15336609,1009.2603,23.468292,-0.19,0.021338463,0.024199486,0.00059604645,0.48173663,0.7877669
2013-04-11,URRA1,Caribe,42.06,242960000.0,239380000.0,101.49553011947532,27.1492,0.5234184,0.17897034,1009.1156,23.601318,-0.19,0.040650368,0.024616718,0.0009536743,0.4827107,0.55317014
2013-04-12,URRA1,Caribe,41.02,219700000.0,239380000.0,91.77876180132009,27.649933,0.49228668,-0.23315811,1009.1317,23.470673,-0.19,0.24735928,0.030815601,0.006735325,0.48302463,0.5447099
2013-04-13,URRA1,Caribe,39.74,285100000.0,239380000.0,119.09933996156738,26.982574,0.5517998,-0.2902794,1008.4495,23.457245,-0.19,0.089645386,0.025391579,0.0014305115,0.47757405,0.62349427
2013-04-14,URRA1,Caribe,38.04,219600000.0,239380000.0,91.7369872169772,26.79367,1.0966301,0.21859741,1008.72345,23.52353,-0.19,0.09179115,0.025987625,0.0016093254,0.4770965,1.118205
2013-04-15,URRA1,Caribe,36.59,263820000.0,239380000.0,110.2097084134013,27.194061,0.55444336,0.4800415,1010.3638,23.7966,-0.19,0.13017654,0.028848648,0.0046491623,0.48650587,0.73338073
2013-04-16,URRA1,Caribe,35.370000000000005,209540000.0,239380000.0,87.53446403208288,27.275604,0.20916367,-0.093853,1010.0006,23.87143,-0.19,0.051140785,0.026106834,0.0019073486,0.48628953,0.22925493
2013-04-17,URRA1,Caribe,34.55,274930000.0,239380000.0,114.85086473389588,26.61679,0.38103485,0.17079163,1009.3791,23.73819,-0.19,1.16539,0.14704466,0.12302399,0.48797303,0.41756117
2013-04-18,URRA1,Caribe,33.37,209050000.0,239380000.0,87.32976856880275,26.737823,0.7564049,0.34908676,1009.6156,23.726593,-0.19,0.4299879,0.033020973,0.009059906,0.5042051,0.83307254
2013-04-19,URRA1,Caribe,32.33,234900000.0,239380000.0,98.12849862143872,25.149628,-0.03333664,0.07537079,1011.0828,23.887512,-0.19,0.03862381,0.024497509,0.00059604645,0.49901375,0.08241412
2013-04-20,URRA1,Caribe,31.06,196020000.0,239380000.0,81.88654022892472,26.051971,-0.13274384,0.44491577,1011.9211,24.043518,-0.19,0.08356571,0.027060509,0.0030994415,0.50143516,0.46429622
2013-04-21,URRA1,Caribe,29.79,197640000.0,239380000.0,82.56328849527948,26.30661,0.7796593,0.4445114,1012.7405,23.947266,-0.19,0.21100044,0.030696392,0.0063180923,0.49938494,0.89747363
2013-04-22,URRA1,Caribe,28.85,272110000.0,239380000.0,113.67282145542652,26.314362,0.33563995,0.09790802,1012.21857,23.703278,-0.19,0.39625168,0.034868717,0.009685755,0.49510604,0.3496286
2013-04-23,URRA1,Caribe,30.570000000000004,695260000.0,239380000.0,290.4419751023477,26.668793,0.68969727,-0.12166977,1011.71857,23.499542,-0.19,0.067949295,0.029981136,0.0039339066,0.4896762,0.70034695
2013-04-24,URRA1,Caribe,30.56,394950000.0,239380000.0,164.9887208622274,26.582245,-0.24642563,-0.22283173,1011.3666,23.470276,-0.19,0.12767315,0.030577183,0.0042915344,0.48958927,0.3322342
2013-04-25,URRA1,Caribe,29.95,387720000.0,239380000.0,161.96841841423677,26.862091,-0.10125351,-0.6393776,1011.15643,23.577179,-0.19,0.09679794,0.029146671,0.0029802322,0.4969586,0.6473453
2013-04-26,URRA1,Caribe,32.440000000000005,818820000.0,239380000.0,342.0586515164174,26.739105,0.75268936,0.0763855,1011.89954,23.405792,-0.19,0.30624866,0.07760525,0.038206577,0.4944477,0.7565554
2013-04-27,URRA1,Caribe,33.23,533920000.0,239380000.0,223.0428607235358,25.25711,1.1674042,0.21572113,1011.5361,23.358917,-0.19,0.47457218,0.043451786,0.017404556,0.50206834,1.1871681
2013-04-28,URRA1,Caribe,32.879999999999995,384460000.0,239380000.0,160.6065669646587,26.053131,0.971447,-0.2769966,1010.9486,23.425873,-0.19,0.13184547,0.032663345,0.0052452087,0.49899495,1.0101665
2013-04-29,URRA1,Caribe,32.800000000000004,431960000.0,239380000.0,180.44949452752945,26.147247,0.77363586,0.23379898,1010.1125,23.26294,-0.19,0.05173683,0.0295043,0.0011324883,0.49571103,0.8081921
2013-04-30,URRA1,Caribe,31.83,329220000.0,239380000.0,137.5302865736486,26.619293,0.13440323,-0.041591644,1010.35156,23.10141,-0.19,0.020980835,0.030040741,0.00047683716,0.48641866,0.14069149
2013-05-01,URRA1,Caribe,30.36,304990000.0,422760000.0,72.1425868104835,26.085968,0.588974,0.38980484,1011.2944,22.878693,-0.27,0.02336502,0.030517578,0.00059604645,0.48755017,0.70628476
2013-05-02,URRA1,Caribe,30.41,387510000.0,422760000.0,91.66193585012772,26.52359,1.7581367,1.0922623,1011.77625,22.763245,-0.27,0.007390976,0.030398369,0.00023841858,0.4945089,2.0698023
2013-05-03,URRA1,Caribe,30.43,383150000.0,422760000.0,90.63061784464,26.867767,0.18624115,0.40091705,1011.8041,22.854004,-0.27,0.20694733,0.036656857,0.0062584877,0.49199158,0.44206363
2013-05-04,URRA1,Caribe,30.34,383060000.0,422760000.0,90.60932917021478,26.157806,-0.28483963,-0.33267975,1010.70953,22.732239,-0.27,0.05888939,0.033020973,0.001847744,0.49338716,0.4379605
2013-05-05,URRA1,Caribe,30.96,335010000.0,422760000.0,79.24354243542436,25.601044,0.10058594,0.17142487,1012.8353,22.435791,-0.27,0.11241436,0.03629923,0.0028312206,0.49507537,0.19875617
2013-05-06,URRA1,Caribe,31.37,298950000.0,422760000.0,70.71388021572524,25.74472,0.5183792,-0.33348083,1014.3744,22.31903,-0.27,0.308156,0.043153763,0.007033348,0.4930063,0.61638176
2013-05-07,URRA1,Caribe,32.25,377210000.0,422760000.0,89.22556533257641,26.18155,-0.5623436,-0.28099442,1013.77484,22.291779,-0.27,0.07939339,0.040113926,0.0015497208,0.47761196,0.62863994
2013-05-08,URRA1,Caribe,32.79,318260000.0,422760000.0,75.2814835840666,26.860382,-0.20188522,-0.53489685,1013.40265,22.270294,-0.27,0.36466122,0.049829483,0.009357929,0.47572875,0.57172745
2013-05-09,URRA1,Caribe,34.849999999999994,576320000.0,422760000.0,136.32320938594,26.146881,0.7797165,0.6026077,1013.025,22.403168,-0.27,0.6388426,0.08201599,0.039935112,0.50371015,0.98544097
2013-05-10,URRA1,Caribe,35.84,392260000.0,422760000.0,92.7855047781247,26.050323,0.79304886,0.18071747,1013.3206,22.707062,-0.27,0.14579296,0.059723854,0.010371208,0.5001991,0.81337893
2013-05-11,URRA1,Caribe,36.26,297860000.0,422760000.0,70.4560507143533,26.585907,0.25985718,-0.08818817,1012.21674,22.538055,-0.27,0.08571148,0.059127808,0.0016093254,0.49666354,0.27441376
2013-05-12,URRA1,Caribe,36.42,254310000.0,422760000.0,60.15469770082317,27.061432,0.775692,0.074329376,1010.35547,22.534271,-0.27,0.028967857,0.061810017,0.00071525574,0.48666978,0.7792451
2013-05-13,URRA1,Caribe,36.74,282090000.0,422760000.0,66.72580187340334,27.017792,0.16362381,-0.2370987,1009.9881,22.417816,-0.27,0.32496452,0.07086992,0.0074505806,0.48769975,0.28807732
2013-05-14,URRA1,Caribe,37.62,374780000.0,422760000.0,88.65077112309585,26.76944,0.62303925,0.7631149,1010.21344,22.087158,-0.27,0.13232231,0.078082085,0.013709068,0.49666792,0.9851509
2013-05-15,URRA1,Caribe,43.31,1189520000.0,422760000.0,281.37004446967546,26.917633,0.77186966,0.59349823,1010.2442,22.181519,-0.27,0.1963377,0.07259846,0.00590086,0.5039829,0.9736647
2013-05-16,URRA1,Caribe,44.46,541410000.0,422760000.0,128.06556911722964,26.315582,0.9155083,-0.008651733,1010.6211,22.242493,-0.27,0.047922134,0.07158518,0.001013279,0.49823004,0.91554916
2013-05-17,URRA1,Caribe,44.31,419780000.0,422760000.0,99.29510833569874,26.497223,0.42215347,0.362545,1011.6461,22.289795,-0.27,0.40578842,0.08881092,0.009059906,0.49255082,0.55646425
2013-05-18,URRA1,Caribe,43.2,394450000.0,422760000.0,93.30352918913805,27.555695,-0.19891357,-0.14098358,1011.448,22.220184,-0.27,0.38063526,0.1232028,0.034689903,0.49319208,0.24380931
2013-05-19,URRA1,Caribe,41.67,394290000.0,422760000.0,93.26568265682656,26.879974,0.8725395,0.10615921,1010.8742,22.061066,-0.27,0.6273985,0.10883808,0.014901161,0.4893366,0.87897384
2013-05-20,URRA1,Caribe,40.2,368550000.0,422760000.0,87.17712177121771,26.248566,0.68009186,0.39283752,1010.76514,21.807037,-0.27,0.2952814,0.10544062,0.00846386,0.49703372,0.7853956
2013-05-21,URRA1,Caribe,38.89,406230000.0,422760000.0,96.08998013057054,25.49533,0.6988449,0.48789597,1010.4014,21.364258,-0.27,0.4118681,0.29063225,0.014543533,0.50366175,0.8523067
2013-05-22,URRA1,Caribe,38.83,638890000.0,422760000.0,151.12356892799696,25.26181,0.5280037,0.3315506,1010.5811,21.126007,-0.27,0.88334084,0.13065338,0.032544136,0.50249946,0.6234691
2013-05-23,URRA1,Caribe,40.12,785390000.0,422760000.0,185.77680007569307,25.59201,0.83729935,0.47746658,1011.63794,20.930511,-0.27,0.5309582,0.18125772,0.049471855,0.5096274,0.9638696
2013-05-24,URRA1,Caribe,39.7,503050000.0,422760000.0,118.99186299555302,26.06076,0.34632874,0.37465668,1012.09204,21.000671,-0.27,0.81944466,0.37133694,0.043451786,0.50113904,0.51020706
2013-05-25,URRA1,Caribe,39.98,402490000.0,422760000.0,95.20531743778976,26.210236,-0.5184784,0.20590973,1011.96545,20.978668,-0.27,0.06651878,0.2169609,0.0014901161,0.5002661,0.55786973
2013-05-26,URRA1,Caribe,41.120000000000005,441780000.0,422760000.0,104.49900652852682,26.647675,-0.35799026,0.33455658,1011.3237,21.135529,-0.27,0.33533573,0.25951862,0.013947487,0.49304935,0.48998484
2013-05-27,URRA1,Caribe,40.14,467250000.0,422760000.0,110.52370139086004,26.072052,0.67998505,0.84832764,1011.4186,21.248383,-0.27,0.1616478,0.2940297,0.0078082085,0.50118273,1.0872164
2013-05-28,URRA1,Caribe,38.75,348360000.0,422760000.0,82.40136247516321,26.415802,0.22937393,0.47244263,1010.805,21.473236,-0.27,0.18274784,0.34189224,0.003695488,0.49709427,0.5251804
2013-05-29,URRA1,Caribe,36.99,308250000.0,422760000.0,72.91370990632984,25.052948,0.5110893,0.33444595,1011.3205,21.743073,-0.27,0.26392937,0.3425479,0.008285046,0.5022407,0.6107916
2013-05-30,URRA1,Caribe,36.35,331370000.0,422760000.0,78.38253382533826,26.080658,-0.3379593,0.03899002,1011.85095,22.089905,-0.27,0.42510033,0.37878752,0.016331673,0.49648672,0.340201
2013-05-31,URRA1,Caribe,36.8,356330000.0,422760000.0,84.28659286592865,25.022552,1.3783455,1.0379257,1012.52954,22.320312,-0.27,0.17404556,0.35387278,0.0056028366,0.50384134,1.725435
2013-06-01,URRA1,Caribe,36.88,292130000.0,478210000.0,61.08822483846009,26.485565,-0.5890007,-0.03570938,1012.1895,22.485718,-0.34,0.01180172,0.33587217,0.00029802322,0.48793787,0.59008217
2013-06-02,URRA1,Caribe,36.84,270600000.0,478210000.0,56.58601869471571,27.299835,0.36471176,-0.0042915344,1010.8039,22.440887,-0.34,0.031352043,0.31596422,0.0014305115,0.4756425,0.364737
2013-06-03,URRA1,Caribe,38.01,474630000.0,478210000.0,99.25137491896864,27.046722,0.0024642944,0.59357834,1009.6303,22.388275,-0.34,0.53191185,0.3106594,0.020802021,0.49490058,0.59358346
2013-06-04,URRA1,Caribe,39.33,499020000.0,478210000.0,104.3516446749336,27.56491,0.6711426,0.23269653,1009.948,22.252167,-0.34,0.08666515,0.2693534,0.0020861626,0.48956943,0.71033794
2013-06-05,URRA1,Caribe,39.88,365690000.0,478210000.0,76.47058823529412,25.819061,0.6669159,0.4698944,1010.15576,22.348541,-0.34,0.21791458,0.27894974,0.032901764,0.49696362,0.81582934
2013-06-06,URRA1,Caribe,40.23,342380000.0,478210000.0,71.59616068254533,26.47342,0.76110077,0.19675827,1010.3792,22.503448,-0.34,0.33915043,0.24855137,0.0218153,0.4924572,0.78612226
2013-06-07,URRA1,Caribe,40.39,308460000.0,478210000.0,64.50304259634888,27.294525,0.12727356,-0.6067238,1010.02844,22.666138,-0.34,0.06902218,0.21076202,0.0013113022,0.4915256,0.61992925
2013-06-08,URRA1,Caribe,41.24,423690000.0,478210000.0,88.59915100060643,26.4534,0.7380905,0.6981888,1009.59064,22.64328,-0.34,0.08380413,0.19586086,0.00166893,0.48573148,1.0159947
2013-06-09,URRA1,Caribe,42.08,422710000.0,478210000.0,88.39422011250288,26.948578,0.5292778,0.7426796,1009.5566,22.5708,-0.34,0.036478043,0.18042326,0.0009536743,0.48869622,0.9119802
2013-06-10,URRA1,Caribe,43.72,555880000.0,478210000.0,116.2418184479622,26.822357,0.20690536,0.152565,1010.08044,22.492432,-0.34,0.1348257,0.16951561,0.002861023,0.49198836,0.2570718
2013-06-11,URRA1,Caribe,45.71,612980000.0,478210000.0,128.18217937726104,26.105865,0.621994,0.29040527,1010.96893,22.547882,-0.34,0.13411045,0.1590848,0.0033974648,0.49949726,0.6864487
2013-06-12,URRA1,Caribe,47.3,544210000.0,478210000.0,113.80146797432091,26.130646,0.6856499,0.6211052,1011.9897,22.61026,-0.34,0.5122423,0.1667738,0.020205975,0.49656802,0.9251418
2013-06-13,URRA1,Caribe,47.63,582620000.0,478210000.0,121.8335041090734,26.412445,0.04830551,-0.25439072,1011.09015,22.203125,-0.34,0.32317638,0.14334917,0.0052452087,0.49272475,0.2589364
2013-06-14,URRA1,Caribe,47.15,533120000.0,478210000.0,111.48240312833272,26.871735,0.80007553,-0.328331,1009.4531,21.938568,-0.34,0.32675266,0.13709068,0.0066161156,0.500035,0.8648249
2013-06-15,URRA1,Caribe,45.98,462480000.0,478210000.0,96.71065013278684,26.559113,0.19384384,0.39092255,1010.55237,22.076935,-0.34,1.0929108,0.392735,0.083863735,0.49613532,0.43634376
2013-06-16,URRA1,Caribe,43.94,331220000.0,478210000.0,69.26245791597833,26.391266,0.5299187,-0.5532036,1010.02466,21.978973,-0.34,0.5748272,0.13875961,0.017285347,0.5026845,0.76606005
2013-06-17,URRA1,Caribe,41.75,301810000.0,478210000.0,63.112440141360494,26.87088,0.20042801,0.3685608,1009.6853,21.950409,-0.34,0.32234192,0.12779236,0.008821487,0.49359637,0.4195336
2013-06-18,URRA1,Caribe,40.78,339080000.0,478210000.0,70.90608728382928,27.339691,0.44774246,0.16188431,1008.91046,21.804901,-0.34,0.05197525,0.117480755,0.0009536743,0.4874276,0.47610906
2013-06-19,URRA1,Caribe,41.17,406980000.0,478210000.0,85.10487024528972,26.049103,0.66838837,0.76953125,1008.85425,21.443573,-0.34,0.054717064,0.11497736,0.0011920929,0.48670253,1.019275
2013-06-20,URRA1,Caribe,41.03,332310000.0,478210000.0,69.49039125070576,26.749481,0.9035721,0.49524307,1009.67596,21.065216,-0.34,0.028848648,0.111699104,0.0005364418,0.4842285,1.0303923
2013-06-21,URRA1,Caribe,41.370000000000005,338630000.0,478210000.0,70.81198636582255,27.31668,-0.015010834,-0.5445175,1010.0436,20.898712,-0.34,0.06556511,0.10985136,0.0014901161,0.47538412,0.5447244
2013-06-22,URRA1,Caribe,41.47,299210000.0,478210000.0,62.5687459484327,27.264008,0.18788147,0.018684387,1010.0734,20.832123,-0.34,0.09226799,0.10800362,0.0017285347,0.47921205,0.18880825
2013-06-23,URRA1,Caribe,41.8,338620000.0,478210000.0,70.80989523431128,27.043365,0.40384293,0.310421,1010.03705,20.64206,-0.34,0.56540966,0.11706352,0.01347065,0.49481052,0.50936264
2013-06-24,URRA1,Caribe,42.09,330180000.0,478210000.0,69.04498023880721,26.15976,1.2284393,0.91965866,1011.5011,20.16397,-0.34,0.21266937,0.104665756,0.003516674,0.5001099,1.5345472
2013-06-25,URRA1,Caribe,42.38,329720000.0,478210000.0,68.94878818928922,26.498383,-0.20149994,-0.15684128,1012.21173,20.244202,-0.34,0.05018711,0.1001358,0.000834465,0.49103117,0.25534567
2013-06-26,URRA1,Caribe,42.370000000000005,280210000.0,478210000.0,58.595596077037285,27.179047,0.5240936,-0.2544632,1011.1216,20.379303,-0.34,0.10764599,0.09983778,0.0023841858,0.48571718,0.58260244
2013-06-27,URRA1,Caribe,42.16,246020000.0,478210000.0,51.446017440036805,26.146576,1.1906395,0.79696655,1011.10767,20.451508,-0.34,1.067996,0.1258254,0.030338764,0.493547,1.432752
2013-06-28,URRA1,Caribe,43.03,427070000.0,478210000.0,89.30595345141256,24.086517,1.3709106,0.5026283,1011.66595,20.189667,-0.34,0.81026554,0.3746748,0.06443262,0.50203776,1.4601476
2013-06-29,URRA1,Caribe,43.16,303000000.0,478210000.0,63.361284791200525,26.163422,0.22536469,0.35090256,1011.90765,20.34616,-0.34,0.064492226,0.1385212,0.0014901161,0.49261084,0.41703936
2013-06-30,URRA1,Caribe,43.86,396900000.0,478210000.0,82.99700968193889,25.64859,-0.2809105,0.00051116943,1011.8314,20.467987,-0.34,0.38814545,0.15032291,0.014305115,0.5055437,0.28091094
2013-07-01,URRA1,Caribe,43.96,300020000.0,491450000.0,61.04791942211823,25.721039,0.68595123,0.4148407,1012.2009,20.644867,-0.35,0.9971857,0.2977252,0.1295805,0.502604,0.801637
2013-07-02,URRA1,Caribe,44.190000000000005,321700000.0,491450000.0,65.45935496998678,25.928314,-0.05070114,0.2840538,1012.33185,20.785553,-0.35,0.06663799,0.15234947,0.0019669533,0.49701157,0.2885432
2013-07-03,URRA1,Caribe,44.12,273230000.0,491450000.0,55.59670363210907,25.848785,0.6464615,0.21894455,1012.1091,20.800018,-0.35,0.10061264,0.17100573,0.0034570694,0.49012116,0.6825314
2013-07-04,URRA1,Caribe,43.75,222530000.0,491450000.0,45.28029301047919,25.844147,1.0525818,0.5891075,1012.0053,21.126587,-0.35,0.6465912,0.18268824,0.016570091,0.48309222,1.2062238
2013-07-05,URRA1,Caribe,43.3,207030000.0,491450000.0,42.12636076915251,25.92752,0.040058136,0.2746582,1011.45764,21.331543,-0.35,0.036001205,0.1630187,0.0006556511,0.48024666,0.27756402
2013-07-06,URRA1,Caribe,42.93,222210000.0,491450000.0,45.21517957065825,26.407867,0.1941948,-0.048973083,1009.9875,21.698792,-0.35,0.10073185,0.15854836,0.0015497208,0.47397292,0.20027477
2013-07-07,URRA1,Caribe,43.02,299840000.0,491450000.0,61.011293112218944,26.25058,0.72106934,-0.12899017,1009.6447,21.740265,-0.35,0.091552734,0.15377998,0.0017285347,0.48132324,0.7325158
2013-07-08,URRA1,Caribe,43.53,412670000.0,491450000.0,83.96988503408281,26.447052,0.5850601,0.05967331,1010.7413,21.600433,-0.35,0.09047985,0.14930964,0.0020861626,0.48786414,0.5880954
2013-07-09,URRA1,Caribe,43.82,380660000.0,491450000.0,77.4565062569946,26.565033,-0.5655937,0.19498062,1011.4572,21.585327,-0.35,0.09930134,0.14424324,0.0017881393,0.4885689,0.5982589
2013-07-10,URRA1,Caribe,45.85,624960000.0,491450000.0,127.166547970292,26.117523,0.63718414,0.6577263,1011.15173,21.47168,-0.35,0.20420551,0.14853477,0.010848045,0.49054712,0.91575515
2013-07-11,URRA1,Caribe,46.06,411060000.0,491450000.0,83.64228303998372,26.49704,0.13871002,-0.15291214,1012.10016,21.054138,-0.35,0.056028366,0.13422966,0.0016093254,0.49285555,0.2064524
2013-07-12,URRA1,Caribe,46.31,321140000.0,491450000.0,65.34540645030013,26.043365,-0.041355133,-0.16796112,1011.47125,20.633392,-0.35,0.04673004,0.1295209,0.0013113022,0.48625273,0.17297742
2013-07-13,URRA1,Caribe,46.44,302760000.0,491450000.0,61.60545325058501,26.557404,0.5837288,0.08026886,1011.48267,20.679901,-0.35,0.032305717,0.124156475,0.00071525574,0.49075705,0.58922184
2013-07-14,URRA1,Caribe,46.54,295470000.0,491450000.0,60.12208769966426,26.996918,0.42110443,0.0057868958,1010.3269,20.495697,-0.35,0.09036064,0.121593475,0.001847744,0.48654765,0.4211442
2013-07-15,URRA1,Caribe,46.92,344510000.0,491450000.0,70.10072235222302,26.098175,0.5809288,0.2243576,1009.5659,20.192719,-0.35,0.1244545,0.11891127,0.002682209,0.48971182,0.62274766
2013-07-16,URRA1,Caribe,46.75,257840000.0,491450000.0,52.46515413572082,26.344452,0.3539009,0.4814186,1009.51514,20.301178,-0.35,0.29158592,0.12749434,0.014603138,0.49649233,0.59750295
2013-07-17,URRA1,Caribe,47.04,329350000.0,491450000.0,67.01597314070608,26.392975,0.72693634,0.023777008,1009.78534,20.552307,-0.35,0.061273575,0.11920929,0.0029802322,0.49606246,0.7273251
2013-07-18,URRA1,Caribe,46.82,242540000.0,491450000.0,49.35191779428222,25.941437,0.8880997,0.32831192,1010.58264,20.323273,-0.35,0.0063180923,0.10740757,0.00023841858,0.48754683,0.946842
2013-07-19,URRA1,Caribe,46.63,247620000.0,491450000.0,50.38559365143962,25.354095,0.47429657,0.3684082,1011.5389,20.241486,-0.35,0.8752346,0.16260147,0.058054924,0.4961034,0.60056794
2013-07-20,URRA1,Caribe,46.59,273040000.0,491450000.0,55.55804252721538,25.14914,-0.15521622,0.20886612,1010.665,20.427643,-0.35,0.3954172,0.1270175,0.02527237,0.50447035,0.26022518
2013-07-21,URRA1,Caribe,47.08,361010000.0,491450000.0,73.45813409299014,25.908844,0.9582062,0.52923965,1010.28796,20.915436,-0.35,0.0872612,0.10287762,0.0038146973,0.4925932,1.0946478
2013-07-22,URRA1,Caribe,47.53,356000000.0,491450000.0,72.43870180079357,26.249481,0.79193497,0.25288773,1011.3716,20.967743,-0.35,0.07092953,0.098109245,0.0015497208,0.49393243,0.83133215
2013-07-23,URRA1,Caribe,47.35,247580000.0,491450000.0,50.377454471462,26.423553,0.28611755,0.21509933,1010.7555,20.961823,-0.35,0.2975464,0.09930134,0.0053048134,0.49032283,0.35795388
2013-07-24,URRA1,Caribe,46.91,225710000.0,491450000.0,45.92735781869977,27.16446,0.3013153,0.16333008,1008.96075,20.842743,-0.35,0.25343895,0.1000762,0.00834465,0.49754903,0.3427355
2013-07-25,URRA1,Caribe,46.61,252050000.0,491450000.0,51.28700783396073,27.71048,0.65179443,0.02614212,1009.6145,20.491241,-0.35,0.13375282,0.09423494,0.004529953,0.48566,0.6523185
2013-07-26,URRA1,Caribe,47.06,356600000.0,491450000.0,72.56078950045783,26.241608,0.23713303,0.02274704,1011.7381,20.406036,-0.35,1.457572,0.30106306,0.21350384,0.5031204,0.23822154
2013-07-27,URRA1,Caribe,47.71,390120000.0,491450000.0,79.3814223217011,25.582916,-0.18014526,0.6620903,1011.5491,20.32486,-0.35,0.4940033,0.099658966,0.013947487,0.49970508,0.68616027
2013-07-28,URRA1,Caribe,49.41,566200000.0,491450000.0,115.21009258317224,25.995514,0.8305588,0.5144844,1011.14404,19.992218,-0.35,1.2603998,0.37306547,0.101685524,0.4971717,0.9769965
2013-07-29,URRA1,Caribe,52.45,808680000.0,491450000.0,164.54980160748804,25.565887,0.45103455,0.4276123,1011.6944,20.221252,-0.35,0.6271601,0.1077652,0.02348423,0.50081515,0.62151784
2013-07-30,URRA1,Caribe,54.24,587580000.0,491450000.0,119.56048428120867,25.906586,-0.21944046,0.17078018,1013.09576,20.326263,-0.35,0.7634163,0.3425479,0.19019842,0.50014675,0.27806473
2013-07-31,URRA1,Caribe,56.75,708820000.0,491450000.0,144.23033879336657,26.19815,0.4257965,0.00844574,1012.4953,20.114899,-0.35,0.053286552,0.089108944,0.0011920929,0.4957624,0.42588025
2013-08-01,URRA1,Caribe,58.830000000000005,619650000.0,448780000.0,138.07433486340744,25.89267,0.44496918,-0.21719742,1011.9959,19.987518,-0.28,0.33819675,0.10240078,0.011205673,0.49732256,0.49514875
2013-08-02,URRA1,Caribe,60.03,468370000.0,448780000.0,104.36516778822586,26.013214,-0.03741455,0.028568268,1011.7683,20.141052,-0.28,0.05030632,0.09602308,0.0009536743,0.49188107,0.04707435
2013-08-03,URRA1,Caribe,58.89,358040000.0,448780000.0,79.7807388921075,25.69577,0.55052185,0.25280762,1010.77686,20.127106,-0.28,0.23984909,0.10114908,0.0056624413,0.49414086,0.60579365
2013-08-04,URRA1,Caribe,60.07,599940000.0,448780000.0,133.68242791568252,26.520844,0.6926155,0.44501495,1010.46423,20.243134,-0.28,0.0988245,0.09846687,0.0037550926,0.49219608,0.82325846
2013-08-05,URRA1,Caribe,59.77,426270000.0,448780000.0,94.9841793306297,26.75705,-0.1660347,0.3745346,1010.4484,20.48819,-0.28,0.08606911,0.0988245,0.005066395,0.48535642,0.4096873
2013-08-06,URRA1,Caribe,58.71,337630000.0,448780000.0,75.23285351397121,26.814362,0.5300522,0.5429878,1010.2567,20.339233,-0.28,0.06699562,0.093221664,0.0013709068,0.49573183,0.75880903
2013-08-07,URRA1,Caribe,59.03,461030000.0,448780000.0,102.7296225321984,26.281097,0.39439392,0.1813736,1010.47656,20.375977,-0.28,0.4197359,0.10329485,0.013113022,0.49562165,0.43410015
2013-08-08,URRA1,Caribe,59.81999999999999,531270000.0,448780000.0,118.38094389233032,25.338531,1.5615654,1.017437,1010.8644,20.524017,-0.28,0.19490719,0.10418892,0.015377998,0.49734354,1.863777
2013-08-09,URRA1,Caribe,60.0,439250000.0,448780000.0,97.8764650831142,25.30368,0.8470955,0.489357,1011.01624,20.463745,-0.28,0.17607212,0.09191036,0.0041127205,0.49286008,0.9782847
2013-08-10,URRA1,Caribe,59.51,405330000.0,448780000.0,90.31819599803912,25.805145,0.058330536,0.19210815,1011.2014,20.411652,-0.28,0.43821335,0.10347366,0.017106533,0.49503624,0.20076852
2013-08-11,URRA1,Caribe,59.52,518180000.0,448780000.0,115.46414724363832,25.462677,1.1817207,0.5755539,1011.5687,20.312225,-0.28,0.41627884,0.10681152,0.01937151,0.5020518,1.31443
2013-08-12,URRA1,Caribe,59.12,450230000.0,448780000.0,100.32309817728064,26.007294,0.93741226,0.7662926,1011.3258,20.15155,-0.28,0.2900362,0.09536743,0.00834465,0.495439,1.2107625
2013-08-13,URRA1,Caribe,58.9,480360000.0,448780000.0,107.03685547484292,25.897675,-0.32640076,0.015201569,1011.14764,20.122284,-0.28,0.46741962,0.1001358,0.012457371,0.49817574,0.32675457
2013-08-14,URRA1,Caribe,58.06,378020000.0,448780000.0,84.23280894870538,26.88681,-0.07936478,-0.49402618,1009.39514,20.180817,-0.28,0.14209747,0.09059906,0.0028014183,0.49710795,0.5003605
2013-08-15,URRA1,Caribe,57.02,346380000.0,448780000.0,77.18258389411294,26.702728,0.38088226,0.8204956,1009.42596,20.186829,-0.28,0.08070469,0.09000301,0.0022649765,0.50007164,0.9045907
2013-08-16,URRA1,Caribe,58.06,550610000.0,448780000.0,122.6904050982664,25.799164,0.24106216,0.782814,1010.4475,19.999847,-0.28,0.15294552,0.09709597,0.005185604,0.49855104,0.8190902
2013-08-17,URRA1,Caribe,58.34,448900000.0,448780000.0,100.02673915949909,26.088348,1.1306725,0.651062,1010.79297,20.087372,-0.28,0.17356873,0.11354685,0.0029206276,0.4981029,1.3047229
2013-08-18,URRA1,Caribe,58.25,386820000.0,448780000.0,86.19368064530505,25.832062,0.6217003,0.20690918,1011.9353,20.298187,-0.28,0.18787384,0.13363361,0.008881092,0.4969898,0.6552272
2013-08-19,URRA1,Caribe,58.73,467920000.0,448780000.0,104.26489594010428,25.483063,0.17219543,-0.011642456,1010.80347,20.55716,-0.28,0.08738041,0.13804436,0.003993511,0.50093544,0.17258857
2013-08-20,URRA1,Caribe,59.440000000000005,511420000.0,448780000.0,113.9578412585231,26.121613,0.26063538,0.12820053,1009.8256,20.703613,-0.28,1.3661385,0.44435263,0.2965033,0.49799836,0.29045856
2013-08-21,URRA1,Caribe,60.72,601140000.0,448780000.0,133.94981951067336,26.65683,-0.17217636,0.20631409,1010.2086,20.52884,-0.28,0.15354156,0.1783967,0.016450882,0.49537462,0.26871955
2013-08-22,URRA1,Caribe,63.42,877360000.0,448780000.0,195.49890815098712,26.30716,0.21518326,0.33154678,1009.3669,20.503082,-0.28,0.0150203705,0.166893,0.0006556511,0.497868,0.39525574
2013-08-23,URRA1,Caribe,65.16999999999999,717520000.0,448780000.0,159.88234769820403,26.096466,0.49194336,0.20751572,1008.90265,20.393402,-0.28,0.12993813,0.16754866,0.002682209,0.4945683,0.53392047
2013-08-24,URRA1,Caribe,65.88000000000001,801080000.0,448780000.0,178.50171576273453,25.267426,0.8666496,0.69224167,1011.77826,20.075897,-0.28,0.25248528,0.18149614,0.019609928,0.50167936,1.10918
2013-08-25,URRA1,Caribe,65.2,567600000.0,448780000.0,126.47622443067873,25.551422,0.23314285,0.046279907,1011.97174,19.559387,-0.28,0.041484833,0.15974045,0.0010430813,0.494799,0.23769186
2013-08-26,URRA1,Caribe,64.55,455530000.0,448780000.0,101.50407772182362,25.128876,0.7806244,0.3782692,1011.66235,19.357422,-0.28,0.11193752,0.18596649,0.030517578,0.49608544,0.8674457
2013-08-27,URRA1,Caribe,63.56,422510000.0,448780000.0,94.14635233299168,25.033234,0.22886276,0.5966072,1011.72314,19.221344,-0.28,1.2016296,0.27549267,0.10693073,0.5090017,0.6389979
2013-08-28,URRA1,Caribe,62.760000000000005,437810000.0,448780000.0,97.55559516912518,25.480438,0.22234344,-0.14633179,1011.452,19.055908,-0.28,0.057935715,0.14913082,0.0012516975,0.49764252,0.26617587
2013-08-29,URRA1,Caribe,62.33,492300000.0,448780000.0,109.697401845002,25.81717,0.37075806,0.17713165,1011.368,19.103607,-0.28,0.26786327,0.24306774,0.098347664,0.49389964,0.410898
2013-08-30,URRA1,Caribe,62.260000000000005,542320000.0,448780000.0,120.84317482953786,25.678009,0.54571533,-0.08154297,1011.9256,19.209839,-0.28,0.39827824,0.18382072,0.022172928,0.50208277,0.5517739
2013-08-31,URRA1,Caribe,63.52,783810000.0,448780000.0,174.65350505815766,26.013397,0.23810959,-0.053050995,1011.6914,19.575195,-0.28,0.28026104,0.16278028,0.014185905,0.49609837,0.24394791
2013-09-01,URRA1,Caribe,67.39,1214650000.0,430420000.0,282.20110589656616,24.32962,0.2100563,0.37259293,1012.1178,19.894989,-0.21,0.62310696,0.22107363,0.028192997,0.5009893,0.42772555
2013-09-02,URRA1,Caribe,68.67999999999999,781930000.0,430420000.0,181.6667441104038,25.826752,0.20025635,-0.2669449,1012.08484,20.20697,-0.21,0.13768673,0.16629696,0.0039339066,0.49508446,0.33370972
2013-09-03,URRA1,Caribe,70.19,824400000.0,430420000.0,191.5338506574973,25.997223,1.0411148,0.29214478,1011.6472,20.593323,-0.21,0.10085106,0.17946959,0.002682209,0.49653763,1.0813272
2013-09-04,URRA1,Caribe,71.22,593550000.0,430420000.0,137.90019051159334,25.529083,0.11387253,0.6266136,1011.3639,21.179016,-0.21,0.041604042,0.18751621,0.00071525574,0.49248058,0.6368764
2013-09-05,URRA1,Caribe,73.98,888520000.0,430420000.0,206.43092793085825,25.382233,0.37268448,0.2079773,1011.3628,21.213135,-0.21,1.8173456,0.6209016,0.42414665,0.49844036,0.42678833
2013-09-06,URRA1,Caribe,78.01,1028380000.0,430420000.0,238.9247711537568,25.135895,1.3601646,0.85461426,1011.6337,21.082153,-0.21,0.17285347,0.26154518,0.005722046,0.49884453,1.6063665
2013-09-07,URRA1,Caribe,78.35,635380000.0,430420000.0,147.6186050834069,25.533417,0.1271286,0.15391159,1011.54315,20.703033,-0.21,0.10514259,0.31214952,0.0049471855,0.49514297,0.19962579
2013-09-08,URRA1,Caribe,77.16,447390000.0,430420000.0,103.94266065703266,26.190094,-0.0803833,0.070552826,1011.2381,20.464203,-0.21,0.83112717,0.33390522,0.022888184,0.48745075,0.10695408
2013-09-09,URRA1,Caribe,76.14999999999999,475050000.0,430420000.0,110.3689419636634,25.76242,-0.03229904,0.33860397,1011.77924,20.163391,-0.21,0.44715405,0.31405687,0.017940998,0.49702483,0.34014097
2013-09-10,URRA1,Caribe,75.27000000000001,419020000.0,430420000.0,97.35142419032572,25.908722,0.5251694,0.13772202,1012.0386,20.087036,-0.21,0.07045269,0.28765202,0.0014305115,0.49925277,0.54292744
2013-09-11,URRA1,Caribe,74.33999999999999,367510000.0,430420000.0,85.38404349240277,25.150726,0.16091156,0.24864197,1011.98236,19.809204,-0.21,0.5071163,0.5592108,0.055491924,0.49217248,0.2961678
2013-09-12,URRA1,Caribe,74.79,526140000.0,430420000.0,122.23874355280888,25.428131,-0.08963394,-0.051498413,1010.76904,19.728088,-0.21,1.1911392,0.5481839,0.28270483,0.49848083,0.103374705
2013-09-13,URRA1,Caribe,75.78,568080000.0,430420000.0,131.98271455787372,25.697784,0.32888412,0.02640152,1008.8889,19.61493,-0.21,0.34236908,0.26893616,0.011205673,0.5007267,0.32994214
2013-09-14,URRA1,Caribe,75.33999999999999,502890000.0,430420000.0,116.83704288834164,26.200348,-0.14679718,-0.030632019,1008.96704,19.803802,-0.21,0.094652176,0.25218725,0.0019669533,0.49728256,0.1499591
2013-09-15,URRA1,Caribe,74.3,402640000.0,430420000.0,93.54583894800427,26.642303,0.32252884,0.049297333,1009.59937,19.943207,-0.21,0.28765202,0.24580956,0.0064373016,0.50220126,0.32627454
2013-09-16,URRA1,Caribe,75.13,667450000.0,430420000.0,155.0694670322011,26.562042,0.6208763,-0.07117462,1009.79596,19.98285,-0.21,0.8839369,0.5171895,0.05698204,0.49959707,0.6249426
2013-09-17,URRA1,Caribe,76.14999999999999,678500000.0,430420000.0,157.63672691789415,26.64029,0.22071838,0.2215004,1009.5059,20.051178,-0.21,0.10573864,0.22298098,0.0022649765,0.49772465,0.3126964
2013-09-18,URRA1,Caribe,76.24,571660000.0,430420000.0,132.814460294596,25.892426,0.733593,0.37501526,1010.3347,20.216919,-0.21,0.8004904,0.33777952,0.050127506,0.5038959,0.8238902
2013-09-19,URRA1,Caribe,75.71,475630000.0,430420000.0,110.50369406626086,25.77652,-0.11946106,0.13904953,1011.9558,20.477814,-0.21,0.23567677,0.21642447,0.0038146973,0.48839316,0.18331861
2013-09-20,URRA1,Caribe,73.99,351040000.0,430420000.0,81.55754844105758,26.8638,0.17855835,-0.13005829,1011.5641,20.479156,-0.21,0.14567375,0.21070242,0.004708767,0.4804293,0.22090323
2013-09-21,URRA1,Caribe,72.97,375170000.0,430420000.0,87.16370057153478,27.457489,-0.33976746,0.19346237,1009.0767,20.375061,-0.21,0.0064373016,0.19681454,5.9604645e-05,0.47016415,0.39098543
2013-09-22,URRA1,Caribe,72.58,470010000.0,430420000.0,109.19799265833372,26.591034,0.5360832,0.57584,1009.1953,20.268799,-0.21,0.33545494,0.1925826,0.0052452087,0.49242112,0.78675085
2013-09-23,URRA1,Caribe,71.14,296210000.0,430420000.0,68.81882812136982,26.690887,0.411335,0.25587463,1009.91327,20.126892,-0.21,0.17082691,0.1835227,0.00423193,0.49036086,0.48442575
2013-09-24,URRA1,Caribe,70.38,290000000.0,430420000.0,67.37605129873148,26.325287,0.118450165,-0.19436264,1009.89545,20.077667,-0.21,0.094652176,0.17344952,0.0015497208,0.49336857,0.22761212
2013-09-25,URRA1,Caribe,70.39999999999999,280070000.0,430420000.0,65.06900236977836,26.539276,0.77373505,0.29003143,1008.4952,20.247833,-0.21,0.067830086,0.16498566,0.0011920929,0.4893614,0.82630754
2013-09-26,URRA1,Caribe,70.64,317660000.0,430420000.0,73.80233260536221,24.940155,0.39792633,0.32964706,1010.3569,20.547363,-0.21,0.83327293,0.41270256,0.05811453,0.5046833,0.5167326
2013-09-27,URRA1,Caribe,71.12,356640000.0,430420000.0,82.8586032247572,25.527618,0.47315598,0.13409805,1010.3694,20.479462,-0.21,0.06437302,0.15377998,0.0024437904,0.49846438,0.4917915
2013-09-28,URRA1,Caribe,72.8,561040000.0,430420000.0,130.34710282979415,25.096588,1.2555237,0.25825882,1011.8284,20.43515,-0.21,0.64468384,0.17237663,0.024974346,0.5020615,1.2818102
2013-09-29,URRA1,Caribe,74.21,517410000.0,430420000.0,120.21049207750568,25.158356,0.3849945,0.473732,1012.14343,20.44046,-0.21,0.91552734,0.40787458,0.24145842,0.5048302,0.6104447
2013-09-30,URRA1,Caribe,76.14,602660000.0,430420000.0,140.016727847219,24.905426,0.8770828,0.78461456,1012.08655,20.3255,-0.21,0.71394444,0.31119585,0.04798174,0.5033515,1.1768154
2013-10-01,URRA1,Caribe,77.39,487620000.0,451320000.0,108.04307365062483,25.53836,-0.4266281,0.1845169,1011.8867,20.447723,-0.13,0.03170967,0.27167797,0.00059604645,0.4909358,0.4648204
2013-10-02,URRA1,Caribe,78.27,423570000.0,451320000.0,93.8513693166711,26.1904,0.14770508,-0.67250824,1009.6925,20.460938,-0.13,0.07855892,0.27173758,0.0039339066,0.4767151,0.68853766
2013-10-03,URRA1,Caribe,80.12,664850000.0,451320000.0,147.3123282814854,26.088654,1.1425362,0.9251175,1009.48517,20.290009,-0.13,0.5674362,0.28455257,0.024914742,0.49858934,1.4701127
2013-10-04,URRA1,Caribe,81.83,563120000.0,451320000.0,124.77178055481698,25.545563,0.34669113,0.68258286,1011.40515,20.632416,-0.13,0.022053719,0.2528429,0.0007748604,0.48215133,0.7655809
2013-10-05,URRA1,Caribe,82.67,411360000.0,451320000.0,91.14597181600638,26.896027,-0.48030853,-0.45896912,1010.6625,20.89151,-0.13,0.0150203705,0.24169683,0.00071525574,0.47553617,0.664341
2013-10-06,URRA1,Caribe,82.23,319080000.0,451320000.0,70.69928210582293,26.546417,0.39626694,-0.15746689,1010.5558,20.807068,-0.13,0.057578087,0.2283454,0.0013113022,0.477543,0.42640743
2013-10-07,URRA1,Caribe,80.93,332450000.0,451320000.0,73.66170344766462,25.939728,0.28502274,0.061210632,1010.84686,20.880463,-0.13,0.09214878,0.21606684,0.0015497208,0.48436585,0.29152134
2013-10-08,URRA1,Caribe,81.64,664960000.0,451320000.0,147.33670123194187,26.04245,0.03401184,0.18753815,1010.6192,20.905762,-0.13,0.05209446,0.20372868,0.0009536743,0.4858444,0.19059739
2013-10-09,URRA1,Caribe,81.08,447270000.0,451320000.0,99.1026322786493,25.892914,-0.4359703,0.23742676,1010.40466,20.812164,-0.13,0.8761883,0.55760145,0.13440847,0.49422565,0.49642882
2013-10-10,URRA1,Caribe,80.16,388960000.0,451320000.0,86.18275281396791,26.194,1.0840302,0.5086746,1009.8636,20.68988,-0.13,0.3119707,0.18447638,0.00500679,0.49780285,1.1974436
2013-10-11,URRA1,Caribe,81.07,426850000.0,451320000.0,94.57812638482672,25.664215,1.0420113,0.6154518,1009.8008,20.492432,-0.13,0.041007996,0.17148256,0.0020861626,0.4860397,1.2101935
2013-10-12,URRA1,Caribe,81.05,401270000.0,451320000.0,88.91030754232031,25.617157,0.68284607,0.0900383,1010.0264,20.4328,-0.13,0.10514259,0.16498566,0.004529953,0.48580474,0.6887566
2013-10-13,URRA1,Caribe,79.61,337870000.0,451320000.0,74.86262518833644,25.92453,0.90361786,0.4661789,1010.02936,20.387146,-0.13,0.66423416,0.22512674,0.07227063,0.5005208,1.0167832
2013-10-14,URRA1,Caribe,80.19,369340000.0,451320000.0,81.83550474164673,25.670624,1.1476517,0.6326256,1010.34784,20.391724,-0.13,0.23961067,0.15342236,0.0064373016,0.5013443,1.3104653
2013-10-15,URRA1,Caribe,80.07,321270000.0,451320000.0,71.18452539218293,25.724396,0.7589607,0.685688,1011.26794,20.312134,-0.13,0.18179417,0.14638901,0.0039339066,0.49961394,1.0228341
2013-10-16,URRA1,Caribe,80.81,439120000.0,451320000.0,97.29681822210404,25.664825,0.30859756,-0.0045433044,1011.96545,20.288635,-0.13,0.034451485,0.13929605,0.001013279,0.48853636,0.308631
2013-10-17,URRA1,Caribe,81.27,380790000.0,451320000.0,84.37250731188513,25.230194,0.2578888,0.0031089783,1012.0666,20.43805,-0.13,0.8890629,0.3323555,0.051110983,0.5046748,0.25790754
2013-10-18,URRA1,Caribe,82.36,479380000.0,451320000.0,106.21731808916068,25.920929,-0.6021271,0.13115692,1010.8739,20.467133,-0.13,0.228405,0.16283989,0.015616417,0.5039456,0.61624604
2013-10-19,URRA1,Caribe,83.22,476760000.0,451320000.0,105.63679872374368,26.350372,0.6309624,0.27105713,1010.4866,20.540955,-0.13,0.38802624,0.177145,0.008046627,0.49126202,0.68672085
2013-10-20,URRA1,Caribe,83.78,378880000.0,451320000.0,83.9493042630506,26.779694,0.34721375,0.27056503,1010.5566,20.78836,-0.13,0.036001205,0.195086,0.001013279,0.49334848,0.44018498
2013-10-21,URRA1,Caribe,83.94,363690000.0,451320000.0,80.58362137729327,26.00882,1.0958748,0.56380844,1011.1014,20.996918,-0.13,0.3066063,0.20718575,0.0056624413,0.48712268,1.2324047
2013-10-22,URRA1,Caribe,82.75,338730000.0,451320000.0,75.05317734645041,26.271637,0.5293999,0.8108597,1010.4308,21.38028,-0.13,0.025629997,0.20062923,0.00059604645,0.48156476,0.96837884
2013-10-23,URRA1,Caribe,81.28999999999999,288910000.0,451320000.0,64.01444651245237,26.145111,-0.09624863,0.36624908,1010.09875,21.650055,-0.13,0.08881092,0.19997358,0.0021457672,0.48474056,0.37868482
2013-10-24,URRA1,Caribe,81.69,380920000.0,451320000.0,84.40131170787912,25.918427,0.27238083,-0.15847015,1010.1813,21.543457,-0.13,0.08416176,0.1937151,0.0015497208,0.4941871,0.31512555
2013-10-25,URRA1,Caribe,82.17,379460000.0,451320000.0,84.0778161836391,26.99649,1.02808,0.15270996,1009.46564,21.39087,-0.13,0.09393692,0.1873374,0.00166893,0.48753735,1.0393598
2013-10-26,URRA1,Caribe,82.6,362490000.0,451320000.0,80.31773464504121,26.149506,1.02631,0.7240906,1010.70935,21.06717,-0.13,0.21827221,0.18525124,0.006198883,0.48332122,1.2560332
2013-10-27,URRA1,Caribe,81.71000000000001,375980000.0,451320000.0,83.30674466010812,25.933075,0.5868492,-0.062194824,1010.86096,21.188507,-0.13,0.026345253,0.172019,0.00059604645,0.48759446,0.59013575
2013-10-28,URRA1,Caribe,80.51,375980000.0,451320000.0,83.30674466010812,26.036163,0.20985031,0.22129059,1010.5736,20.992462,-0.13,0.31590462,0.17088652,0.007301569,0.49307546,0.30496997
2013-10-29,URRA1,Caribe,79.64,388630000.0,451320000.0,86.1096339625986,26.207977,0.48231506,0.31993866,1010.3594,21.152039,-0.13,0.5633831,0.17082691,0.014841557,0.49154186,0.57878196
2013-10-30,URRA1,Caribe,78.06,272580000.0,451320000.0,60.396171231055575,25.934479,1.4207802,0.5628128,1010.7502,21.394928,-0.13,0.06508827,0.14984608,0.0009536743,0.48554116,1.5281932
2013-10-31,URRA1,Caribe,76.34,250300000.0,451320000.0,55.45954090224231,25.90799,1.3133163,0.87000656,1010.3628,21.1987,-0.13,0.054955482,0.14311075,0.0009536743,0.4914118,1.5753448
2013-11-01,URRA1,Caribe,74.51,229610000.0,405930000.0,56.56393959549676,24.913116,2.3936424,1.0597382,1010.6984,21.302277,-0.1,0.03218651,0.13679266,0.0005364418,0.49164435,2.617741
2013-11-02,URRA1,Caribe,74.15,226850000.0,405930000.0,55.88401941221392,25.19925,2.3176765,0.93935394,1011.6934,21.739044,-0.1,0.041604042,0.13124943,0.000834465,0.48044556,2.5008018
2013-11-03,URRA1,Caribe,73.86,206090000.0,405930000.0,50.76983716404306,25.457062,1.1734581,0.41688538,1012.09326,22.040436,-0.1,0.71144104,0.13691187,0.012457371,0.470666,1.2453102
2013-11-04,URRA1,Caribe,74.03,278550000.0,405930000.0,68.62020545414234,25.004486,0.38946915,0.117370605,1011.6097,22.301086,-0.1,0.06985664,0.12099743,0.0017285347,0.4927471,0.4067703
2013-11-05,URRA1,Caribe,74.41,369400000.0,405930000.0,91.00091148720225,25.533356,0.36392212,0.13999176,1010.8114,22.239258,-0.1,0.23925304,0.1205802,0.005722046,0.5023445,0.38991922
2013-11-06,URRA1,Caribe,74.63,316240000.0,405930000.0,77.9050575222329,25.111725,-0.06481171,0.12577438,1010.78424,22.126617,-0.1,0.47123432,0.12362003,0.012457371,0.503109,0.14149117
2013-11-07,URRA1,Caribe,75.92,470460000.0,405930000.0,115.8968295026236,24.79477,0.77150345,-0.06401062,1011.4911,22.08429,-0.1,0.6827116,0.14668703,0.030517578,0.49936786,0.7741543
2013-11-08,URRA1,Caribe,76.96,429230000.0,405930000.0,105.73990589510508,25.134369,0.42513657,-0.10371399,1010.66516,22.185333,-0.1,0.16272068,0.10895729,0.003516674,0.49743706,0.4376045
2013-11-09,URRA1,Caribe,78.01,426810000.0,405930000.0,105.14374399527011,25.688324,-0.59697723,0.08616257,1011.14124,22.539246,-0.1,0.15497208,0.11301041,0.003993511,0.49807212,0.6031632
2013-11-10,URRA1,Caribe,79.0,416620000.0,405930000.0,102.63345897075853,25.678864,0.19338226,0.2478447,1010.1919,22.507263,-0.1,0.054717064,0.102221966,0.0012516975,0.4972345,0.31436238
2013-11-11,URRA1,Caribe,79.43,319830000.0,405930000.0,78.78944645628556,26.064423,-0.35963058,0.12371063,1008.9747,22.346527,-0.1,0.06687641,0.10049343,0.0012516975,0.49432695,0.38031366
2013-11-12,URRA1,Caribe,80.39,410190000.0,405930000.0,101.0494420220235,26.854095,0.46316528,0.41272736,1008.35046,22.242249,-0.1,0.12254715,0.1000762,0.002682209,0.4916144,0.62037563
2013-11-13,URRA1,Caribe,80.99,348560000.0,405930000.0,85.86702140763187,26.432526,0.83504105,0.505661,1008.6284,22.238464,-0.1,0.3861189,0.12344122,0.027656555,0.49642187,0.9762103
2013-11-14,URRA1,Caribe,82.01,419930000.0,405930000.0,103.44887049491292,26.545868,0.2982254,0.35577774,1009.3608,22.384521,-0.1,0.24831295,0.101566315,0.0071525574,0.49248356,0.4642372
2013-11-15,URRA1,Caribe,82.80999999999999,393350000.0,405930000.0,96.90094351242826,26.556854,-0.09730911,0.24989319,1009.1184,22.484772,-0.1,0.05674362,0.09542704,0.00166893,0.49744448,0.26817098
2013-11-16,URRA1,Caribe,83.43,352360000.0,405930000.0,86.80314339910822,26.616608,0.3049507,0.4146347,1009.0636,22.364838,-0.1,0.0269413,0.092983246,0.00059604645,0.49127364,0.5147008
2013-11-17,URRA1,Caribe,83.72,295240000.0,405930000.0,72.73175177986352,26.802765,0.4704666,0.09759903,1008.7528,22.159515,-0.1,0.047802925,0.09179115,0.0007748604,0.4895993,0.4804835
2013-11-18,URRA1,Caribe,83.91999999999999,280240000.0,405930000.0,69.03653339245682,26.072723,1.3455429,0.1560936,1008.9925,22.342987,-0.1,0.022888184,0.09024143,0.0005662441,0.4825026,1.3545667
2013-11-19,URRA1,Caribe,84.09,278520000.0,405930000.0,68.61281501736752,25.557465,1.2047958,0.46255875,1009.47217,22.583008,-0.1,0.011205673,0.08845329,0.00023841858,0.48514515,1.29054
2013-11-20,URRA1,Caribe,84.28,283180000.0,405930000.0,69.76079619638854,25.475677,0.7468338,0.19956207,1011.3798,22.662079,-0.1,0.009775162,0.08696318,0.00023841858,0.48644397,0.7730367
2013-11-21,URRA1,Caribe,84.39,267530000.0,405930000.0,65.90545167886089,26.174042,0.5958061,-0.2522583,1011.6247,22.719208,-0.1,0.17237663,0.088214874,0.002682209,0.48120737,0.6470079
2013-11-22,URRA1,Caribe,84.69,298930000.0,405930000.0,73.64077550316557,25.94046,0.6093979,0.5915489,1010.44763,22.70224,-0.1,0.018954277,0.08404255,0.0004172325,0.47731468,0.84929144
2013-11-23,URRA1,Caribe,84.84,274960000.0,405930000.0,67.73581652008967,25.78891,0.11517334,0.3456726,1008.85236,22.784119,-0.1,0.06484985,0.08314848,0.0009536743,0.47751117,0.36435485
2013-11-24,URRA1,Caribe,85.11,293310000.0,405930000.0,72.25630034735053,25.644257,0.83612823,0.17071915,1009.8164,22.727173,-0.1,0.15830994,0.082850456,0.0021457672,0.48044935,0.85337883
2013-11-25,URRA1,Caribe,85.52,317160000.0,405930000.0,78.13169758332718,25.533539,0.05671692,0.3331833,1011.0466,22.683868,-0.1,0.103116035,0.08076429,0.00166893,0.48644593,0.3379762
2013-11-26,URRA1,Caribe,84.81,354820000.0,405930000.0,87.40915921464291,25.638336,0.2389412,0.45508575,1010.2547,22.676788,-0.1,0.037670135,0.077843666,0.0006556511,0.48138428,0.51399994
2013-11-27,URRA1,Caribe,83.42,270720000.0,405930000.0,66.69130145591605,26.082,0.28151703,-0.09036636,1010.22217,22.460724,-0.1,0.20635128,0.08094311,0.0051259995,0.4961133,0.29566523
2013-11-28,URRA1,Caribe,82.3,335750000.0,405930000.0,82.71130490478654,26.215424,-0.07054138,0.5970497,1010.28485,22.420166,-0.1,0.04541874,0.07468462,0.0007748604,0.48750854,0.6012025
2013-11-29,URRA1,Caribe,80.65,256870000.0,405930000.0,63.2793831448772,25.325653,0.005004883,0.3610611,1010.32764,22.335693,-0.1,0.0936985,0.07545948,0.0032186508,0.49037537,0.3610958
2013-11-30,URRA1,Caribe,81.22,343840000.0,405930000.0,84.70425935506121,25.544525,0.8200302,0.14131546,1010.22266,22.18103,-0.1,0.29921532,0.0770092,0.006556511,0.49042085,0.83211756
2013-12-01,URRA1,Caribe,81.98,280130000.0,287890000.0,97.3045260342492,25.990204,0.73831177,-0.1049881,1009.9614,22.070374,-0.15,0.023961067,0.06967783,0.0006854534,0.483737,0.7457391
2013-12-02,URRA1,Caribe,83.56,390070000.0,287890000.0,135.49272291500225,25.548004,0.7347336,0.034755707,1010.3636,22.281677,-0.15,0.042319298,0.06842613,0.00071525574,0.4863035,0.7355552
2013-12-03,URRA1,Caribe,84.88,349470000.0,287890000.0,121.39011427975964,24.564972,0.87270355,0.20217133,1012.22296,22.566742,-0.15,0.40531158,0.111460686,0.02515316,0.50305283,0.8958151
2013-12-04,URRA1,Caribe,86.74,440780000.0,287890000.0,153.1070895133558,24.99228,-0.11483765,-0.33026505,1011.65485,22.746185,-0.15,0.32639503,0.073194504,0.0076293945,0.4911675,0.3496608
2013-12-05,URRA1,Caribe,87.89,319050000.0,287890000.0,110.82357845010247,26.00357,-0.3048439,0.30696487,1010.495,22.618256,-0.15,0.008225441,0.06443262,5.9604645e-05,0.47980702,0.43261674
2013-12-06,URRA1,Caribe,89.05999999999999,321870000.0,287890000.0,111.8031192469346,25.913605,0.3751297,0.20963669,1010.16425,22.37259,-0.15,0.34451485,0.07104874,0.007688999,0.48383445,0.42973226
2013-12-07,URRA1,Caribe,90.39,348060000.0,287890000.0,120.90034388134356,25.80191,-0.19127274,0.26531982,1010.5733,22.460968,-0.15,0.076293945,0.06330013,0.0010728836,0.48748776,0.32707775
2013-12-08,URRA1,Caribe,91.91,380340000.0,287890000.0,132.11295981103893,25.191986,0.6567497,0.37943268,1011.3095,22.535828,-0.15,0.03159046,0.061631203,0.0004172325,0.48375952,0.75847834
2013-12-09,URRA1,Caribe,92.96,519310000.0,287890000.0,180.38486922088296,24.891632,0.22804642,-0.05451584,1011.8325,22.404022,-0.15,0.3285408,0.065267086,0.005364418,0.49304354,0.23447205
2013-12-10,URRA1,Caribe,93.05,355690000.0,287890000.0,123.5506617110702,25.608002,0.26537323,0.27075577,1012.1926,22.27002,-0.15,0.098228455,0.060617924,0.0017285347,0.4920623,0.37911955
2013-12-11,URRA1,Caribe,92.13,313280000.0,287890000.0,108.81934072041405,26.05362,-0.7563629,-0.38893127,1011.0442,22.225128,-0.15,0.037550926,0.058293343,0.0006556511,0.48217106,0.85050124
2013-12-12,URRA1,Caribe,90.67,251160000.0,287890000.0,87.24165479870784,25.774445,0.4245758,0.018032074,1010.02985,22.113678,-0.15,0.2632141,0.060260296,0.0037550926,0.48264074,0.42495856
2013-12-13,URRA1,Caribe,89.4,275430000.0,287890000.0,95.671958039529,25.625153,0.125103,0.45627594,1008.84576,21.854004,-0.15,0.08606911,0.05698204,0.0015199184,0.49023414,0.47311574
2013-12-14,URRA1,Caribe,89.25999999999999,257760000.0,287890000.0,89.534197089166,25.482025,0.6958771,0.15299988,1008.8645,21.708557,-0.15,0.49841404,0.06598234,0.011622906,0.49457848,0.71249837
2013-12-15,URRA1,Caribe,89.0,301520000.0,287890000.0,104.7344471846886,26.007843,0.6871338,0.49773026,1009.8128,21.794952,-0.15,0.16319752,0.05596876,0.0025629997,0.49686047,0.8484623
2013-12-16,URRA1,Caribe,88.36,240380000.0,287890000.0,83.49716905762618,26.30252,0.5547943,0.021080017,1009.66907,21.911194,-0.15,0.05555153,0.053286552,0.000834465,0.50069046,0.5551946
2013-12-17,URRA1,Caribe,88.13,306670000.0,287890000.0,106.52332488103096,25.512482,1.1045494,0.38915634,1010.2642,22.148834,-0.15,0.16772747,0.05543232,0.0036358833,0.49516797,1.1710986
2013-12-18,URRA1,Caribe,88.46000000000001,337670000.0,287890000.0,117.29132654833442,25.683868,1.4209099,0.6500969,1010.5478,22.399384,-0.15,0.05877018,0.052452087,0.001013279,0.48937386,1.5625654
2013-12-19,URRA1,Caribe,88.11,288600000.0,287890000.0,100.24662197367049,26.118011,0.081092834,0.09692001,1010.2736,22.609589,-0.15,0.259161,0.0564456,0.0054240227,0.4869266,0.12637064
2013-12-20,URRA1,Caribe,87.38,227130000.0,287890000.0,78.89471673208517,25.976593,-0.1781807,-0.20788193,1009.307,22.803558,-0.15,0.036478043,0.050902367,0.00059604645,0.47855735,0.27379417
2013-12-21,URRA1,Caribe,86.48,198420000.0,287890000.0,68.92215776859217,26.269562,0.11092377,-0.061340332,1009.4322,23.025208,-0.15,0.11706352,0.051498413,0.0019073486,0.47169626,0.12675457
2013-12-22,URRA1,Caribe,86.21,186530000.0,287890000.0,64.79210809684255,26.287811,-0.022319794,-0.17066956,1009.8886,23.149994,-0.15,0.026464462,0.049471855,0.00062584877,0.4611072,0.17212284
2013-12-23,URRA1,Caribe,86.55000000000001,182710000.0,287890000.0,63.46521240751676,25.795074,-0.08312988,0.27855682,1011.0062,23.196075,-0.15,0.0059604645,0.048458576,0.0,0.44939882,0.29069656
2013-12-24,URRA1,Caribe,86.8,167620000.0,287890000.0,58.22362707978742,25.53415,0.6036949,0.05060959,1011.6875,23.31955,-0.15,0.08034706,0.0487566,0.0008940697,0.4413797,0.6058126
2013-12-25,URRA1,Caribe,87.08,171620000.0,287890000.0,59.613046649762055,25.159454,0.18751144,-0.024410248,1011.48315,23.456207,-0.15,0.15187263,0.048458576,0.00166893,0.44457066,0.18909363
2013-12-26,URRA1,Caribe,87.22,157490000.0,287890000.0,54.70492201882664,24.777985,-0.14982986,-0.8171196,1011.95264,23.427734,-0.15,0.014662743,0.04631281,0.00011920929,0.43901092,0.8307427
2013-12-27,URRA1,Caribe,87.33,147790000.0,287890000.0,51.33557956163812,25.691315,-0.5528183,-0.919693,1011.46936,23.255219,-0.15,0.0371933,0.045776367,0.0005364418,0.42865533,1.0730532
2013-12-28,URRA1,Caribe,87.45,145400000.0,287890000.0,50.50540136857828,26.826813,-0.4163437,-0.93000793,1009.53235,23.218842,-0.15,0.020384789,0.044703484,0.00035762787,0.4196667,1.0189489
2013-12-29,URRA1,Caribe,86.46000000000001,113910000.0,287890000.0,39.5671958039529,27.063263,0.12890244,-0.19968414,1008.3725,23.130005,-0.15,0.028014183,0.04416704,0.00044703484,0.41268325,0.2376754
2013-12-30,URRA1,Caribe,85.5,121520000.0,287890000.0,42.210566535829656,27.069794,0.15691376,0.5279236,1009.15466,23.212646,-0.15,0.07069111,0.04416704,0.0011920929,0.43573463,0.5507497
2013-12-31,URRA1,Caribe,84.47,109310000.0,287890000.0,37.96936329848207,26.446625,1.076149,0.36036682,1009.932,23.355377,-0.15,0.074625015,0.04285574,0.00071525574,0.42567044,1.1348836
2014-01-01,URRA1,Caribe,85.06,223080000.0,170800000.0,130.6088992974239,26.861847,0.27870178,0.2042923,1009.5217,23.4263,-0.28,0.113248825,0.04261732,0.0013113022,0.41871226,0.34555757
2014-01-02,URRA1,Caribe,85.33,167750000.0,170800000.0,98.21428571428572,26.334076,0.28461456,-0.20510101,1008.5503,23.331573,-0.28,0.046014786,0.040769577,0.0005364418,0.41417903,0.350816
2014-01-03,URRA1,Caribe,86.42999999999999,309020000.0,170800000.0,180.9250585480094,26.37558,0.28207397,-0.3180809,1008.89844,23.405182,-0.28,0.07998943,0.040590763,0.0011622906,0.41905826,0.4251367
2014-01-04,URRA1,Caribe,86.74,175800000.0,170800000.0,102.92740046838406,26.237396,0.023586273,0.12351227,1008.633,23.54425,-0.28,0.03838539,0.03927946,0.00047683716,0.41929263,0.12574415
2014-01-05,URRA1,Caribe,86.92999999999999,155210000.0,170800000.0,90.87236533957844,26.641632,0.55968475,0.22372055,1009.2092,23.579071,-0.28,0.07939339,0.03886223,0.0010728836,0.41716275,0.602742
2014-01-06,URRA1,Caribe,87.14,160520000.0,170800000.0,93.98126463700234,25.31784,0.4588852,0.5886345,1010.1752,23.824371,-0.28,0.0756979,0.039100647,0.0020861626,0.42764091,0.7463687
2014-01-07,URRA1,Caribe,87.26,144470000.0,170800000.0,84.58430913348947,25.45163,0.78411484,0.6854286,1011.0578,24.239258,-0.28,0.04220009,0.03671646,0.0005364418,0.43498468,1.0414646
2014-01-08,URRA1,Caribe,86.33,123720000.0,170800000.0,72.43559718969556,25.693146,0.70199966,0.24046707,1010.98346,24.540436,-0.28,0.048160553,0.0359416,0.00059604645,0.42729133,0.7420431
2014-01-09,URRA1,Caribe,85.28999999999999,108310000.0,170800000.0,63.41334894613583,25.395233,0.16148376,-0.14670181,1010.70953,24.745483,-0.28,0.07534027,0.035762787,0.0012218952,0.42929825,0.21817064
2014-01-10,URRA1,Caribe,84.42,137260000.0,170800000.0,80.36299765807962,25.47055,0.6712189,0.017177582,1009.9483,24.917542,-0.28,0.113368034,0.034749508,0.0010728836,0.42730835,0.67143863
2014-01-11,URRA1,Caribe,83.46000000000001,122190000.0,170800000.0,71.53981264637002,26.290497,-0.052684784,-0.2535553,1010.5261,25.06961,-0.28,0.00023841858,0.03272295,0.0,0.41356835,0.258971
2014-01-12,URRA1,Caribe,82.39999999999999,104030000.0,170800000.0,60.90749414519906,25.98117,-0.34889603,-0.50629807,1011.2559,25.125427,-0.28,0.010371208,0.031888485,0.00023841858,0.3993678,0.61487085
2014-01-13,URRA1,Caribe,81.19,83180000.0,170800000.0,48.70023419203747,26.760223,0.009338379,-0.50730515,1010.3245,25.080688,-0.28,0.0150203705,0.031411648,0.00029802322,0.3877779,0.5073911
2014-01-14,URRA1,Caribe,79.97999999999999,82520000.0,170800000.0,48.313817330210775,27.328094,0.3322029,-0.22449493,1010.5081,25.090637,-0.28,0.017285347,0.03027916,0.00017881393,0.3774191,0.40094483
2014-01-15,URRA1,Caribe,78.77,81410000.0,170800000.0,47.66393442622951,26.779388,0.62612534,-0.47277832,1010.0578,25.166351,-0.28,0.014901161,0.029444695,0.00029802322,0.37092277,0.78457135
2014-01-16,URRA1,Caribe,78.24,90980000.0,170800000.0,53.26697892271663,26.554108,0.48680115,-0.6838646,1009.82935,25.254791,-0.28,0.027656555,0.028908253,0.00047683716,0.3642642,0.839432
2014-01-17,URRA1,Caribe,77.68,86030000.0,170800000.0,50.36885245901639,26.71872,-0.107307434,-0.8211899,1009.73315,25.339142,-0.28,0.017762184,0.027775764,0.00017881393,0.3588032,0.8281713
2014-01-18,URRA1,Caribe,77.08,80830000.0,170800000.0,47.32435597189696,26.74118,0.45126724,-0.77900696,1011.09436,25.423767,-0.28,0.031113625,0.027418137,0.0004172325,0.35451224,0.9002744
2014-01-19,URRA1,Caribe,76.5,81560000.0,170800000.0,47.75175644028103,26.755035,0.36079407,-0.24934006,1011.39185,25.431274,-0.28,0.14638901,0.027954578,0.0019073486,0.3587628,0.43856907
2014-01-20,URRA1,Caribe,75.97,91930000.0,170800000.0,53.8231850117096,26.697968,0.59410095,-0.13703918,1010.1842,25.500305,-0.28,0.073194504,0.026226044,0.0008940697,0.37034652,0.6097013
2014-01-21,URRA1,Caribe,75.48,98180000.0,170800000.0,57.4824355971897,26.848663,1.0102272,0.13183594,1009.9197,25.445862,-0.28,0.023841858,0.024855137,0.00017881393,0.37513417,1.0187932
2014-01-22,URRA1,Caribe,75.86,246140000.0,170800000.0,144.11007025761126,25.476776,0.86761475,0.2534256,1010.78455,25.382385,-0.28,0.70917606,0.03284216,0.008881092,0.4430705,0.9038694
2014-01-23,URRA1,Caribe,75.92,192050000.0,170800000.0,112.44145199063232,25.750092,0.07251358,-0.38426208,1011.5719,25.42218,-0.28,0.045895576,0.024199486,0.00047683716,0.4650163,0.3910442
2014-01-24,URRA1,Caribe,75.84,169220000.0,170800000.0,99.07494145199064,26.155548,0.7064285,-0.67209625,1011.7449,25.34378,-0.28,0.12862682,0.024557114,0.0014901161,0.45230004,0.9750665
2014-01-25,URRA1,Caribe,75.53,130620000.0,170800000.0,76.47540983606558,26.00174,0.9815941,-0.06913757,1011.22455,25.430237,-0.28,0.07009506,0.023543835,0.0009536743,0.4430989,0.9840259
2014-01-26,URRA1,Caribe,75.14,130620000.0,170800000.0,76.47540983606558,25.719452,1.01857,-0.43423843,1011.3113,25.292236,-0.28,0.12242794,0.023424625,0.0015497208,0.44835597,1.1072704
2014-01-27,URRA1,Caribe,73.99,88730000.0,170800000.0,51.949648711943794,25.78952,0.673275,-0.2912407,1010.03,25.052734,-0.28,0.066161156,0.022292137,0.00074505806,0.44115275,0.7335669
2014-01-28,URRA1,Caribe,72.75,73270000.0,170800000.0,42.89812646370024,26.138763,0.37939453,-0.16825867,1010.01514,25.04419,-0.28,0.10597706,0.02169609,0.000834465,0.4278489,0.41503155
2014-01-29,URRA1,Caribe,72.15,107510000.0,170800000.0,62.94496487119437,27.073883,0.6380501,-0.50084686,1009.6188,25.209808,-0.28,0.0064373016,0.020325184,0.00011920929,0.4162364,0.81114453
2014-01-30,URRA1,Caribe,71.21,82310000.0,170800000.0,48.19086651053864,26.976593,0.60908127,-0.08283615,1010.2587,25.387054,-0.28,0.10085106,0.020623207,0.0009536743,0.40989482,0.6146884
2014-01-31,URRA1,Caribe,70.49,79940000.0,170800000.0,46.80327868852459,26.822052,0.17628098,-0.28848648,1008.7597,25.196869,-0.28,0.03862381,0.019669533,0.00059604645,0.40325552,0.338082
2014-02-01,URRA1,Caribe,70.27,88910000.0,127160000.0,69.91978609625669,25.899994,0.83672714,-0.21162033,1008.9341,24.88916,-0.32,0.061273575,0.019133091,0.00059604645,0.40635663,0.8630733
2014-02-02,URRA1,Caribe,69.65,74460000.0,127160000.0,58.55614973262032,26.532745,1.0911255,0.13489914,1009.5119,24.648071,-0.32,0.7069111,0.0269413,0.0086426735,0.4229124,1.0994328
2014-02-03,URRA1,Caribe,69.03,75720000.0,127160000.0,59.547027367096575,26.889313,1.0628624,-0.4255104,1009.8016,24.73935,-0.32,0.0023841858,0.017642975,5.9604645e-05,0.44216442,1.1448736
2014-02-04,URRA1,Caribe,68.30000000000001,64650000.0,127160000.0,50.84145957848381,27.089264,0.53346634,-0.08548355,1009.5733,24.787903,-0.32,0.022411346,0.017285347,0.00011920929,0.4153893,0.54027194
2014-02-05,URRA1,Caribe,67.58,59000000.0,127160000.0,46.39823843976093,27.389557,1.2284203,-0.18814087,1010.15686,24.538422,-0.32,0.063061714,0.017285347,0.00062584877,0.3993602,1.2427442
2014-02-06,URRA1,Caribe,66.9,61230000.0,127160000.0,48.151934570619694,26.341095,0.99606705,0.04404831,1010.84296,24.304108,-0.32,0.02360344,0.016510487,0.00017881393,0.40159038,0.99704057
2014-02-07,URRA1,Caribe,66.36999999999999,82450000.0,127160000.0,64.83957219251337,26.493256,0.86001587,-0.42808914,1010.90125,24.49704,-0.32,0.06067753,0.016152859,0.00035762787,0.39975858,0.9606704
2014-02-08,URRA1,Caribe,65.7,59750000.0,127160000.0,46.98804655552061,26.865387,0.2382927,-0.37101746,1009.52875,24.554321,-0.32,0.03027916,0.01579523,0.00047683716,0.3906628,0.4409505
2014-02-09,URRA1,Caribe,65.16,82840000.0,127160000.0,65.1462724127084,27.035187,0.4814415,0.1282959,1009.27814,24.534454,-0.32,0.23317337,0.017106533,0.0021755695,0.40268484,0.49824268
2014-02-10,URRA1,Caribe,64.61,81570000.0,127160000.0,64.14753067002202,27.340057,0.5507889,0.06829834,1009.14404,24.394836,-0.32,0.11265278,0.01591444,0.0011920929,0.41959143,0.5550073
2014-02-11,URRA1,Caribe,64.03,73820000.0,127160000.0,58.05284680717207,27.473907,0.31439972,0.20220947,1009.0136,24.12445,-0.32,0.04673004,0.014781952,0.0005364418,0.42587808,0.3738126
2014-02-12,URRA1,Caribe,63.23,62340000.0,127160000.0,49.02485058194401,27.337738,0.8763466,0.121738434,1009.2633,24.086975,-0.32,0.02360344,0.0140070915,0.00017881393,0.43868434,0.88476187
2014-02-13,URRA1,Caribe,62.36000000000001,52160000.0,127160000.0,41.01918842403271,27.486908,0.9776001,-0.0005760193,1009.6956,24.026947,-0.32,0.223279,0.015974045,0.0023841858,0.43001562,0.9776003
2014-02-14,URRA1,Caribe,61.78,72390000.0,127160000.0,56.92827933312362,26.754486,0.54190826,0.040843964,1011.16425,24.11258,-0.32,0.036001205,0.013709068,0.00047683716,0.45598263,0.5434453
2014-02-15,URRA1,Caribe,61.31999999999999,91120000.0,127160000.0,71.65775401069519,26.970734,0.65060425,-0.11595154,1011.2953,24.04892,-0.32,0.060081482,0.014126301,0.0011324883,0.4552946,0.660856
2014-02-16,URRA1,Caribe,60.56,70470000.0,127160000.0,55.41837055677886,27.10263,0.9085541,-0.6534729,1010.4161,24.064758,-0.32,0.06353855,0.012874603,0.0004172325,0.43737215,1.1191503
2014-02-17,URRA1,Caribe,59.79,64570000.0,127160000.0,50.778546712802765,27.152496,0.90455246,-0.282032,1009.9906,23.884033,-0.32,0.0371933,0.012516975,0.00017881393,0.42801648,0.94750047
2014-02-18,URRA1,Caribe,59.14,60270000.0,127160000.0,47.39698018244732,26.54129,1.226181,-0.43325806,1009.71,23.730988,-0.32,0.04220009,0.012278557,0.0004172325,0.41075444,1.3004739
2014-02-19,URRA1,Caribe,58.43000000000001,52880000.0,127160000.0,41.585404215162,26.261322,1.316391,-0.35883713,1009.3489,23.716156,-0.32,0.015974045,0.011622906,0.0002682209,0.40002045,1.3644227
2014-02-20,URRA1,Caribe,57.77,58270000.0,127160000.0,45.82415854042152,26.69638,0.6167526,-0.066963196,1009.59045,23.575958,-0.32,0.027060509,0.011503696,0.00029802322,0.40709627,0.6203772
2014-02-21,URRA1,Caribe,56.84,36730000.0,127160000.0,28.884869455803717,27.410858,0.46699905,-0.38419342,1009.0584,23.863464,-0.32,0.012755394,0.011265278,0.00023841858,0.43098378,0.6047253
2014-02-22,URRA1,Caribe,55.94,44330000.0,127160000.0,34.86159169550173,26.771149,0.8718147,-0.26270676,1009.54565,24.381317,-0.32,0.008583069,0.01090765,2.9802322e-05,0.42005223,0.910536
2014-02-23,URRA1,Caribe,55.21,43640000.0,127160000.0,34.318968229002834,26.536652,0.6262512,-0.4061737,1009.8103,24.592133,-0.32,0.029206276,0.010848045,0.0002682209,0.40870637,0.74643666
2014-02-24,URRA1,Caribe,54.47,44540000.0,127160000.0,35.02673796791444,26.574493,1.4024429,-0.19737625,1009.7628,24.91513,-0.32,0.07688999,0.01090765,0.00047683716,0.41309822,1.4162639
2014-02-25,URRA1,Caribe,53.53,38510000.0,127160000.0,30.28468071720667,26.651764,1.0703812,-0.6805229,1009.71954,24.940674,-0.32,0.07259846,0.010728836,0.0005662441,0.41861513,1.2683955
2014-02-26,URRA1,Caribe,53.1,48920000.0,127160000.0,38.47121736395093,27.319244,1.0536385,-0.27212143,1009.4927,25.257996,-0.32,0.0603199,0.010311604,0.00047683716,0.40454882,1.0882114
2014-02-27,URRA1,Caribe,52.72,56390000.0,127160000.0,44.34570619691727,27.082,0.91978455,-0.3373413,1010.115,25.262054,-0.32,0.0333786,0.010073185,0.0004172325,0.40637875,0.97969526
2014-02-28,URRA1,Caribe,52.39,64820000.0,127160000.0,50.97514941805599,26.539154,0.96626663,-0.11442566,1011.7511,25.350647,-0.32,0.18620491,0.011444092,0.001758337,0.45011437,0.97301817
2014-03-01,URRA1,Caribe,52.48,138180000.0,134760000.0,102.53784505788067,26.374725,0.8671799,-0.078022,1012.5114,25.618439,-0.14,0.40757656,0.017166138,0.007897615,0.4712276,0.8706827
2014-03-02,URRA1,Caribe,52.42,111390000.0,134760000.0,82.65805877114872,26.278046,0.8133888,-1.3741989,1011.27563,25.534424,-0.14,0.04172325,0.00962615,0.0005364418,0.47151238,1.5968795
2014-03-03,URRA1,Caribe,51.84,67380000.0,134760000.0,50.0,25.245392,0.8217926,-0.19269562,1010.4458,25.647003,-0.14,0.05674362,0.009596348,0.00071525574,0.4588021,0.8440822
2014-03-04,URRA1,Caribe,50.7,44930000.0,134760000.0,33.34075393291778,26.12259,0.9169998,0.041431427,1010.6342,25.700775,-0.14,0.012993813,0.008821487,0.00011920929,0.4616676,0.9179353
2014-03-05,URRA1,Caribe,49.54,45760000.0,134760000.0,33.95666369842683,26.8154,1.04105,0.27339172,1011.3049,25.593903,-0.14,0.010848045,0.0086426735,0.00011920929,0.44419688,1.0763494
2014-03-06,URRA1,Caribe,48.33,38540000.0,134760000.0,28.598990798456512,26.431671,1.0531845,0.102508545,1011.57153,25.30185,-0.14,0.15902519,0.009655952,0.0013113022,0.44341117,1.0581615
2014-03-07,URRA1,Caribe,47.15,40200000.0,134760000.0,29.830810329474623,25.699066,1.0259285,0.0816803,1011.8681,24.948608,-0.14,0.7737875,0.018179417,0.009655952,0.48019198,1.0291749
2014-03-08,URRA1,Caribe,46.04,53520000.0,134760000.0,39.71504897595726,25.49887,1.0567513,0.26093292,1013.1105,24.97873,-0.14,0.06830692,0.009000301,0.001013279,0.47564036,1.0884894
2014-03-09,URRA1,Caribe,45.26,105570000.0,134760000.0,78.33926981300088,25.461578,0.86283493,-0.3594513,1013.15967,24.978973,-0.14,0.15103817,0.010073185,0.0022649765,0.4831328,0.93471354
2014-03-10,URRA1,Caribe,44.24,68330000.0,134760000.0,50.70495696052241,25.472504,1.6585464,-1.2854805,1012.4239,24.773224,-0.14,0.13804436,0.010192394,0.0023245811,0.48573393,2.098389
2014-03-11,URRA1,Caribe,43.16,59510000.0,134760000.0,44.15998812704067,26.305084,0.79442215,-0.06478882,1010.4939,24.60257,-0.14,0.0113248825,0.008106232,0.00029802322,0.461907,0.7970597
2014-03-12,URRA1,Caribe,42.0,43140000.0,134760000.0,32.01246660730187,26.164398,0.8530197,-0.29675674,1010.40515,24.380524,-0.14,0.034809113,0.008046627,0.0005364418,0.4519709,0.9031651
2014-03-13,URRA1,Caribe,41.06,73530000.0,134760000.0,54.563668744434544,26.365753,0.7758484,-0.2857933,1011.10986,24.1333,-0.14,0.08523464,0.00846386,0.000834465,0.455415,0.82681227
2014-03-14,URRA1,Caribe,40.45,72210000.0,134760000.0,53.58414959928762,26.570343,0.102458954,-1.3920593,1011.6997,24.224243,-0.14,0.1885891,0.008881092,0.0014901161,0.4554699,1.3958248
2014-03-15,URRA1,Caribe,39.74,59000000.0,134760000.0,43.78153754823389,26.511017,0.61969376,-0.8661499,1010.1847,23.97165,-0.14,0.052690506,0.0076293945,0.0004172325,0.45430413,1.0650052
2014-03-16,URRA1,Caribe,39.01,55660000.0,134760000.0,41.30305728702879,26.0867,0.47450638,-0.09762192,1008.78436,23.598358,-0.14,0.11515617,0.008583069,0.0016093254,0.45399433,0.48444438
2014-03-17,URRA1,Caribe,37.91,52470000.0,134760000.0,38.935886019590384,26.715424,0.50723267,0.18903732,1007.7377,23.33789,-0.14,0.33318996,0.010430813,0.003516674,0.45249903,0.5413133
2014-03-18,URRA1,Caribe,38.34,255180000.0,134760000.0,189.35886019590384,26.875397,0.42956924,-0.23785019,1009.34674,23.33612,-0.14,0.35357475,0.012814999,0.00590086,0.46466628,0.49102184
2014-03-19,URRA1,Caribe,38.61,225070000.0,134760000.0,167.01543484713565,26.780792,0.56897736,-0.43971634,1009.04407,23.305847,-0.14,0.16820431,0.00834465,0.00166893,0.44859293,0.7190867
2014-03-20,URRA1,Caribe,38.46,152590000.0,134760000.0,113.23092905906798,27.28653,0.6037369,-0.44683838,1007.67267,23.341278,-0.14,0.047326088,0.006914139,0.0005364418,0.44952163,0.7511077
2014-03-21,URRA1,Caribe,38.59,174160000.0,134760000.0,129.23716236271892,27.670807,1.2554016,0.1671753,1009.47076,23.246796,-0.14,0.27406216,0.010073185,0.0036656857,0.4726767,1.2664837
2014-03-22,URRA1,Caribe,38.38,179670000.0,134760000.0,133.3259127337489,27.051788,1.7668381,-0.021858215,1010.71643,23.285828,-0.14,0.07498264,0.007390976,0.0009536743,0.46028972,1.7669733
2014-03-23,URRA1,Caribe,37.74,105150000.0,134760000.0,78.02760463045414,27.177277,0.7054062,-0.19684601,1010.7489,23.312012,-0.14,0.0988245,0.006735325,0.000834465,0.4506911,0.73235667
2014-03-24,URRA1,Caribe,36.82,85140000.0,134760000.0,63.17898486197685,27.300995,0.86066437,-0.076992035,1010.6033,23.339935,-0.14,0.089764595,0.00756979,0.0011920929,0.46753925,0.86410123
2014-03-25,URRA1,Caribe,36.08,90780000.0,134760000.0,67.36420302760463,27.153412,1.257122,0.49826813,1011.395,23.77832,-0.14,0.156641,0.008046627,0.0017881393,0.47653443,1.3522673
2014-03-26,URRA1,Caribe,35.96,198540000.0,134760000.0,147.3285841495993,26.340973,-0.07627487,0.16287231,1012.452,23.927704,-0.14,0.85794926,0.019431114,0.013530254,0.4901214,0.17984784
2014-03-27,URRA1,Caribe,35.45,126060000.0,134760000.0,93.54407836153162,27.459625,-0.23240662,-0.755394,1010.59546,23.942352,-0.14,0.14436245,0.0078082085,0.0024437904,0.47786415,0.7903372
2014-03-28,URRA1,Caribe,34.56,91200000.0,134760000.0,67.67586821015138,27.766449,0.6622505,-0.34254074,1009.1816,23.857025,-0.14,0.037431717,0.0062584877,0.00059604645,0.45696664,0.74559367
2014-03-29,URRA1,Caribe,33.25,81880000.0,134760000.0,60.75986939744732,28.259918,1.0583344,-0.39497757,1009.302,23.974915,-0.14,0.0056028366,0.0056624413,5.9604645e-05,0.4429064,1.1296366
2014-03-30,URRA1,Caribe,31.78,52440000.0,134760000.0,38.91362422083704,27.073395,1.5270119,-0.474617,1010.3308,24.031158,-0.14,0.013947487,0.005841255,0.00029802322,0.42748022,1.5990704
2014-03-31,URRA1,Caribe,30.39,62430000.0,134760000.0,46.32680320569902,27.233063,0.9807625,-0.60749817,1011.53357,24.036621,-0.14,0.029444695,0.005722046,0.00047683716,0.4178847,1.1536677
2014-04-01,URRA1,Caribe,29.05,62080000.0,243600000.0,25.484400656814447,27.239044,0.34471512,-0.7824211,1010.5059,23.957825,0.15,0.019431114,0.0056624413,0.00047683716,0.4057589,0.85499203
2014-04-02,URRA1,Caribe,27.700000000000003,55290000.0,243600000.0,22.69704433497537,27.272614,1.0499496,-0.6862488,1010.04297,23.902405,0.15,0.012397766,0.0052452087,0.0,0.4032976,1.2543252
2014-04-03,URRA1,Caribe,26.61,108080000.0,243600000.0,44.36781609195402,27.53946,0.50222397,0.42479324,1009.96826,23.978638,0.15,0.10550022,0.006377697,0.0011920929,0.43920755,0.6577828
2014-04-04,URRA1,Caribe,25.77,83010000.0,243600000.0,34.076354679802954,27.342865,0.700634,0.014373779,1009.72455,24.043213,0.15,0.024914742,0.0051259995,0.00011920929,0.4529477,0.7007814
2014-04-05,URRA1,Caribe,24.99,81700000.0,243600000.0,33.53858784893268,26.718353,0.038711548,-0.0019302368,1009.2947,23.86087,0.15,0.61297417,0.014275312,0.009357929,0.47555098,0.03875964
2014-04-06,URRA1,Caribe,24.36,100500000.0,243600000.0,41.25615763546799,26.973602,0.41914368,-0.27134323,1009.29,23.781403,0.15,0.061631203,0.005722046,0.000834465,0.48068345,0.4993081
2014-04-07,URRA1,Caribe,23.62,80500000.0,243600000.0,33.04597701149425,27.610382,0.40015793,-0.051589966,1009.40533,23.710205,0.15,0.14913082,0.0061392784,0.0014305115,0.46767437,0.40346983
2014-04-08,URRA1,Caribe,22.81,69360000.0,243600000.0,28.472906403940883,27.846588,0.5875664,0.05107498,1009.9211,23.865234,0.15,0.23043156,0.008702278,0.004053116,0.47505832,0.58978206
2014-04-09,URRA1,Caribe,22.03,75800000.0,243600000.0,31.11658456486043,27.441193,0.5994301,-0.3917122,1010.84796,23.854797,0.15,0.0770092,0.007927418,0.0031590462,0.47194666,0.71606904
2014-04-10,URRA1,Caribe,21.25,73830000.0,243600000.0,30.30788177339901,27.562836,0.72162247,-0.35378265,1010.83044,23.791656,0.15,0.15962124,0.00667572,0.0020861626,0.47251353,0.80367976
2014-04-11,URRA1,Caribe,20.5,77960000.0,243600000.0,32.003284072249585,27.632904,-0.037246704,-0.09344864,1009.39264,23.844025,0.15,0.15282631,0.006556511,0.0020861626,0.47532552,0.10059804
2014-04-12,URRA1,Caribe,19.94,113770000.0,243600000.0,46.70361247947455,27.404999,0.7618599,0.50250626,1008.9978,23.796448,0.15,0.057697296,0.005543232,0.0011920929,0.47340393,0.91265714
2014-04-13,URRA1,Caribe,20.09,152850000.0,243600000.0,62.74630541871922,26.600677,0.4287262,-0.055908203,1009.0414,23.832733,0.15,0.37491322,0.009596348,0.005066395,0.47859502,0.4323562
2014-04-14,URRA1,Caribe,19.35,83080000.0,243600000.0,34.105090311986864,27.430817,0.8294563,0.065265656,1008.84595,23.898224,0.15,0.017881393,0.0047683716,0.0004172325,0.48240077,0.8320201
2014-04-15,URRA1,Caribe,18.64,89770000.0,243600000.0,36.85139573070607,26.912933,0.78664017,0.26330948,1009.15906,23.9357,0.15,0.08773804,0.005066395,0.000834465,0.48724732,0.8295388
2014-04-16,URRA1,Caribe,18.08,110870000.0,243600000.0,45.51313628899835,26.795258,0.23252487,-0.17450333,1010.52924,23.953339,0.15,0.03552437,0.004529953,0.00017881393,0.49030417,0.29072192
2014-04-17,URRA1,Caribe,18.08,110610000.0,243600000.0,45.4064039408867,26.877533,-0.38096237,-0.24947739,1009.5131,23.907318,0.15,0.039696693,0.005364418,0.000923872,0.48506558,0.45538038
2014-04-18,URRA1,Caribe,18.05,105300000.0,243600000.0,43.22660098522167,27.126678,0.86203766,0.12046814,1008.8989,24.115204,0.15,0.012278557,0.0042915344,0.00029802322,0.4756656,0.87041456
2014-04-19,URRA1,Caribe,18.360000000000003,164360000.0,243600000.0,67.4712643678161,26.46878,0.569088,0.27716827,1009.8797,24.602997,0.15,0.086307526,0.0049471855,0.0009536743,0.48227376,0.63299555
2014-04-20,URRA1,Caribe,19.25,260970000.0,243600000.0,107.1305418719212,26.804535,-0.106990814,0.6212578,1010.78625,24.632446,0.15,0.5379915,0.14042854,0.13649464,0.49159148,0.6304033
2014-04-21,URRA1,Caribe,18.87,145310000.0,243600000.0,59.65106732348112,26.86203,0.519413,-0.14309692,1010.0545,24.84439,0.15,0.68748,0.021338463,0.017046928,0.49183473,0.53876394
2014-04-22,URRA1,Caribe,18.91,216040000.0,243600000.0,88.68637110016421,26.855804,0.17545319,0.1521492,1010.03,25.187103,0.15,0.2888441,0.009417534,0.0056624413,0.4979797,0.23223522
2014-04-23,URRA1,Caribe,19.6,323390000.0,243600000.0,132.7545155993432,25.917328,0.40720367,0.9072952,1010.4836,25.209076,0.15,0.595808,0.1271367,0.05352497,0.48987842,0.9944845
2014-04-24,URRA1,Caribe,19.950000000000003,271390000.0,243600000.0,111.40804597701153,26.818085,0.54522324,-0.035419464,1010.8214,25.203613,0.15,0.07534027,0.004827976,0.000834465,0.48894456,0.54637253
2014-04-25,URRA1,Caribe,20.12,268850000.0,243600000.0,110.36535303776682,26.828278,0.75878143,0.3148384,1010.32,25.276062,0.15,0.3681183,0.054061413,0.009417534,0.4980496,0.82150626
2014-04-26,URRA1,Caribe,20.7,337550000.0,243600000.0,138.56732348111657,25.835236,1.1574402,0.53041077,1010.2491,25.392975,0.15,0.37884712,0.010669231,0.0066161156,0.50219846,1.2731863
2014-04-27,URRA1,Caribe,20.77,253480000.0,243600000.0,104.055829228243,26.312653,-0.23618317,0.2460823,1010.6314,25.469818,0.15,0.99897385,0.13870001,0.1347661,0.502861,0.34108502
2014-04-28,URRA1,Caribe,20.76,230210000.0,243600000.0,94.5032840722496,27.337006,-0.7045479,-0.18297958,1008.8591,25.410187,0.15,0.2747774,0.00834465,0.0044107437,0.48745275,0.7279212
2014-04-29,URRA1,Caribe,20.22,176900000.0,243600000.0,72.61904761904762,27.394867,0.49009323,0.092048645,1008.83,25.257355,0.15,0.0654459,0.0056624413,0.0014901161,0.490486,0.49866253
2014-04-30,URRA1,Caribe,19.79,192210000.0,243600000.0,78.9039408866995,26.196259,-0.09339905,0.48895645,1009.79346,25.08551,0.15,1.5093088,0.42784214,0.42372942,0.500892,0.49779695
2014-05-01,URRA1,Caribe,19.92,256130000.0,422760000.0,60.585202005866215,26.52121,0.2805252,0.5118294,1009.53906,24.98816,0.31,1.1304617,0.31661987,0.31244755,0.49880683,0.58366406
2014-05-02,URRA1,Caribe,20.29,330070000.0,422760000.0,78.0750307503075,25.414032,0.63788605,0.44714737,1010.01,25.093872,0.31,0.45132637,0.024497509,0.020503998,0.5025419,0.778999
2014-05-03,URRA1,Caribe,20.77,347380000.0,422760000.0,82.16955246475541,26.746735,0.29369354,0.3682518,1011.48267,24.967438,0.31,0.04053116,0.005185604,0.0006556511,0.48867136,0.4710258
2014-05-04,URRA1,Caribe,21.02,306290000.0,422760000.0,72.45008988551423,26.791473,0.8438835,0.15353394,1012.9902,24.902405,0.31,0.106573105,0.008165836,0.0038146973,0.50061464,0.8577366
2014-05-05,URRA1,Caribe,21.6,363310000.0,422760000.0,85.93764783801684,26.668976,-0.32260132,-0.20248795,1011.3975,24.854797,0.31,0.07724762,0.0061392784,0.0015497208,0.49924248,0.38088447
2014-05-06,URRA1,Caribe,22.42,411000000.0,422760000.0,97.21827987510645,26.462006,0.4706688,0.050891876,1010.96466,24.93988,0.31,0.054240227,0.005841255,0.0011324883,0.50356334,0.4734122
2014-05-07,URRA1,Caribe,23.16,392000000.0,422760000.0,92.72400416311856,26.055939,1.0936699,-0.24743652,1011.8353,24.888062,0.31,0.07855892,0.0069737434,0.0019669533,0.4966262,1.1213111
2014-05-08,URRA1,Caribe,23.64,365030000.0,422760000.0,86.34449806036521,26.459137,0.60523987,0.41835785,1013.05237,24.550446,0.31,0.20623207,0.01335144,0.0070929527,0.49647492,0.7357571
2014-05-09,URRA1,Caribe,23.85,373930000.0,422760000.0,88.44971142019112,26.614288,1.6984329,0.6188736,1012.65485,24.567383,0.31,0.00023841858,0.0075101852,0.0,0.4838907,1.8076721
2014-05-10,URRA1,Caribe,23.53,284360000.0,422760000.0,67.26274955057244,26.862457,1.5468979,0.6072502,1012.41986,24.756073,0.31,0.3477335,0.014662743,0.0066161156,0.4800009,1.66182
2014-05-11,URRA1,Caribe,23.05,272170000.0,422760000.0,64.37931687009177,26.780365,0.9291153,0.73210907,1011.26404,24.793213,0.31,0.25379658,0.020682812,0.012218952,0.48758876,1.1828942
2014-05-12,URRA1,Caribe,22.86,302130000.0,422760000.0,71.46608004541584,26.271576,0.14274216,0.1777649,1010.9503,24.859497,0.31,0.15699863,0.013649464,0.004887581,0.49664506,0.22798175
2014-05-13,URRA1,Caribe,22.24,229440000.0,422760000.0,54.27192733465797,27.386627,-0.76168823,-0.11071777,1008.20044,24.7753,0.31,0.011205673,0.010371208,0.00023841858,0.47588512,0.769693
2014-05-14,URRA1,Caribe,22.58,395520000.0,422760000.0,93.55662787397104,26.96585,0.5739136,0.49319077,1009.0014,24.69925,0.31,0.1360178,0.014305115,0.00333786,0.48862362,0.7567126
2014-05-15,URRA1,Caribe,22.770000000000003,274230000.0,422760000.0,64.86659097360204,26.498383,0.90039825,0.38002014,1010.715,24.729675,0.31,0.97310543,0.22363663,0.21195412,0.4956074,0.97730875
2014-05-16,URRA1,Caribe,22.74,226330000.0,422760000.0,53.53628536285363,26.731964,0.07986832,0.04358673,1010.5742,24.582123,0.31,0.23913383,0.022172928,0.009775162,0.496282,0.090987645
2014-05-17,URRA1,Caribe,22.9,255390000.0,422760000.0,60.41016179392563,26.470001,0.7007599,0.582283,1010.26,24.570404,0.31,0.15592575,0.02360344,0.007987022,0.5038149,0.9111081
2014-05-18,URRA1,Caribe,23.07,255580000.0,422760000.0,60.45510455104552,26.09433,0.47389984,0.3465042,1010.1289,24.534363,0.31,0.050902367,0.020802021,0.0010728836,0.49205047,0.58706576
2014-05-19,URRA1,Caribe,23.45,295850000.0,422760000.0,69.98060365219037,26.220001,0.10953522,-0.26809692,1010.3013,24.511322,0.31,0.17166138,0.026524067,0.0037550926,0.49797755,0.28960997
2014-05-20,URRA1,Caribe,23.81,290840000.0,422760000.0,68.79553410918724,26.267426,0.5617218,0.16385269,1010.7725,24.679382,0.31,0.746727,0.04720688,0.021457672,0.5010809,0.5851317
2014-05-21,URRA1,Caribe,24.21,241830000.0,422760000.0,57.20266818052796,25.640839,1.1415329,0.4764099,1011.7427,25.056305,0.31,1.9701719,0.41526556,0.27120113,0.50416553,1.2369574
2014-05-22,URRA1,Caribe,24.79,268090000.0,422760000.0,63.41423029614911,26.710114,-0.15003204,-0.080516815,1010.4336,24.95877,0.31,0.0113248825,0.03349781,0.00029802322,0.487744,0.17027205
2014-05-23,URRA1,Caribe,25.5,308480000.0,422760000.0,72.96811429652757,26.400543,0.5163307,0.5005951,1011.1992,24.806274,0.31,0.0538826,0.03671646,0.0012516975,0.4948929,0.7191612
2014-05-24,URRA1,Caribe,26.340000000000003,326950000.0,422760000.0,77.33702337023371,26.210602,0.040359497,0.06375885,1011.08826,24.760101,0.31,0.03159046,0.037550926,0.0006854534,0.49701732,0.07545913
2014-05-25,URRA1,Caribe,26.69,243500000.0,422760000.0,57.597691361529,27.165436,0.5597763,0.07568741,1010.3003,24.644196,0.31,0.09572506,0.040233135,0.0020861626,0.49322534,0.56487
2014-05-26,URRA1,Caribe,27.1,253260000.0,422760000.0,59.906329832529096,27.298004,0.578846,0.14404678,1010.8681,24.73764,0.31,0.40078163,0.058174133,0.019490719,0.48870987,0.5964999
2014-05-27,URRA1,Caribe,27.93,324810000.0,422760000.0,76.8308260005677,25.990814,0.12440109,0.85710907,1011.0645,24.657745,0.31,0.3875494,0.049173832,0.010192394,0.49529916,0.8660898
2014-05-28,URRA1,Caribe,29.58,469870000.0,422760000.0,111.1434383574605,25.60379,0.1364975,0.54899216,1010.8425,24.526459,0.31,0.4644394,0.04976988,0.010609627,0.5017526,0.5657066
2014-05-29,URRA1,Caribe,32.81,780270000.0,422760000.0,184.56571104172585,26.271332,1.0682373,0.6930809,1011.062,24.534576,0.31,0.3658533,0.15854836,0.117242336,0.49747276,1.2733783
2014-05-30,URRA1,Caribe,34.160000000000004,440980000.0,422760000.0,104.30977386696944,26.214264,-0.4057579,0.0002975464,1010.5161,24.411865,0.31,0.015974045,0.0436306,0.00047683716,0.4890433,0.40575802
2014-05-31,URRA1,Caribe,35.120000000000005,399600000.0,422760000.0,94.52171444791372,26.560638,0.4004898,0.03249359,1009.67847,24.31018,0.31,0.20301342,0.0513196,0.0072717667,0.4942656,0.40180582
2014-06-01,URRA1,Caribe,35.5,346910000.0,476570000.0,72.79308391212204,26.528168,0.28754425,-0.06316376,1009.03766,24.240295,0.23,0.054955482,0.046104193,0.0014007092,0.4895701,0.29439998
2014-06-02,URRA1,Caribe,36.71,501870000.0,476570000.0,105.3087689111778,26.272552,1.2415237,0.58286285,1009.3208,24.41623,0.23,0.16438961,0.0538826,0.008702278,0.49689132,1.3715358
2014-06-03,URRA1,Caribe,37.03,390050000.0,476570000.0,81.84526932035168,26.499298,0.13949585,0.18545914,1008.9494,24.495148,0.23,0.64122677,0.06622076,0.020384789,0.5011965,0.23206504
2014-06-04,URRA1,Caribe,37.16,334110000.0,476570000.0,70.10722454203999,27.036224,0.81469727,0.029289246,1008.1064,24.526947,0.23,0.086307526,0.048577785,0.0017285347,0.49455056,0.8152236
2014-06-05,URRA1,Caribe,37.11,336950000.0,476570000.0,70.70314958977694,26.829865,0.39836884,0.4513588,1007.79016,24.518188,0.23,0.11265278,0.049710274,0.0023841858,0.49506208,0.6020153
2014-06-06,URRA1,Caribe,36.74,280820000.0,476570000.0,58.92523658644061,27.430756,0.100364685,0.036540985,1007.9339,24.33841,0.23,0.044345856,0.0487566,0.0009536743,0.4877393,0.10680971
2014-06-07,URRA1,Caribe,36.96,349910000.0,476570000.0,73.42258220198502,25.906647,0.72888565,0.88762665,1009.03326,24.130585,0.23,0.30839443,0.060260296,0.0121593475,0.4980246,1.1485449
2014-06-08,URRA1,Caribe,37.08,320050000.0,476570000.0,67.15697589021549,26.378448,0.5793495,0.28281784,1010.295,24.268799,0.23,0.20086765,0.05543232,0.0064969063,0.49849534,0.6446951
2014-06-09,URRA1,Caribe,36.67,259950000.0,476570000.0,54.54602681662715,26.90622,0.8130264,-0.17127609,1009.997,24.486938,0.23,0.15044212,0.059843063,0.002771616,0.49426705,0.8308715
2014-06-10,URRA1,Caribe,37.51,503990000.0,476570000.0,105.75361436934764,27.184662,0.5593109,0.20635223,1010.82794,24.433502,0.23,0.063061714,0.08481741,0.0012516975,0.4804254,0.5961627
2014-06-11,URRA1,Caribe,37.18,333790000.0,476570000.0,70.04007805778795,27.124237,-0.2203331,0.026844025,1009.7395,24.359344,0.23,0.08511543,0.09673834,0.0017285347,0.4730808,0.22196233
2014-06-12,URRA1,Caribe,37.05,290630000.0,476570000.0,60.98369599429255,27.509918,0.3867302,0.070201874,1009.02234,24.350433,0.23,0.04529953,0.099658966,0.0008940697,0.47623268,0.3930503
2014-06-13,URRA1,Caribe,36.8,271090000.0,476570000.0,56.88356379965168,27.235199,0.7331543,0.7013664,1008.998,24.298431,0.23,0.2207756,0.11301041,0.014722347,0.49424267,1.0146084
2014-06-14,URRA1,Caribe,38.16,541690000.0,476570000.0,113.6643095452924,26.084747,0.36852264,-0.008266449,1010.08124,24.305878,0.23,0.7426739,0.16629696,0.06878376,0.5013801,0.36861536
2014-06-15,URRA1,Caribe,39.86,553370000.0,476570000.0,116.11515622049228,26.53653,0.24333191,0.18991852,1009.6228,24.33844,0.23,0.029087067,0.098228455,0.0006556511,0.49229568,0.3086737
2014-06-16,URRA1,Caribe,41.19,490920000.0,476570000.0,103.01110015317792,26.709442,-0.09730148,-0.2535286,1009.6136,24.42984,0.23,0.04374981,0.098109245,0.0010728836,0.49063516,0.27155906
2014-06-17,URRA1,Caribe,42.47,496390000.0,476570000.0,104.15888536836142,27.4664,0.19693375,0.3320732,1009.725,24.592377,0.23,0.046491623,0.097215176,0.0010728836,0.4810846,0.38607708
2014-06-18,URRA1,Caribe,44.26,583630000.0,476570000.0,122.46469563757684,27.520966,0.28084564,0.27677155,1010.6839,24.736877,0.23,0.207901,0.15616417,0.03027916,0.49238065,0.3943054
2014-06-19,URRA1,Caribe,45.91,554950000.0,476570000.0,116.44669198648675,27.550323,0.40128708,-0.19541931,1010.53394,24.855408,0.23,0.014781952,0.09661913,0.0004172325,0.48450127,0.4463407
2014-06-20,URRA1,Caribe,49.34,852210000.0,476570000.0,178.82157920137652,27.571136,0.5259476,0.00579834,1009.9797,24.52005,0.23,0.029325485,0.09971857,0.0023841858,0.49090374,0.5259795
2014-06-21,URRA1,Caribe,51.84,693750000.0,476570000.0,145.57147953081397,27.454926,0.7767143,0.027694702,1009.96906,24.170868,0.23,0.40638447,0.119149685,0.021457672,0.4926987,0.7772079
2014-06-22,URRA1,Caribe,52.84,448320000.0,476570000.0,94.0722244371236,27.902863,0.30392075,0.13630295,1009.1439,23.983398,0.23,0.049352646,0.09953976,0.001847744,0.48837623,0.33308604
2014-06-23,URRA1,Caribe,53.82,439710000.0,476570000.0,92.26556434521686,26.92099,1.032608,0.21471405,1009.92847,23.785736,0.23,0.51140785,0.11467934,0.017225742,0.49181622,1.054695
2014-06-24,URRA1,Caribe,57.46,865970000.0,476570000.0,181.7088780242147,26.47293,0.1234436,-0.06791687,1011.84076,23.590546,0.23,0.2322197,0.10943413,0.010848045,0.49824882,0.14089367
2014-06-25,URRA1,Caribe,60.13,761380000.0,476570000.0,159.76246931195837,25.061432,0.37451553,0.22679138,1012.39966,23.449219,0.23,0.5762577,0.18626451,0.0346303,0.50651985,0.43783128
2014-06-26,URRA1,Caribe,62.1,643560000.0,476570000.0,135.0399731414063,26.464996,0.3665619,0.23988724,1011.1819,23.256195,0.23,0.28789043,0.14740229,0.0072419643,0.49819636,0.43807933
2014-06-27,URRA1,Caribe,61.38,543520000.0,476570000.0,114.04830350210882,27.117401,0.47517014,-0.009651184,1011.0442,23.36679,0.23,0.03218651,0.14126301,0.0007748604,0.4913473,0.47526813
2014-06-28,URRA1,Caribe,59.62,385400000.0,476570000.0,80.86954697106407,26.957306,-0.38124084,0.12976837,1012.198,23.48581,0.23,0.03540516,0.13691187,0.00059604645,0.48607054,0.40272126
2014-06-29,URRA1,Caribe,57.32000000000001,306720000.0,476570000.0,64.359905155591,27.270844,0.07938385,-0.21382904,1010.72266,23.634644,0.23,0.074625015,0.13530254,0.0035762787,0.475454,0.22808912
2014-06-30,URRA1,Caribe,55.54,384910000.0,476570000.0,80.76672891705311,26.28836,0.80186844,0.8605423,1010.3136,23.7695,0.23,0.076293945,0.12791157,0.0011920929,0.48668426,1.1762339
2014-07-01,URRA1,Caribe,55.96,442070000.0,489010000.0,90.4010142941862,26.37857,0.25126648,0.5488472,1010.60516,23.89859,0.1,0.5377531,0.3015399,0.03528595,0.49291342,0.6036291
2014-07-02,URRA1,Caribe,56.00000000000001,376170000.0,489010000.0,76.92480726365514,26.174286,-0.1984787,0.20972824,1010.9881,23.907135,0.1,0.10216236,0.12719631,0.005841255,0.4966371,0.28875548
2014-07-03,URRA1,Caribe,56.25,385960000.0,489010000.0,78.92681131265209,26.957062,-0.27443314,-0.15765762,1011.1267,23.916351,0.1,0.08606911,0.1270175,0.001847744,0.4893238,0.3164956
2014-07-04,URRA1,Caribe,57.07,422380000.0,489010000.0,86.37451176867549,27.317902,0.5523567,0.42169952,1011.7967,23.88736,0.1,0.020384789,0.12671947,0.00047683716,0.48707223,0.6949305
2014-07-05,URRA1,Caribe,57.15,309220000.0,489010000.0,63.23388069773625,26.756256,0.08037567,-0.10182953,1011.6158,23.61966,0.1,0.02503395,0.1244545,0.0005364418,0.47880235,0.12972857
2014-07-06,URRA1,Caribe,57.47,350380000.0,489010000.0,71.65088648493895,27.306183,0.07047272,0.36901474,1010.3066,23.21933,0.1,0.25081635,0.12588501,0.0045895576,0.48981595,0.37568375
2014-07-07,URRA1,Caribe,58.13,401120000.0,489010000.0,82.02695241406106,26.43216,0.12886429,-0.1542511,1011.6767,23.046295,0.1,0.9384155,0.15282631,0.034451485,0.49122274,0.20099604
2014-07-08,URRA1,Caribe,69.42,350560000.0,489010000.0,71.6876955481483,26.875763,-0.5654564,-0.49293137,1011.26154,23.427582,0.1,0.2746582,0.12606382,0.010251999,0.5031341,0.7501482
2014-07-09,URRA1,Caribe,61.970000000000006,360600000.0,489010000.0,73.74082329604713,27.701996,0.06397247,-0.12174225,1009.78156,24.173676,0.1,0.023126602,0.11497736,0.0013113022,0.4862167,0.13752691
2014-07-10,URRA1,Caribe,62.42,376970000.0,489010000.0,77.08840310014111,27.097015,0.52970505,0.22382736,1009.0089,23.492584,0.1,1.5054941,0.23627281,0.11664629,0.4917752,0.57505316
2014-07-11,URRA1,Caribe,64.27000000000001,589390000.0,489010000.0,120.527187583076,26.671661,-0.0034332275,0.35404587,1008.64795,23.383392,0.1,0.051379204,0.13190508,0.0023841858,0.49162155,0.35406253
2014-07-12,URRA1,Caribe,64.92,370060000.0,489010000.0,75.67534406249361,26.65036,0.5556412,0.11513901,1008.9419,23.308624,0.1,0.55110455,0.14460087,0.029325485,0.49236748,0.5674453
2014-07-13,URRA1,Caribe,65.2,331040000.0,489010000.0,67.69595713789084,27.158539,0.4927101,0.5504265,1009.3661,23.361633,0.1,0.016212463,0.10699034,0.0006556511,0.48993,0.73873717
2014-07-14,URRA1,Caribe,65.94,390930000.0,489010000.0,79.94315044682114,26.74118,0.39795303,0.65154266,1010.59796,23.294708,0.1,1.2319088,0.34546852,0.18918514,0.50003767,0.7634622
2014-07-15,URRA1,Caribe,66.14,384530000.0,489010000.0,78.63438375493344,26.379913,0.5358925,0.16005325,1010.96375,23.043427,0.1,0.03886223,0.13756752,0.0015497208,0.48978,0.55928326
2014-07-16,URRA1,Caribe,65.96,327250000.0,489010000.0,66.92092186253859,26.960358,0.1607933,0.38023376,1011.1767,22.87851,0.1,0.050663948,0.13411045,0.0017881393,0.48648375,0.41283435
2014-07-17,URRA1,Caribe,65.59,290240000.0,489010000.0,59.35256947710681,27.637543,0.74718094,-0.26904297,1011.5758,22.78897,0.1,0.880599,0.29063225,0.16313791,0.4908296,0.7941432
2014-07-18,URRA1,Caribe,65.42999999999999,319890000.0,489010000.0,65.41584016686775,26.456512,0.42515182,0.3804779,1011.5214,22.852661,0.1,0.04386902,0.12558699,0.000834465,0.48401403,0.57054144
2014-07-19,URRA1,Caribe,64.82,273690000.0,489010000.0,55.96818060980348,27.053436,-0.012638092,-0.4696045,1010.13654,22.78543,0.1,0.054836273,0.12278557,0.0014305115,0.48539117,0.4697745
2014-07-20,URRA1,Caribe,64.39,285530000.0,489010000.0,58.3893989897957,26.490997,1.0559692,0.22314072,1010.59314,22.507172,0.1,0.3874302,0.1309514,0.013440847,0.49128535,1.0792881
2014-07-21,URRA1,Caribe,63.48,259010000.0,489010000.0,52.96619701028609,26.527252,-0.34898376,0.78477097,1010.52875,22.433167,0.1,0.97095966,0.19949675,0.085532665,0.49712554,0.85886854
2014-07-22,URRA1,Caribe,62.870000000000005,265720000.0,489010000.0,54.338357088812096,26.955963,0.48973846,0.17923355,1009.2556,22.296143,0.1,0.06401539,0.11229515,0.0014603138,0.49386072,0.5215059
2014-07-23,URRA1,Caribe,62.48,255440000.0,489010000.0,52.23615058996749,27.258026,-0.058071136,0.38137436,1009.367,22.167023,0.1,0.15687943,0.11301041,0.0038444996,0.48136768,0.3857702
2014-07-24,URRA1,Caribe,62.06,251930000.0,489010000.0,51.51837385738533,27.657318,0.35402298,0.41846466,1008.5623,21.759644,0.1,0.044226646,0.10794401,0.0012516975,0.48547536,0.5481286
2014-07-25,URRA1,Caribe,61.53999999999999,207240000.0,489010000.0,42.37950144168831,27.94522,0.16949081,-0.041633606,1009.052,21.461853,0.1,0.10216236,0.105679035,0.0016093254,0.4906991,0.17452934
2014-07-26,URRA1,Caribe,60.92,191500000.0,489010000.0,39.160753358827016,27.066925,0.9538307,0.48903275,1010.39703,21.374207,0.1,0.10287762,0.103235245,0.0019073486,0.4833421,1.071889
2014-07-27,URRA1,Caribe,60.39,200130000.0,489010000.0,40.92554344491933,25.209625,-0.11919403,0.4947815,1012.2595,21.182922,0.1,0.24962425,0.10424852,0.0052452087,0.49864447,0.5089361
2014-07-28,URRA1,Caribe,59.79,192530000.0,489010000.0,39.37138299830269,27.649994,-0.15832138,-0.34225464,1010.9545,21.066376,0.1,0.021576881,0.097453594,0.00029802322,0.48608366,0.3770993
2014-07-29,URRA1,Caribe,59.55,239350000.0,489010000.0,48.94582932864358,26.769623,0.27556992,0.06438446,1011.3094,21.143372,0.1,0.55992603,0.1090765,0.014126301,0.49448904,0.2829914
2014-07-30,URRA1,Caribe,60.25,313730000.0,489010000.0,64.15615222592585,27.556244,-0.4387474,0.15444946,1011.39453,20.860657,0.1,0.10347366,0.094890594,0.0019669533,0.48916894,0.4651386
2014-07-31,URRA1,Caribe,61.38,366340000.0,489010000.0,74.9146234228339,27.090302,-0.4834175,0.11380386,1010.4003,20.834076,0.1,0.015616417,0.09161234,0.0004172325,0.4864824,0.49663246
2014-08-01,URRA1,Caribe,61.46,230680000.0,449960000.0,51.26677926926838,26.772736,0.6137657,0.093868256,1009.0831,21.212769,0.11,0.24366379,0.12552738,0.036120415,0.49075943,0.62090224
2014-08-02,URRA1,Caribe,62.7,391670000.0,449960000.0,87.04551515690284,25.746185,1.5199013,1.1726761,1010.33673,21.518646,0.11,0.28800964,0.09518862,0.007033348,0.49824715,1.9197054
2014-08-03,URRA1,Caribe,63.22,270540000.0,449960000.0,60.125344475064445,25.853607,0.19015503,0.18598557,1011.7509,21.596985,0.11,0.22435188,0.09179115,0.0051259995,0.49692276,0.2659879
2014-08-04,URRA1,Caribe,63.85,289460000.0,449960000.0,64.3301626811272,25.895966,-0.39471436,-0.21049118,1012.09595,21.952423,0.11,0.19466877,0.09000301,0.004708767,0.49516127,0.44733202
2014-08-05,URRA1,Caribe,64.03999999999999,223320000.0,449960000.0,49.63107831807272,26.419525,0.11867523,0.19216919,1011.71826,22.123596,0.11,0.06520748,0.08559227,0.0015497208,0.488985,0.22586015
2014-08-06,URRA1,Caribe,64.3,235890000.0,449960000.0,52.42465996977509,26.235199,0.83843994,0.11461258,1011.5642,22.026642,0.11,0.57923794,0.099658966,0.016629696,0.48621583,0.8462373
2014-08-07,URRA1,Caribe,65.34,348690000.0,449960000.0,77.49355498266513,25.14267,0.641613,0.55737686,1012.0761,21.749664,0.11,0.17273426,0.0872612,0.0054836273,0.4977735,0.84990364
2014-08-08,URRA1,Caribe,65.71000000000001,290140000.0,449960000.0,64.48128722553116,26.33255,-0.4900589,-0.109012604,1012.22534,21.806824,0.11,0.094890594,0.08350611,0.0027418137,0.48231086,0.5020373
2014-08-09,URRA1,Caribe,65.9,262300000.0,449960000.0,58.29407058405192,25.758636,0.60995865,-0.33996582,1011.64594,21.847473,0.11,0.7878542,0.15419722,0.046789646,0.48654556,0.69830245
2014-08-10,URRA1,Caribe,66.18,279910000.0,449960000.0,62.20775180016002,25.257172,0.195755,0.44561005,1011.39343,21.8544,0.11,0.13554096,0.08147955,0.0023841858,0.49304068,0.48671177
2014-08-11,URRA1,Caribe,66.13,232110000.0,449960000.0,51.5845852964708,26.006378,0.504467,0.044849396,1011.1933,21.7948,0.11,0.10788441,0.08004904,0.0017285347,0.48955017,0.5064568
2014-08-12,URRA1,Caribe,66.31,263700000.0,449960000.0,58.6052093519424,26.29123,0.32751465,0.09759903,1011.78827,21.784393,0.11,0.13673306,0.08010864,0.002503395,0.49294823,0.34174758
2014-08-13,URRA1,Caribe,66.91,323730000.0,449960000.0,71.94639523513202,25.826996,-0.32277298,0.39159393,1011.628,21.714508,0.11,0.079870224,0.07981062,0.0017881393,0.4924425,0.5074724
2014-08-14,URRA1,Caribe,67.25999999999999,285660000.0,449960000.0,63.48564316828163,26.215546,-1.0745049,-0.09659958,1010.6744,21.800415,0.11,0.009536743,0.079870224,0.00023841858,0.48609948,1.0788383
2014-08-15,URRA1,Caribe,67.30000000000001,242520000.0,449960000.0,53.89812427771358,27.178314,0.22089386,0.18824005,1009.8939,21.978455,0.11,0.12612343,0.08368492,0.0029206276,0.48168296,0.2902213
2014-08-16,URRA1,Caribe,67.35,244000000.0,449960000.0,54.22704240376922,26.842255,-0.13048553,0.30318832,1010.51263,22.13388,0.11,0.04017353,0.081181526,0.001013279,0.48724693,0.3300752
2014-08-17,URRA1,Caribe,67.36,239260000.0,449960000.0,53.17361543248289,26.542877,0.20454788,0.5350723,1010.21466,22.055359,0.11,0.4837513,0.13101101,0.031769276,0.4976162,0.572837
2014-08-18,URRA1,Caribe,67.73,289540000.0,449960000.0,64.34794203929238,26.301605,0.845726,0.55841446,1010.0061,21.803375,0.11,0.079631805,0.08124113,0.0020861626,0.49366906,1.0134492
2014-08-19,URRA1,Caribe,68.47999999999999,341210000.0,449960000.0,75.83118499422172,26.406158,-0.46243668,-0.15294266,1010.4972,21.779022,0.11,0.7879734,0.1001358,0.019967556,0.5006163,0.487072
2014-08-20,URRA1,Caribe,69.39999999999999,377200000.0,449960000.0,83.82967374877767,26.249664,-0.4612465,-0.23254395,1011.15845,21.938171,0.11,0.1128912,0.091314316,0.0086426735,0.50246596,0.5165511
2014-08-21,URRA1,Caribe,70.23,365230000.0,449960000.0,81.16943728331407,26.441254,-0.2977066,0.5861435,1011.3147,22.415253,0.11,0.20384789,0.09030104,0.003874302,0.49764052,0.6574142
2014-08-22,URRA1,Caribe,71.25,397350000.0,449960000.0,88.30784958662993,26.430939,1.5002708,0.6041603,1010.96484,22.350525,0.11,0.042557716,0.09286404,0.002682209,0.49656618,1.6173505
2014-08-23,URRA1,Caribe,71.91,338350000.0,449960000.0,75.19557293981687,25.56668,1.5422249,0.7120209,1010.92267,22.170044,0.11,0.01835823,0.09274483,0.0004172325,0.48495513,1.6986557
2014-08-24,URRA1,Caribe,72.18,282020000.0,449960000.0,62.676682371766375,26.422516,0.263546,-0.18953323,1010.0664,21.9859,0.11,0.027418137,0.09274483,0.00047683716,0.4825787,0.32462183
2014-08-25,URRA1,Caribe,73.21,385510000.0,449960000.0,85.67650457818473,26.190948,-0.14281845,-0.13995361,1009.70514,21.786102,0.11,0.23150444,0.09971857,0.008523464,0.4851799,0.1999603
2014-08-26,URRA1,Caribe,73.94,349300000.0,449960000.0,77.62912258867455,25.845978,0.8053322,0.18065643,1011.2942,21.494629,0.11,0.13124943,0.09334087,0.0030994415,0.49761134,0.8253464
2014-08-27,URRA1,Caribe,78.35,866190000.0,449960000.0,192.5037781136101,25.35794,0.6551323,0.25942993,1012.26483,21.042389,0.11,0.21028519,0.10097027,0.011384487,0.5009775,0.7046291
2014-08-28,URRA1,Caribe,83.02000000000001,1009250000.0,449960000.0,224.29771535247576,25.048553,0.19157028,0.2898674,1012.02374,20.9404,0.11,0.8587837,0.19699335,0.105559826,0.4910738,0.34745112
2014-08-29,URRA1,Caribe,84.77,716340000.0,449960000.0,159.2008178504756,26.485931,0.094768524,0.2755661,1011.3753,21.392181,0.11,0.05698204,0.09971857,0.0032186508,0.49323523,0.29140648
2014-08-30,URRA1,Caribe,84.88,577190000.0,449960000.0,128.2758467419326,27.8508,-0.57102585,-0.6273384,1011.7286,21.367645,0.11,0.0052452087,0.09906292,0.00011920929,0.47985756,0.84830654
2014-08-31,URRA1,Caribe,84.74000000000001,417650000.0,449960000.0,92.81936172104189,27.807404,0.8111038,0.030227661,1010.34955,20.832123,0.11,0.043153763,0.099778175,0.0012516975,0.47064865,0.8116669
2014-09-01,URRA1,Caribe,84.84,346300000.0,432630000.0,80.04530430159721,27.524567,0.9644394,0.77370834,1009.7761,20.759735,0.28,0.12934208,0.10347366,0.0067949295,0.47193053,1.2364335
2014-09-02,URRA1,Caribe,84.68,331200000.0,432630000.0,76.55502392344498,26.320099,1.0166893,0.5665741,1010.08655,21.000793,0.28,0.13697147,0.09715557,0.0019073486,0.47174,1.1639
2014-09-03,URRA1,Caribe,84.49,325990000.0,432630000.0,75.3507616207845,26.905853,0.56185913,-0.4132309,1010.10956,21.042725,0.28,0.035643578,0.09417534,0.0004172325,0.47404373,0.6974564
2014-09-04,URRA1,Caribe,85.42999999999999,487790000.0,432630000.0,112.74992487807134,26.057404,0.48464966,0.5085335,1010.9347,20.891632,0.28,0.4117489,0.103235245,0.011146069,0.49087065,0.70248955
2014-09-05,URRA1,Caribe,86.2,548420000.0,432630000.0,126.7642096017382,27.660309,0.047798157,0.47372055,1010.8237,20.647491,0.28,0.13530254,0.093221664,0.0032186508,0.48428807,0.47612584
2014-09-06,URRA1,Caribe,86.63,477830000.0,432630000.0,110.44772669486628,26.340912,-0.27501297,0.28837967,1010.2009,20.245728,0.28,0.80657005,0.18596649,0.052332878,0.50548303,0.39849088
2014-09-07,URRA1,Caribe,86.95,401380000.0,432630000.0,92.7767376279962,26.156403,0.74184036,-0.11710739,1009.2356,20.04477,0.28,0.0834465,0.08863211,0.0021457672,0.4950811,0.7510268
2014-09-08,URRA1,Caribe,87.49,490940000.0,432630000.0,113.47802972516932,26.289703,-0.016139984,0.10861969,1010.1725,20.09317,0.28,0.21445751,0.090658665,0.0054240227,0.49441794,0.10981228
2014-09-09,URRA1,Caribe,87.33999999999999,409910000.0,432630000.0,94.74839932505836,26.532745,-0.13572311,0.13380432,1010.0058,20.067688,0.28,0.04839897,0.085413456,0.0011920929,0.4917189,0.1905895
2014-09-10,URRA1,Caribe,86.42,497720000.0,432630000.0,115.04518872939926,26.410126,0.97493744,0.6113777,1009.2928,19.970673,0.28,0.046491623,0.08428097,0.0011324883,0.49700975,1.1507761
2014-09-11,URRA1,Caribe,85.9,553190000.0,432630000.0,127.86676837020086,25.896759,1.092041,0.6584625,1009.3797,20.24588,0.28,0.92828274,0.49620867,0.413239,0.4950572,1.2751967
2014-09-12,URRA1,Caribe,84.98,546860000.0,432630000.0,126.40362434412778,26.256195,0.50120926,0.11191559,1009.78986,20.314331,0.28,0.05400181,0.08457899,0.0011920929,0.48940727,0.5135522
2014-09-13,URRA1,Caribe,84.39999999999999,519050000.0,432630000.0,119.97549869403416,25.748383,0.36356735,0.34736252,1010.1831,19.668304,0.28,0.600934,0.1155138,0.030100346,0.5064958,0.5028339
2014-09-14,URRA1,Caribe,85.78,551160000.0,432630000.0,127.39754524651548,25.48703,0.8662262,0.25478363,1011.4614,19.89209,0.28,0.0551939,0.10108948,0.0015497208,0.4979999,0.90291893
2014-09-15,URRA1,Caribe,86.16,475740000.0,432630000.0,109.96463490742669,25.252655,0.42160416,-0.23957062,1012.9514,20.268494,0.28,0.7904768,0.15297532,0.03451109,0.5056063,0.48491663
2014-09-16,URRA1,Caribe,85.19,472110000.0,432630000.0,109.1255807502947,26.25882,0.43972015,-0.23011017,1012.7286,20.628326,0.28,0.071287155,0.12940168,0.0014305115,0.49856693,0.49629074
2014-09-17,URRA1,Caribe,85.3,542580000.0,432630000.0,125.41432632965814,26.247406,0.73469925,0.5029526,1012.0653,20.986237,0.28,0.28431416,0.15723705,0.015079975,0.49200183,0.8903619
2014-09-18,URRA1,Caribe,85.32,509080000.0,432630000.0,117.67098906687008,26.274445,0.052051544,0.45306778,1011.72375,21.179382,0.28,0.10788441,0.154078,0.0026226044,0.4927842,0.45604798
2014-09-19,URRA1,Caribe,84.82,488410000.0,432630000.0,112.89323440353188,26.067657,1.05616,0.0847168,1011.2625,21.671844,0.28,0.09000301,0.16611814,0.0022649765,0.4938552,1.0595522
2014-09-20,URRA1,Caribe,83.84,472930000.0,432630000.0,109.31511915493608,25.981476,1.1830482,0.5509262,1011.46185,21.727936,0.28,0.09012222,0.17553568,0.0019073486,0.4848904,1.3050375
2014-09-21,URRA1,Caribe,83.55,404280000.0,432630000.0,93.44705637611816,26.07132,-0.2194786,-0.28390503,1012.3039,21.812592,0.28,0.31018257,0.18072128,0.0069737434,0.4902115,0.35884947
2014-09-22,URRA1,Caribe,82.77,399860000.0,432630000.0,92.42539814622197,25.565887,-0.10253906,-0.26940918,1012.17,21.910858,0.28,0.24628639,0.18429756,0.009894371,0.49472347,0.28826302
2014-09-23,URRA1,Caribe,82.0,360130000.0,432630000.0,83.2420312969512,25.915314,0.23530579,-0.19931793,1011.53436,21.726807,0.28,0.49686432,0.4954338,0.05108118,0.4955263,0.30837712
2014-09-24,URRA1,Caribe,82.06,407300000.0,432630000.0,94.1451124517486,26.95279,-0.13558578,0.2540207,1011.7081,21.56485,0.28,0.6827116,0.2783537,0.02503395,0.48935628,0.287941
2014-09-25,URRA1,Caribe,83.11,485350000.0,432630000.0,112.18593255206528,26.08133,0.37273788,-0.15782928,1011.3528,21.310608,0.28,0.2527237,0.26917458,0.005185604,0.49100217,0.40477598
2014-09-26,URRA1,Caribe,84.32,505380000.0,432630000.0,116.8157548020248,25.454193,1.3286705,0.4624939,1010.60065,21.13382,0.28,0.3670454,0.28187037,0.015854836,0.5048301,1.4068638
2014-09-27,URRA1,Caribe,84.82,422290000.0,432630000.0,97.6099669463514,26.41092,-0.38154602,0.08485031,1009.6158,21.266296,0.28,0.08547306,0.25492907,0.0023841858,0.49779743,0.3908669
2014-09-28,URRA1,Caribe,85.06,384800000.0,432630000.0,88.94436354390588,26.568878,0.24560928,0.29867172,1010.3586,21.452301,0.28,0.1373291,0.24664402,0.003874302,0.4933713,0.38668942
2014-09-29,URRA1,Caribe,84.82,336150000.0,432630000.0,77.69918868317038,26.78061,0.4082718,-0.10464859,1010.14453,21.631805,0.28,0.017642975,0.23299456,0.00035762787,0.48956323,0.42147025
2014-09-30,URRA1,Caribe,84.68,321210000.0,432630000.0,74.24589140836281,26.993317,0.07683563,-0.003288269,1009.8922,21.793365,0.28,0.046610832,0.22435188,0.0012516975,0.48812702,0.07690596
2014-10-01,URRA1,Caribe,84.66,353440000.0,450390000.0,78.47421123914829,26.685577,-0.030097961,0.59698105,1010.1316,21.885925,0.54,0.38778782,0.223279,0.009655952,0.49089152,0.5977393
2014-10-02,URRA1,Caribe,84.58,301730000.0,450390000.0,66.99305046737271,26.624847,-0.4493065,0.121082306,1009.8791,22.252655,0.54,0.06735325,0.20414591,0.0011026859,0.48417246,0.46533564
2014-10-03,URRA1,Caribe,84.56,313760000.0,450390000.0,69.6640689180488,26.930145,0.2745781,0.42747116,1010.0673,22.495483,0.54,0.22697449,0.19747019,0.005543232,0.48542428,0.5080598
2014-10-04,URRA1,Caribe,84.44,342040000.0,450390000.0,75.94307156020338,26.848969,0.503006,0.50188065,1009.84186,22.46753,0.54,0.32365322,0.19657612,0.015497208,0.49894252,0.7105626
2014-10-05,URRA1,Caribe,84.32,329870000.0,450390000.0,73.24096893803149,27.104279,0.82561874,0.10255432,1008.7264,22.130493,0.54,0.04172325,0.17243624,0.00059604645,0.49793234,0.8319638
2014-10-06,URRA1,Caribe,83.94,343920000.0,450390000.0,76.36048757743289,26.725494,0.29576874,0.16111755,1009.77374,21.727692,0.54,0.49197674,0.18006563,0.014722347,0.50268006,0.3368056
2014-10-07,URRA1,Caribe,84.89,517800000.0,450390000.0,114.9670285752348,25.889252,0.9719467,0.7552414,1010.55347,21.589783,0.54,1.3412237,0.7902384,0.25230646,0.5029166,1.2308818
2014-10-08,URRA1,Caribe,84.92,367610000.0,450390000.0,81.62037345411754,25.129059,1.04282,0.2387352,1010.9528,21.541077,0.54,1.707077,0.45150518,0.10049343,0.51250154,1.0697981
2014-10-09,URRA1,Caribe,85.03,365390000.0,450390000.0,81.12746730611248,25.391632,1.3040276,0.4956627,1010.71173,21.461395,0.54,0.22184849,0.6697178,0.006556511,0.49801856,1.3950517
2014-10-10,URRA1,Caribe,84.66,325720000.0,450390000.0,72.31954528297697,25.830475,-0.08773422,-0.019218445,1010.4833,21.37619,0.54,0.6042719,0.5568862,0.024437904,0.51077265,0.08981449
2014-10-11,URRA1,Caribe,84.49,336420000.0,450390000.0,74.69526410444281,25.851654,-0.35656738,-0.44966125,1011.1992,21.321716,0.54,0.7175207,0.48202276,0.029981136,0.5035208,0.57387763
2014-10-12,URRA1,Caribe,85.9,524510000.0,450390000.0,116.45684850906991,24.933258,-0.33446503,0.071941376,1010.86206,21.482483,0.54,0.5506277,0.45341253,0.026404858,0.5041165,0.34211463
2014-10-13,URRA1,Caribe,86.6,423740000.0,450390000.0,94.08290592597528,25.446442,0.49621582,0.03362274,1010.6728,22.002838,0.54,1.0972023,0.6554127,0.22625923,0.50477016,0.49735364
2014-10-14,URRA1,Caribe,86.89,385410000.0,450390000.0,85.57250383001399,26.350616,0.15873337,-0.06613159,1011.7606,22.311676,0.54,0.390172,0.99879503,0.023931265,0.49724898,0.17195834
2014-10-15,URRA1,Caribe,87.09,368790000.0,450390000.0,81.88236861386798,26.538727,-0.4075775,-0.3947525,1012.0131,22.521637,0.54,0.11742115,0.68193674,0.01257658,0.49327886,0.56740546
2014-10-16,URRA1,Caribe,87.05000000000001,318360000.0,450390000.0,70.68540598148272,26.556488,0.0073547363,-0.16508865,1011.633,22.722473,0.54,0.04887581,0.4863739,0.0012516975,0.49494314,0.1652524
2014-10-17,URRA1,Caribe,87.81,435520000.0,450390000.0,96.69841692755168,25.35849,-0.05397415,0.31519318,1011.7136,22.875214,0.54,0.47552586,0.44381618,0.025331974,0.49948886,0.3197811
2014-10-18,URRA1,Caribe,87.86,329720000.0,450390000.0,73.20766446857169,24.899872,1.0243073,0.076488495,1011.8611,23.123596,0.54,0.1938343,0.344038,0.01680851,0.49868724,1.0271591
2014-10-19,URRA1,Caribe,90.39,683860000.0,450390000.0,151.83729656519904,25.304535,-0.0033454895,-0.04427719,1011.8212,23.08136,0.54,0.56505203,0.30702353,0.015258789,0.50467503,0.0444034
2014-10-20,URRA1,Caribe,91.8,579010000.0,450390000.0,128.5574724127978,25.191498,-0.30059433,0.08708954,1011.5767,23.023773,0.54,0.10383129,0.2734661,0.004053116,0.50078964,0.31295612
2014-10-21,URRA1,Caribe,92.04,530890000.0,450390000.0,117.87339861009347,25.565338,0.3379593,0.47335052,1010.83374,23.00003,0.54,0.06341934,0.25343895,0.0014901161,0.49473733,0.58161604
2014-10-22,URRA1,Caribe,90.57,449110000.0,450390000.0,99.7158018606097,26.173065,0.15372849,-0.032535553,1011.062,22.618256,0.54,0.13113022,0.2413392,0.005364418,0.49280494,0.15713373
2014-10-23,URRA1,Caribe,88.79,425890000.0,450390000.0,94.56026998823242,26.557343,0.7030487,0.503315,1010.4959,22.741638,0.54,0.14305115,0.23436546,0.013887882,0.4939954,0.86464065
2014-10-24,URRA1,Caribe,88.2,473740000.0,450390000.0,105.1843957459091,26.157623,-0.20245361,0.30324173,1010.40436,22.72821,0.54,0.11193752,0.20897388,0.0023245811,0.4993314,0.36461353
2014-10-25,URRA1,Caribe,87.32,378960000.0,450390000.0,84.14041164324252,26.388153,0.9538803,0.15835571,1010.90826,22.551239,0.54,0.5017519,0.25099516,0.056147575,0.4942384,0.96693546
2014-10-26,URRA1,Caribe,87.33,359890000.0,450390000.0,79.90630342591976,25.592865,1.5256348,1.2796097,1010.89014,22.399933,0.54,0.116825104,0.18775463,0.0019073486,0.48787165,1.9912213
2014-10-27,URRA1,Caribe,86.88,318450000.0,450390000.0,70.7053886631586,25.783295,-0.23503876,-0.035728455,1011.8297,22.650574,0.54,0.0075101852,0.17768145,0.00011920929,0.48090225,0.2377388
2014-10-28,URRA1,Caribe,86.33999999999999,304610000.0,450390000.0,67.63249628100091,26.168121,-0.18196106,-0.04203415,1011.8176,22.802368,0.54,0.27549267,0.1731813,0.004261732,0.48531795,0.18675303
2014-10-29,URRA1,Caribe,86.02,330340000.0,450390000.0,73.34532294233887,26.443573,0.41885376,0.43640518,1010.26685,22.824493,0.54,0.041246414,0.16188622,0.000834465,0.4861253,0.6048867
2014-10-30,URRA1,Caribe,86.65,481740000.0,450390000.0,106.96063411709852,26.029022,1.0911484,0.44982147,1008.79565,22.842651,0.54,0.036478043,0.1539588,0.00047683716,0.48845074,1.1802305
2014-10-31,URRA1,Caribe,87.03999999999999,443710000.0,450390000.0,98.51684096005684,26.063324,0.69296646,0.53637314,1009.702,23.144623,0.54,0.029087067,0.14734268,0.00047683716,0.48898742,0.8762983
2014-11-01,URRA1,Caribe,86.42,331590000.0,404440000.0,81.98743942241123,25.603241,-0.26095963,0.34876633,1011.6697,23.127655,0.71,0.76162815,0.30058622,0.15944242,0.50132877,0.4355891
2014-11-02,URRA1,Caribe,86.75,379610000.0,404440000.0,93.86064682029472,26.686798,-0.50989914,0.11148453,1011.90704,23.196167,0.71,0.16021729,0.1411438,0.005364418,0.5015793,0.52194434
2014-11-03,URRA1,Caribe,86.48,294340000.0,404440000.0,72.7771733755316,27.075897,-0.27144623,-0.23048782,1009.28876,23.036316,0.71,0.10406971,0.133425,0.002503395,0.4888729,0.35610068
2014-11-04,URRA1,Caribe,86.86,386490000.0,404440000.0,95.56176441499356,26.741425,0.70463943,0.79343796,1008.58655,22.873932,0.71,0.26750565,0.13279915,0.0059604645,0.48994568,1.06116
2014-11-05,URRA1,Caribe,86.89,341500000.0,404440000.0,84.43774107407773,26.136688,0.50766754,0.50808334,1009.9316,22.81363,0.71,0.1077652,0.12439489,0.001937151,0.49250048,0.7182444
2014-11-06,URRA1,Caribe,87.49,414420000.0,404440000.0,102.4676095341707,26.119904,0.34454727,0.58252335,1011.1252,22.60495,0.71,1.4173985,0.62561035,0.08583069,0.50209975,0.67679113
2014-11-07,URRA1,Caribe,88.13,418460000.0,404440000.0,103.4665216101276,25.65207,0.22182083,0.50567245,1010.6962,22.287598,0.71,0.49495697,0.1398325,0.014960766,0.5047827,0.5521858
2014-11-08,URRA1,Caribe,89.22,476130000.0,404440000.0,117.72574423894768,25.84793,-0.17120743,0.13404465,1010.1814,22.126678,0.71,0.42569637,0.1821518,0.012397766,0.50429446,0.21743953
2014-11-09,URRA1,Caribe,90.84,550300000.0,404440000.0,136.06468202947286,24.94754,0.14256287,0.55428696,1011.005,22.094177,0.71,0.53572655,0.2451539,0.031352043,0.5106442,0.572327
2014-11-10,URRA1,Caribe,91.86,634910000.0,404440000.0,156.98496686776778,24.753876,0.66789246,-0.10411835,1011.3741,22.162018,0.71,0.40400028,0.25618076,0.016272068,0.50486004,0.6759593
2014-11-11,URRA1,Caribe,93.31,694780000.0,404440000.0,171.78815151814854,25.179535,1.1061401,0.3224144,1010.96954,22.3992,0.71,0.8279085,2.532959,0.03427267,0.50742775,1.1521707
2014-11-12,URRA1,Caribe,93.51,551660000.0,404440000.0,136.4009494609831,25.316254,1.9451447,0.33834076,1011.53345,22.61972,0.71,1.4811754,0.8442998,0.3026724,0.49592006,1.974351
2014-11-13,URRA1,Caribe,93.28,491140000.0,404440000.0,121.43704875877756,25.930328,2.251068,1.017334,1011.2064,22.750458,0.71,0.0067949295,0.35011768,8.940697e-05,0.48235354,2.4702785
2014-11-14,URRA1,Caribe,92.6,428110000.0,404440000.0,105.8525368410642,25.554901,0.36759186,0.38477325,1011.03534,22.754517,0.71,0.01835823,0.2758503,0.00047683716,0.4805325,0.53214115
2014-11-15,URRA1,Caribe,92.1,416060000.0,404440000.0,102.87310849569776,25.498993,-0.028511047,0.095687866,1012.20795,22.774963,0.71,0.15807152,0.23663044,0.0039339066,0.4989875,0.09984512
2014-11-16,URRA1,Caribe,91.28,374060000.0,404440000.0,92.48837899317574,26.182098,0.42296982,0.011363983,1011.91034,22.945526,0.71,0.21541119,0.20712614,0.0028014183,0.49108553,0.42312244
2014-11-17,URRA1,Caribe,90.34,358760000.0,404440000.0,88.7053703886856,26.616913,1.0520096,0.23164368,1010.6213,22.678558,0.71,0.207901,0.19049644,0.0069737434,0.47878638,1.0772108
2014-11-18,URRA1,Caribe,89.42,361360000.0,404440000.0,89.34823459598456,26.44394,0.79958344,0.53152084,1010.9139,22.558594,0.71,0.017166138,0.16582012,0.00035762787,0.4843981,0.9601292
2014-11-19,URRA1,Caribe,89.28,313120000.0,404440000.0,77.420630995945,25.858185,0.19296265,0.36818314,1011.1267,22.572998,0.71,0.48065186,0.15991926,0.009357929,0.5082198,0.41568428
2014-11-20,URRA1,Caribe,88.6,278880000.0,404440000.0,68.95460389674611,26.2789,0.7055397,0.3677292,1010.5559,22.583038,0.71,0.03385544,0.13947487,0.00035762787,0.4885866,0.7956199
2014-11-21,URRA1,Caribe,87.77000000000001,257610000.0,404440000.0,63.695480170111765,26.452606,0.084480286,0.25793076,1011.32935,22.470062,0.71,0.024437904,0.13035536,0.00062584877,0.48175552,0.27141333
2014-11-22,URRA1,Caribe,86.89,252430000.0,404440000.0,62.41469686480071,25.779938,0.48529816,0.5031471,1010.95654,22.425934,0.71,0.07236004,0.12397766,0.0015199184,0.49137497,0.6990503
2014-11-23,URRA1,Caribe,86.81,216960000.0,404440000.0,53.64454554445653,25.9664,-0.070625305,0.28552246,1009.42847,22.395447,0.71,0.03349781,0.115692616,0.00055134296,0.48044193,0.29412752
2014-11-24,URRA1,Caribe,85.77,231720000.0,404440000.0,57.29403619819998,26.783539,0.20106506,-0.07904053,1009.1312,22.417084,0.71,0.039458275,0.10919571,0.00059604645,0.47471118,0.21604297
2014-11-25,URRA1,Caribe,84.87,253220000.0,404440000.0,62.61002868163386,26.8013,1.0189667,0.36017227,1009.8237,22.373016,0.71,0.03027916,0.10406971,0.0006556511,0.47534293,1.0807484
2014-11-26,URRA1,Caribe,83.8,231460000.0,404440000.0,57.22974977747008,25.826324,1.8574562,0.9676628,1011.0878,22.590607,0.71,0.0333786,0.09936094,0.0004172325,0.473082,2.094401
2014-11-27,URRA1,Caribe,83.88,247130000.0,404440000.0,61.10424290376817,25.882965,0.35676575,-0.24466705,1010.7033,22.846954,0.71,0.06830692,0.09524822,0.0007748604,0.46907336,0.43260118
2014-11-28,URRA1,Caribe,83.74000000000001,222940000.0,404440000.0,55.12313322124419,26.70401,-0.7552872,-0.8572731,1009.1047,22.947632,0.71,0.14102459,0.092089176,0.0019669533,0.4707793,1.1425304
2014-11-29,URRA1,Caribe,83.47,203130000.0,404440000.0,50.22500247255465,26.490326,-0.103839874,-0.49103546,1008.35065,22.972656,0.71,0.15902519,0.088751316,0.0022649765,0.4754286,0.50189495
2014-11-30,URRA1,Caribe,84.11999999999999,335420000.0,404440000.0,82.93442785085551,26.921234,0.18446732,0.32170105,1008.46765,22.843475,0.71,1.0671616,0.14311075,0.060021877,0.4903132,0.37083656
2014-12-01,URRA1,Caribe,84.93,279470000.0,287460000.0,97.2204828497878,26.912994,0.36608887,0.33790207,1008.8569,22.609192,0.77,0.104904175,0.082075596,0.0021457672,0.47741693,0.49819562
2014-12-02,URRA1,Caribe,85.35000000000001,223450000.0,287460000.0,77.73255409448271,26.391266,0.62270737,-0.15205383,1007.1933,22.325653,0.77,0.06198883,0.078201294,0.0014901161,0.47870213,0.641003
2014-12-03,URRA1,Caribe,85.76,222410000.0,287460000.0,77.37076462812217,26.220978,0.44415283,0.55431366,1006.9997,22.227753,0.77,0.21266937,0.07867813,0.004053116,0.47807384,0.7103065
2014-12-04,URRA1,Caribe,86.00999999999999,194130000.0,287460000.0,67.53287413901064,25.875153,0.76750183,0.6000824,1009.01685,22.305511,0.77,0.081539154,0.07379055,0.0012516975,0.48418126,0.9742474
2014-12-05,URRA1,Caribe,86.39,212100000.0,287460000.0,73.78417866833647,25.889557,0.52500534,0.046089172,1010.85406,22.372437,0.77,0.36633015,0.07688999,0.00667572,0.48076957,0.5270245
2014-12-06,URRA1,Caribe,86.67,197620000.0,287460000.0,68.74695609823975,25.643768,0.07047653,-0.0024757385,1011.2097,22.343445,0.77,0.059723854,0.06991625,0.0019669533,0.48741683,0.070520006
2014-12-07,URRA1,Caribe,87.33999999999999,254280000.0,287460000.0,88.45752452515131,25.111237,0.1590271,-0.11427307,1010.58954,22.300903,0.77,0.19681454,0.07277727,0.00667572,0.4919754,0.19582634
2014-12-08,URRA1,Caribe,88.94999999999999,387900000.0,287460000.0,134.94051346274264,25.005402,-0.032226562,0.044109344,1010.22015,22.566193,0.77,0.0500679,0.06580353,0.0011920929,0.5005758,0.0546277
2014-12-09,URRA1,Caribe,91.04,459490000.0,287460000.0,159.84484797884923,25.2081,0.75395966,-0.24108887,1009.8278,22.722015,0.77,0.9199381,0.11354685,0.050127506,0.49741724,0.79156744
2014-12-10,URRA1,Caribe,92.4,363580000.0,287460000.0,126.48020594169624,25.490936,0.9635353,0.22742462,1010.47284,23.305023,0.77,0.2142191,0.06818771,0.005722046,0.49548933,0.9900112
2014-12-11,URRA1,Caribe,92.83,365080000.0,287460000.0,127.00201767202392,25.396942,0.49118042,0.10808182,1011.3267,23.40561,0.77,0.4273653,0.07361174,0.012099743,0.49704295,0.5029313
2014-12-12,URRA1,Caribe,93.11,344920000.0,287460000.0,119.98886801641969,26.083282,-0.05076599,0.2643814,1011.90076,23.237762,0.77,0.12791157,0.06330013,0.002503395,0.4964901,0.2692113
2014-12-13,URRA1,Caribe,92.76,440240000.0,287460000.0,153.14826410631045,25.33841,1.1978531,0.5729294,1011.5027,23.371826,0.77,0.47457218,0.072956085,0.012993813,0.50121826,1.3278178
2014-12-14,URRA1,Caribe,91.81,355150000.0,287460000.0,123.54762401725456,25.645233,1.4070206,0.7413254,1011.4886,23.666718,0.77,0.26381016,0.07420778,0.014722347,0.49825522,1.5903679
2014-12-15,URRA1,Caribe,91.51,417360000.0,287460000.0,145.1888958463786,25.226166,-0.54540634,-0.28352356,1011.84546,23.65445,0.77,0.0487566,0.059485435,0.00086426735,0.48953915,0.61469805
2014-12-16,URRA1,Caribe,90.59,363180000.0,287460000.0,126.34105614694218,26.146698,-0.49990082,-0.7233467,1012.233,23.502075,0.77,0.01335144,0.058472157,0.00029802322,0.48487443,0.87927884
2014-12-17,URRA1,Caribe,89.56,354900000.0,287460000.0,123.46065539553328,25.85971,-0.30843353,-0.37570572,1012.2903,23.18283,0.77,0.12397766,0.0590086,0.0020563602,0.47581536,0.4860926
2014-12-18,URRA1,Caribe,88.29,319470000.0,287460000.0,111.13546232519307,26.268097,0.42544556,0.055591583,1011.6525,23.031158,0.77,0.089883804,0.058352947,0.001847744,0.4709919,0.4290622
2014-12-19,URRA1,Caribe,86.72999999999999,281360000.0,287460000.0,97.8779656300007,26.005035,0.056106567,0.00078964233,1010.47577,22.850098,0.77,0.057935715,0.056803226,0.0011026859,0.4647555,0.056112126
2014-12-20,URRA1,Caribe,85.04,265660000.0,287460000.0,92.41633618590411,26.358124,0.15854645,0.051834106,1010.6975,22.764618,0.77,0.11444092,0.05674362,0.0017881393,0.46662167,0.16680452
2014-12-21,URRA1,Caribe,84.06,232710000.0,287460000.0,80.95387184303902,25.514618,0.47141266,0.35229492,1011.04095,22.68161,0.77,0.04839897,0.055372715,0.0009536743,0.46787024,0.58850795
2014-12-22,URRA1,Caribe,82.95,216300000.0,287460000.0,75.24525151325402,26.028534,-0.3506546,-0.1487999,1009.262,22.548431,0.77,0.004053116,0.053942204,0.0,0.46140838,0.38092002
2014-12-23,URRA1,Caribe,81.73,196840000.0,287460000.0,68.47561399846936,26.69815,0.09315109,-0.22469711,1007.96045,22.448425,0.77,0.036120415,0.054121017,0.0010728836,0.45316768,0.24324045
2014-12-24,URRA1,Caribe,80.67,188780000.0,287460000.0,65.6717456341752,26.760406,0.43595123,0.04548645,1009.04175,22.467865,0.77,0.044226646,0.05310774,0.0007748604,0.4504366,0.4383178
2014-12-25,URRA1,Caribe,80.57,155590000.0,287460000.0,54.12579141445767,26.909271,-0.23197174,-0.35194016,1010.1345,22.621948,0.77,0.05042553,0.052452087,0.00071525574,0.4517084,0.42151245
2014-12-26,URRA1,Caribe,80.67999999999999,143930000.0,287460000.0,50.069574897377024,27.098114,-0.398777,-0.6480293,1007.89185,22.61258,0.77,0.017523766,0.051140785,0.00023841858,0.4437158,0.7608976
2014-12-27,URRA1,Caribe,80.77,143390000.0,287460000.0,49.881722674459056,27.196503,-0.5148697,-0.62179947,1009.6167,22.573944,0.77,0.029921532,0.050783157,0.0009536743,0.43423188,0.80729514
2014-12-28,URRA1,Caribe,80.78999999999999,131210000.0,287460000.0,45.64461142419815,27.548798,0.28824997,-0.43657684,1009.945,22.875366,0.77,0.017642975,0.049173832,0.00023841858,0.42392564,0.5231514
2014-12-29,URRA1,Caribe,80.78,127680000.0,287460000.0,44.41661448549363,27.110321,0.3223648,-0.1368103,1010.7473,23.022003,0.77,0.06353855,0.049114227,0.0011324883,0.42508802,0.35019442
2014-12-30,URRA1,Caribe,80.73,121400000.0,287460000.0,42.23196270785501,26.633148,0.30607605,-0.17790222,1011.0647,23.166443,0.77,0.088214874,0.048339367,0.0010728836,0.41922027,0.35402226
2014-12-31,URRA1,Caribe,80.69,122740000.0,287460000.0,42.69811452028108,26.923798,0.12612534,-0.14152145,1009.8533,23.29361,0.77,0.09608269,0.04851818,0.0022053719,0.42620766,0.18956773
2015-01-01,URRA1,Caribe,80.58,113620000.0,168900000.0,67.27057430432208,27.183014,-0.10702133,0.057819366,1009.0123,23.373718,0.69,0.032305717,0.07343292,0.0008940697,0.45535958,0.12164146
2015-01-02,URRA1,Caribe,80.44,108020000.0,168900000.0,63.95500296033156,27.485016,-0.83805084,-0.24287415,1008.34766,23.633942,0.69,0.004053116,0.07861853,0.00017881393,0.4332556,0.8725349
2015-01-03,URRA1,Caribe,80.28,105200000.0,168900000.0,62.28537596210776,27.169281,-0.50042725,-0.40321732,1007.9294,23.67688,0.69,0.00023841858,0.074625015,0.0,0.41403177,0.6426598
2015-01-04,URRA1,Caribe,80.08,100740000.0,168900000.0,59.64476021314388,27.53067,-0.55895233,-0.83436966,1009.1694,23.574188,0.69,0.00011920929,0.07098913,0.0,0.39929453,1.004291
2015-01-05,URRA1,Caribe,79.93,100670000.0,168900000.0,59.603315571344,27.093536,-0.45080185,-0.7124214,1009.95404,23.58664,0.69,0.0,0.06765127,0.0,0.38466033,0.84306973
2015-01-06,URRA1,Caribe,79.73,93550000.0,168900000.0,55.38780343398461,26.598236,-0.67990494,-0.96873474,1009.1286,23.536133,0.69,0.0,0.06425381,0.0,0.37096834,1.1835192
2015-01-07,URRA1,Caribe,79.53,92880000.0,168900000.0,54.99111900532859,27.121185,0.09131622,-0.6548805,1007.83575,23.554474,0.69,0.0,0.06133318,0.0,0.358684,0.66121644
2015-01-08,URRA1,Caribe,79.25,89280000.0,168900000.0,52.85968028419183,26.75998,-0.3256035,-0.3602028,1008.8773,23.556915,0.69,0.0011920929,0.058591366,0.0,0.3484248,0.48555502
2015-01-09,URRA1,Caribe,79.01,88540000.0,168900000.0,52.42155121373594,26.7919,0.5707817,-0.4373207,1008.91956,23.575623,0.69,0.010609627,0.055909157,5.9604645e-05,0.3404786,0.7190557
2015-01-10,URRA1,Caribe,78.78,87780000.0,168900000.0,51.97158081705151,27.567657,0.13282776,-0.58202744,1009.8013,23.654816,0.69,0.0030994415,0.053346157,0.0,0.33483288,0.5969918
2015-01-11,URRA1,Caribe,78.53,86560000.0,168900000.0,51.24925991711071,27.352264,0.41226363,-0.231884,1009.1869,23.876587,0.69,0.01180172,0.05120039,0.00023841858,0.32901925,0.47300264
2015-01-12,URRA1,Caribe,78.25,82820000.0,168900000.0,49.03493191237418,27.56485,0.6899948,0.2470398,1009.34186,24.224335,0.69,0.0034570694,0.0487566,5.9604645e-05,0.3345858,0.7328858
2015-01-13,URRA1,Caribe,77.99000000000001,85550000.0,168900000.0,50.65127294256957,26.96109,0.53313446,0.40083313,1009.60815,24.243378,0.69,0.07593632,0.04762411,0.0009536743,0.36316007,0.6670079
2015-01-14,URRA1,Caribe,78.08,135030000.0,168900000.0,79.94671403197158,26.850494,0.65934753,0.35724258,1009.7928,24.159576,0.69,0.049233437,0.045269728,0.00062584877,0.38631383,0.7499076
2015-01-15,URRA1,Caribe,77.89,95420000.0,168900000.0,56.49496743635287,26.527496,0.4526062,0.032577515,1010.4492,24.061615,0.69,0.26249886,0.045597553,0.0024437904,0.40229493,0.4537771
2015-01-16,URRA1,Caribe,77.66999999999999,90880000.0,168900000.0,53.80698638247484,26.676727,0.6392822,-0.25154114,1011.64734,24.061127,0.69,0.14436245,0.042915344,0.0014305115,0.42333063,0.6869896
2015-01-17,URRA1,Caribe,77.42999999999999,89630000.0,168900000.0,53.06690349319124,26.142303,0.66080475,-0.03980255,1012.4405,24.157257,0.69,0.16915798,0.042557716,0.0026226044,0.43906236,0.6620024
2015-01-18,URRA1,Caribe,77.28,101420000.0,168900000.0,60.04736530491415,26.045258,0.46751404,-0.026321411,1013.07733,24.191742,0.69,0.05710125,0.03916025,0.00047683716,0.47276494,0.46825442
2015-01-19,URRA1,Caribe,78.03,230050000.0,168900000.0,136.2048549437537,26.292267,0.24794006,-0.0042152405,1011.7236,24.071014,0.69,0.06592274,0.038564205,0.0011920929,0.47165945,0.2479759
2015-01-20,URRA1,Caribe,78.03,123710000.0,168900000.0,73.24452338661929,26.20102,0.6257591,0.25248718,1010.35986,23.964996,0.69,0.12743473,0.038266182,0.002026558,0.4635708,0.67477715
2015-01-21,URRA1,Caribe,78.53999999999999,203970000.0,168900000.0,120.76376554174068,25.32779,0.89328766,0.28747177,1011.1861,23.916748,0.69,0.5095005,0.04184246,0.006556511,0.46695524,0.9384044
2015-01-22,URRA1,Caribe,78.64999999999999,137570000.0,168900000.0,81.45056246299586,25.480804,1.2796402,0.3832054,1012.23456,23.965729,0.69,0.012397766,0.034451485,0.0,0.47063714,1.3357865
2015-01-23,URRA1,Caribe,78.75,135910000.0,168900000.0,80.46773238602724,25.779633,0.82654953,0.4720497,1012.0622,23.995117,0.69,0.012874603,0.033318996,0.00011920929,0.47137427,0.95184827
2015-01-24,URRA1,Caribe,78.72,117340000.0,168900000.0,69.47306098283008,25.009491,0.20100021,-0.058303833,1011.34174,23.921844,0.69,0.28002262,0.0359416,0.0038444996,0.47545403,0.20928551
2015-01-25,URRA1,Caribe,78.75999999999999,127810000.0,168900000.0,75.67199526346951,25.945648,0.19816971,-0.046977997,1010.0609,23.82425,0.69,0.21219254,0.034570694,0.0030398369,0.47079328,0.20366189
2015-01-26,URRA1,Caribe,78.35,121620000.0,168900000.0,72.00710479573712,26.927948,1.0026169,-1.202877,1010.0531,23.967743,0.69,0.07343292,0.031471252,0.000923872,0.46568802,1.5659354
2015-01-27,URRA1,Caribe,77.97,127210000.0,168900000.0,75.31675547661338,25.706757,0.63661575,-0.6234665,1011.2908,24.179169,0.69,0.11122227,0.030755997,0.0011920929,0.46159533,0.8910612
2015-01-28,URRA1,Caribe,77.56,123290000.0,168900000.0,72.99585553582001,25.724457,0.2634735,-0.5728569,1010.9389,24.19931,0.69,0.049948692,0.029444695,0.0005364418,0.46274215,0.6305421
2015-01-29,URRA1,Caribe,77.12,115910000.0,168900000.0,68.62640615748964,26.259369,-0.205719,-1.0165329,1008.73376,24.128113,0.69,0.1193285,0.02938509,0.0013113022,0.45761207,1.03714
2015-01-30,URRA1,Caribe,76.63,109140000.0,168900000.0,64.61811722912967,27.096893,0.3735695,-0.040920258,1009.52814,23.990173,0.69,0.14817715,0.02861023,0.0014305115,0.45712933,0.37580398
2015-01-31,URRA1,Caribe,76.03999999999999,94730000.0,168900000.0,56.08644168146832,26.304596,0.5779915,-0.49969482,1010.52905,23.874176,0.69,0.20170212,0.032305717,0.006020069,0.48106542,0.7640478
2015-02-01,URRA1,Caribe,75.83,94470000.0,125860000.0,75.05959002065788,26.441193,0.02229309,-0.07823944,1009.82794,23.789581,0.61,0.1090765,0.027060509,0.0013411045,0.47539434,0.0813535
2015-02-02,URRA1,Caribe,75.64999999999999,99850000.0,125860000.0,79.33418083584935,26.43216,0.22584152,-0.17729187,1009.55,23.901093,0.61,0.021219254,0.025391579,0.00035762787,0.46617478,0.2871181
2015-02-03,URRA1,Caribe,75.37,96690000.0,125860000.0,76.82345463213093,26.743378,0.40309525,-0.12947845,1009.4808,23.871979,0.61,0.05042553,0.026166439,0.00166893,0.47264218,0.42337978
2015-02-04,URRA1,Caribe,75.19,98490000.0,125860000.0,78.2536151279199,26.115204,0.09918976,0.4737091,1008.54956,23.973053,0.61,0.046253204,0.024557114,0.00059604645,0.47528076,0.48398235
2015-02-05,URRA1,Caribe,75.0,97950000.0,125860000.0,77.82456697918322,26.475372,0.7205353,0.33502197,1008.8022,24.100159,0.61,0.66685677,0.033915043,0.010848045,0.47876054,0.7946136
2015-02-06,URRA1,Caribe,75.03999999999999,129600000.0,125860000.0,102.97155569680598,25.92453,1.1737556,0.20199966,1010.865,24.089142,0.61,0.121474266,0.0243783,0.0019669533,0.49407932,1.1910106
2015-02-07,URRA1,Caribe,75.36,169550000.0,125860000.0,134.71317336723342,25.295502,0.87345123,-0.05516815,1011.33704,24.120056,0.61,0.51546097,0.03117323,0.009000301,0.4900292,0.87519175
2015-02-08,URRA1,Caribe,76.44999999999999,279710000.0,125860000.0,222.2389957095185,25.134857,1.1441956,0.06487656,1012.41016,24.172485,0.61,0.6186962,0.08159876,0.060021877,0.5054403,1.1460333
2015-02-09,URRA1,Caribe,77.16,222130000.0,125860000.0,176.48975051644683,25.56662,1.4574051,0.06695175,1012.3233,24.798553,0.61,0.028848648,0.021576881,0.00035762787,0.48669663,1.4589422
2015-02-10,URRA1,Caribe,77.45,222560000.0,125860000.0,176.83139996821865,25.568817,0.7037163,-0.38767624,1011.34515,24.83371,0.61,0.052571297,0.021278858,0.00071525574,0.46963924,0.80343604
2015-02-11,URRA1,Caribe,77.05,212970000.0,125860000.0,169.21182266009853,26.120636,-0.13334656,-0.86050034,1011.8264,24.933594,0.61,0.029802322,0.021100044,0.0007748604,0.46396533,0.870771
2015-02-12,URRA1,Caribe,76.42999999999999,175800000.0,125860000.0,139.67900842205626,26.607819,-0.517704,-1.1336403,1011.85425,24.971802,0.61,0.0034570694,0.019878149,2.9802322e-05,0.45089024,1.2462574
2015-02-13,URRA1,Caribe,75.72,161710000.0,125860000.0,128.4840298744637,26.556793,-0.6192589,-1.7205048,1011.84064,24.88556,0.61,0.15127659,0.021219254,0.0017881393,0.467564,1.8285563
2015-02-14,URRA1,Caribe,75.06,167590000.0,125860000.0,133.155887494041,26.387665,-0.50265884,-1.5336189,1011.76263,25.041473,0.61,0.54728985,0.027418137,0.008374453,0.48290348,1.6138937
2015-02-15,URRA1,Caribe,74.68,209840000.0,125860000.0,166.72493246464327,26.90683,0.18170547,-0.5848923,1010.39734,25.171753,0.61,0.17428398,0.022947788,0.004261732,0.48796052,0.61246705
2015-02-16,URRA1,Caribe,74.15,186220000.0,125860000.0,147.95804862545685,27.43222,0.36607742,0.3583908,1009.41266,25.506958,0.61,0.047445297,0.01937151,0.0009536743,0.47493142,0.51230526
2015-02-17,URRA1,Caribe,73.44000000000001,160520000.0,125860000.0,127.53853488002542,27.574677,1.0093002,-0.10713196,1009.95514,25.513092,0.61,0.016450882,0.018388033,0.00023841858,0.45604363,1.0149701
2015-02-18,URRA1,Caribe,72.58,138840000.0,125860000.0,110.31304624185604,26.508453,1.1893768,-0.35866165,1011.72797,25.580322,0.61,0.13005733,0.018894672,0.0013113022,0.44146502,1.2422783
2015-02-19,URRA1,Caribe,71.7,136380000.0,125860000.0,108.35849356427777,26.657806,0.93933487,-0.39852142,1012.40656,25.68689,0.61,0.086307526,0.01859665,0.0014901161,0.4422812,1.020377
2015-02-20,URRA1,Caribe,70.74000000000001,126020000.0,125860000.0,100.12712537740347,26.315521,0.80386734,-0.64928055,1011.55,26.05893,0.61,0.051498413,0.017523766,0.00059604645,0.43793878,1.0333285
2015-02-21,URRA1,Caribe,69.67999999999999,118470000.0,125860000.0,94.12839663117752,26.794525,0.23480988,-0.2704773,1010.84216,26.256134,0.61,0.019073486,0.0166893,0.00023841858,0.42738518,0.35818103
2015-02-22,URRA1,Caribe,68.61,114190000.0,125860000.0,90.72779278563485,27.967499,-0.18749619,-0.08412933,1009.15234,25.966248,0.61,0.0,0.015974045,0.0,0.41378808,0.20550564
2015-02-23,URRA1,Caribe,67.46,103850000.0,125860000.0,82.51231527093597,27.7612,0.6474228,-0.26582718,1009.055,25.509369,0.61,0.00035762787,0.01591444,0.0,0.3953635,0.69987166
2015-02-24,URRA1,Caribe,66.4,114480000.0,125860000.0,90.95820753217862,27.12326,1.4079323,0.09048462,1009.9436,25.364471,0.61,0.034570694,0.015676022,0.00029802322,0.38734645,1.4108369
2015-02-25,URRA1,Caribe,65.25999999999999,103240000.0,125860000.0,82.02764976958525,26.80954,1.233017,-0.150177,1010.08014,25.339478,0.61,0.0121593475,0.015199184,0.00011920929,0.3875074,1.2421287
2015-02-26,URRA1,Caribe,64.1,98340000.0,125860000.0,78.13443508660416,27.086945,0.7036133,-0.28583527,1010.04565,25.383698,0.61,0.0,0.014662743,0.0,0.37887985,0.75945604
2015-02-27,URRA1,Caribe,62.92,95180000.0,125860000.0,75.62370888288574,26.768524,0.5706825,-0.33527756,1009.7342,25.366486,0.61,0.034213066,0.014662743,0.00035762787,0.38491732,0.66188335
2015-02-28,URRA1,Caribe,61.85000000000001,109270000.0,125860000.0,86.81868743047832,26.660553,0.535923,0.09630585,1010.20624,25.287018,0.61,0.062823296,0.014603138,0.00059604645,0.43631777,0.5445074
2015-03-01,URRA1,Caribe,60.62,98800000.0,140300000.0,70.42052744119744,26.584991,0.55186844,0.47819138,1010.5889,25.240509,0.65,0.056624413,0.014185905,0.0005066395,0.46261823,0.7302231
2015-03-02,URRA1,Caribe,59.48,112720000.0,140300000.0,80.34212401995724,26.252289,1.0962257,0.26917648,1010.6188,25.081146,0.65,0.20694733,0.015437603,0.0019669533,0.46228158,1.12879
2015-03-03,URRA1,Caribe,58.23,94120000.0,140300000.0,67.0848182466144,27.147858,0.39912033,-0.20463562,1008.72986,25.022247,0.65,0.0010728836,0.013232231,0.0,0.4431939,0.44852287
2015-03-04,URRA1,Caribe,56.89999999999999,84550000.0,140300000.0,60.26372059871703,27.183136,0.8297882,-0.16865158,1008.2072,24.96994,0.65,0.00023841858,0.012755394,0.0,0.41884607,0.84675366
2015-03-05,URRA1,Caribe,55.58,82070000.0,140300000.0,58.49607982893799,27.996918,1.1362762,0.0068588257,1008.6875,25.092285,0.65,0.0022649765,0.012636185,0.00011920929,0.3998586,1.136297
2015-03-06,URRA1,Caribe,54.25,82800000.0,140300000.0,59.01639344262295,27.647919,0.9826889,-0.08047485,1009.1478,25.039734,0.65,0.013709068,0.012516975,0.00017881393,0.3847914,0.98597854
2015-03-07,URRA1,Caribe,53.010000000000005,93690000.0,140300000.0,66.77833214540271,27.123749,0.7488518,-0.19760132,1009.39966,24.79361,0.65,0.03159046,0.0121593475,0.00035762787,0.39937934,0.77448386
2015-03-08,URRA1,Caribe,51.68000000000001,81760000.0,140300000.0,58.27512473271561,27.96762,0.18625641,-0.8397865,1006.8589,24.609772,0.65,0.018954277,0.011861324,0.00011920929,0.41199547,0.86019355
2015-03-09,URRA1,Caribe,50.34,78210000.0,140300000.0,55.74483250178189,27.00412,1.3638115,0.13043976,1005.9933,24.529816,0.65,0.025868416,0.011622906,0.00023841858,0.39557737,1.3700352
2015-03-10,URRA1,Caribe,48.97,75540000.0,140300000.0,53.841767640769774,28.321564,0.99570084,-0.14832687,1006.96967,24.782104,0.65,0.030517578,0.011384487,0.00023841858,0.3845196,1.0066881
2015-03-11,URRA1,Caribe,48.32,68180000.0,140300000.0,48.59586600142552,28.52713,0.8534546,-0.34786606,1007.22107,24.894745,0.65,0.010848045,0.010848045,0.00011920929,0.3736512,0.92162657
2015-03-12,URRA1,Caribe,47.65,67300000.0,140300000.0,47.96863863150392,28.64566,0.8957596,-0.032157898,1007.66815,25.074677,0.65,0.012397766,0.010728836,5.9604645e-05,0.36892253,0.8963366
2015-03-13,URRA1,Caribe,46.98,65960000.0,140300000.0,47.0135424091233,28.216522,1.3097458,-0.3682289,1007.54095,24.999878,0.65,0.018239021,0.010609627,0.00011920929,0.380484,1.3605244
2015-03-14,URRA1,Caribe,46.3,63770000.0,140300000.0,45.45260156806842,27.718536,1.4189491,0.23083496,1008.21936,25.037842,0.65,0.026583672,0.010311604,0.00017881393,0.3745093,1.4376026
2015-03-15,URRA1,Caribe,45.58,58350000.0,140300000.0,41.58945117605132,27.65628,1.0032272,-0.16200256,1009.3033,25.250397,0.65,0.3297329,0.012755394,0.0026226044,0.3865838,1.0162233
2015-03-16,URRA1,Caribe,44.88,60910000.0,140300000.0,43.41411261582324,28.019928,1.7678223,-0.46871948,1010.1167,25.537018,0.65,0.029444695,0.010102987,0.0002682209,0.40916604,1.828905
2015-03-17,URRA1,Caribe,44.13,60430000.0,140300000.0,43.071988595866,27.205658,1.5758781,-0.5542412,1011.0739,25.518799,0.65,0.07939339,0.010073185,0.0008940697,0.40949845,1.6705015
2015-03-18,URRA1,Caribe,43.41,59840000.0,140300000.0,42.65146115466857,25.622223,1.96492,-0.34469604,1011.3328,25.581604,0.65,1.4621019,0.02425909,0.014871359,0.45575926,1.9949251
2015-03-19,URRA1,Caribe,42.75,64510000.0,140300000.0,45.980042765502496,24.45816,0.9122505,0.068660736,1012.97064,25.772644,0.65,0.8575916,0.022888184,0.013560057,0.4899602,0.91483074
2015-03-20,URRA1,Caribe,42.08,63220000.0,140300000.0,45.06058446186743,25.975677,1.4224243,-0.12023163,1013.5181,26.076874,0.65,0.25177002,0.011622906,0.0025629997,0.47974735,1.4274966
2015-03-21,URRA1,Caribe,41.45,63220000.0,140300000.0,45.06058446186743,25.97525,2.043312,-0.19728088,1013.8244,26.347198,0.65,0.066280365,0.010192394,0.0013113022,0.47529083,2.0528138
2015-03-22,URRA1,Caribe,40.74,56370000.0,140300000.0,40.17818959372772,26.363129,1.3368149,-0.22896576,1013.15924,26.617401,0.65,0.014781952,0.008761883,5.9604645e-05,0.46029752,1.3562814
2015-03-23,URRA1,Caribe,40.04,58990000.0,140300000.0,42.0456165359943,26.26236,0.7876053,-0.16134644,1013.5014,26.910248,0.65,0.07760525,0.00923872,0.00059604645,0.46412712,0.80396193
2015-03-24,URRA1,Caribe,39.31,54870000.0,140300000.0,39.10905203136137,26.56607,0.7161827,-0.49721527,1013.6848,27.074646,0.65,0.08094311,0.009536743,0.0009536743,0.46346563,0.8718605
2015-03-25,URRA1,Caribe,38.52,49840000.0,140300000.0,35.52387740555952,26.79715,0.59872055,-0.3720131,1013.2472,27.140686,0.65,0.04172325,0.009059906,0.00062584877,0.45703715,0.704883
2015-03-26,URRA1,Caribe,37.77,50160000.0,140300000.0,35.751960085531,27.029572,0.8929291,-0.1561737,1012.135,27.204773,0.65,0.08511543,0.00885129,0.0008046627,0.47410703,0.9064836
2015-03-27,URRA1,Caribe,36.99,46520000.0,140300000.0,33.15751960085531,27.126434,0.9275627,-0.20501709,1011.5538,27.313904,0.65,0.08547306,0.008940697,0.00071525574,0.47183806,0.9499498
2015-03-28,URRA1,Caribe,36.25,50370000.0,140300000.0,35.90163934426229,26.954193,1.0317764,-0.21053696,1012.71857,27.068481,0.65,0.14913082,0.009179115,0.0014305115,0.46221274,1.0530376
2015-03-29,URRA1,Caribe,36.02,81690000.0,140300000.0,58.22523164647184,26.301117,1.6544647,0.63129425,1013.4808,26.924744,0.65,0.10681152,0.009715557,0.0019073486,0.478436,1.770815
2015-03-30,URRA1,Caribe,35.75,75950000.0,140300000.0,54.13399857448326,26.998688,1.1244888,0.33779526,1012.72095,27.366333,0.65,0.10788441,0.00846386,0.0008940697,0.4830901,1.1741297
2015-03-31,URRA1,Caribe,35.56,100010000.0,140300000.0,71.28296507483964,26.557892,0.82987595,0.0790596,1011.3892,27.258362,0.65,0.03182888,0.00756979,0.00035762787,0.48668173,0.8336333
2015-04-01,URRA1,Caribe,35.45,98740000.0,244610000.0,40.366297371325786,26.50589,0.54422,-0.33791733,1011.09534,27.154114,0.81,0.071167946,0.00834465,0.00071525574,0.47852916,0.6405962
2015-04-02,URRA1,Caribe,35.15,73880000.0,244610000.0,30.203180573157272,27.416412,0.74660873,-0.10380936,1011.3677,26.934326,0.81,0.03838539,0.008106232,0.0006556511,0.4666797,0.7537911
2015-04-03,URRA1,Caribe,35.06,102440000.0,244610000.0,41.87890928416663,26.169525,0.8600426,0.44856262,1010.35425,26.784332,0.81,0.35083294,0.011920929,0.004827976,0.47511095,0.9699905
2015-04-04,URRA1,Caribe,34.599999999999994,90330000.0,244610000.0,36.92817137484158,26.526276,0.44413757,0.43717957,1009.3486,26.69345,0.81,0.1475811,0.009357929,0.0023841858,0.4839223,0.62320477
2015-04-05,URRA1,Caribe,34.69,169600000.0,244610000.0,69.33485957238052,26.957,0.20365143,-0.10890579,1008.66595,26.637146,0.81,0.06520748,0.008702278,0.0019669533,0.4949588,0.23094235
2015-04-06,URRA1,Caribe,34.75,138840000.0,244610000.0,56.7597399942766,26.676239,0.19032669,0.06210327,1008.6881,26.565735,0.81,0.048279762,0.007748604,0.0009536743,0.49311334,0.20020255
2015-04-07,URRA1,Caribe,34.660000000000004,135810000.0,244610000.0,55.5210334818691,26.492828,0.052116394,-0.095630646,1008.3895,26.481964,0.81,0.15771389,0.017106533,0.010430813,0.49115938,0.10890978
2015-04-08,URRA1,Caribe,35.61,271030000.0,244610000.0,110.80086668574464,26.393402,0.34674454,0.27202606,1008.7889,26.676056,0.81,0.086307526,0.007987022,0.0012516975,0.49386567,0.44071528
2015-04-09,URRA1,Caribe,35.49,136850000.0,244610000.0,55.946200073586525,26.94986,0.21221542,-0.031280518,1009.0089,26.76175,0.81,0.4338026,0.012755394,0.006020069,0.4886495,0.2145084
2015-04-10,URRA1,Caribe,35.89,212180000.0,244610000.0,86.74216099096522,27.512543,0.047698975,0.30960464,1008.8572,26.722351,0.81,0.02861023,0.007033348,0.000834465,0.4868885,0.31325746
2015-04-11,URRA1,Caribe,36.49,238980000.0,244610000.0,97.69837700829892,26.09439,0.12294388,0.40316772,1009.45874,26.637512,0.81,0.11539459,0.008046627,0.0014901161,0.4951703,0.42149666
2015-04-12,URRA1,Caribe,36.41,143580000.0,244610000.0,58.69751849883488,27.346588,-0.25013733,-0.46601105,1009.9933,26.508118,0.81,0.031471252,0.0070929527,0.0007748604,0.48786405,0.5288998
2015-04-13,URRA1,Caribe,36.14,115150000.0,244610000.0,47.0749356117902,26.9628,0.31563187,0.0447731,1011.1136,26.340881,0.81,0.15747547,0.008940697,0.0026226044,0.48254257,0.31879163
2015-04-14,URRA1,Caribe,35.99,132820000.0,244610000.0,54.29867953068149,26.990814,0.23181534,0.07406998,1011.65906,26.364532,0.81,0.06532669,0.0075101852,0.0011324883,0.4958751,0.24336128
2015-04-15,URRA1,Caribe,34.71,134700000.0,244610000.0,55.06724990801685,26.031525,0.5607071,0.08415604,1011.1439,26.469208,0.81,0.17118454,0.011205673,0.0050365925,0.48662752,0.56698734
2015-04-16,URRA1,Caribe,33.4,131610000.0,244610000.0,53.80401455377949,26.037384,0.6614914,-0.025794983,1011.2556,26.366974,0.81,0.17392635,0.008702278,0.0027418137,0.50023395,0.66199416
2015-04-17,URRA1,Caribe,32.64,204880000.0,244610000.0,83.75781856833326,25.633148,0.66186905,0.0048599243,1011.548,26.404083,0.81,0.41615963,0.100553036,0.09447336,0.4985671,0.6618869
2015-04-18,URRA1,Caribe,32.029999999999994,222950000.0,244610000.0,91.14508809942356,26.153107,-0.43310547,-0.24801636,1010.9172,26.424408,0.81,0.0808239,0.007748604,0.0014603138,0.4928329,0.49909163
2015-04-19,URRA1,Caribe,32.37,201510000.0,244610000.0,82.3801152855566,26.113495,0.4818573,0.26110458,1009.94904,26.221283,0.81,0.08761883,0.01013279,0.00423193,0.49544603,0.54805297
2015-04-20,URRA1,Caribe,33.12,257960000.0,244610000.0,105.457667307142,26.813873,0.63757324,-0.2923851,1010.21906,26.159576,0.81,0.27620792,0.010848045,0.0047683716,0.49703267,0.70141906
2015-04-21,URRA1,Caribe,33.94,271240000.0,244610000.0,110.88671763214914,26.579254,0.49298477,0.3109131,1010.84607,25.965302,0.81,0.1180172,0.008523464,0.0027120113,0.504391,0.5828387
2015-04-22,URRA1,Caribe,34.73,265930000.0,244610000.0,108.71591513020726,26.900665,-0.042949677,-0.3634796,1009.4581,25.804504,0.81,0.074744225,0.009179115,0.0030994415,0.5053046,0.36600834
2015-04-23,URRA1,Caribe,35.03,195450000.0,244610000.0,79.90270226074159,27.13443,0.3331833,-0.33582687,1009.22565,25.65689,0.81,0.1462698,0.011086464,0.005185604,0.49371314,0.47306532
2015-04-24,URRA1,Caribe,35.160000000000004,174300000.0,244610000.0,71.2562855157189,27.331512,0.7195053,-0.102458954,1009.9331,25.7641,0.81,0.059604645,0.0076293945,0.0015497208,0.48347697,0.72676384
2015-04-25,URRA1,Caribe,37.79,528560000.0,244610000.0,216.0827439597727,26.257233,0.014480591,0.19680786,1010.59076,26.110535,0.81,0.06210804,0.007987022,0.00166893,0.4904886,0.19733986
2015-04-26,URRA1,Caribe,38.86,343810000.0,244610000.0,140.55435182535464,27.31961,0.021808624,-0.052711487,1009.3903,26.12613,0.81,0.05674362,0.008106232,0.00166893,0.4962405,0.057044867
2015-04-27,URRA1,Caribe,38.51,265250000.0,244610000.0,108.43792158946894,28.249725,0.5308914,-0.3122406,1007.5492,26.109589,0.81,0.047922134,0.007688999,0.000834465,0.49171224,0.61590576
2015-04-28,URRA1,Caribe,37.95,236440000.0,244610000.0,96.6599893708352,27.381866,-0.15121841,-0.4529686,1007.6866,26.037537,0.81,0.23972988,0.015676022,0.008761883,0.4957705,0.47754326
2015-04-29,URRA1,Caribe,37.36,233290000.0,244610000.0,95.372225174768,27.439362,0.6081734,-0.025001526,1008.1794,25.935211,0.81,0.04041195,0.008106232,0.000834465,0.49149835,0.60868704
2015-04-30,URRA1,Caribe,35.620000000000005,230840000.0,244610000.0,94.37063080004906,25.818695,0.91487885,0.57603836,1009.7025,25.906158,0.81,0.06020069,0.008583069,0.0008940697,0.49302405,1.0811214
2015-05-01,URRA1,Caribe,33.48,169130000.0,421200000.0,40.15432098765432,26.824554,-0.15473557,-0.096336365,1010.6433,26.273926,1.02,0.18167496,0.011563301,0.003963709,0.49595454,0.18227394
2015-05-02,URRA1,Caribe,32.46,169570000.0,421200000.0,40.2587844254511,26.77945,-0.2551918,-0.8278618,1009.73065,26.208496,1.02,0.16057491,0.012397766,0.0047683716,0.4900987,0.8663013
2015-05-03,URRA1,Caribe,32.23,173080000.0,421200000.0,41.092117758784426,26.791168,0.60391235,0.049549103,1009.28906,26.23645,1.02,0.2348423,0.014424324,0.006556511,0.48743865,0.6059416
2015-05-04,URRA1,Caribe,30.9,0.0,0.0,,27.068268,1.012497,0.590744,1010.233,26.571136,1.02,0.05865097,0.010550022,0.0022649765,0.4971735,1.1722323
2015-05-05,URRA1,Caribe,29.7,154900000.0,421200000.0,36.77587844254511,27.250275,0.32338333,0.3820343,1010.65924,26.676758,1.02,0.48565865,0.020086765,0.011622906,0.49590868,0.5005267
2015-05-06,URRA1,Caribe,28.35,138810000.0,421200000.0,32.95584045584046,27.232452,0.54319763,-0.0072784424,1009.91187,26.633026,1.02,0.15544891,0.012040138,0.003874302,0.49074912,0.5432464
2015-05-07,URRA1,Caribe,27.55,201870000.0,421200000.0,47.927350427350426,27.482391,-0.064502716,-0.23471451,1009.23737,26.649475,1.02,0.38909912,0.01692772,0.008285046,0.49768037,0.24341631
2015-05-08,URRA1,Caribe,26.68,195730000.0,421200000.0,46.4696106362773,27.8555,-0.11697769,0.2989273,1008.9989,26.64328,1.02,0.4121065,0.023126602,0.013947487,0.48850638,0.3210005
2015-05-09,URRA1,Caribe,26.28,167640000.0,421200000.0,39.80056980056981,27.51419,0.18107224,0.09251404,1008.3794,26.546722,1.02,0.22566319,0.019848347,0.010430813,0.4972607,0.20333716
2015-05-10,URRA1,Caribe,26.02,187660000.0,421200000.0,44.553656220322885,27.956085,0.2965622,0.16379166,1008.02045,26.467987,1.02,0.039100647,0.010728836,0.0010728836,0.48981118,0.33878732
2015-05-11,URRA1,Caribe,25.41,160150000.0,421200000.0,38.022317188983855,27.901276,0.47777176,-0.032157898,1008.26404,26.381927,1.02,1.0924339,0.5375743,0.24282932,0.4948712,0.47885278
2015-05-12,URRA1,Caribe,24.6,133980000.0,421200000.0,31.80911680911681,28.599152,-0.28886795,-0.46595,1007.65405,26.29544,1.02,0.032305717,0.013947487,0.0013709068,0.484962,0.54822814
2015-05-13,URRA1,Caribe,24.02,122640000.0,421200000.0,29.116809116809115,27.611115,0.78134537,0.14036942,1007.97626,26.161285,1.02,0.12540817,0.01692772,0.0032782555,0.48191175,0.793854
2015-05-14,URRA1,Caribe,23.75,180870000.0,421200000.0,42.941595441595446,27.112885,0.39987564,0.29077148,1008.3742,25.919525,1.02,0.079631805,0.015676022,0.0014305115,0.4881353,0.49441743
2015-05-15,URRA1,Caribe,23.23,169930000.0,421200000.0,40.34425451092118,26.105804,0.7367401,0.4527321,1009.71826,25.857452,1.02,0.48911572,0.02849102,0.013768673,0.499874,0.8647267
2015-05-16,URRA1,Caribe,23.03,200250000.0,421200000.0,47.54273504273504,25.864105,0.15903473,0.25165176,1010.9373,25.832733,1.02,0.18441677,0.023066998,0.007033348,0.4982178,0.2976922
2015-05-17,URRA1,Caribe,27.51,839490000.0,421200000.0,199.3091168091168,25.884491,-0.10076141,0.290699,1012.1267,26.058258,1.02,0.31280518,0.028908253,0.008165836,0.5037568,0.30766666
2015-05-18,URRA1,Caribe,29.71,511930000.0,421200000.0,121.54083570750238,26.591644,0.6270027,0.19755936,1012.0056,26.176361,1.02,1.0304451,0.4040599,0.37881732,0.4962775,0.65739036
2015-05-19,URRA1,Caribe,32.48,632320000.0,421200000.0,150.12345679012347,26.929657,-0.030498505,-0.08521652,1011.42596,26.231476,1.02,0.13065338,0.035464764,0.005841255,0.50012016,0.09050974
2015-05-20,URRA1,Caribe,33.83,423050000.0,421200000.0,100.4392212725546,26.983612,0.20262527,0.24848175,1010.76514,26.106354,1.02,0.22351742,0.05674362,0.012695789,0.49441925,0.32062468
2015-05-21,URRA1,Caribe,35.58,482150000.0,421200000.0,114.47056030389363,26.222443,0.67227936,0.21404266,1011.6252,26.039032,1.02,0.33128262,0.04374981,0.010550022,0.5019597,0.7055308
2015-05-22,URRA1,Caribe,36.56,364360000.0,421200000.0,86.50522317188984,26.827179,-0.67198944,-0.3494072,1012.1236,26.183258,1.02,0.02193451,0.036001205,0.0006556511,0.49611932,0.7574003
2015-05-23,URRA1,Caribe,36.41,319870000.0,421200000.0,75.94254510921178,28.084137,-0.014110565,-0.061908722,1011.1397,26.107208,1.02,0.096559525,0.04041195,0.004053116,0.48685646,0.06349644
2015-05-24,URRA1,Caribe,36.6,347350000.0,421200000.0,82.46676163342829,26.18161,0.9013214,0.26400375,1010.4533,25.857758,1.02,1.1508465,0.080525875,0.043570995,0.50342286,0.9391902
2015-05-25,URRA1,Caribe,37.51,459590000.0,421200000.0,109.11443494776827,25.947601,0.81378555,0.53910446,1011.4241,25.754303,1.02,0.30493736,0.047445297,0.00923872,0.49518523,0.976156
2015-05-26,URRA1,Caribe,38.29,435800000.0,421200000.0,103.46628679962014,26.479706,-0.5857849,-0.31432724,1010.79095,25.630219,1.02,0.12671947,0.04297495,0.00333786,0.50150216,0.66478986
2015-05-27,URRA1,Caribe,38.41,401750000.0,421200000.0,95.38224121557457,26.382843,0.69446564,0.2010498,1010.16846,25.597595,1.02,1.333952,0.38301945,0.15968084,0.5107112,0.7229824
2015-05-28,URRA1,Caribe,40.41,666640000.0,421200000.0,158.27160493827162,24.996735,1.0471954,0.85874176,1010.9761,25.597687,1.02,1.4705658,0.26929379,0.17511845,0.5068475,1.3542731
2015-05-29,URRA1,Caribe,42.120000000000005,673240000.0,421200000.0,159.83855650522315,25.37149,0.16869354,0.20337677,1011.7562,25.690704,1.02,1.5356541,0.31161308,0.15386939,0.5091812,0.26423404
2015-05-30,URRA1,Caribe,43.1,580210000.0,421200000.0,137.75166191832858,25.944061,0.08525467,0.03306198,1010.53015,25.570892,1.02,0.24068356,0.17720461,0.014960766,0.49736083,0.09144098
2015-05-31,URRA1,Caribe,43.28,476210000.0,421200000.0,113.06030389363724,26.321564,0.82385254,0.060886383,1010.0625,25.586243,1.02,0.2361536,0.16450882,0.006020069,0.49456996,0.82609934
2015-06-01,URRA1,Caribe,44.34,527320000.0,476430000.0,110.68152719182252,27.167633,-0.08998871,-0.24657059,1010.3805,25.746643,1.25,0.059604645,0.15228987,0.0013113022,0.48808035,0.26247862
2015-06-02,URRA1,Caribe,44.89,451240000.0,476430000.0,94.71275948198056,27.833344,0.45980835,-0.35456848,1008.9625,25.797089,1.25,0.13303757,0.14662743,0.0027418137,0.48012912,0.5806398
2015-06-03,URRA1,Caribe,47.260000000000005,656350000.0,476430000.0,137.76420460508365,26.542145,0.6144905,0.0771637,1008.9338,25.364868,1.25,0.5440712,0.15193224,0.014334917,0.4959158,0.6193164
2015-06-04,URRA1,Caribe,48.84,531730000.0,476430000.0,111.60716159771636,26.778961,0.30443573,0.13588333,1010.1414,25.227753,1.25,0.37789345,0.14299154,0.010311604,0.4998845,0.33338475
2015-06-05,URRA1,Caribe,51.07000000000001,707610000.0,476430000.0,148.52339273345507,25.892792,-0.053272247,0.34503555,1010.9892,25.072723,1.25,0.58579445,0.15980005,0.030994415,0.50344455,0.34912387
2015-06-06,URRA1,Caribe,52.05,525520000.0,476430000.0,110.3037172302332,26.731964,0.79336166,0.6028023,1010.3864,24.87439,1.25,0.07069111,0.12660027,0.0012516975,0.49149638,0.99639016
2015-06-07,URRA1,Caribe,54.08,607850000.0,476430000.0,127.5843250844825,26.48526,1.0080681,0.698822,1011.09125,25.033905,1.25,0.18334389,0.12755394,0.004827976,0.501926,1.2266024
2015-06-08,URRA1,Caribe,56.75,696790000.0,476430000.0,146.25233507545704,26.164276,1.2162437,0.4383583,1012.1339,25.28711,1.25,0.17535686,0.12457371,0.003993511,0.5000287,1.292829
2015-06-09,URRA1,Caribe,58.7,630780000.0,476430000.0,132.39720420628424,25.362335,0.78235626,0.7771759,1011.76953,25.56369,1.25,0.4452467,0.13810396,0.01579523,0.49878836,1.1027619
2015-06-10,URRA1,Caribe,60.2,615230000.0,476430000.0,129.13334592699871,26.042145,0.23908615,0.19135666,1011.1228,25.888031,1.25,0.3182888,0.1283884,0.0061392784,0.49455017,0.30623448
2015-06-11,URRA1,Caribe,61.17,594140000.0,476430000.0,124.70667254371052,26.736969,-0.07006073,0.073913574,1010.6838,25.794708,1.25,0.58054924,0.14680624,0.01591444,0.49210995,0.10184165
2015-06-12,URRA1,Caribe,60.650000000000006,448890000.0,476430000.0,94.2195075876834,26.902557,0.97032547,-0.36753082,1010.1028,25.529755,1.25,1.1819601,0.16796589,0.02759695,0.48052478,1.0375984
2015-06-13,URRA1,Caribe,60.52,398220000.0,476430000.0,83.58415716894402,27.003265,0.36192703,0.29177094,1009.85956,25.348389,1.25,0.08571148,0.14299154,0.0029802322,0.49026427,0.46488866
2015-06-14,URRA1,Caribe,60.42999999999999,424970000.0,476430000.0,89.19883298700753,27.459137,0.46035004,-0.1129837,1009.6767,25.166962,1.25,0.4079342,0.14585257,0.008821487,0.49620444,0.4740121
2015-06-15,URRA1,Caribe,61.18,522950000.0,476430000.0,109.76428856285288,27.575775,-0.8362465,-0.35689163,1009.3787,25.071991,1.25,0.06580353,0.1360178,0.0017881393,0.49109292,0.9092193
2015-06-16,URRA1,Caribe,60.17,390640000.0,476430000.0,81.99315744180677,28.655548,-0.042884827,-0.33595657,1007.6961,25.092346,1.25,0.00333786,0.1308918,0.00011920929,0.47562534,0.33868262
2015-06-17,URRA1,Caribe,59.43000000000001,400060000.0,476430000.0,83.97036290745756,27.748749,-0.012462616,0.3980217,1008.27484,24.987274,1.25,0.18048286,0.1322031,0.005364418,0.4932672,0.39821675
2015-06-18,URRA1,Caribe,58.7,319580000.0,476430000.0,67.0780597359528,28.036346,0.31430435,-0.18164062,1007.9456,24.83554,1.25,0.07259846,0.12505054,0.0014305115,0.49263746,0.3630159
2015-06-19,URRA1,Caribe,57.31,291050000.0,476430000.0,61.08977184476208,29.227875,0.22033691,-0.076122284,1007.3875,24.696808,1.25,0.01680851,0.120699406,0.00047683716,0.47981387,0.23311576
2015-06-20,URRA1,Caribe,56.68,335970000.0,476430000.0,70.51822933064669,28.279938,0.5498123,0.35980988,1008.71674,24.499115,1.25,0.09214878,0.118136406,0.0017285347,0.4821472,0.65708196
2015-06-21,URRA1,Caribe,55.8,302810000.0,476430000.0,63.55813026047898,27.172638,0.9786682,0.8189316,1010.16095,24.588287,1.25,0.37157536,0.12201071,0.009536743,0.50067747,1.2761036
2015-06-22,URRA1,Caribe,55.03,373020000.0,476430000.0,78.29481770669354,27.094025,-0.28108597,0.06765747,1010.303,24.457123,1.25,0.041246414,0.110566616,0.0009536743,0.49344927,0.2891139
2015-06-23,URRA1,Caribe,53.35,286760000.0,476430000.0,60.18932476964088,28.144196,-0.05525589,-0.4271431,1008.73486,24.488739,1.25,0.0038146973,0.10681152,0.0,0.47878158,0.43070227
2015-06-24,URRA1,Caribe,52.84,423000000.0,476430000.0,88.78534097349034,29.163177,-0.43095016,-0.29725266,1008.07904,24.30188,1.25,0.0034570694,0.10341406,0.00011920929,0.46841356,0.5235238
2015-06-25,URRA1,Caribe,51.35999999999999,283760000.0,476430000.0,59.55964150032533,29.359833,0.4233055,-0.1307602,1008.1105,24.249329,1.25,0.006914139,0.099897385,0.00029802322,0.45296398,0.4430415
2015-06-26,URRA1,Caribe,49.67,316780000.0,476430000.0,66.49035535125832,27.932037,0.42193222,-0.3297615,1008.1225,24.422821,1.25,0.00834465,0.096678734,0.00017881393,0.44428426,0.5355086
2015-06-27,URRA1,Caribe,47.18,265540000.0,476430000.0,55.73536511134899,28.604462,0.7355766,-0.078063965,1008.86017,24.500671,1.25,0.074744225,0.0962615,0.0030994415,0.438532,0.73970735
2015-06-28,URRA1,Caribe,44.4,230440000.0,476430000.0,48.36807086035724,27.857697,0.3777504,0.320652,1009.4364,24.485779,1.25,0.04506111,0.09083748,0.0006556511,0.4391827,0.49549276
2015-06-29,URRA1,Caribe,42.13,276370000.0,476430000.0,58.00852171357806,27.372955,1.1944008,0.48091507,1010.1386,24.622162,1.25,0.042676926,0.087320805,0.00071525574,0.4400661,1.287584
2015-06-30,URRA1,Caribe,40.5,317500000.0,476430000.0,66.64147933589405,27.555939,0.6048012,0.36636353,1010.78125,24.830902,1.25,0.03862381,0.08481741,0.00071525574,0.45656297,0.7071115
2015-07-01,URRA1,Caribe,39.07,223630000.0,486010000.0,46.01345651324047,27.808624,-0.717556,-0.6074028,1009.02203,24.889954,1.57,0.0011920929,0.08124113,0.0,0.4534419,0.94011956
2015-07-02,URRA1,Caribe,38.31,193410000.0,486010000.0,39.795477459311535,28.607635,0.4412613,0.012706757,1007.9545,24.628265,1.57,0.017642975,0.07838011,0.00023841858,0.43707722,0.44144422
2015-07-03,URRA1,Caribe,37.46,183020000.0,486010000.0,37.65766136499249,28.615753,0.47742462,-0.15481186,1006.33374,24.373291,1.57,0.009775162,0.07581711,0.00029802322,0.43155286,0.5018974
2015-07-04,URRA1,Caribe,36.78,188440000.0,486010000.0,38.77286475586922,28.009308,0.22842026,0.66225815,1006.9856,24.209503,1.57,0.020861626,0.073194504,0.00035762787,0.45790914,0.7005438
2015-07-05,URRA1,Caribe,36.66,174250000.0,486010000.0,35.853171745437336,27.485199,0.8389206,0.79216385,1009.0712,24.1044,1.57,0.059604645,0.07092953,0.0006556511,0.4508437,1.1538246
2015-07-06,URRA1,Caribe,36.29,182170000.0,486010000.0,37.48276784428304,26.410736,0.63912964,0.64630127,1010.21576,24.044342,1.57,0.32019615,0.073075294,0.005066395,0.48181835,0.90895104
2015-07-07,URRA1,Caribe,36.29,229630000.0,486010000.0,47.247999012366,25.812042,0.63856125,0.27201462,1011.3212,24.031769,1.57,0.6147623,0.08332729,0.01758337,0.5046683,0.69408387
2015-07-08,URRA1,Caribe,36.14,263160000.0,486010000.0,54.14703401164586,26.220428,-0.07704544,0.16002655,1011.0464,23.88739,1.57,0.1667738,0.06771088,0.0034570694,0.5001434,0.1776077
2015-07-09,URRA1,Caribe,36.08,275130000.0,486010000.0,56.609946297401294,27.08316,0.6946373,0.45358276,1009.8153,23.890259,1.57,0.15068054,0.066280365,0.0036358833,0.49315292,0.8296133
2015-07-10,URRA1,Caribe,36.14,276920000.0,486010000.0,56.97825147630707,26.848541,0.20719528,0.008159637,1009.84485,23.818329,1.57,0.22363663,0.0641942,0.0030994415,0.48692644,0.20735589
2015-07-11,URRA1,Caribe,36.63,354500000.0,486010000.0,72.9408859900002,26.754547,0.9059715,0.41724014,1010.4522,23.662323,1.57,0.14126301,0.06270409,0.002503395,0.48095232,0.9974336
2015-07-12,URRA1,Caribe,37.77,443780000.0,486010000.0,91.31087837698811,26.404999,0.58960724,0.5979576,1011.46594,23.560913,1.57,0.09584427,0.060379505,0.0014901161,0.48658055,0.8397559
2015-07-13,URRA1,Caribe,38.66,411520000.0,486010000.0,84.67315487335651,26.926422,0.42555237,0.3380928,1011.6777,23.754211,1.57,0.26893616,0.065267086,0.0076293945,0.49870548,0.5435086
2015-07-14,URRA1,Caribe,38.940000000000005,325650000.0,486010000.0,67.00479414003827,26.982574,0.35945892,0.16251373,1011.0527,23.862122,1.57,0.08785725,0.057935715,0.0014901161,0.49545366,0.3944888
2015-07-15,URRA1,Caribe,41.53,650640000.0,486010000.0,133.8737886051727,25.895111,0.3465309,0.30939865,1011.3181,23.90802,1.57,0.3284216,0.06377697,0.00846386,0.4990397,0.46455485
2015-07-16,URRA1,Caribe,42.42,404820000.0,486010000.0,83.29458241599967,25.96634,0.04286194,0.3902359,1011.29205,24.20581,1.57,0.30124187,0.09357929,0.022411346,0.4913535,0.39258274
2015-07-17,URRA1,Caribe,43.19,393270000.0,486010000.0,80.91808810518302,25.946136,0.48314285,0.4939537,1011.0697,24.170502,1.57,0.072956085,0.055134296,0.0013709068,0.49417377,0.6909539
2015-07-18,URRA1,Caribe,43.38,321150000.0,486010000.0,66.07888726569412,26.1539,0.32497406,0.40262604,1011.9586,24.168732,1.57,0.26726723,0.058293343,0.0053048134,0.49943408,0.51741266
2015-07-19,URRA1,Caribe,43.7,332440000.0,486010000.0,68.401884734882,25.255219,0.14958191,-0.3690529,1012.488,24.101776,1.57,0.2270937,0.059247017,0.006914139,0.49947473,0.3982145
2015-07-20,URRA1,Caribe,45.5,543350000.0,486010000.0,111.79811114997634,25.300323,1.0860329,0.38132477,1012.558,23.99112,1.57,0.77438354,0.109791756,0.057578087,0.50528663,1.1510326
2015-07-21,URRA1,Caribe,47.86,617250000.0,486010000.0,127.00355959753917,26.363617,0.56918716,0.26751328,1011.47485,23.979889,1.57,0.2503395,0.059127808,0.0060796738,0.4958763,0.62891763
2015-07-22,URRA1,Caribe,50.0,589680000.0,486010000.0,121.33083681405732,26.454071,1.0231438,0.38538742,1010.9525,23.93753,1.57,0.13458729,0.05733967,0.0030398369,0.49601984,1.093319
2015-07-23,URRA1,Caribe,53.080000000000005,754900000.0,486010000.0,155.32602209831074,26.268951,0.47527313,0.16714478,1012.3856,24.10849,1.57,0.0770092,0.05763769,0.0017881393,0.49471837,0.5038074
2015-07-24,URRA1,Caribe,54.120000000000005,558110000.0,486010000.0,114.83508569782516,27.140594,-1.6424828,-0.15851974,1011.5691,24.155975,1.57,0.6186962,0.087201595,0.03015995,0.48849434,1.6501147
2015-07-25,URRA1,Caribe,54.39000000000001,434050000.0,486010000.0,89.30886195757289,28.68576,-0.56533813,-0.6387291,1008.4772,24.250061,1.57,0.0,0.057935715,0.0,0.4706828,0.85298425
2015-07-26,URRA1,Caribe,52.87,334290000.0,486010000.0,68.78253533877904,27.980865,0.50759506,0.037750244,1007.78766,23.972687,1.57,0.01347065,0.057816505,0.00029802322,0.45833582,0.5089969
2015-07-27,URRA1,Caribe,51.67,372000000.0,486010000.0,76.54163494578302,26.929901,0.5169258,0.4194908,1008.66284,23.665588,1.57,0.57411194,0.09000301,0.033020973,0.4817452,0.6657213
2015-07-28,URRA1,Caribe,50.13999999999999,308700000.0,486010000.0,63.51721158000864,26.879486,0.14625931,0.35843277,1008.6806,23.599213,1.57,0.40006638,0.07086992,0.014066696,0.49402806,0.3871251
2015-07-29,URRA1,Caribe,48.56,297250000.0,486010000.0,61.16129297751075,27.144073,0.6047859,0.2617798,1009.9381,23.675873,1.57,0.7106066,0.077307224,0.020712614,0.49019352,0.65901035
2015-07-30,URRA1,Caribe,46.73,272210000.0,486010000.0,56.00913561449353,26.87973,-0.24472046,-0.56479263,1010.748,23.863586,1.57,0.2837181,0.0641346,0.007987022,0.4858252,0.6155313
2015-07-31,URRA1,Caribe,44.74,254600000.0,486010000.0,52.38575337956009,26.246246,0.2967224,0.45814133,1011.01514,23.703613,1.57,0.3247261,0.06502867,0.009357929,0.49543637,0.5458367
2015-08-01,URRA1,Caribe,44.83,410340000.0,448450000.0,91.50183966997436,26.881378,0.049915314,-0.07032776,1009.9317,23.39328,1.91,0.1103878,0.058412552,0.0032186508,0.4922947,0.086241126
2015-08-02,URRA1,Caribe,44.47,284170000.0,448450000.0,63.3671535288215,27.686066,0.029640198,-0.06321716,1008.84454,23.435364,1.91,0.08547306,0.06300211,0.007867813,0.4948509,0.06982085
2015-08-03,URRA1,Caribe,44.56,267450000.0,448450000.0,59.63875571412643,28.409882,-0.26974106,-0.4277115,1007.53357,23.530182,1.91,0.009059906,0.05555153,0.00023841858,0.47867608,0.5056653
2015-08-04,URRA1,Caribe,44.52,247220000.0,448450000.0,55.12766194670532,28.308197,0.3815918,-0.059303284,1007.88904,23.69397,1.91,0.03862381,0.056505203,0.0014305115,0.49021325,0.38617247
2015-08-05,URRA1,Caribe,44.46,244470000.0,448450000.0,54.51443862191995,28.40445,0.22651672,0.038391113,1008.21344,23.66043,1.91,0.45716763,0.06574392,0.010818243,0.48638955,0.22974704
2015-08-06,URRA1,Caribe,44.330000000000005,234120000.0,448450000.0,52.20648901772773,27.969757,0.62550354,0.20336151,1007.72577,23.562317,1.91,0.014185905,0.054836273,0.00059604645,0.47894606,0.6577314
2015-08-07,URRA1,Caribe,44.03,209270000.0,448450000.0,46.66518006466719,28.402618,1.2623062,0.46401596,1008.0544,23.38861,1.91,0.054836273,0.054836273,0.000834465,0.47442293,1.3448895
2015-08-08,URRA1,Caribe,43.62,189970000.0,448450000.0,42.361467276173485,26.624481,0.61434174,0.067085266,1010.03485,23.187347,1.91,0.03027916,0.054121017,0.0006854534,0.4751003,0.6179937
2015-08-09,URRA1,Caribe,43.28,202320000.0,448450000.0,45.115397480209616,25.709991,0.83792114,0.38834763,1011.4547,23.2435,1.91,0.6402731,0.09226799,0.039041042,0.5037509,0.92353976
2015-08-10,URRA1,Caribe,42.83,183310000.0,448450000.0,40.87635187869328,26.885406,-0.49410248,-0.32186127,1010.7522,22.976227,1.91,0.09429455,0.05477667,0.002026558,0.49321526,0.589688
2015-08-11,URRA1,Caribe,42.46,193660000.0,448450000.0,43.184301482885495,27.302704,-0.106113434,-0.014167786,1009.5748,22.73285,1.91,0.081181526,0.054061413,0.0021457672,0.483839,0.10705506
2015-08-12,URRA1,Caribe,42.29,168770000.0,448450000.0,37.63407291782808,27.061432,0.50084686,0.20540237,1009.7583,22.584747,1.91,0.49066544,0.08761883,0.03618002,0.49300683,0.54132956
2015-08-13,URRA1,Caribe,41.99,150450000.0,448450000.0,33.54889062325789,27.231659,0.82876205,-0.19487762,1009.5106,22.448334,1.91,0.06735325,0.05173683,0.0009536743,0.48156804,0.85136586
2015-08-14,URRA1,Caribe,42.24,214740000.0,448450000.0,47.88493700524028,26.056488,0.35600662,0.17559433,1010.3486,22.168304,1.91,0.07343292,0.05185604,0.0015497208,0.48789203,0.396956
2015-08-15,URRA1,Caribe,42.98,263080000.0,448450000.0,58.6642881034675,26.318268,0.25123596,0.055072784,1010.5639,21.999725,1.91,0.6599426,0.31352043,0.082314014,0.49418396,0.2572013
2015-08-16,URRA1,Caribe,44.81,452550000.0,448450000.0,100.91426022968002,26.305634,0.5533142,-0.096385956,1010.4572,21.977997,1.91,1.0763407,0.42420626,0.3747344,0.49608824,0.5616466
2015-08-17,URRA1,Caribe,45.88,400400000.0,448450000.0,89.28531608875015,26.487885,0.19931412,-0.36948013,1011.08093,21.998291,1.91,0.21314621,0.074863434,0.024318695,0.5013201,0.4198115
2015-08-18,URRA1,Caribe,49.18,718430000.0,448450000.0,160.20292117292897,27.127655,-0.4233055,-0.43293762,1011.0161,22.086212,1.91,0.069618225,0.054836273,0.0027418137,0.48907754,0.6054936
2015-08-19,URRA1,Caribe,50.17,386620000.0,448450000.0,86.21250975582562,28.243134,0.119571686,-0.21760178,1009.4192,22.446259,1.91,0.053048134,0.055730343,0.001013279,0.4763224,0.24829
2015-08-20,URRA1,Caribe,50.260000000000005,329170000.0,448450000.0,73.4017170253094,26.768463,0.7508278,0.02683258,1008.4858,22.514252,1.91,0.6709099,0.08481741,0.028789043,0.48432386,0.7513071
2015-08-21,URRA1,Caribe,50.83,334270000.0,448450000.0,74.53896755491137,26.278717,0.71126175,0.27571106,1009.6756,22.557007,1.91,0.1487732,0.06020069,0.0038146973,0.49997112,0.7628302
2015-08-22,URRA1,Caribe,51.0,284800000.0,448450000.0,63.50763741777232,26.480682,0.20357513,-0.21244812,1010.03455,22.841156,1.91,0.65004826,0.09149313,0.034451485,0.49593407,0.29423976
2015-08-23,URRA1,Caribe,51.46,317760000.0,448450000.0,70.85739770319991,26.156708,0.26478577,-0.2370758,1009.28784,22.790802,1.91,0.10430813,0.060021877,0.002503395,0.49725723,0.35541025
2015-08-24,URRA1,Caribe,52.65,420300000.0,448450000.0,93.72282305719702,26.179047,0.4430809,0.15414429,1009.26685,22.627808,1.91,0.1282692,0.06097555,0.0026226044,0.49783474,0.46912807
2015-08-25,URRA1,Caribe,56.010000000000005,729280000.0,448450000.0,162.62236592708217,25.55783,0.7035446,0.84931946,1010.6472,22.355682,1.91,0.052571297,0.060737133,0.0022053719,0.502897,1.1028683
2015-08-26,URRA1,Caribe,60.14000000000001,828250000.0,448450000.0,184.69171591035789,25.864105,0.57112885,-0.19523239,1011.4139,21.959106,1.91,0.105023384,0.06467104,0.0044703484,0.5015598,0.6035759
2015-08-27,URRA1,Caribe,62.13999999999999,525340000.0,448450000.0,117.145724160999,27.07132,-0.12937164,-0.5949516,1011.09644,21.80722,1.91,0.08928776,0.06467104,0.0030994415,0.4932842,0.608855
2015-08-28,URRA1,Caribe,63.03,444940000.0,448450000.0,99.21730404727394,27.15445,0.20073318,0.046352386,1009.6036,21.994446,1.91,0.2194643,0.06771088,0.004053116,0.48601168,0.20601542
2015-08-29,URRA1,Caribe,63.74,430770000.0,448450000.0,96.05753149737988,27.34085,-0.37846375,0.18862152,1009.1855,21.992584,1.91,0.091433525,0.07253885,0.005722046,0.50252956,0.42286274
2015-08-30,URRA1,Caribe,63.8,347800000.0,448450000.0,77.55602631285538,28.026459,0.7447815,0.2708664,1009.6264,22.151459,1.91,0.81038475,0.44184923,0.37115812,0.49243534,0.79250747
2015-08-31,URRA1,Caribe,63.52,300560000.0,448450000.0,67.02196454454231,26.592255,-0.34427643,-0.13179779,1010.9514,22.50943,1.91,0.11944771,0.07647276,0.00333786,0.49012122,0.368642
2015-09-01,URRA1,Caribe,63.83,303420000.0,432930000.0,70.0852331785739,26.542145,0.28118896,-0.042118073,1011.34204,22.649658,2.21,0.102996826,0.076293945,0.0023841858,0.48918197,0.2843258
2015-09-02,URRA1,Caribe,63.870000000000005,268080000.0,432930000.0,61.92225071027649,27.221771,0.40353012,0.54055786,1011.34576,22.769379,2.21,0.53310394,0.09405613,0.020623207,0.49386683,0.67456603
2015-09-03,URRA1,Caribe,63.470000000000006,293230000.0,432930000.0,67.73150393828101,26.419891,0.119148254,0.26851273,1010.7347,23.015503,2.21,0.42510033,0.12725592,0.05400181,0.49452668,0.29376078
2015-09-04,URRA1,Caribe,62.96000000000001,280740000.0,432930000.0,64.84651098329984,27.286285,-0.123291016,-0.5691185,1010.2078,22.93808,2.21,0.38552284,0.08749962,0.011622906,0.49437106,0.58232
2015-09-05,URRA1,Caribe,63.39,325270000.0,432930000.0,75.13223846811263,26.668,0.55558395,0.36843872,1010.21985,23.071625,2.21,0.2746582,0.0860095,0.00846386,0.4919163,0.6666488
2015-09-06,URRA1,Caribe,63.62,311170000.0,432930000.0,71.87536091284966,26.382355,0.8250809,0.2630806,1010.5073,23.379059,2.21,0.015974045,0.07867813,0.00059604645,0.492638,0.866008
2015-09-07,URRA1,Caribe,64.12,348330000.0,432930000.0,80.45873466842215,26.801483,0.07767105,0.0562706,1009.96735,23.178802,2.21,0.06997585,0.0808835,0.0015497208,0.48804176,0.095912315
2015-09-08,URRA1,Caribe,64.37,303210000.0,432930000.0,70.03672649158062,27.34671,0.13411713,-0.022586823,1009.09576,22.684235,2.21,0.1796484,0.08326769,0.003993511,0.48146415,0.13600576
2015-09-09,URRA1,Caribe,64.34,268230000.0,432930000.0,61.95689834384312,27.643524,0.4697342,0.54873276,1007.88403,22.291168,2.21,0.011205673,0.07891655,0.00023841858,0.48586774,0.72232807
2015-09-10,URRA1,Caribe,64.74,329820000.0,432930000.0,76.18321668630033,25.224823,1.6121788,1.0262222,1010.0608,22.062775,2.21,0.34701824,0.0872612,0.0094771385,0.48430958,1.9110867
2015-09-11,URRA1,Caribe,65.53,377810000.0,432930000.0,87.26814958538331,25.87442,0.5108948,0.51612854,1011.7728,22.114716,2.21,0.29563904,0.08261204,0.005841255,0.4817364,0.7262246
2015-09-12,URRA1,Caribe,65.96,331530000.0,432930000.0,76.57819970895989,26.938995,-0.81056595,-0.6455345,1010.4736,22.19693,2.21,0.017046928,0.075638294,0.0004172325,0.47341257,1.0362104
2015-09-13,URRA1,Caribe,66.14,283270000.0,432930000.0,65.43090106945697,26.606476,0.99939346,0.12899399,1010.22626,22.533478,2.21,0.08511543,0.07504225,0.0014305115,0.46573102,1.0076839
2015-09-14,URRA1,Caribe,66.14,252140000.0,432930000.0,58.24036218326288,26.896515,-0.29787064,0.2826271,1010.21454,22.92395,2.21,0.027894974,0.07253885,0.0006556511,0.46863085,0.41061538
2015-09-15,URRA1,Caribe,66.33,292550000.0,432930000.0,67.57443466611231,27.441803,-0.31946182,0.45911026,1010.21063,23.415009,2.21,0.02360344,0.070631504,0.0005364418,0.47666085,0.5593193
2015-09-16,URRA1,Caribe,66.34,275730000.0,432930000.0,63.689280022174486,27.77237,1.1036568,0.6191139,1010.8328,23.626251,2.21,0.20289421,0.07343292,0.005185604,0.48988006,1.2654487
2015-09-17,URRA1,Caribe,65.94,266820000.0,432930000.0,61.63121058831682,26.408234,1.05793,0.46266556,1009.3859,23.727875,2.21,0.02002716,0.06711483,0.00023841858,0.4873768,1.1546754
2015-09-18,URRA1,Caribe,65.53,262030000.0,432930000.0,60.52479615642251,26.611237,0.5837021,-0.17145538,1009.16406,23.564392,2.21,0.19192696,0.06836653,0.0030398369,0.49311584,0.6083626
2015-09-19,URRA1,Caribe,65.61,335810000.0,432930000.0,77.56681218672765,26.159576,0.030433655,-0.053173065,1009.59766,23.53946,2.21,0.39327145,0.07241964,0.00846386,0.49272433,0.061266486
2015-09-20,URRA1,Caribe,65.92,313130000.0,432930000.0,72.32808999145358,25.710968,0.090400696,-0.2682228,1010.0853,23.624908,2.21,0.22697449,0.094115734,0.010371208,0.4966053,0.2830473
2015-09-21,URRA1,Caribe,66.0,281340000.0,432930000.0,64.98510151756635,26.797394,0.39511108,-0.07286453,1008.45544,23.637634,2.21,0.11634827,0.06437302,0.0022351742,0.49968278,0.40177357
2015-09-22,URRA1,Caribe,65.95,264070000.0,432930000.0,60.99600397292865,27.737091,0.057315826,0.24202728,1008.1661,23.382538,2.21,0.1847744,0.06508827,0.0033974648,0.48897386,0.24872135
2015-09-23,URRA1,Caribe,66.06,285910000.0,432930000.0,66.0406994202296,27.327911,0.8372116,0.12220001,1008.48016,23.306335,2.21,0.23376942,0.06496906,0.003963709,0.49447525,0.8460828
2015-09-24,URRA1,Caribe,67.21000000000001,438500000.0,432930000.0,101.28658212644078,26.44809,0.1472702,-0.43924713,1009.21686,23.157928,2.21,0.08165836,0.06210804,0.00166893,0.492617,0.46327806
2015-09-25,URRA1,Caribe,68.12,403890000.0,432930000.0,93.29221814150094,27.029083,-0.04971695,-0.1905098,1009.6884,23.644348,2.21,0.081419945,0.06324053,0.0027418137,0.49400914,0.19689022
2015-09-26,URRA1,Caribe,68.47,323280000.0,432930000.0,74.67257986279537,26.903534,-0.15566635,-0.02848816,1009.03217,24.353577,2.21,0.025868416,0.061273575,0.0006854534,0.49429655,0.15825166
2015-09-27,URRA1,Caribe,68.64,296580000.0,432930000.0,68.5053010879357,27.35141,0.034633636,0.26876068,1009.85034,24.084534,2.21,0.079751015,0.061690807,0.0014901161,0.48971036,0.270983
2015-09-28,URRA1,Caribe,69.19,351180000.0,432930000.0,81.11703970618807,27.254425,-0.3797493,-0.10248566,1008.66296,23.538666,2.21,0.044822693,0.061035156,0.0010728836,0.4847176,0.39333552
2015-09-29,URRA1,Caribe,69.48,317090000.0,432930000.0,73.24278751761256,27.08017,0.5897751,0.36060715,1008.1836,23.625793,2.21,0.06377697,0.060796738,0.0011920929,0.48659104,0.691283
2015-09-30,URRA1,Caribe,70.42,410020000.0,432930000.0,94.7081514332571,26.023102,0.3735466,0.18418503,1008.72314,23.95871,2.21,1.0581017,0.1463294,0.08690357,0.4943239,0.41648674
2015-10-01,URRA1,Caribe,71.21,391480000.0,449500000.0,87.09232480533926,25.157135,0.94213104,0.60282516,1009.16315,24.26941,2.47,0.43118,0.07042289,0.0113248825,0.4937291,1.1184852
2015-10-02,URRA1,Caribe,71.98,385420000.0,449500000.0,85.74416017797553,26.800995,0.49567795,0.29561615,1008.9864,24.005432,2.47,0.019073486,0.05966425,0.0004172325,0.49640083,0.5771356
2015-10-03,URRA1,Caribe,72.5,341770000.0,449500000.0,76.03337041156841,27.526642,-0.4230652,0.09428024,1008.67017,23.88858,2.47,0.04553795,0.061273575,0.0011920929,0.48258817,0.4334431
2015-10-04,URRA1,Caribe,72.83,317040000.0,449500000.0,70.53170189098998,26.987885,-0.27730942,-0.24005508,1009.5875,23.83966,2.47,0.6144047,0.08279085,0.022947788,0.4987574,0.36677915
2015-10-05,URRA1,Caribe,72.92999999999999,283690000.0,449500000.0,63.11234705228031,27.87619,-0.06541824,-0.40567017,1010.02655,23.910126,2.47,0.11372566,0.0860095,0.009417534,0.4896118,0.41091096
2015-10-06,URRA1,Caribe,73.2,306350000.0,449500000.0,68.15350389321469,27.07602,0.111003876,0.55952835,1010.4186,24.20404,2.47,0.4094839,0.071942806,0.010967255,0.48700637,0.570433
2015-10-07,URRA1,Caribe,72.92999999999999,231970000.0,449500000.0,51.60622914349277,26.656586,1.0601654,0.7808609,1010.0711,23.986115,2.47,0.15091896,0.06723404,0.0055730343,0.4923434,1.3166983
2015-10-08,URRA1,Caribe,72.78,256800000.0,449500000.0,57.1301446051168,27.22934,0.16500473,0.015880585,1010.1903,23.86438,2.47,0.098347664,0.06622076,0.0029802322,0.49792206,0.16576716
2015-10-09,URRA1,Caribe,72.86,284650000.0,449500000.0,63.325917686318135,26.882172,0.3667488,0.09661102,1010.1392,23.927734,2.47,0.057458878,0.06890297,0.0010728836,0.4986514,0.3792603
2015-10-10,URRA1,Caribe,72.65,271420000.0,449500000.0,60.38264738598442,27.193085,0.75575256,0.773716,1009.8914,24.013336,2.47,0.046253204,0.07146597,0.001013279,0.4897631,1.0815722
2015-10-11,URRA1,Caribe,72.72999999999999,281290000.0,449500000.0,62.57842046718576,26.666779,0.6418991,0.15459442,1010.20795,23.898926,2.47,0.08451939,0.07426739,0.0019073486,0.4916658,0.66025287
2015-10-12,URRA1,Caribe,72.72,269080000.0,449500000.0,59.862068965517246,26.837982,0.26180267,-0.085437775,1010.7703,23.768402,2.47,0.024676323,0.07426739,0.00071525574,0.48885137,0.27539107
2015-10-13,URRA1,Caribe,74.67,547840000.0,449500000.0,121.87764182424915,26.425262,-0.17378998,0.3568344,1010.97577,23.66977,2.47,0.3502369,0.08755922,0.009715557,0.49915916,0.3969052
2015-10-14,URRA1,Caribe,75.76,428060000.0,449500000.0,95.23025583982202,25.63144,0.53321457,0.470253,1010.89453,23.598877,2.47,0.3694296,0.19323826,0.02783537,0.5032624,0.71095407
2015-10-15,URRA1,Caribe,76.92999999999999,439080000.0,449500000.0,97.68186874304784,25.57785,0.17422867,0.056785583,1009.7633,23.451233,2.47,1.2774467,0.7005632,0.13929605,0.49648616,0.1832491
2015-10-16,URRA1,Caribe,79.66,663540000.0,449500000.0,147.61735261401557,25.795074,0.70529175,0.6200485,1009.8164,23.63971,2.47,1.2619495,0.56415796,0.115573406,0.49851167,0.93909353
2015-10-17,URRA1,Caribe,81.05,502120000.0,449500000.0,111.706340378198,26.715424,-0.10161209,0.18645096,1010.6353,23.633942,2.47,0.13625622,0.4605055,0.003695488,0.49222627,0.21234165
2015-10-18,URRA1,Caribe,83.96000000000001,708120000.0,449500000.0,157.53503893214682,26.867767,-0.21878815,0.16885757,1012.0361,23.700623,2.47,0.30052662,0.4351139,0.010311604,0.50074214,0.27637136
2015-10-19,URRA1,Caribe,84.42,513940000.0,449500000.0,114.33592880978864,27.042938,-0.2908821,0.06663513,1011.71594,23.789948,2.47,0.114798546,0.351727,0.0030398369,0.48801866,0.29841688
2015-10-20,URRA1,Caribe,84.48,487640000.0,449500000.0,108.48498331479422,27.638275,0.32832718,-0.14113235,1010.2422,23.848755,2.47,0.0385046,0.30773878,0.0011920929,0.48887765,0.35737526
2015-10-21,URRA1,Caribe,85.77,553710000.0,449500000.0,123.18353726362623,26.117096,0.51055527,0.468647,1010.64294,23.82138,2.47,0.32794476,0.28043985,0.0073313713,0.49648207,0.6930344
2015-10-22,URRA1,Caribe,86.03,443490000.0,449500000.0,98.66295884315906,27.66098,0.4837494,-0.043117523,1010.27563,23.6846,2.47,0.0371933,0.24712086,0.000834465,0.49145284,0.48566714
2015-10-23,URRA1,Caribe,86.94,490940000.0,449500000.0,109.21913236929925,27.154816,0.52589035,0.45767593,1009.66077,23.564789,2.47,0.14579296,0.2310276,0.0044703484,0.49867427,0.697157
2015-10-24,URRA1,Caribe,87.27000000000001,388930000.0,449500000.0,86.5250278086763,25.815765,0.4057274,0.8712654,1010.79767,23.540833,2.47,0.21731853,0.21827221,0.006020069,0.49578768,0.96110255
2015-10-25,URRA1,Caribe,87.46000000000001,381820000.0,449500000.0,84.94327030033371,26.319122,-0.09888458,0.29067612,1010.7678,23.616608,2.47,0.19216537,0.24241209,0.041425228,0.49775523,0.30703545
2015-10-26,URRA1,Caribe,86.58,340060000.0,449500000.0,75.65294771968854,25.695038,0.48672485,0.08340454,1011.2477,23.533173,2.47,0.18978119,0.19311905,0.0030994415,0.4963501,0.4938192
2015-10-27,URRA1,Caribe,87.33999999999999,557440000.0,449500000.0,124.01334816462736,25.690277,-0.03320694,0.10926056,1012.4998,23.533234,2.47,0.43118,0.22947788,0.047147274,0.5000713,0.11419532
2015-10-28,URRA1,Caribe,87.14,397660000.0,449500000.0,88.46718576195774,25.991364,0.45320892,0.06869507,1012.04565,23.486542,2.47,0.48291683,0.20194054,0.02193451,0.4904099,0.4583856
2015-10-29,URRA1,Caribe,86.65,399440000.0,449500000.0,88.86318131256952,26.451569,0.26851273,0.16857147,1011.39685,23.519012,2.47,0.04684925,0.1693964,0.0012516975,0.49440134,0.31704167
2015-10-30,URRA1,Caribe,87.48,449150000.0,449500000.0,99.92213570634036,26.261627,0.03504181,0.12657166,1011.1994,23.710754,2.47,0.24104118,0.1680851,0.005722046,0.4950719,0.13133283
2015-10-31,URRA1,Caribe,88.31,335290000.0,449500000.0,74.59176863181312,26.395538,0.35216904,0.15742111,1011.1389,23.69986,2.47,0.06258488,0.15848875,0.0014007092,0.49606165,0.38575175
2015-11-01,URRA1,Caribe,89.07000000000001,322910000.0,403730000.0,79.98167091868328,25.952118,1.6029892,0.58161545,1011.0513,23.824982,2.64,0.995636,0.34856796,0.19741058,0.48481005,1.7052422
2015-11-02,URRA1,Caribe,89.69,292810000.0,403730000.0,72.52619324796274,25.808075,1.9684906,0.86611557,1011.22485,23.932068,2.64,2.4894476,0.6608367,0.5161762,0.4738769,2.1506073
2015-11-03,URRA1,Caribe,90.66,341100000.0,403730000.0,84.4871572585639,25.679474,-0.10315323,0.24541473,1010.89404,23.78186,2.64,0.02336502,0.13893843,0.00035762787,0.47362977,0.26621228
2015-11-04,URRA1,Caribe,91.81,365770000.0,403730000.0,90.59767666509796,26.291534,0.5193825,0.42578506,1010.4125,23.739044,2.64,0.036597252,0.1334548,0.00071525574,0.49381214,0.6716034
2015-11-05,URRA1,Caribe,92.19,384210000.0,403730000.0,95.16508557699451,25.929352,0.1532669,0.14101791,1011.40857,23.522705,2.64,1.1560917,0.52160025,0.39416552,0.50068897,0.20827097
2015-11-06,URRA1,Caribe,92.13,457970000.0,403730000.0,113.43472122458078,25.93808,0.56655884,0.042160034,1011.4303,23.41092,2.64,0.08499622,0.12511015,0.002026558,0.49827585,0.5681253
2015-11-07,URRA1,Caribe,90.64,392790000.0,403730000.0,97.29026824858197,26.387177,-0.08964157,0.32744598,1010.3731,23.397797,2.64,0.035881996,0.119924545,0.0007748604,0.49054372,0.33949447
2015-11-08,URRA1,Caribe,91.02,496750000.0,403730000.0,123.04015059569517,26.344757,-0.03729248,0.15028,1009.9261,23.605255,2.64,0.20194054,0.12034178,0.004976988,0.49132672,0.15483801
2015-11-09,URRA1,Caribe,90.07,463000000.0,403730000.0,114.68060337354171,25.859772,0.69034195,0.11446762,1010.22046,23.808289,2.64,0.20480156,0.12457371,0.011742115,0.49322546,0.6997677
2015-11-10,URRA1,Caribe,90.2,479650000.0,403730000.0,118.80464666980409,26.401764,0.53580475,0.23209763,1010.21,23.695038,2.64,0.13542175,0.11283159,0.0029206276,0.5010388,0.5839144
2015-11-11,URRA1,Caribe,90.45,448230000.0,403730000.0,111.02221781883932,26.169952,0.75531006,0.6822128,1009.97876,23.743927,2.64,0.04720688,0.10871887,0.0011920929,0.49235404,1.0177954
2015-11-12,URRA1,Caribe,90.84,396170000.0,403730000.0,98.12746142223764,27.339813,0.13262177,0.24217987,1009.3353,23.779083,2.64,0.081300735,0.106692314,0.0011324883,0.48880255,0.27611524
2015-11-13,URRA1,Caribe,91.45,386720000.0,403730000.0,95.78678820003468,27.262115,-0.44224167,-0.0008621216,1008.1844,23.965363,2.64,0.063061714,0.10460615,0.0013113022,0.49155593,0.4422425
2015-11-14,URRA1,Caribe,91.22,384360000.0,403730000.0,95.2022391202041,27.182037,0.23971558,0.31937027,1007.85657,24.02127,2.64,0.052690506,0.102460384,0.0010728836,0.48863962,0.3993256
2015-11-15,URRA1,Caribe,92.28,575060000.0,403730000.0,142.4367770539717,26.613068,0.40976334,0.82668686,1008.71155,23.842438,2.64,0.75495243,0.12767315,0.027656555,0.49668097,0.9226685
2015-11-16,URRA1,Caribe,93.59,731820000.0,403730000.0,181.26470661085375,25.410553,0.3252182,0.08665085,1009.0002,23.715302,2.64,0.9200573,0.27763844,0.1617074,0.5046439,0.3365639
2015-11-17,URRA1,Caribe,96.28,779860000.0,403730000.0,193.163748049439,25.04123,0.38853836,0.27111816,1008.1141,23.968597,2.64,1.3996363,0.2757311,0.12773275,0.4995352,0.47377962
2015-11-18,URRA1,Caribe,95.7,599880000.0,403730000.0,148.58445000371538,24.99411,0.13366318,0.747303,1009.30347,24.205566,2.64,0.49853325,0.24676323,0.02425909,0.5044033,0.7591624
2015-11-19,URRA1,Caribe,94.25,478740000.0,403730000.0,118.579248507666,26.061432,-0.7798996,0.20389557,1009.90204,24.12384,2.64,0.026464462,0.23764372,0.0010430813,0.49211127,0.8061122
2015-11-20,URRA1,Caribe,92.48,438780000.0,403730000.0,108.68154459663636,26.39273,0.38132095,-0.013366699,1008.97675,24.077576,2.64,0.044107437,0.2347827,0.0014901161,0.49122062,0.38155514
2015-11-21,URRA1,Caribe,90.6,425170000.0,403730000.0,105.310479776088,26.664581,0.5341835,0.23497772,1008.3164,24.055786,2.64,0.09274483,0.23013353,0.0021457672,0.4927614,0.5835808
2015-11-22,URRA1,Caribe,89.22,367260000.0,403730000.0,90.96673519431305,26.694977,-0.099243164,0.36886215,1008.4419,24.067596,2.64,0.08368492,0.22131205,0.0015497208,0.4820153,0.3819797
2015-11-23,URRA1,Caribe,88.52,324560000.0,403730000.0,80.39035989398856,26.58902,0.21541595,0.1932602,1009.3664,24.197021,2.64,0.25629997,0.21487474,0.005990267,0.49484664,0.28940204
2015-11-24,URRA1,Caribe,88.06,306930000.0,403730000.0,76.02358011542367,26.253876,0.15960693,0.46764755,1009.0694,24.491516,2.64,0.17344952,0.20486116,0.0075101852,0.4946347,0.4941342
2015-11-25,URRA1,Caribe,87.66000000000001,284380000.0,403730000.0,70.43816411958487,26.784576,0.35214233,0.15966034,1008.8672,24.703644,2.64,0.035881996,0.18835068,0.00071525574,0.49219525,0.38664666
2015-11-26,URRA1,Caribe,87.64,285910000.0,403730000.0,70.81713026032249,27.049347,0.080963135,0.16862106,1009.46594,24.713226,2.64,0.17523766,0.18256903,0.004887581,0.49262118,0.18705104
2015-11-27,URRA1,Caribe,88.09,309870000.0,403730000.0,76.75178956233127,27.001007,0.7729721,0.9468727,1009.36597,24.927338,2.64,0.10955334,0.17130375,0.002861023,0.49404255,1.222315
2015-11-28,URRA1,Caribe,88.38000000000001,287050000.0,403730000.0,71.09949718871523,26.009857,0.64523315,0.2418251,1008.9431,25.123566,2.64,1.8230677,0.5298853,0.26762486,0.49595764,0.6890611
2015-11-29,URRA1,Caribe,88.44,252460000.0,403730000.0,62.531890124588216,26.771149,0.08166504,-0.4504509,1008.33795,25.03128,2.64,0.04541874,0.15366077,0.0011324883,0.48400027,0.45779383
2015-11-30,URRA1,Caribe,88.34,231860000.0,403730000.0,57.42947019047383,27.193024,-0.13872147,-0.91106415,1007.04376,24.80368,2.64,0.066399574,0.14656782,0.0014901161,0.47872934,0.92156476
2015-12-01,URRA1,Caribe,88.26,232780000.0,286980000.0,81.11366645759286,26.272675,-0.051574707,-0.3169899,1008.1256,24.578156,2.75,0.395298,0.16152859,0.023424625,0.50666887,0.32115814
2015-12-02,URRA1,Caribe,88.09,220510000.0,286980000.0,76.8381071851697,27.272675,-0.44363785,-0.2591362,1007.9872,24.620941,2.75,0.055789948,0.13512373,0.0014305115,0.49101567,0.5137763
2015-12-03,URRA1,Caribe,87.92999999999999,222870000.0,286980000.0,77.66046414384277,26.811005,0.09054947,0.23778534,1010.0789,24.81186,2.75,0.41651726,0.13822317,0.009059906,0.49026278,0.25444266
2015-12-04,URRA1,Caribe,89.42,457020000.0,286980000.0,159.25151578507212,25.764374,-0.43751907,0.32239532,1011.4324,24.877045,2.75,0.028967857,0.12612343,0.0009536743,0.49578822,0.5434719
2015-12-05,URRA1,Caribe,89.77000000000001,294010000.0,286980000.0,102.4496480590982,27.204926,-0.17061234,0.09397125,1011.04156,25.11905,2.75,0.7162094,0.13500452,0.014066696,0.48818246,0.19477978
2015-12-06,URRA1,Caribe,89.91,263810000.0,286980000.0,91.92626663879015,27.133026,-0.17537689,-0.13298035,1009.60986,25.208649,2.75,0.050663948,0.11712313,0.0005662441,0.48753163,0.22009277
2015-12-07,URRA1,Caribe,90.45,321310000.0,286980000.0,111.96250609798592,27.02945,0.52788925,0.41342163,1008.64014,25.440033,2.75,0.058174133,0.114023685,0.0015497208,0.5037409,0.67051065
2015-12-08,URRA1,Caribe,90.86,301000000.0,286980000.0,104.88535786465955,26.73941,0.27700424,0.5063629,1009.07263,25.424072,2.75,0.13840199,0.111699104,0.0029802322,0.49387684,0.5771783
2015-12-09,URRA1,Caribe,90.97,260020000.0,286980000.0,90.60561711617534,26.405426,0.33929062,-0.051136017,1010.46686,25.436584,2.75,0.1591444,0.108361244,0.002503395,0.49494055,0.34312245
2015-12-10,URRA1,Caribe,90.95,240020000.0,286980000.0,83.63649034775943,27.291718,0.06826401,-0.08166504,1010.13873,25.28241,2.75,0.0150203705,0.10371208,0.00047683716,0.48430282,0.106438495
2015-12-11,URRA1,Caribe,90.8,221640000.0,286980000.0,77.23186284758519,27.011505,-0.42049026,-0.108181,1009.5042,25.360992,2.75,0.048041344,0.10108948,0.0008940697,0.4840414,0.43418336
2015-12-12,URRA1,Caribe,90.6,214210000.0,286980000.0,74.64283225311868,26.806,0.037086487,-0.37534332,1008.9542,25.35086,2.75,0.08952618,0.09918213,0.0015497208,0.476787,0.37717107
2015-12-13,URRA1,Caribe,90.31,201830000.0,286980000.0,70.32894278346923,26.817902,0.74910736,0.26760864,1008.8192,25.355042,2.75,0.10406971,0.09995699,0.004887581,0.47711292,0.7954723
2015-12-14,URRA1,Caribe,89.91,187510000.0,286980000.0,65.33904801728343,26.755096,0.9523659,0.13457489,1009.22034,25.265015,2.75,0.057816505,0.09340048,0.0008940697,0.47663143,0.961827
2015-12-15,URRA1,Caribe,89.52,187050000.0,286980000.0,65.17875810160987,26.06955,0.24911499,0.07417297,1009.40015,25.148285,2.75,0.052332878,0.091314316,0.0009536743,0.4890686,0.2599229
2015-12-16,URRA1,Caribe,90.03999999999999,337980000.0,286980000.0,117.7712732594606,26.398224,-0.32281113,-0.23400116,1008.94904,25.123627,2.75,0.04839897,0.08952618,0.0017285347,0.48277086,0.39870235
2015-12-17,URRA1,Caribe,91.73,485180000.0,286980000.0,169.06404627500174,26.312836,-0.35321426,0.092414856,1007.6358,25.247925,2.75,0.03886223,0.08779764,0.0026226044,0.47504005,0.36510387
2015-12-18,URRA1,Caribe,94.18,592290000.0,286980000.0,206.3872046832532,26.729706,-0.019397736,0.27146912,1008.53436,25.213165,2.75,0.11539459,0.09274483,0.01013279,0.49350455,0.27216125
2015-12-19,URRA1,Caribe,95.51,498410000.0,286980000.0,173.67412363230886,26.984833,-0.67051315,-0.15483093,1009.2966,25.180267,2.75,0.70369244,0.09447336,0.014364719,0.50057065,0.6881573
2015-12-20,URRA1,Caribe,94.77,385340000.0,286980000.0,134.27416544706946,27.87204,-0.18727493,0.069057465,1009.1261,25.178833,2.75,0.04673004,0.07891655,0.0011920929,0.49059469,0.1996017
2015-12-21,URRA1,Caribe,93.56,324160000.0,286980000.0,112.95560666248518,27.444427,0.09365845,-0.2516861,1008.2525,25.444,2.75,0.043988228,0.07665157,0.0010728836,0.48596278,0.26854756
2015-12-22,URRA1,Caribe,92.1,292700000.0,286980000.0,101.99317025576696,27.447357,0.017662048,0.21179199,1007.1903,25.506805,2.75,0.053286552,0.075638294,0.0015497208,0.4852563,0.21252717
2015-12-23,URRA1,Caribe,91.43,236310000.0,286980000.0,82.34371733221828,27.62912,0.1781044,0.14762497,1007.1978,25.399872,2.75,0.032305717,0.07247925,0.0005364418,0.47288567,0.2313316
2015-12-24,URRA1,Caribe,91.1,208250000.0,286980000.0,72.56603247613074,27.759552,0.2344284,-0.035438538,1007.8705,25.260406,2.75,0.054597855,0.07092953,0.0009536743,0.46593323,0.2370919
2015-12-25,URRA1,Caribe,90.77,196220000.0,286980000.0,68.37410272492856,27.755096,-0.17508698,0.11126709,1007.9675,25.205902,2.75,0.042676926,0.06937981,0.0011920929,0.45988175,0.20745075
2015-12-26,URRA1,Caribe,90.33,181090000.0,286980000.0,63.10195832462192,27.780548,0.003200531,-0.076221466,1006.95514,25.322815,2.75,0.005722046,0.06604195,0.0,0.4486979,0.07628863
2015-12-27,URRA1,Caribe,89.84,173060000.0,286980000.0,60.303853927102935,27.545013,0.34986496,-0.38677597,1006.02814,25.357117,2.75,0.00500679,0.06401539,0.00017881393,0.43630192,0.5215373
2015-12-28,URRA1,Caribe,89.28,164410000.0,286980000.0,57.28970659976304,27.960358,0.3651352,-0.45326233,1006.9275,25.344849,2.75,0.06067753,0.0628829,0.0009536743,0.43180686,0.5820399
2015-12-29,URRA1,Caribe,88.66000000000001,156000000.0,286980000.0,54.35918879364415,27.910492,0.47896194,-0.30226135,1009.6245,25.312408,2.75,0.06043911,0.061035156,0.001013279,0.42604715,0.5663625
2015-12-30,URRA1,Caribe,88.0,150570000.0,286980000.0,52.46707087601924,28.079071,-0.27620697,-0.43738174,1009.7006,25.292084,2.75,0.02670288,0.058710575,0.00035762787,0.41909692,0.517294
2015-12-31,URRA1,Caribe,87.32,148730000.0,286980000.0,51.82591121332497,27.93509,0.29327393,-0.26464462,1007.54706,25.20758,2.75,0.028729439,0.056922436,0.00047683716,0.41797066,0.39502704
2016-01-01,URRA1,Caribe,86.98,167590000.0,168170000.0,99.65511089968484,27.746552,0.3778,0.10604477,1007.58844,25.086792,2.63,0.16951561,0.058948994,0.0040233135,0.45785505,0.3924007
2016-01-02,URRA1,Caribe,86.83999999999999,196630000.0,168170000.0,116.92335137063684,26.742584,0.12615204,0.21152878,1009.5136,25.238556,2.63,0.2348423,0.058472157,0.0053048134,0.46733922,0.24629
2016-01-03,URRA1,Caribe,86.42,156560000.0,168170000.0,93.09627162989833,27.426788,0.05145645,-0.30594635,1009.3267,25.177307,2.63,0.059247017,0.05376339,0.00166893,0.4692192,0.31024334
2016-01-04,URRA1,Caribe,86.03,161450000.0,168170000.0,96.004043527383,26.411346,0.23916626,0.25510406,1010.04767,25.286957,2.63,0.14662743,0.060021877,0.00846386,0.4768899,0.34968355
2016-01-05,URRA1,Caribe,85.56,150800000.0,168170000.0,89.6711660819409,26.690338,0.55090714,-0.28919983,1011.6355,25.44815,2.63,0.33462048,0.055372715,0.006377697,0.48767084,0.6222019
2016-01-06,URRA1,Caribe,85.28,177070000.0,168170000.0,105.2922637806981,26.40622,0.6744995,-0.08579254,1012.1887,25.573517,2.63,0.18131733,0.055730343,0.0073611736,0.47732174,0.6799338
2016-01-07,URRA1,Caribe,84.85000000000001,157830000.0,168170000.0,93.85145983231254,26.703094,0.864418,-0.5556183,1011.1855,25.490967,2.63,0.14638901,0.04953146,0.0016987324,0.47554395,1.0275847
2016-01-08,URRA1,Caribe,84.38,149730000.0,168170000.0,89.03490515549741,27.635895,0.4054451,-0.92240906,1010.6847,25.438751,2.63,0.09405613,0.048696995,0.0016391277,0.48239282,1.0075834
2016-01-09,URRA1,Caribe,84.17999999999999,134690000.0,168170000.0,80.09157400249747,26.988434,0.6022148,-0.63285065,1010.09985,25.353241,2.63,0.06437302,0.047266483,0.0012218952,0.4757805,0.8735918
2016-01-10,URRA1,Caribe,83.91,122920000.0,168170000.0,73.0927038116192,26.46811,1.1212158,-0.8628998,1010.8322,25.243256,2.63,0.06437302,0.045478344,0.0008940697,0.46889094,1.4148219
2016-01-11,URRA1,Caribe,83.65,126160000.0,168170000.0,75.01932568234525,26.542328,0.3074112,-0.23017883,1012.475,25.105896,2.63,0.055909157,0.04440546,0.00059604645,0.47090012,0.3840364
2016-01-12,URRA1,Caribe,83.24000000000001,117930000.0,168170000.0,70.12546827614914,26.023102,0.9671173,-0.60489273,1011.7936,25.100922,2.63,0.030517578,0.043570995,0.0008940697,0.45914033,1.1407064
2016-01-13,URRA1,Caribe,82.93,134130000.0,168170000.0,79.7585776297794,26.491486,0.705883,-0.31267548,1011.9469,25.182007,2.63,0.030517578,0.04208088,0.0005662441,0.4530759,0.77203417
2016-01-14,URRA1,Caribe,82.50999999999999,118490000.0,168170000.0,70.45846464886722,26.570892,0.84456635,-0.36141586,1011.90796,25.415314,2.63,0.05030632,0.04094839,0.00059604645,0.444215,0.91864777
2016-01-15,URRA1,Caribe,82.02000000000001,110540000.0,168170000.0,65.73110542903015,26.49826,-0.014518738,-0.7143173,1009.83704,25.387085,2.63,0.016093254,0.03951788,0.00023841858,0.4341331,0.7144649
2016-01-16,URRA1,Caribe,81.64,105700000.0,168170000.0,62.85306535053815,27.044281,0.37145615,-0.9357872,1009.6339,25.295258,2.63,0.095009804,0.039458275,0.0013113022,0.42450437,1.0068154
2016-01-17,URRA1,Caribe,81.23,101030000.0,168170000.0,60.07611345662127,27.040314,0.35416794,-0.69063187,1010.59827,25.233551,2.63,0.01859665,0.037312508,0.0005364418,0.4160369,0.77614903
2016-01-18,URRA1,Caribe,80.67,101020000.0,168170000.0,60.070167092822736,26.761017,0.36898804,-1.6814194,1011.3819,25.08255,2.63,0.08535385,0.037431717,0.0009536743,0.41144013,1.7214307
2016-01-19,URRA1,Caribe,80.08999999999999,99450000.0,168170000.0,59.1365879764524,26.73288,-0.17772293,-0.87448883,1012.5105,24.981873,2.63,0.10848045,0.03618002,0.0008940697,0.41594476,0.89236546
2016-01-20,URRA1,Caribe,79.61,94190000.0,168170000.0,56.00880061842184,27.246002,0.0066604614,-0.86073303,1010.8272,25.24408,2.63,0.002861023,0.03415346,0.0,0.40946597,0.8607588
2016-01-21,URRA1,Caribe,78.97999999999999,92840000.0,168170000.0,55.20604150561932,27.213593,0.85370636,-0.39525223,1010.6678,25.601532,2.63,0.018239021,0.033318996,0.00023841858,0.4027112,0.940765
2016-01-22,URRA1,Caribe,78.41,90920000.0,168170000.0,54.06433965630018,27.4487,0.86847305,-0.5236435,1010.15424,25.513763,2.63,0.0063180923,0.032246113,0.00017881393,0.39926723,1.0141243
2016-01-23,URRA1,Caribe,77.89,86980000.0,168170000.0,51.72147231967652,26.480072,0.8163223,-1.6015015,1011.4572,25.569733,2.63,0.074863434,0.03194809,0.000834465,0.39537743,1.7975508
2016-01-24,URRA1,Caribe,77.41,92560000.0,168170000.0,55.03954331926028,25.936249,-0.3045082,-2.0592651,1012.09,25.576447,2.63,0.12922287,0.03170967,0.0012516975,0.41071862,2.0816576
2016-01-25,URRA1,Caribe,76.82,90540000.0,168170000.0,53.83837783195576,26.765656,-0.13516998,-0.7564888,1012.3608,25.822632,2.63,0.0015497208,0.029563904,0.0,0.42536175,0.76847005
2016-01-26,URRA1,Caribe,76.19,84210000.0,168170000.0,50.07432954748171,27.243011,0.7206764,-0.39219666,1011.4186,26.016205,2.63,0.020503998,0.029027462,0.00035762787,0.4037721,0.8204832
2016-01-27,URRA1,Caribe,75.53999999999999,83570000.0,168170000.0,49.69376226437534,27.597809,0.7067108,-0.31866074,1009.7562,25.94168,2.63,0.0035762787,0.02771616,0.00011920929,0.38827962,0.7752321
2016-01-28,URRA1,Caribe,74.89,81590000.0,168170000.0,48.516382232264974,26.890472,0.7219925,-0.588974,1011.062,25.889282,2.63,0.031352043,0.027418137,0.00059604645,0.3785627,0.9317529
2016-01-29,URRA1,Caribe,74.22999999999999,82330000.0,168170000.0,48.95641315335672,27.117218,0.6214943,-1.0551414,1011.8869,25.9346,2.63,0.06699562,0.026583672,0.0005364418,0.37292197,1.2245728
2016-01-30,URRA1,Caribe,73.61999999999999,77840000.0,168170000.0,46.28649580781352,27.181976,0.29369354,-1.6056061,1012.0783,25.941986,2.63,0.046253204,0.025749207,0.0005364418,0.37480828,1.6322459
2016-01-31,URRA1,Caribe,73.03,74080000.0,168170000.0,44.05066301956354,26.171967,1.067749,-0.7140846,1011.86127,26.103546,2.63,0.049233437,0.025451183,0.0008940697,0.3793288,1.2845252
2016-02-01,URRA1,Caribe,72.32,74310000.0,124720000.0,59.581462475946125,27.552277,0.6111984,-0.3806305,1010.4839,26.035736,2.28,0.0038146973,0.023722649,0.00011920929,0.3789965,0.72002995
2016-02-02,URRA1,Caribe,71.58,71110000.0,124720000.0,57.0157152020526,27.008514,0.73636246,-0.37874603,1009.97205,26.093964,2.28,0.058054924,0.023901463,0.0009536743,0.3663409,0.82805693
2016-02-03,URRA1,Caribe,70.85000000000001,72640000.0,124720000.0,58.24246311738294,27.657867,0.829998,-0.5542259,1009.96783,26.205261,2.28,0.74625015,0.029861927,0.0074207783,0.35785207,0.9980296
2016-02-04,URRA1,Caribe,70.07,68580000.0,124720000.0,54.98717126363053,27.4581,1.5865822,-0.93528366,1010.4288,26.23993,2.28,0.069737434,0.022053719,0.00047683716,0.35574186,1.8417379
2016-02-05,URRA1,Caribe,69.39,83140000.0,124720000.0,66.66132135984606,27.169586,1.0000381,-1.043438,1011.5595,26.347687,2.28,0.025749207,0.021159649,0.00029802322,0.35288927,1.4452816
2016-02-06,URRA1,Caribe,68.66,72520000.0,124720000.0,58.146247594611935,27.64383,0.13467789,-1.2458801,1010.4342,26.161743,2.28,0.002026558,0.020325184,0.0,0.34593678,1.2531382
2016-02-07,URRA1,Caribe,67.92,71090000.0,124720000.0,56.999679281590765,27.661346,1.0117645,-2.12463,1010.5386,25.956879,2.28,0.033020973,0.020086765,0.0004172325,0.33928537,2.353236
2016-02-08,URRA1,Caribe,67.22,84780000.0,124720000.0,67.97626683771648,27.609161,0.024459839,-1.4411354,1010.04016,25.805664,2.28,0.015974045,0.019133091,0.00011920929,0.33451375,1.441343
2016-02-09,URRA1,Caribe,66.72,110420000.0,124720000.0,88.53431686978833,27.44748,0.8466263,-1.6103592,1010.8102,25.766998,2.28,0.12898445,0.019311905,0.0008940697,0.34982443,1.8193495
2016-02-10,URRA1,Caribe,66.14,105570000.0,124720000.0,84.64560615779347,27.216278,0.8056717,-1.4698563,1011.20264,25.94867,2.28,0.09286404,0.019013882,0.001013279,0.39083415,1.6761814
2016-02-11,URRA1,Caribe,65.63,117110000.0,124720000.0,93.89833226427196,27.918793,0.21212769,-0.627388,1010.58844,26.208069,2.28,0.05686283,0.017940998,0.00059604645,0.39336246,0.66227925
2016-02-12,URRA1,Caribe,65.07,105730000.0,124720000.0,84.77389352148813,28.040741,1.0548782,-0.2790146,1010.1244,26.436737,2.28,0.029206276,0.017166138,0.00029802322,0.38173696,1.0911541
2016-02-13,URRA1,Caribe,64.48,87420000.0,124720000.0,70.09300833867864,27.726044,1.5611763,-0.6646004,1009.73157,26.458984,2.28,0.011205673,0.016570091,0.00020861626,0.37528995,1.6967512
2016-02-14,URRA1,Caribe,63.93,81910000.0,124720000.0,65.67511225144324,28.272247,0.68597794,-0.8346939,1007.7114,26.479095,2.28,0.008940697,0.016152859,5.9604645e-05,0.36483443,1.0804071
2016-02-15,URRA1,Caribe,63.17,82100000.0,124720000.0,65.82745349583065,28.625946,0.64087296,-0.406456,1006.52014,26.468842,2.28,0.023007393,0.01579523,0.00035762787,0.35061562,0.758897
2016-02-16,URRA1,Caribe,62.38,76110000.0,124720000.0,61.02469531751122,28.631561,1.6122704,-0.9229393,1006.3739,26.581696,2.28,0.029325485,0.015258789,0.00017881393,0.33934137,1.8577493
2016-02-17,URRA1,Caribe,61.59,75500000.0,124720000.0,60.53559974342527,28.41507,0.9638138,-0.830616,1009.1064,26.91803,2.28,0.0218153,0.014960766,0.00017881393,0.33325177,1.2723444
2016-02-18,URRA1,Caribe,60.77,72640000.0,124720000.0,58.24246311738294,27.861237,1.0026436,-0.9586792,1009.33435,26.846802,2.28,0.051259995,0.014483929,0.0003874302,0.33794877,1.387213
2016-02-19,URRA1,Caribe,60.17,71310000.0,124720000.0,57.17607440667094,28.82431,0.43833542,-0.6628876,1008.70703,26.582214,2.28,0.041246414,0.01424551,0.00011920929,0.34327942,0.79470617
2016-02-20,URRA1,Caribe,59.45,70980000.0,124720000.0,56.91148171905067,28.917023,1.2512932,-1.2041359,1007.637,26.357391,2.28,0.007987022,0.013411045,5.9604645e-05,0.33411542,1.7365707
2016-02-21,URRA1,Caribe,58.84,71550000.0,124720000.0,57.36850545221296,27.807526,1.7165565,-0.6744423,1007.8614,26.259918,2.28,0.0052452087,0.012934208,0.0,0.32740292,1.844299
2016-02-22,URRA1,Caribe,57.99,65420000.0,124720000.0,52.45349583066068,27.81015,0.9654312,-0.5341873,1008.3283,26.373077,2.28,0.007033348,0.012874603,0.00011920929,0.32340515,1.1033647
2016-02-23,URRA1,Caribe,57.16,70270000.0,124720000.0,56.342206542655546,28.32779,0.8281555,-0.512146,1008.5598,26.499786,2.28,0.056624413,0.012695789,0.00047683716,0.31727627,0.9737223
2016-02-24,URRA1,Caribe,56.27,65410000.0,124720000.0,52.44547787042976,28.370514,1.1348343,-0.417984,1009.71045,26.448883,2.28,0.027775764,0.011980534,0.00023841858,0.3150832,1.2093632
2016-02-25,URRA1,Caribe,55.38999999999999,67670000.0,124720000.0,54.25753688261706,27.61905,0.980793,-0.8579216,1011.3475,26.414734,2.28,0.054478645,0.011861324,0.0004172325,0.34043455,1.3030673
2016-02-26,URRA1,Caribe,54.64,86760000.0,124720000.0,69.5638229634381,26.6503,1.5934486,-0.86447525,1011.1886,26.598297,2.28,0.1988411,0.01347065,0.0022053719,0.40723175,1.812842
2016-02-27,URRA1,Caribe,53.85,64860000.0,124720000.0,52.00449005772931,27.664703,1.4068031,-1.110981,1010.0159,26.588135,2.28,0.022530556,0.011444092,0.00023841858,0.4043039,1.7925886
2016-02-28,URRA1,Caribe,53.2,70910000.0,124720000.0,56.85535599743425,27.30832,1.2322311,-0.84456253,1010.34845,26.386505,2.28,0.054955482,0.011205673,0.00047683716,0.38671038,1.4938806
2016-02-29,URRA1,Caribe,52.35999999999999,72820000.0,124720000.0,58.386786401539446,27.447357,1.8501167,-0.9864311,1011.113,26.146881,2.28,0.014066696,0.010728836,0.00017881393,0.3793619,2.096659
2016-03-01,URRA1,Caribe,51.33,69720000.0,139510000.0,49.97491219267436,27.422333,1.637455,-0.7075348,1011.4398,25.881378,1.71,0.08392334,0.010848045,0.0007748604,0.37178576,1.7837781
2016-03-02,URRA1,Caribe,50.28,66050000.0,139510000.0,47.34427639595728,27.976593,1.1289902,-0.28995514,1011.34204,25.492126,1.71,0.013232231,0.009953976,0.00011920929,0.36224097,1.1656299
2016-03-03,URRA1,Caribe,49.18,60670000.0,139510000.0,43.487922012758936,27.947968,1.6049576,-0.91851044,1010.10126,25.700012,1.71,0.07104874,0.0104904175,0.0007748604,0.36548167,1.8492026
2016-03-04,URRA1,Caribe,48.11,61660000.0,139510000.0,44.19754856282704,28.528168,2.1104088,-0.22940826,1010.8845,26.162506,1.71,0.05507469,0.009894371,0.0005364418,0.3664665,2.122841
2016-03-05,URRA1,Caribe,47.19,62810000.0,139510000.0,45.02186223209806,27.721466,1.6455345,-0.5083084,1011.6303,26.154755,1.71,0.06759167,0.0094771385,0.00035762787,0.35869214,1.7222548
2016-03-06,URRA1,Caribe,46.34,60800000.0,139510000.0,43.581105297111314,28.04013,1.5284462,-1.1598396,1013.202,26.208954,1.71,0.06735325,0.009357929,0.0005364418,0.3670643,1.9186912
2016-03-07,URRA1,Caribe,45.2,55580000.0,139510000.0,39.839438033115904,27.975311,1.0152283,-0.89117813,1013.5145,26.635895,1.71,0.0042915344,0.008761883,0.0,0.35860774,1.3508837
2016-03-08,URRA1,Caribe,44.04,59500000.0,139510000.0,42.64927245358756,27.845978,0.5502243,-1.0978813,1012.40955,26.91867,1.71,0.0009536743,0.008583069,0.0,0.34360987,1.2280432
2016-03-09,URRA1,Caribe,42.86,50470000.0,139510000.0,36.176618163572506,28.434662,0.5552521,-0.81791687,1010.58813,27.249054,1.71,0.0060796738,0.008523464,0.00011920929,0.33162674,0.98858124
2016-03-10,URRA1,Caribe,41.870000000000005,59600000.0,139510000.0,42.720951903089386,28.804657,1.0609627,-0.4123726,1011.45844,27.610687,1.71,0.015377998,0.008225441,0.00017881393,0.32349175,1.138285
2016-03-11,URRA1,Caribe,40.78,41660000.0,139510000.0,29.861658662461476,29.10495,0.87350845,-0.75432205,1011.2392,27.444672,1.71,0.0042915344,0.007867813,0.00011920929,0.31683424,1.1541312
2016-03-12,URRA1,Caribe,39.78,45470000.0,139510000.0,32.59264568848111,29.186798,1.558506,-0.7347946,1011.07623,27.032043,1.71,0.0035762787,0.0078082085,0.00011920929,0.30721006,1.7230393
2016-03-13,URRA1,Caribe,38.89,45840000.0,139510000.0,32.85785965163788,28.480621,1.5503092,-0.89250565,1011.4903,27.006317,1.71,0.0021457672,0.0070929527,0.0,0.29815856,1.7888613
2016-03-14,URRA1,Caribe,37.75,44800000.0,139510000.0,32.112393376818865,27.668365,1.091919,-1.2395782,1012.42377,27.194305,1.71,0.00023841858,0.0072717667,0.0,0.29405457,1.6519204
2016-03-15,URRA1,Caribe,36.6,45890000.0,139510000.0,32.89369937638879,28.445099,0.8917122,-1.2592812,1011.1956,27.226532,1.71,0.00023841858,0.006854534,0.0,0.2895924,1.5430294
2016-03-16,URRA1,Caribe,35.42,38490000.0,139510000.0,27.58942011325353,28.415314,1.4531059,-1.102623,1009.97064,26.899567,1.71,0.030994415,0.0070929527,0.00023841858,0.29293448,1.8240873
2016-03-17,URRA1,Caribe,34.27,44190000.0,139510000.0,31.67514873485772,28.437286,1.4738083,-0.38799286,1010.3342,26.838287,1.71,0.056505203,0.0067949295,0.00029802322,0.3085109,1.524024
2016-03-18,URRA1,Caribe,33.1,43340000.0,139510000.0,31.06587341409218,28.080048,0.9470444,0.0074424744,1009.7419,26.760284,1.71,0.052452087,0.0067949295,0.00029802322,0.31656796,0.9470736
2016-03-19,URRA1,Caribe,32.06,44560000.0,139510000.0,31.94036269801448,28.661713,0.4954605,-0.34207153,1008.855,26.652283,1.71,0.010609627,0.006556511,0.00023841858,0.3320897,0.6020748
2016-03-20,URRA1,Caribe,31.15,48470000.0,139510000.0,34.74302917353595,28.12497,1.2556496,-0.34473038,1010.1381,26.53128,1.71,0.039696693,0.0066161156,0.00029802322,0.36310333,1.3021117
2016-03-21,URRA1,Caribe,30.18,40540000.0,139510000.0,29.058848828041,27.862274,1.1201096,-0.6454544,1011.1925,26.449219,1.71,0.2257824,0.007867813,0.0019073486,0.38387632,1.292771
2016-03-22,URRA1,Caribe,29.17,64320000.0,139510000.0,46.10422191957566,28.213348,0.40144348,-0.8801422,1010.9984,26.598755,1.71,0.22184849,0.00834465,0.0024437904,0.43558744,0.9673713
2016-03-23,URRA1,Caribe,28.26,78370000.0,139510000.0,56.17518457458248,28.999298,1.0026817,-0.56425095,1009.78046,26.644989,1.71,0.045776367,0.0062584877,0.00047683716,0.40933806,1.1505432
2016-03-24,URRA1,Caribe,27.35,52360000.0,139510000.0,37.53135975915705,28.54544,1.3418579,-0.50717163,1009.0008,26.762054,1.71,0.026583672,0.005811453,0.00029802322,0.38665387,1.4345055
2016-03-25,URRA1,Caribe,26.37,46280000.0,139510000.0,33.173249229445915,29.371918,0.85461044,-0.64310074,1007.8134,26.496063,1.71,0.0009536743,0.0052452087,0.0,0.36572546,1.0695502
2016-03-26,URRA1,Caribe,25.27,44610000.0,139510000.0,31.976202422765397,29.103058,1.4280357,-0.60245895,1009.0505,26.39856,1.71,0.01001358,0.0052452087,0.00029802322,0.3476078,1.5499171
2016-03-27,URRA1,Caribe,24.21,35470000.0,139510000.0,25.424700738298327,29.11734,1.7579689,-0.086509705,1010.9934,26.502106,1.71,0.056505203,0.0054240227,0.0005364418,0.34044218,1.7600962
2016-03-28,URRA1,Caribe,22.97,37750000.0,139510000.0,27.058992186940007,29.10025,1.4837456,-0.45124435,1011.52325,26.659637,1.71,0.0072717667,0.004887581,0.0,0.34536576,1.5508456
2016-03-29,URRA1,Caribe,21.75,40600000.0,139510000.0,29.10185649774209,28.545074,1.3897476,-1.082058,1010.66455,26.793488,1.71,0.015974045,0.004827976,0.0,0.33860877,1.7613199
2016-03-30,URRA1,Caribe,20.48,38070000.0,139510000.0,27.288366425345856,28.441437,1.6278038,-1.0167389,1010.78796,26.558105,1.71,0.046014786,0.0049471855,0.00017881393,0.3408539,1.9192455
2016-03-31,URRA1,Caribe,19.21,38960000.0,139510000.0,27.92631352591212,27.412933,0.8142967,-0.4089012,1011.8201,26.609802,1.71,0.344038,0.0060796738,0.0019073486,0.35602102,0.91119665
2016-04-01,URRA1,Caribe,17.93,40560000.0,242870000.0,16.700292337464486,28.818329,1.2186089,-0.489933,1011.2583,26.715363,1.05,0.024676323,0.0047683716,0.00035762787,0.35247046,1.3134085
2016-04-02,URRA1,Caribe,16.75,43180000.0,242870000.0,17.77905875571293,28.499115,1.0821419,0.27817917,1011.7972,26.69571,1.05,0.0042915344,0.004529953,0.0,0.344532,1.1173247
2016-04-03,URRA1,Caribe,15.95,60750000.0,242870000.0,25.013381644501177,28.635834,1.1689186,-0.60279465,1011.508,26.637848,1.05,0.032901764,0.0044107437,0.00011920929,0.33147395,1.3151928
2016-04-04,URRA1,Caribe,14.96,50770000.0,242870000.0,20.9041874253716,28.717072,1.1820755,-0.81295776,1011.7358,26.321655,1.05,0.099897385,0.0046491623,0.00035762787,0.32102835,1.4346437
2016-04-05,URRA1,Caribe,14.04,48360000.0,242870000.0,19.91188701774612,28.934784,1.237297,-0.652771,1012.05,26.084625,1.05,0.1938343,0.0047683716,0.0007748604,0.32416722,1.3989332
2016-04-06,URRA1,Caribe,13.08,42830000.0,242870000.0,17.63494873800799,28.009552,0.18861389,-1.0089569,1010.40216,25.81311,1.05,0.05185604,0.0044703484,0.00047683716,0.34845954,1.0264351
2016-04-07,URRA1,Caribe,12.22,55280000.0,242870000.0,22.76114793922675,27.896881,0.8573532,-1.1497154,1009.7525,25.606445,1.05,0.15628338,0.00500679,0.0012516975,0.35690442,1.4341897
2016-04-08,URRA1,Caribe,11.44,64640000.0,242870000.0,26.615061555564708,27.880157,0.87612915,-0.628952,1009.1255,24.902557,1.05,0.09858608,0.0046491623,0.00047683716,0.3703813,1.0785096
2016-04-09,URRA1,Caribe,10.98,83070000.0,242870000.0,34.20348334499938,28.181183,0.46643448,-0.105342865,1009.2539,24.941559,1.05,0.10573864,0.0044107437,0.00071525574,0.37838185,0.47818223
2016-04-10,URRA1,Caribe,12.22,324140000.0,242870000.0,133.46234611108824,27.197235,0.4036293,-0.2574997,1009.96185,25.484161,1.05,1.0045767,0.017940998,0.014126301,0.4232271,0.4787721
2016-04-11,URRA1,Caribe,13.0,256050000.0,242870000.0,105.42677152386052,26.807892,1.0180092,-0.1462822,1010.8777,24.44693,1.05,0.15258789,0.005364418,0.00166893,0.45987952,1.0284654
2016-04-12,URRA1,Caribe,14.06,347700000.0,242870000.0,143.16300901716968,26.137848,1.3791542,-0.56179047,1012.5578,24.248505,1.05,0.36907196,0.008106232,0.00423193,0.4701275,1.489186
2016-04-13,URRA1,Caribe,14.8,299950000.0,242870000.0,123.50228517313788,26.687225,0.7506447,-0.42053604,1012.54095,24.115845,1.05,0.026226044,0.003695488,0.00023841858,0.45180845,0.86041737
2016-04-14,URRA1,Caribe,14.35,187520000.0,242870000.0,77.21003005723226,26.54538,0.11022949,-0.74676514,1010.4916,24.071808,1.05,0.05209446,0.003874302,0.00023841858,0.42472118,0.75485677
2016-04-15,URRA1,Caribe,13.58,143320000.0,242870000.0,59.010993535636345,28.108978,0.3544197,-0.88245773,1008.33484,23.941864,1.05,0.04029274,0.003874302,0.00047683716,0.40841523,0.95097053
2016-04-16,URRA1,Caribe,13.4,119470000.0,242870000.0,49.19092518631366,28.621796,0.9704437,-0.46210098,1008.58923,24.228851,1.05,0.20575523,0.0052452087,0.0019073486,0.41654086,1.074848
2016-04-17,URRA1,Caribe,13.18,119090000.0,242870000.0,49.03446288137687,27.368439,0.432415,-0.08689499,1010.21515,24.294983,1.05,0.19395351,0.00500679,0.001847744,0.4565503,0.4410595
2016-04-18,URRA1,Caribe,12.9,105990000.0,242870000.0,43.64063079013464,27.671478,0.18856049,0.057510376,1010.98596,24.086304,1.05,0.14543533,0.0052452087,0.0017881393,0.4778464,0.19713575
2016-04-19,URRA1,Caribe,13.99,300700000.0,242870000.0,123.8110923539342,27.309235,0.26465988,-0.08232498,1010.65814,23.858795,1.05,0.11372566,0.00500679,0.0019073486,0.4871325,0.27716827
2016-04-20,URRA1,Caribe,14.69,242650000.0,242870000.0,99.90941656029976,26.987885,0.23685074,0.28678513,1009.71844,23.631714,1.05,0.7869005,0.08124113,0.077962875,0.48938656,0.3719462
2016-04-21,URRA1,Caribe,15.32,239800000.0,242870000.0,98.73594927327376,27.62082,0.13043213,0.2084961,1009.3784,23.310364,1.05,0.26845932,0.005722046,0.0024437904,0.4856088,0.24593325
2016-04-22,URRA1,Caribe,15.53,180410000.0,242870000.0,74.28253798328323,27.45932,0.124572754,0.19100189,1009.7958,23.12622,1.05,0.09727478,0.004172325,0.000834465,0.48604408,0.22803529
2016-04-23,URRA1,Caribe,16.31,280510000.0,242870000.0,115.49800304689752,26.614838,0.71772003,0.26279068,1010.915,23.066559,1.05,1.9433498,0.4335642,0.43046474,0.5059623,0.76431733
2016-04-24,URRA1,Caribe,17.080000000000002,280640000.0,242870000.0,115.5515296249022,25.176605,1.7041473,1.1783981,1011.6934,23.230743,1.05,1.1172295,0.10293722,0.09870529,0.5059113,2.071893
2016-04-25,URRA1,Caribe,17.01,214390000.0,242870000.0,88.27356198789475,26.03775,0.30818176,0.47215652,1010.1869,23.31546,1.05,0.10943413,0.0047683716,0.0017285347,0.5037172,0.5638331
2016-04-26,URRA1,Caribe,16.66,175930000.0,242870000.0,72.43792975665994,26.966217,0.69984436,-0.15231705,1008.9492,23.44638,1.05,0.039100647,0.0035762787,0.00059604645,0.4938353,0.71622807
2016-04-27,URRA1,Caribe,16.66,229580000.0,242870000.0,94.52793675628938,26.880035,0.7759247,0.04421997,1009.8914,23.461151,1.05,0.35321712,0.00756979,0.0044703484,0.5082805,0.7771837
2016-04-28,URRA1,Caribe,17.39,325430000.0,242870000.0,133.9934944620579,26.822296,0.9517021,0.15736008,1010.9998,23.475006,1.05,0.5773306,0.019550323,0.016570091,0.49983543,0.9646238
2016-04-29,URRA1,Caribe,16.98,239470000.0,242870000.0,98.6000741137234,27.13974,-0.45123672,0.082473755,1010.10565,23.609802,1.05,0.19550323,0.005364418,0.002503395,0.49637875,0.45871177
2016-04-30,URRA1,Caribe,16.8,188830000.0,242870000.0,77.74941326635648,27.251556,0.50239563,-0.038707733,1008.96405,23.690796,1.05,0.027418137,0.00333786,0.00059604645,0.5032197,0.50388455
2016-05-01,URRA1,Caribe,17.22,228400000.0,419600000.0,54.4327931363203,26.443207,0.4974556,0.3733368,1010.03033,24.074768,0.49,0.6481409,0.032782555,0.015199184,0.49930766,0.6219666
2016-05-02,URRA1,Caribe,18.44,373150000.0,419600000.0,88.92993326978075,26.564056,-0.14712143,0.46813202,1011.53357,24.100372,0.49,0.28419495,0.008225441,0.0054240227,0.5014466,0.49070594
2016-05-03,URRA1,Caribe,18.89,264660000.0,419600000.0,63.0743565300286,27.250275,0.52664566,0.06448364,1012.1895,24.18338,0.49,0.081539154,0.0049471855,0.002026558,0.4912187,0.53057873
2016-05-04,URRA1,Caribe,19.85,348050000.0,419600000.0,82.94804575786463,27.513214,-0.55501556,-0.12539673,1011.7703,24.324127,0.49,0.374794,0.15348196,0.15056133,0.49564913,0.56900495
2016-05-05,URRA1,Caribe,20.03,235560000.0,419600000.0,56.139180171592,27.472626,0.3346367,-0.054698944,1010.4519,24.427917,0.49,0.15437603,0.0051259995,0.002503395,0.4894604,0.3390777
2016-05-06,URRA1,Caribe,21.53,418030000.0,419600000.0,99.6258341277407,26.517853,0.5678482,0.49024582,1011.15845,24.27304,0.49,0.1103878,0.005841255,0.0029802322,0.49510053,0.750195
2016-05-07,URRA1,Caribe,23.07,414310000.0,419600000.0,98.73927550047664,26.095734,0.40077972,0.48589706,1011.89044,24.1044,0.49,0.64086914,0.014066696,0.011205673,0.49138054,0.6298574
2016-05-08,URRA1,Caribe,25.39,521690000.0,419600000.0,124.33031458531936,25.288666,0.12857056,-0.34825134,1011.9967,24.142487,0.49,1.2953281,0.22530556,0.17285347,0.50950605,0.37122688
2016-05-09,URRA1,Caribe,27.82,536860000.0,419600000.0,127.94566253574833,26.162567,0.35105896,-0.5989647,1011.875,24.167969,0.49,0.22673607,0.021576881,0.018417835,0.50412333,0.694263
2016-05-10,URRA1,Caribe,34.48,1144660000.0,419600000.0,272.79790276453764,24.58609,-0.12844467,0.5662079,1012.61096,24.27298,0.49,0.31101704,0.011622906,0.00873208,0.50719047,0.580594
2016-05-11,URRA1,Caribe,37.45,624120000.0,419600000.0,148.74165872259294,27.07138,-0.27710342,0.09831238,1012.2003,24.331085,0.49,0.00071525574,0.0030398369,0.0,0.48540193,0.29402658
2016-05-12,URRA1,Caribe,38.23,442120000.0,419600000.0,105.36701620591036,27.644562,-0.03370285,0.073322296,1011.33405,24.225525,0.49,0.02670288,0.0034570694,0.00071525574,0.48773482,0.080697216
2016-05-13,URRA1,Caribe,38.45,362050000.0,419600000.0,86.28455672068637,28.136383,-0.19720459,0.009807587,1010.0158,24.10492,0.49,0.034451485,0.003516674,0.00071525574,0.49003893,0.19744831
2016-05-14,URRA1,Caribe,38.74,366290000.0,419600000.0,87.2950428979981,26.631256,0.2633438,0.5209274,1009.90985,23.943573,0.49,0.27370453,0.029623508,0.011533499,0.49762237,0.5837083
2016-05-15,URRA1,Caribe,38.59,302490000.0,419600000.0,72.09008579599619,27.795135,0.9542694,0.5358124,1010.15656,23.909454,0.49,0.09346008,0.0072717667,0.0046491623,0.48187605,1.0944062
2016-05-16,URRA1,Caribe,38.24,285510000.0,419600000.0,68.04337464251668,27.726166,0.3461609,-0.18201828,1010.09796,23.619202,0.49,0.48482418,0.011205673,0.008106232,0.48402533,0.39109847
2016-05-17,URRA1,Caribe,38.04,306660000.0,419600000.0,73.08388941849381,27.990204,0.13519287,-0.21960068,1010.7067,23.211212,0.49,0.08225441,0.0044107437,0.0013709068,0.48462766,0.257879
2016-05-18,URRA1,Caribe,38.52,268860000.0,419600000.0,64.07530981887511,26.761444,1.0537872,0.8682747,1010.8203,23.039642,0.49,0.33271313,0.009655952,0.0067949295,0.48940516,1.3654188
2016-05-19,URRA1,Caribe,38.75,229420000.0,419600000.0,54.67588179218304,27.691803,-0.46205902,0.1597023,1010.1742,22.788818,0.49,0.035643578,0.0046491623,0.00166893,0.48631525,0.4888797
2016-05-20,URRA1,Caribe,38.58,216450000.0,419600000.0,51.58484270734033,27.701569,0.6803398,-0.020122528,1010.1827,22.720276,0.49,1.524806,0.32556057,0.32269955,0.4958955,0.68063736
2016-05-21,URRA1,Caribe,38.91,311100000.0,419600000.0,74.14204003813155,27.655914,0.6796837,0.50743103,1010.5181,22.682861,0.49,0.48851967,0.014543533,0.011622906,0.49241814,0.84820765
2016-05-22,URRA1,Caribe,40.61,431880000.0,419600000.0,102.92659675881792,28.131683,0.10639572,0.54789734,1009.9258,22.534088,0.49,0.3669262,0.014543533,0.011563301,0.49837264,0.5581322
2016-05-23,URRA1,Caribe,41.67,361310000.0,419600000.0,86.10819828408007,27.88565,0.077812195,-0.18443298,1009.8989,22.651459,0.49,0.39720535,0.009596348,0.0067949295,0.4896601,0.20017558
2016-05-24,URRA1,Caribe,42.55,607780000.0,419600000.0,144.8474737845567,27.423431,0.48249435,0.73695374,1011.9967,22.76593,0.49,0.04851818,0.0035762787,0.0009536743,0.49848735,0.88085276
2016-05-25,URRA1,Caribe,42.16,424970000.0,419600000.0,101.27979027645378,26.913422,0.3630333,-0.24784851,1012.45233,22.836517,0.49,1.4687777,0.31089783,0.3077984,0.49702322,0.4395703
2016-05-26,URRA1,Caribe,42.3,499830000.0,419600000.0,119.12059103908484,26.44748,0.134449,0.08830643,1011.2339,22.579407,0.49,0.0834465,0.0051259995,0.0021457672,0.5043881,0.16085571
2016-05-27,URRA1,Caribe,41.54,372230000.0,419600000.0,88.71067683508103,26.650787,-0.052936554,0.09419632,1010.3706,22.385956,0.49,0.43141842,0.015199184,0.012040138,0.50380456,0.108051956
2016-05-28,URRA1,Caribe,40.61,351490000.0,419600000.0,83.76787416587226,26.705475,0.32175064,0.21961594,1011.54315,22.29129,0.49,0.19860268,0.009655952,0.0064074993,0.5012164,0.38955697
2016-05-29,URRA1,Caribe,43.17,832910000.0,419600000.0,198.5009532888465,25.328766,0.37977982,0.10146713,1013.3784,22.443512,0.49,0.8428097,0.034451485,0.031113625,0.5120968,0.39310086
2016-05-30,URRA1,Caribe,43.13,448660000.0,419600000.0,106.9256434699714,26.45639,-0.055156708,-0.5487938,1011.3711,22.418549,0.49,0.9365082,0.45853853,0.14173985,0.4971193,0.5515586
2016-05-31,URRA1,Caribe,46.63,813270000.0,419600000.0,193.82030505243088,25.981781,0.72182846,0.6264844,1010.40894,22.33554,0.49,0.66411495,0.031471252,0.026881695,0.50298727,0.9557819
2016-06-01,URRA1,Caribe,48.19,618090000.0,475750000.0,129.91907514450867,25.515411,-0.038051605,-0.048934937,1010.72327,22.27069,0.0,0.3119707,0.023543835,0.018298626,0.503222,0.061988328
2016-06-02,URRA1,Caribe,49.84,632060000.0,475750000.0,132.85549132947975,26.068512,0.5520477,0.19086838,1011.6039,22.542084,0.0,0.7259846,0.04196167,0.0346303,0.4984727,0.5841125
2016-06-03,URRA1,Caribe,51.74999999999999,663380000.0,475750000.0,139.43878087230686,25.95816,0.85243607,0.29185104,1012.1227,22.868256,0.0,3.6524534,1.7610788,1.1633635,0.50737953,0.90101296
2016-06-04,URRA1,Caribe,53.03,522860000.0,475750000.0,109.90225959012083,27.013397,-0.15332794,-0.104522705,1010.7569,22.97342,0.0,0.0121593475,0.03129244,0.00035762787,0.48063236,0.18556522
2016-06-05,URRA1,Caribe,52.56,423770000.0,475750000.0,89.07409353652127,27.285309,0.88116455,-0.14310455,1009.4958,22.795563,0.0,0.050902367,0.034987926,0.0010728836,0.47014248,0.8927093
2016-06-06,URRA1,Caribe,52.01,413330000.0,475750000.0,86.87966368891225,27.093597,1.080059,0.9278984,1011.76904,22.669159,0.0,0.1538992,0.038206577,0.0032782555,0.48508492,1.4239112
2016-06-07,URRA1,Caribe,51.05,380000000.0,475750000.0,79.87388334209143,25.938263,0.32745743,0.36297607,1012.5112,22.499512,0.0,0.0,0.035703182,0.0,0.47754145,0.4888558
2016-06-08,URRA1,Caribe,49.78,336070000.0,475750000.0,70.64004203888597,27.333038,0.25416183,0.07609177,1012.69763,22.348053,0.0,0.021457672,0.03671646,0.0006556511,0.47213906,0.26530775
2016-06-09,URRA1,Caribe,49.91,459200000.0,475750000.0,96.52128218602208,26.71579,-0.44116592,0.14240646,1012.8005,22.282715,0.0,0.06484985,0.03772974,0.0013709068,0.49356532,0.4635806
2016-06-10,URRA1,Caribe,51.28,551190000.0,475750000.0,115.8570677877036,25.870575,0.5735283,0.29766846,1013.3705,22.236298,0.0,0.19860268,0.042438507,0.0057816505,0.4992618,0.6461743
2016-06-11,URRA1,Caribe,53.97,726040000.0,475750000.0,152.60956384655805,26.638031,0.22481918,0.07349777,1014.20703,22.266602,0.0,0.036001205,0.037670135,0.000834465,0.4960282,0.2365282
2016-06-12,URRA1,Caribe,55.52,601790000.0,475750000.0,126.49290593799265,26.905487,-0.20986938,-0.049217224,1013.29626,22.48462,0.0,0.0052452087,0.03695488,0.00011920929,0.4900466,0.21556321
2016-06-13,URRA1,Caribe,56.23,461680000.0,475750000.0,97.04256437204414,26.437347,0.45433044,0.27624512,1012.67236,22.857788,0.0,0.40507317,0.061511993,0.024914742,0.4976777,0.5317213
2016-06-14,URRA1,Caribe,55.900000000000006,480600000.0,475750000.0,101.01944298476091,25.140839,0.8172798,0.8236923,1013.54297,22.82428,0.0,0.74768066,0.25594234,0.056773424,0.5028096,1.1603514
2016-06-15,URRA1,Caribe,56.08,550190000.0,475750000.0,115.64687335785602,26.212555,-0.5160866,0.06868744,1013.9986,22.632477,0.0,0.035881996,0.039577484,0.00071525574,0.48936892,0.52063745
2016-06-16,URRA1,Caribe,55.35,419430000.0,475750000.0,88.16184971098265,27.905365,-0.3776207,-0.07674408,1012.59216,22.653503,0.0,0.10550022,0.043928623,0.0034570694,0.48786542,0.38534018
2016-06-17,URRA1,Caribe,54.61,421210000.0,475750000.0,88.5359957961114,27.266876,0.49402618,-0.12102127,1011.2553,22.760223,0.0,0.096559525,0.04339218,0.0015497208,0.47986177,0.5086335
2016-06-18,URRA1,Caribe,53.8,412540000.0,475750000.0,86.71361008933263,26.795746,0.024456024,0.6306267,1011.46826,22.677246,0.0,0.3913641,0.05143881,0.0086426735,0.481173,0.6311007
2016-06-19,URRA1,Caribe,53.97,554280000.0,475750000.0,116.50656857593272,26.054352,0.11716843,-0.014984131,1011.23065,22.717163,0.0,0.087976456,0.04553795,0.0019073486,0.49687007,0.11812267
2016-06-20,URRA1,Caribe,53.84,502990000.0,475750000.0,105.72569626904888,25.69046,0.4442482,0.10139084,1011.2527,22.595612,0.0,0.21338463,0.04929304,0.004887581,0.5000484,0.45567155
2016-06-21,URRA1,Caribe,53.94,537140000.0,475750000.0,112.90383604834471,25.468658,0.18710709,0.4191475,1011.4324,22.502625,0.0,0.11968613,0.05030632,0.005066395,0.4969437,0.4590138
2016-06-22,URRA1,Caribe,54.37,611770000.0,475750000.0,128.5906463478718,26.70578,0.08262634,0.7286148,1011.8975,22.302063,0.0,0.47254562,0.061035156,0.015079975,0.49586374,0.73328483
2016-06-23,URRA1,Caribe,55.65,733480000.0,475750000.0,154.17341040462426,26.617523,-0.090091705,0.42259216,1011.58264,22.151093,0.0,0.07104874,0.050246716,0.0020861626,0.49580145,0.4320887
2016-06-24,URRA1,Caribe,55.95,590310000.0,475750000.0,124.07987388334207,25.607758,0.7996216,0.9096565,1011.3088,21.977692,0.0,0.5284548,0.07903576,0.025391579,0.5009393,1.211144
2016-06-25,URRA1,Caribe,55.84,532840000.0,475750000.0,112.0,26.093048,0.3249588,0.5606346,1011.08545,21.815735,0.0,0.48291683,0.0756979,0.016450882,0.49210238,0.6480042
2016-06-26,URRA1,Caribe,58.91,977330000.0,475750000.0,205.42932212296373,26.500885,-0.12421036,0.2709465,1010.66156,21.823639,0.0,0.6660223,0.08404255,0.022172928,0.49666825,0.29806077
2016-06-27,URRA1,Caribe,58.92,553500000.0,475750000.0,116.3426169206516,27.527985,0.13834381,-0.14470673,1009.2111,22.018524,0.0,0.02360344,0.0641346,0.00059604645,0.49807796,0.20019753
2016-06-28,URRA1,Caribe,57.720000000000006,489930000.0,475750000.0,102.9805570152391,27.725006,0.19230652,0.05218911,1009.35986,22.409576,0.0,0.07224083,0.06681681,0.0017881393,0.49639902,0.1992624
2016-06-29,URRA1,Caribe,56.38,466250000.0,475750000.0,98.00315291644772,27.0914,-0.27073288,-0.31967163,1009.1909,22.64267,0.0,0.30505657,0.0731349,0.0066161156,0.50081396,0.41891077
2016-06-30,URRA1,Caribe,54.46,395620000.0,475750000.0,83.15712033631108,27.127472,0.116542816,0.055233,1009.23706,22.483887,0.0,0.06842613,0.06920099,0.0016093254,0.4951565,0.12896866
2016-07-01,URRA1,Caribe,52.71,415110000.0,483770000.0,85.80730512433594,26.553375,1.2956924,0.4671631,1010.7981,22.154022,-0.31,0.37658215,0.08237362,0.013709068,0.49933663,1.3773382
2016-07-02,URRA1,Caribe,52.68000000000001,492720000.0,483770000.0,101.85005271099902,26.279999,0.89424515,0.3767166,1012.84705,22.423157,-0.31,0.5117655,0.20110607,0.020980835,0.49933302,0.9703555
2016-07-03,URRA1,Caribe,53.28000000000001,552820000.0,483770000.0,114.27331169770758,26.049835,0.6061783,-0.042289734,1013.1133,22.537048,-0.31,0.07688999,0.08773804,0.0017285347,0.49552944,0.60765165
2016-07-04,URRA1,Caribe,54.17,596620000.0,483770000.0,123.32720094259668,26.51352,0.012355804,0.09181976,1012.4125,22.427246,-0.31,0.22733212,0.12934208,0.018954277,0.50359654,0.09264737
2016-07-05,URRA1,Caribe,54.13,630330000.0,483770000.0,130.2953883043595,25.869904,0.9055481,0.6053543,1012.39453,22.347809,-0.31,0.3232956,0.17386675,0.010609627,0.49453673,1.0892526
2016-07-06,URRA1,Caribe,56.18,943390000.0,483770000.0,195.0079583273043,26.682587,-1.3902855,-0.24197769,1011.7764,22.573883,-0.31,0.07414818,0.21576881,0.0025629997,0.4891158,1.4111863
2016-07-07,URRA1,Caribe,56.55,672650000.0,483770000.0,139.0433470450834,27.23288,0.9812584,0.27552795,1010.5808,22.900879,-0.31,0.59711933,0.2630949,0.043809414,0.5009786,1.0192074
2016-07-08,URRA1,Caribe,56.42,587920000.0,483770000.0,121.52882568162558,27.419464,0.8743248,0.50629044,1011.1369,22.846588,-0.31,0.063061714,0.22608042,0.0017285347,0.49545306,1.0103335
2016-07-09,URRA1,Caribe,56.04,475030000.0,483770000.0,98.1933563470244,27.92276,0.32100296,-0.11638641,1010.77734,22.76587,-0.31,0.061631203,0.22953749,0.0011920929,0.48809305,0.34145087
2016-07-10,URRA1,Caribe,55.86,465220000.0,483770000.0,96.1655332079294,27.493744,-0.08856583,0.298481,1010.9338,22.701263,-0.31,0.123381615,0.22637844,0.0030398369,0.48495555,0.31134355
2016-07-11,URRA1,Caribe,55.27,401590000.0,483770000.0,83.0125886268268,27.442963,0.8052826,0.3526268,1011.2523,22.64679,-0.31,0.29921532,0.22172928,0.005185604,0.48044568,0.8791051
2016-07-12,URRA1,Caribe,56.26,528230000.0,483770000.0,109.19031771296277,26.371552,0.64553833,-0.30532455,1010.7283,22.566528,-0.31,0.1821518,0.21183491,0.0030994415,0.48651117,0.7141028
2016-07-13,URRA1,Caribe,57.3,546370000.0,483770000.0,112.94003348698764,26.330719,0.39635086,0.057304382,1011.2686,22.436676,-0.31,0.26655197,0.20754337,0.007212162,0.4936153,0.400472
2016-07-14,URRA1,Caribe,58.08,511060000.0,483770000.0,105.6411104450462,26.819794,1.2663193,0.70183945,1011.60297,22.183502,-0.31,0.05543232,0.19210577,0.0007748604,0.48862723,1.4478062
2016-07-15,URRA1,Caribe,59.21999999999999,563080000.0,483770000.0,116.39415424685284,26.34848,0.56723404,0.13885117,1012.0372,22.207458,-0.31,0.0654459,0.18334389,0.0012516975,0.48624063,0.5839813
2016-07-16,URRA1,Caribe,59.48,504760000.0,483770000.0,104.33883870434298,25.628265,-0.069747925,-0.3478737,1011.5586,22.197662,-0.31,0.2821684,0.17923117,0.00667572,0.49349332,0.35479695
2016-07-17,URRA1,Caribe,59.81,504460000.0,483770000.0,104.27682576430948,26.149017,0.34212494,-0.076740265,1010.89185,22.393707,-0.31,0.09429455,0.17356873,0.009536743,0.4956102,0.35062593
2016-07-18,URRA1,Caribe,60.650000000000006,597610000.0,483770000.0,123.5318436447072,25.969025,0.369339,-0.17391586,1011.8769,22.189026,-0.31,0.48160553,0.16474724,0.009059906,0.49508145,0.4082377
2016-07-19,URRA1,Caribe,60.16,453200000.0,483770000.0,93.68088141058767,26.353851,0.124694824,-0.33984756,1011.80237,22.007477,-0.31,0.104784966,0.151515,0.0035762787,0.4992932,0.3620016
2016-07-20,URRA1,Caribe,60.02,419160000.0,483770000.0,86.64447981478803,26.59671,-0.032253265,-0.46237564,1012.3667,22.154083,-0.31,0.083208084,0.1424551,0.0011920929,0.48988393,0.46349922
2016-07-21,URRA1,Caribe,60.45,447780000.0,483770000.0,92.56051429398268,26.086334,0.29913712,-0.11849594,1011.8631,22.086151,-0.31,0.11909008,0.13780594,0.0024437904,0.49559107,0.32175192
2016-07-22,URRA1,Caribe,60.760000000000005,478810000.0,483770000.0,98.97471939144636,26.351349,0.70303726,0.19114304,1011.9956,21.865295,-0.31,0.13947487,0.13184547,0.0023841858,0.48605007,0.7285582
2016-07-23,URRA1,Caribe,62.41,551940000.0,483770000.0,114.09140707360936,25.506866,0.4879074,0.25873566,1012.34784,21.79242,-0.31,0.7008314,0.14382601,0.019729137,0.496253,0.55226606
2016-07-24,URRA1,Caribe,64.92999999999999,675430000.0,483770000.0,139.61800028939373,25.196686,0.37609482,0.3387184,1011.77185,21.728546,-0.31,0.06878376,0.12111664,0.0009536743,0.49326348,0.5061398
2016-07-25,URRA1,Caribe,66.82000000000001,652810000.0,483770000.0,134.9422246108688,26.425507,-0.5796318,0.012336731,1011.0645,21.696167,-0.31,0.14865398,0.11986494,0.003695488,0.49753547,0.57976305
2016-07-26,URRA1,Caribe,66.43,504370000.0,483770000.0,104.25822188229942,27.447235,0.1398468,-0.6939049,1008.8775,21.498901,-0.31,0.09262562,0.11628866,0.003993511,0.49274516,0.70785666
2016-07-27,URRA1,Caribe,65.09,469840000.0,483770000.0,97.12053248444508,26.25357,0.53814316,1.1292763,1009.3656,21.18457,-0.31,1.0302067,0.14221668,0.0333786,0.49985012,1.2509449
2016-07-28,URRA1,Caribe,64.03,435290000.0,483770000.0,89.97870889058849,25.915436,0.0078086853,0.4629326,1009.82935,20.890411,-0.31,0.048995018,0.10800362,0.0012516975,0.4952578,0.46299845
2016-07-29,URRA1,Caribe,63.0,498780000.0,483770000.0,103.10271409967548,26.517487,0.114089966,0.08540726,1010.20294,20.76358,-0.31,0.50389767,0.1167655,0.012218952,0.49106562,0.14251639
2016-07-30,URRA1,Caribe,62.83,632280000.0,483770000.0,130.69847241457717,25.706024,0.71889496,0.20665741,1010.20514,20.849243,-0.31,0.08666515,0.10359287,0.0015497208,0.49361172,0.74800885
2016-07-31,URRA1,Caribe,61.88,519110000.0,483770000.0,107.30512433594475,26.029816,0.17968369,0.35352325,1009.7424,20.930328,-0.31,0.057458878,0.101327896,0.0012516975,0.49601012,0.39656642
2016-08-01,URRA1,Caribe,61.81,577900000.0,446610000.0,129.3970130538949,26.775848,0.3060379,-0.11908722,1010.1064,21.147858,-0.5,0.10287762,0.10037422,0.0023245811,0.48965105,0.3283915
2016-08-02,URRA1,Caribe,60.73,494560000.0,446610000.0,110.7364367121202,26.753754,1.2121391,0.7644081,1010.88513,21.067139,-0.5,0.07998943,0.09894371,0.0030398369,0.49137247,1.4330391
2016-08-03,URRA1,Caribe,61.08,534570000.0,446610000.0,119.69503593739503,26.452301,0.6572914,0.29465866,1011.1411,21.103668,-0.5,0.044345856,0.09447336,0.0006556511,0.48829728,0.7203164
2016-08-04,URRA1,Caribe,62.02,621350000.0,446610000.0,139.1258592508005,25.744293,-0.62008667,0.28744125,1012.1864,21.315704,-0.5,0.18680096,0.096678734,0.004887581,0.4977475,0.68346906
2016-08-05,URRA1,Caribe,62.01,483610000.0,446610000.0,108.28463312509795,27.226593,-0.12988281,-0.11256409,1011.1975,21.403778,-0.5,0.04351139,0.09262562,0.0030398369,0.48172477,0.17187268
2016-08-06,URRA1,Caribe,61.89,473390000.0,446610000.0,105.99628311054389,27.514252,0.13801956,0.48142242,1010.795,21.328033,-0.5,0.39434433,0.13446808,0.024437904,0.49515936,0.5008163
2016-08-07,URRA1,Caribe,61.92999999999999,497520000.0,446610000.0,111.39920736212802,27.141937,0.12973785,0.3757248,1010.6214,21.023224,-0.5,0.056505203,0.08893013,0.0029802322,0.48682454,0.39749342
2016-08-08,URRA1,Caribe,61.12,373890000.0,446610000.0,83.7173372741318,26.891205,0.18510818,0.09422302,1010.45514,20.809448,-0.5,0.08356571,0.0860095,0.0012516975,0.48473525,0.20770897
2016-08-09,URRA1,Caribe,60.06,337240000.0,446610000.0,75.5110723002172,27.474945,-0.20582199,0.07229233,1010.8278,20.710876,-0.5,0.15497208,0.08547306,0.0027418137,0.48539618,0.21814874
2016-08-10,URRA1,Caribe,60.14000000000001,403180000.0,446610000.0,90.27563198316204,26.271149,0.20019913,-0.2698784,1011.6297,20.693024,-0.5,0.40733814,0.08916855,0.008523464,0.4895091,0.33602685
2016-08-11,URRA1,Caribe,59.23,312020000.0,446610000.0,69.86408723494772,26.626312,0.3179245,-0.0861969,1011.21234,20.686707,-0.5,0.11968613,0.08070469,0.0020861626,0.48595902,0.32940233
2016-08-12,URRA1,Caribe,58.86,320070000.0,446610000.0,71.66655471216498,26.594818,0.14630508,0.46627808,1010.78143,20.754059,-0.5,0.04684925,0.077962875,0.0013113022,0.48830852,0.48869255
2016-08-13,URRA1,Caribe,58.540000000000006,346530000.0,446610000.0,77.59118694162692,26.562042,-0.41441345,0.08139038,1009.9397,20.814972,-0.5,0.5040169,0.11563301,0.01835823,0.48613822,0.42233032
2016-08-14,URRA1,Caribe,58.13,303160000.0,446610000.0,67.88025346499182,25.899078,0.114105225,0.12811661,1009.90094,20.88681,-0.5,0.17166138,0.07611513,0.0024437904,0.49600822,0.17156301
2016-08-15,URRA1,Caribe,57.830000000000005,317700000.0,446610000.0,71.13589037415194,26.325897,0.11116409,0.46063995,1010.22375,21.099976,-0.5,0.7367134,0.14418364,0.06270409,0.50347984,0.4738635
2016-08-16,URRA1,Caribe,58.81,452010000.0,446610000.0,101.20910861825752,26.858246,0.39842606,0.2507248,1010.28015,21.384583,-0.5,0.07402897,0.073075294,0.0026226044,0.49182397,0.47075075
2016-08-17,URRA1,Caribe,58.77,314700000.0,446610000.0,70.46416336400887,27.339203,0.16833496,0.10429764,1010.2489,21.42749,-0.5,0.078201294,0.07069111,0.00166893,0.49003822,0.19802691
2016-08-18,URRA1,Caribe,59.52,424700000.0,446610000.0,95.09415373592172,26.690338,0.8295975,0.89394,1010.40826,21.755829,-0.5,0.09691715,0.06937981,0.0015497208,0.48648098,1.219574
2016-08-19,URRA1,Caribe,59.51,318080000.0,446610000.0,71.22097579543674,26.578156,0.3388176,0.24745178,1010.1269,21.696228,-0.5,0.1282692,0.06848574,0.002026558,0.4851761,0.41955897
2016-08-20,URRA1,Caribe,60.22,421770000.0,446610000.0,94.43810035601533,26.72879,0.14402771,0.10624695,1009.7561,21.280212,-0.5,0.05185604,0.06586313,0.0007748604,0.4856945,0.17897595
2016-08-21,URRA1,Caribe,60.55,367590000.0,446610000.0,82.30671055283133,27.295685,0.046634674,0.28515244,1009.015,21.094543,-0.5,0.034093857,0.06425381,0.00071525574,0.48685455,0.28894067
2016-08-22,URRA1,Caribe,60.62,330170000.0,446610000.0,73.92803564631333,27.614716,0.23384857,0.26912308,1009.8128,21.00705,-0.5,0.0783205,0.06425381,0.0017881393,0.48643982,0.35652825
2016-08-23,URRA1,Caribe,60.88,363560000.0,446610000.0,81.40435726920579,27.699738,-0.43807602,0.08678055,1010.9448,20.910065,-0.5,0.03361702,0.06234646,0.0011324883,0.4770152,0.4465887
2016-08-24,URRA1,Caribe,61.47,400950000.0,446610000.0,89.77631490562236,26.901398,0.32054138,0.27436447,1010.51624,20.691284,-0.5,0.05018711,0.060737133,0.0009536743,0.49337626,0.4219273
2016-08-25,URRA1,Caribe,61.42999999999999,313930000.0,446610000.0,70.29175343140548,26.43039,0.6889763,0.3820114,1010.1894,20.755188,-0.5,0.56791306,0.29361248,0.059247017,0.49977946,0.78779507
2016-08-26,URRA1,Caribe,60.96,311320000.0,446610000.0,69.70735093258101,25.142792,1.7961998,0.82214737,1011.308,20.912994,-0.5,0.2219677,0.07772446,0.010967255,0.5026125,1.9754138
2016-08-27,URRA1,Caribe,60.75000000000001,303380000.0,446610000.0,67.92951344573565,25.337616,0.11171341,0.44989777,1011.7461,20.8013,-0.5,0.5311966,0.09006262,0.016987324,0.4994211,0.46356001
2016-08-28,URRA1,Caribe,60.68,348100000.0,446610000.0,77.94272407693514,26.234894,-0.4542923,0.1667099,1011.447,20.789825,-0.5,0.043272972,0.074744225,0.0017285347,0.48973855,0.48391494
2016-08-29,URRA1,Caribe,61.260000000000005,475050000.0,446610000.0,106.36797205615638,27.370758,0.2785988,0.08562088,1010.60016,20.821991,-0.5,0.05185604,0.07420778,0.0017881393,0.49620184,0.29145876
2016-08-30,URRA1,Caribe,61.18,333150000.0,446610000.0,74.59528447638878,26.834503,0.6595993,0.11318588,1011.07733,20.739258,-0.5,0.3938675,0.091552734,0.010251999,0.4937356,0.66924006
2016-08-31,URRA1,Caribe,61.0,322360000.0,446610000.0,72.17930632990752,26.37564,0.8428192,0.28149414,1011.5547,20.786102,-0.5,0.03516674,0.08124113,0.00071525574,0.49166578,0.888585
2016-09-01,URRA1,Caribe,61.19,323670000.0,430790000.0,75.13405603658396,25.377716,1.3340416,0.34061813,1012.53595,20.682648,-0.58,0.010251999,0.07855892,0.00023841858,0.48032892,1.3768398
2016-09-02,URRA1,Caribe,61.38,316520000.0,430790000.0,73.47431463125885,26.000275,-0.104400635,-0.04688263,1013.6775,20.717163,-0.58,0.10371208,0.07909536,0.0032782555,0.48272267,0.114444196
2016-09-03,URRA1,Caribe,61.27,276860000.0,430790000.0,64.26797279416886,25.845795,-0.067531586,-0.3021965,1012.3064,20.73706,-0.58,0.70774555,0.10687113,0.03027916,0.4835187,0.30965018
2016-09-04,URRA1,Caribe,61.27,290000000.0,430790000.0,67.31818287332575,26.497223,0.42264557,0.6421814,1010.2944,20.654968,-0.58,0.054240227,0.071525574,0.0010728836,0.48692483,0.76878226
2016-09-05,URRA1,Caribe,61.44,343630000.0,430790000.0,79.76740407158941,26.043365,0.26136398,0.41202164,1011.085,20.475586,-0.58,0.5648136,0.08738041,0.018835068,0.49438718,0.4879272
2016-09-06,URRA1,Caribe,61.45,319890000.0,430790000.0,74.25659834257992,26.088776,-0.1499939,0.4410286,1012.4842,20.573517,-0.58,0.14460087,0.07355213,0.0049471855,0.5031815,0.4658373
2016-09-07,URRA1,Caribe,61.39,309410000.0,430790000.0,71.82385849253696,25.589447,0.17506027,-0.007232666,1013.20935,20.682648,-0.58,0.23317337,0.07790327,0.0073313713,0.5063089,0.17520963
2016-09-08,URRA1,Caribe,61.05,263180000.0,430790000.0,61.09241161586853,26.824005,-0.36670303,0.10510254,1011.48346,20.979706,-0.58,0.020861626,0.07891655,0.000834465,0.4902916,0.38146776
2016-09-09,URRA1,Caribe,61.42999999999999,318850000.0,430790000.0,74.01518141089626,26.20224,0.42366028,-0.044174194,1010.8795,21.085052,-0.58,0.40221214,0.37878752,0.058233738,0.504762,0.42595705
2016-09-10,URRA1,Caribe,61.21,232950000.0,430790000.0,54.07507138048702,25.85733,0.43912125,0.31650543,1012.62,20.865326,-0.58,1.2834072,0.42921305,0.220716,0.49886844,0.5412977
2016-09-11,URRA1,Caribe,62.56,477920000.0,430790000.0,110.94036537524084,25.970428,0.039905548,0.10731125,1013.4283,20.683899,-0.58,0.38945675,0.16862154,0.0513196,0.4964385,0.11449086
2016-09-12,URRA1,Caribe,63.7,459200000.0,430790000.0,106.59486060493512,25.984589,1.3999367,0.7488289,1012.313,20.814148,-0.58,0.034451485,0.13172626,0.000834465,0.49218148,1.5876294
2016-09-13,URRA1,Caribe,64.24,351460000.0,430790000.0,81.5849950091692,24.992462,0.47919464,0.12044525,1012.5106,21.20401,-0.58,0.043034554,0.14197826,0.00071525574,0.48570547,0.49409974
2016-09-14,URRA1,Caribe,64.42999999999999,325940000.0,430790000.0,75.66099491631654,26.425934,0.3159256,0.3165245,1012.3603,20.97757,-0.58,0.19025803,0.14948845,0.003874302,0.49672422,0.44720995
2016-09-15,URRA1,Caribe,64.87,329310000.0,430790000.0,76.4432786276376,26.166412,0.4653206,0.26623917,1012.22577,20.651794,-0.58,0.023245811,0.15062094,0.0005364418,0.48980382,0.5361031
2016-09-16,URRA1,Caribe,64.88000000000001,270150000.0,430790000.0,62.71036932147914,26.976349,-0.57006836,-0.5345688,1011.72235,20.650604,-0.58,0.0166893,0.15819073,0.0004172325,0.48228616,0.7814997
2016-09-17,URRA1,Caribe,64.8,262200000.0,430790000.0,60.8649225840897,27.061798,0.25507355,-0.12084198,1009.70624,20.829895,-0.58,0.017046928,0.15485287,0.0005364418,0.48242384,0.28225043
2016-09-18,URRA1,Caribe,64.61,260070000.0,430790000.0,60.37048213746837,26.67929,0.537426,0.5763817,1009.693,21.290527,-0.58,0.0783205,0.15294552,0.0014901161,0.48411316,0.7880625
2016-09-19,URRA1,Caribe,64.13,241770000.0,430790000.0,56.12247266649644,26.928253,-0.2612915,0.05283737,1009.6828,21.375305,-0.58,0.015258789,0.15294552,0.00035762787,0.48728806,0.26658025
2016-09-20,URRA1,Caribe,64.37,313540000.0,430790000.0,72.78256226931916,27.067902,-0.011928558,0.10502243,1010.41595,21.385925,-0.58,1.2149811,0.22959709,0.07843971,0.49343872,0.10569769
2016-09-21,URRA1,Caribe,64.47,275480000.0,430790000.0,63.947631096357846,25.643524,-0.046440125,0.46004105,1009.84,21.261139,-0.58,0.079751015,0.15234947,0.0017881393,0.49454248,0.46237913
2016-09-22,URRA1,Caribe,64.36,247130000.0,430790000.0,57.36669839132757,25.39389,0.255764,-0.51594543,1011.08765,21.158844,-0.58,0.19443035,0.15819073,0.009715557,0.49548984,0.57586014
2016-09-23,URRA1,Caribe,64.69,310490000.0,430790000.0,72.07456069082383,26.6669,-0.5725441,-0.10270691,1011.54175,21.105011,-0.58,0.019788742,0.1500845,0.0004172325,0.4835221,0.5816833
2016-09-24,URRA1,Caribe,64.61,269730000.0,430790000.0,62.61287402214536,26.147125,0.29318237,-0.19072342,1011.9464,21.113647,-0.58,0.19943714,0.16820431,0.020444393,0.49110496,0.34975895
2016-09-25,URRA1,Caribe,64.77000000000001,290060000.0,430790000.0,67.33211077323058,26.408539,0.43260574,0.29726028,1011.41016,21.124908,-0.58,0.22602081,0.14990568,0.004172325,0.49337468,0.5248918
2016-09-26,URRA1,Caribe,63.98,266030000.0,430790000.0,61.75398686134776,26.478851,0.048480988,0.23665619,1010.2,21.119781,-0.58,0.09036064,0.1449585,0.00166893,0.48879778,0.24157102
2016-09-27,URRA1,Caribe,64.42999999999999,327100000.0,430790000.0,75.93026764780984,27.138275,0.020755768,0.45931244,1009.90515,21.218842,-0.58,0.066280365,0.14305115,0.0029802322,0.49569845,0.45978117
2016-09-28,URRA1,Caribe,64.79,345270000.0,430790000.0,80.14810000232131,26.595306,-0.2469101,-0.04826355,1011.42737,21.482574,-0.58,0.021219254,0.13691187,0.00035762787,0.48978978,0.25158292
2016-09-29,URRA1,Caribe,64.85,274670000.0,430790000.0,63.7596044476427,26.88272,1.0237465,0.308609,1011.1716,21.53421,-0.58,0.086426735,0.13464689,0.0017881393,0.48519158,1.0692503
2016-09-30,URRA1,Caribe,64.67,238510000.0,430790000.0,55.36572343833422,26.937042,1.3374901,-0.14964294,1010.1072,21.524536,-0.58,0.14686584,0.13417006,0.0037550926,0.48953158,1.3458353
2016-10-01,URRA1,Caribe,64.38000000000001,230970000.0,448760000.0,51.46849095284784,25.560333,2.4014359,1.124073,1009.985,21.515533,-0.64,1.0304451,0.3528595,0.10061264,0.5026977,2.6514966
2016-10-02,URRA1,Caribe,63.9,203910000.0,448760000.0,45.43854175951511,26.322418,2.9425888,1.1497269,1009.4956,21.552094,-0.64,0.042915344,0.14352798,0.0014305115,0.4935459,3.1592247
2016-10-03,URRA1,Caribe,63.28,207010000.0,448760000.0,46.12933416525537,25.812836,2.1061707,1.0520248,1009.24097,21.570618,-0.64,0.028133392,0.15157461,0.00047683716,0.48267618,2.3542964
2016-10-04,URRA1,Caribe,62.77,224170000.0,448760000.0,49.95320438541759,27.372162,0.9878006,0.69441223,1009.98126,21.54129,-0.64,0.076174736,0.1513362,0.0013113022,0.47960377,1.2074594
2016-10-05,URRA1,Caribe,62.18,213270000.0,448760000.0,47.52428915233087,26.048615,-0.10474014,-0.27561188,1010.71643,21.643555,-0.64,0.3490448,0.15604496,0.009179115,0.4865014,0.29484302
2016-10-06,URRA1,Caribe,61.4,240280000.0,448760000.0,53.5430965326678,26.265045,-0.5007477,0.3181877,1009.85297,21.695557,-0.64,0.21708012,0.15187263,0.00834465,0.49906892,0.59328884
2016-10-07,URRA1,Caribe,60.89,227170000.0,448760000.0,50.62171316516624,26.50467,1.9686546,0.7168617,1009.23987,21.71988,-0.64,0.009536743,0.14066696,0.00023841858,0.4837516,2.0951114
2016-10-08,URRA1,Caribe,60.73,255300000.0,448760000.0,56.89009715660932,26.130707,0.8923187,0.1640892,1009.7861,22.010223,-0.64,0.161767,0.13911724,0.0030398369,0.48147207,0.9072805
2016-10-09,URRA1,Caribe,61.99,448880000.0,448760000.0,100.02674035118994,26.203217,0.6763954,0.5884361,1010.5145,22.29599,-0.64,0.0705719,0.13250113,0.0011920929,0.4864614,0.896531
2016-10-10,URRA1,Caribe,62.69,393220000.0,448760000.0,87.6236741242535,25.76474,0.7941055,0.54276276,1010.755,22.511719,-0.64,0.23388863,0.13101101,0.00423193,0.50272334,0.96187055
2016-10-11,URRA1,Caribe,62.56,298140000.0,448760000.0,66.43640253141992,26.66867,0.5697937,0.05378723,1010.6845,22.51709,-0.64,0.21970272,0.14084578,0.017821789,0.5046104,0.5723268
2016-10-12,URRA1,Caribe,65.51,719900000.0,448760000.0,160.41982351368213,24.611115,0.9083824,0.48493576,1011.0789,22.231415,-0.64,2.5166273,1.3142228,0.57405233,0.50391126,1.029719
2016-10-13,URRA1,Caribe,67.03,493260000.0,448760000.0,109.91621356627152,25.85263,-0.4604721,-0.10659027,1010.9978,21.911682,-0.64,1.1956692,0.8753538,0.092208385,0.5048795,0.4726479
2016-10-14,URRA1,Caribe,67.82000000000001,396580000.0,448760000.0,88.37240395757198,26.040558,0.116191864,-0.19470596,1011.0058,21.406525,-0.64,0.16975403,0.4361272,0.006735325,0.5006053,0.22673985
2016-10-15,URRA1,Caribe,68.67999999999999,401110000.0,448760000.0,89.38185221499242,26.76358,0.17274857,-0.13508224,1010.3223,21.133545,-0.64,1.1211634,0.59366226,0.05030632,0.49308962,0.21929269
2016-10-16,URRA1,Caribe,69.5,421210000.0,448760000.0,93.86086103930832,26.120575,1.5673943,0.6757431,1010.4764,20.846497,-0.64,0.30183792,0.3054142,0.009596348,0.50332695,1.7068548
2016-10-17,URRA1,Caribe,70.17,378090000.0,448760000.0,84.2521615117212,26.200226,0.32567215,0.08444214,1009.8059,20.802765,-0.64,0.26071072,0.27173758,0.006854534,0.49873507,0.33644143
2016-10-18,URRA1,Caribe,72.13000000000001,560220000.0,448760000.0,124.83732953026116,25.746918,1.2522392,0.5021019,1010.5575,20.61377,-0.64,0.079631805,0.24414062,0.0015497208,0.49061134,1.3491514
2016-10-19,URRA1,Caribe,73.08,414480000.0,448760000.0,92.3611730100722,26.006073,0.332489,0.11621094,1010.4614,20.447449,-0.64,0.061392784,0.22482872,0.0014305115,0.4915898,0.3522129
2016-10-20,URRA1,Caribe,73.57000000000001,366890000.0,448760000.0,81.7563954006596,26.669952,0.16232681,0.39909363,1009.97766,20.51358,-0.64,0.043988228,0.20980835,0.00086426735,0.49438658,0.43084303
2016-10-21,URRA1,Caribe,75.32,530890000.0,448760000.0,118.30154202691864,25.947784,-0.14611435,0.04358673,1009.6758,20.652893,-0.64,0.19705296,0.2014041,0.005066395,0.49144933,0.1524769
2016-10-22,URRA1,Caribe,76.5,439380000.0,448760000.0,97.90979588198591,26.223663,0.5733299,0.08029556,1010.3694,20.7583,-0.64,0.081419945,0.18769503,0.0025629997,0.48529243,0.5789254
2016-10-23,URRA1,Caribe,77.01,435170000.0,448760000.0,96.97165522773868,26.470856,0.94366837,0.1985817,1011.42017,21.01181,-0.64,0.03516674,0.17434359,0.00059604645,0.48514625,0.9643364
2016-10-24,URRA1,Caribe,77.28,379710000.0,448760000.0,84.61315625278544,25.883759,0.39785767,0.27116394,1011.35547,21.016144,-0.64,0.07677078,0.1642704,0.0014603138,0.4899463,0.48147753
2016-10-25,URRA1,Caribe,76.94,334570000.0,448760000.0,74.55432748016757,25.042328,1.7784691,0.57982635,1010.34534,21.207184,-0.64,0.86152554,0.35089254,0.19657612,0.5023819,1.8706017
2016-10-26,URRA1,Caribe,76.47,319870000.0,448760000.0,71.27863445939924,24.856049,1.4975052,0.3245163,1009.9978,21.42926,-0.64,2.691269,0.95814466,0.62453747,0.49655673,1.5322639
2016-10-27,URRA1,Caribe,76.18,274970000.0,448760000.0,61.27328638916124,25.845062,0.35570526,0.34581757,1010.0559,21.42096,-0.64,0.044345856,0.14269352,0.0019073486,0.49268448,0.4961008
2016-10-28,URRA1,Caribe,75.85,278410000.0,448760000.0,62.039843123273016,26.041351,0.1315918,-0.0695076,1010.03217,21.161957,-0.64,0.13935566,0.13762712,0.0021457672,0.49677813,0.14882106
2016-10-29,URRA1,Caribe,78.4,643210000.0,448760000.0,143.33051074070772,24.809967,0.17294312,0.080825806,1011.6514,21.02005,-0.64,0.5389452,0.14519691,0.013887882,0.50065196,0.19089822
2016-10-30,URRA1,Caribe,79.64,457210000.0,448760000.0,101.882966396292,25.93637,-0.07261658,0.059928894,1011.08484,20.886993,-0.64,0.27787685,0.13589859,0.00846386,0.4986573,0.09415221
2016-10-31,URRA1,Caribe,80.28,413280000.0,448760000.0,92.09376949817272,26.39682,1.0930328,0.27544403,1009.90155,20.759216,-0.64,0.11718273,0.13554096,0.011444092,0.49110058,1.1272045
2016-11-01,URRA1,Caribe,80.80000000000001,395420000.0,403830000.0,97.9174405071441,25.19577,1.7941475,0.7061691,1010.57904,20.91977,-0.6,0.49734116,0.17440319,0.04887581,0.5008341,1.9281183
2016-11-02,URRA1,Caribe,81.66,370930000.0,403830000.0,91.85300745363148,25.9711,0.16151047,0.20954132,1011.25903,20.85849,-0.6,0.60606,0.14024973,0.019669533,0.49840865,0.26456228
2016-11-03,URRA1,Caribe,82.66,383860000.0,403830000.0,95.05484981304016,25.279205,-0.11878204,-0.06265259,1011.52405,20.943726,-0.6,0.3502369,0.13142824,0.011861324,0.4998908,0.13429268
2016-11-04,URRA1,Caribe,83.78,401910000.0,403830000.0,99.52455241066784,26.367035,0.3746338,0.24202347,1010.4567,20.919586,-0.6,0.15342236,0.12201071,0.0030398369,0.4901812,0.44601104
2016-11-05,URRA1,Caribe,85.45,568940000.0,403830000.0,140.8860163930367,25.987823,0.49625015,0.3939438,1011.18,21.070251,-0.6,0.13947487,0.12475252,0.004529953,0.49948126,0.6336055
2016-11-06,URRA1,Caribe,88.52,703680000.0,403830000.0,174.25154149023103,25.460663,0.4218712,-0.2636757,1011.1967,21.360199,-0.6,0.45657158,0.14543533,0.020682812,0.5042357,0.4974939
2016-11-07,URRA1,Caribe,90.93,595690000.0,403830000.0,147.51009087982567,25.364471,0.8827896,0.1895256,1010.89264,21.408112,-0.6,0.08189678,0.13870001,0.003427267,0.49714422,0.902905
2016-11-08,URRA1,Caribe,92.13,657890000.0,403830000.0,162.91261174256496,25.681305,0.15833664,0.008506775,1011.1683,21.251526,-0.6,0.07843971,0.15360117,0.0021457672,0.49477518,0.158565
2016-11-09,URRA1,Caribe,91.58,577770000.0,403830000.0,143.072580046059,25.977142,0.13218689,-0.017501831,1010.3911,21.425568,-0.6,0.48446655,0.17225742,0.0130832195,0.49472836,0.1333405
2016-11-10,URRA1,Caribe,91.44,642080000.0,403830000.0,158.99759799915807,26.65445,-0.5028267,-0.04101181,1010.85077,21.634857,-0.6,0.27942657,0.16641617,0.005722046,0.4965841,0.50449646
2016-11-11,URRA1,Caribe,91.15,618270000.0,403830000.0,153.1015526335339,26.771637,0.9568176,0.5418167,1010.07904,21.771576,-0.6,0.49626827,0.17178059,0.012278557,0.4958102,1.099575
2016-11-12,URRA1,Caribe,91.31,683330000.0,403830000.0,169.21229230121585,25.442474,0.802536,1.4005089,1011.22455,21.769989,-0.6,0.04184246,0.15813112,0.001013279,0.4921807,1.6141528
2016-11-13,URRA1,Caribe,91.91,746350000.0,403830000.0,184.8178689052324,25.856293,0.9611473,0.1556778,1010.72156,21.77298,-0.6,0.06520748,0.15646219,0.0014901161,0.49101645,0.97367334
2016-11-14,URRA1,Caribe,91.29,599670000.0,403830000.0,148.49565411187876,25.814789,1.5609665,0.34501266,1009.72144,21.776947,-0.6,0.1757145,0.16242266,0.0066161156,0.50238246,1.5986401
2016-11-15,URRA1,Caribe,90.11,502560000.0,403830000.0,124.44840650768889,25.005035,1.3066254,0.54979706,1010.02234,21.660126,-0.6,0.9331703,0.49239397,0.03322959,0.502955,1.4175848
2016-11-16,URRA1,Caribe,88.71,460970000.0,403830000.0,114.14951836168686,25.468475,0.8995285,0.60432434,1009.7478,21.501373,-0.6,0.08368492,0.52690506,0.0017881393,0.49474022,1.0836786
2016-11-17,URRA1,Caribe,88.02,445360000.0,403830000.0,110.2840304088354,25.075653,0.34004593,0.39325714,1009.47034,21.317078,-0.6,0.13923645,0.4143119,0.0023245811,0.49731162,0.5198869
2016-11-18,URRA1,Caribe,87.78,451080000.0,403830000.0,111.70046801872076,25.5961,0.22188187,-0.19316864,1010.1297,21.14798,-0.6,0.21326542,0.35113096,0.0042915344,0.48916715,0.2941865
2016-11-19,URRA1,Caribe,89.01,584100000.0,403830000.0,144.64007131713842,24.599823,1.1999092,0.504879,1010.45233,21.102264,-0.6,0.6662607,0.3888607,0.08687377,0.5020352,1.3018007
2016-11-20,URRA1,Caribe,89.03999999999999,495310000.0,403830000.0,122.65309660005448,25.613739,2.171669,1.1609268,1010.7139,21.210785,-0.6,0.09202957,0.27042627,0.0029206276,0.49767122,2.4624982
2016-11-21,URRA1,Caribe,88.35,395660000.0,403830000.0,97.9768714558106,26.463654,1.4743614,1.529335,1009.78394,21.384125,-0.6,0.00059604645,0.23907423,0.0,0.47692338,2.1242898
2016-11-22,URRA1,Caribe,87.71,330960000.0,403830000.0,81.95527821112844,25.525787,1.2095528,0.71255875,1009.1797,21.538818,-0.6,0.0034570694,0.21451712,0.0,0.4613949,1.4038368
2016-11-23,URRA1,Caribe,87.48,291500000.0,403830000.0,72.18383973454176,25.673553,0.5353546,0.23827362,1009.28406,21.761078,-0.6,0.10681152,0.19520521,0.0016093254,0.4526014,0.58598536
2016-11-24,URRA1,Caribe,87.66000000000001,374320000.0,403830000.0,92.69246960354604,25.999603,0.73438644,0.2204361,1009.817,22.012299,-0.6,0.120043755,0.1795888,0.0023245811,0.46778333,0.76675653
2016-11-25,URRA1,Caribe,88.62,372350000.0,403830000.0,92.20464056657504,25.592194,1.2806778,0.29818726,1010.225,22.140717,-0.6,0.08189678,0.16510487,0.0010728836,0.4691849,1.3149339
2016-11-26,URRA1,Caribe,90.31,474800000.0,403830000.0,117.57422677859496,25.907562,1.6280899,1.0911865,1010.5217,22.068817,-0.6,0.022172928,0.15318394,0.00035762787,0.47573465,1.95994
2016-11-27,URRA1,Caribe,91.55,413030000.0,403830000.0,102.27818636554986,25.496979,1.137722,0.3246231,1010.35846,21.906342,-0.6,0.09059906,0.14585257,0.00166893,0.47968367,1.1831279
2016-11-28,URRA1,Caribe,92.32,357680000.0,403830000.0,88.57192382933412,25.973297,1.0013275,0.023052216,1009.1911,21.721832,-0.6,0.015974045,0.13649464,0.00047683716,0.47375682,1.0015929
2016-11-29,URRA1,Caribe,93.08,342680000.0,403830000.0,84.85748953767674,25.023285,0.9355087,0.13389206,1009.33966,21.57074,-0.6,0.34284592,0.13548136,0.0063180923,0.4893276,0.94504166
2016-11-30,URRA1,Caribe,93.94,359230000.0,403830000.0,88.95574870613872,25.897858,0.36418533,0.18067169,1009.3894,21.52008,-0.6,0.052571297,0.12385845,0.000923872,0.4986322,0.4065381
2016-12-01,URRA1,Caribe,94.61,421070000.0,286670000.0,146.88317577702583,25.915009,0.6028938,0.09093857,1010.16296,21.560638,-0.45,0.5195141,0.13148785,0.013887882,0.50097597,0.6097137
2016-12-02,URRA1,Caribe,94.77,430620000.0,286670000.0,150.21453238915828,25.38504,0.76984024,0.21148682,1011.15393,21.54242,-0.45,0.19049644,0.12999773,0.015854836,0.4959526,0.79836124
2016-12-03,URRA1,Caribe,94.86,487550000.0,286670000.0,170.0736037953047,25.357147,0.87099457,0.17551422,1010.8781,21.559021,-0.45,0.07545948,0.11217594,0.0014901161,0.49690324,0.88850254
2016-12-04,URRA1,Caribe,95.17,506470000.0,286670000.0,176.67352705201102,25.579437,0.38799286,0.37880707,1011.40704,21.6734,-0.45,0.17106533,0.11718273,0.009596348,0.50595236,0.5422483
2016-12-05,URRA1,Caribe,95.53,511400000.0,286670000.0,178.39327449680815,25.945892,0.06564331,0.15832901,1011.08203,21.83957,-0.45,0.049948692,0.10633469,0.0009536743,0.49437362,0.17139755
2016-12-06,URRA1,Caribe,94.69,462540000.0,286670000.0,161.3492866362019,25.06363,0.49614334,0.24868774,1011.2489,22.038391,-0.45,0.41890144,0.11450052,0.011146069,0.49044213,0.55498093
2016-12-07,URRA1,Caribe,94.88,676350000.0,286670000.0,235.9333031011267,25.926361,0.6217804,0.24085617,1010.77075,22.285553,-0.45,0.30648708,0.11122227,0.009000301,0.49890083,0.66680026
2016-12-08,URRA1,Caribe,95.41,563870000.0,286670000.0,196.69655004011585,25.986908,1.0598831,0.3755722,1011.0492,22.60794,-0.45,0.48661232,0.12379885,0.022411346,0.49544913,1.1244584
2016-12-09,URRA1,Caribe,95.57,549220000.0,286670000.0,191.58614434715875,25.393341,0.65964127,-0.24081802,1011.5062,22.884827,-0.45,0.45979023,0.11217594,0.011980534,0.5011773,0.70222497
2016-12-10,URRA1,Caribe,95.85,696450000.0,286670000.0,242.94484947849443,25.352448,0.6363487,-0.15723419,1011.09814,23.109436,-0.45,2.5324821,0.8215308,0.40364265,0.50082874,0.6554863
2016-12-11,URRA1,Caribe,96.14,674070000.0,286670000.0,235.1379635120522,25.850739,0.0068893433,0.08342743,1010.46606,23.19931,-0.45,0.08893013,0.10603666,0.0042915344,0.5001255,0.0837114
2016-12-12,URRA1,Caribe,96.38,698230000.0,286670000.0,243.56577249101755,26.33139,0.43678284,0.14698792,1010.48346,23.193085,-0.45,0.34356117,0.11855364,0.015854836,0.4977737,0.46085215
2016-12-13,URRA1,Caribe,95.26,507980000.0,286670000.0,177.20026511319637,26.659943,0.34842682,0.16301727,1010.72046,23.063904,-0.45,0.027894974,0.10317564,0.0010728836,0.4851484,0.38467634
2016-12-14,URRA1,Caribe,94.12,505320000.0,286670000.0,176.27236892594271,26.815887,0.121974945,-0.19131088,1010.71674,23.017517,-0.45,0.08237362,0.10305643,0.0017881393,0.48280078,0.22688706
2016-12-15,URRA1,Caribe,93.42,426510000.0,286670000.0,148.78082812990547,26.786896,0.6356468,-0.10055542,1010.41705,22.948364,-0.45,0.07331371,0.10377169,0.0021457672,0.48609325,0.6435513
2016-12-16,URRA1,Caribe,93.39,480530000.0,286670000.0,167.62479506052256,26.758942,0.33433533,0.28731918,1010.6813,22.870575,-0.45,0.06437302,0.10430813,0.0029802322,0.48192412,0.4408315
2016-12-17,URRA1,Caribe,92.9,381340000.0,286670000.0,133.02403460424878,26.187836,0.50543976,-0.27161026,1010.6072,22.87027,-0.45,0.111579895,0.10287762,0.0025629997,0.48428267,0.5737957
2016-12-18,URRA1,Caribe,92.97,335320000.0,286670000.0,116.97073289845468,26.33841,-0.11369705,-0.07722473,1010.2322,22.784302,-0.45,0.022530556,0.09918213,0.0005364418,0.4791454,0.13744336
2016-12-19,URRA1,Caribe,93.09,301030000.0,286670000.0,105.00924407855724,26.967255,-0.531353,-0.71774673,1009.9908,22.712067,-0.45,0.20074844,0.09995699,0.0035762787,0.46999854,0.89302653
2016-12-20,URRA1,Caribe,93.06,257780000.0,286670000.0,89.92221020685805,26.352509,-0.41947556,-0.13036346,1008.8989,22.558655,-0.45,0.004053116,0.09447336,5.9604645e-05,0.46361905,0.4392657
2016-12-21,URRA1,Caribe,93.19,274690000.0,286670000.0,95.8209788258276,24.918,0.8352318,0.62054443,1009.4425,22.442871,-0.45,0.09953976,0.09351969,0.0015497208,0.46009994,1.0405227
2016-12-22,URRA1,Caribe,93.38,300880000.0,286670000.0,104.9569191055918,25.146515,0.66293716,0.43603897,1010.85065,22.472198,-0.45,0.63073635,0.20974874,0.019848347,0.49900928,0.79348326
2016-12-23,URRA1,Caribe,94.4,305520000.0,286670000.0,106.5755049359891,25.643158,0.49693298,-0.1700058,1010.9483,22.647644,-0.45,0.046491623,0.08839369,0.0009536743,0.49428168,0.5252089
2016-12-24,URRA1,Caribe,95.19,272780000.0,286670000.0,95.15470750340111,26.080475,0.18947601,-0.19007492,1010.59705,22.675598,-0.45,0.08583069,0.08767843,0.002026558,0.4851224,0.26838338
2016-12-25,URRA1,Caribe,96.43,339110000.0,286670000.0,118.29281054871454,26.243683,0.7787132,0.43941116,1009.933,22.662415,-0.45,0.03707409,0.084638596,0.00059604645,0.47897488,0.89413446
2016-12-26,URRA1,Caribe,96.65,358220000.0,286670000.0,124.9590121045104,26.875519,0.29644394,-0.21657181,1010.2576,22.746582,-0.45,0.059485435,0.08305907,0.0007748604,0.47059488,0.36712718
2016-12-27,URRA1,Caribe,96.23,302460000.0,286670000.0,105.50807548749432,26.202057,0.50177765,0.3239746,1010.1692,22.905304,-0.45,0.05710125,0.080645084,0.000834465,0.47631073,0.59727746
2016-12-28,URRA1,Caribe,94.76,284420000.0,286670000.0,99.21512540551856,26.359222,-0.054973602,-0.35731506,1009.1322,22.950256,-0.45,0.062465668,0.07855892,0.00071525574,0.4688811,0.36151922
2016-12-29,URRA1,Caribe,94.12,238790000.0,286670000.0,83.29786862943455,26.586151,0.06694412,-0.13223648,1009.2658,22.927368,-0.45,0.066280365,0.077307224,0.0020861626,0.46437716,0.14821607
2016-12-30,URRA1,Caribe,95.55,450340000.0,286670000.0,157.09352216834688,25.71463,0.37839127,0.017036438,1010.1926,22.989532,-0.45,0.04851818,0.07390976,0.00071525574,0.46774492,0.3787746
2016-12-31,URRA1,Caribe,96.53,299060000.0,286670000.0,104.32204276694456,26.49057,0.047657013,-0.119903564,1010.46326,23.1745,-0.45,0.10573864,0.07379055,0.0023841858,0.47728246,0.12902735
2017-01-01,URRA1,Caribe,96.12,268310000.0,167200000.0,160.4724880382775,26.266266,-0.048038483,-0.22455215,1010.13,23.303864,-0.19,0.43940544,0.12308359,0.053822994,0.4912153,0.22963311
2017-01-02,URRA1,Caribe,95.58,255330000.0,167200000.0,152.70933014354063,27.116608,0.40117264,-0.14327621,1010.35455,23.50119,-0.19,0.029683113,0.06771088,0.00035762787,0.4801429,0.4259901
2017-01-03,URRA1,Caribe,95.46,227680000.0,167200000.0,136.17224880382776,26.57193,0.35328293,-0.1941719,1009.14905,23.621124,-0.19,0.14293194,0.06788969,0.0023245811,0.47880122,0.40312722
2017-01-04,URRA1,Caribe,95.43,210630000.0,167200000.0,125.97488038277513,26.145111,0.35683823,-0.40740967,1008.96893,23.700562,-0.19,0.14388561,0.06657839,0.0030398369,0.47155744,0.5415867
2017-01-05,URRA1,Caribe,95.33,199060000.0,167200000.0,119.05502392344498,26.309174,0.23571777,0.22491074,1009.5064,23.807587,-0.19,0.033140182,0.062465668,0.00059604645,0.46449286,0.32580316
2017-01-06,URRA1,Caribe,95.16,191210000.0,167200000.0,114.36004784688996,25.604462,0.32685852,-0.4915123,1010.0747,23.973969,-0.19,0.078082085,0.061273575,0.0014305115,0.46114826,0.59027183
2017-01-07,URRA1,Caribe,94.94,182300000.0,167200000.0,109.03110047846889,26.389496,0.37628937,-0.28149033,1011.073,24.310913,-0.19,0.2168417,0.06586313,0.007688999,0.45988128,0.46992606
2017-01-08,URRA1,Caribe,95.15,244950000.0,167200000.0,146.5011961722488,25.226898,0.2555046,0.06646347,1012.34644,24.422638,-0.19,0.3541708,0.06133318,0.004887581,0.47981435,0.26400757
2017-01-09,URRA1,Caribe,95.27,259580000.0,167200000.0,155.2511961722488,25.531586,0.22561646,-0.21107864,1012.2972,24.58142,-0.19,0.09226799,0.0564456,0.0012516975,0.4822027,0.30896112
2017-01-10,URRA1,Caribe,94.53,223840000.0,167200000.0,133.8755980861244,26.023834,-0.533535,-0.5234108,1010.4564,24.86792,-0.19,0.026464462,0.054240227,0.00035762787,0.4780723,0.7474078
2017-01-11,URRA1,Caribe,93.67,206740000.0,167200000.0,123.64832535885168,25.46579,0.17455673,-0.63220596,1009.9817,25.022552,-0.19,0.0047683716,0.052452087,0.00014901161,0.4600157,0.65586156
2017-01-12,URRA1,Caribe,92.79,201790000.0,167200000.0,120.6877990430622,25.257355,-0.48635864,-0.6240616,1010.9545,25.186523,-0.19,0.008821487,0.050902367,0.00011920929,0.4483466,0.7912001
2017-01-13,URRA1,Caribe,91.79,184350000.0,167200000.0,110.25717703349282,25.978973,0.0052223206,-0.4757042,1011.1308,25.286407,-0.19,0.00059604645,0.04929304,0.0,0.4357769,0.47573283
2017-01-14,URRA1,Caribe,91.25,168630000.0,167200000.0,100.85526315789475,25.34848,0.30661774,-0.70519257,1011.28015,25.326874,-0.19,0.109791756,0.048995018,0.0013113022,0.43206513,0.76896745
2017-01-15,URRA1,Caribe,90.87,160620000.0,167200000.0,96.0645933014354,25.365692,0.5188408,-0.15751648,1010.5561,25.541412,-0.19,0.07331371,0.047028065,0.0007748604,0.44552433,0.54222435
2017-01-16,URRA1,Caribe,90.44,151870000.0,167200000.0,90.83133971291866,25.478119,0.107406616,-0.26750946,1010.71674,25.674591,-0.19,0.1193285,0.04720688,0.0019669533,0.4469462,0.28826636
2017-01-17,URRA1,Caribe,89.94,141490000.0,167200000.0,84.62320574162679,26.035492,-0.1741066,-0.7823944,1011.2575,25.730438,-0.19,0.03385544,0.044107437,0.00029802322,0.42954847,0.8015324
2017-01-18,URRA1,Caribe,89.41,141990000.0,167200000.0,84.92224880382776,25.651154,-0.050312042,-0.7761078,1012.04767,25.865417,-0.19,0.0075101852,0.042557716,0.0,0.41634765,0.77773684
2017-01-19,URRA1,Caribe,88.94,129210000.0,167200000.0,77.27870813397129,25.642487,0.7866249,-0.5282631,1011.13904,25.918304,-0.19,0.017404556,0.041604042,0.0004172325,0.40746444,0.9475445
2017-01-20,URRA1,Caribe,88.38000000000001,126770000.0,167200000.0,75.81937799043062,25.929474,0.55602264,-0.6825371,1011.9345,25.958405,-0.19,0.026106834,0.040352345,0.00029802322,0.40151727,0.88035107
2017-01-21,URRA1,Caribe,87.86,121270000.0,167200000.0,72.52990430622009,26.871918,1.3970871,-0.11579132,1013.66064,25.948273,-0.19,0.020384789,0.038802624,0.00011920929,0.39051822,1.4018773
2017-01-22,URRA1,Caribe,87.53999999999999,114570000.0,167200000.0,68.52272727272727,25.922089,0.5100708,-0.5923042,1012.83545,26.04477,-0.19,0.019311905,0.03784895,0.0002682209,0.38069838,0.78166264
2017-01-23,URRA1,Caribe,86.96000000000001,112610000.0,167200000.0,67.35047846889952,25.950592,0.40547562,-0.6779289,1012.09955,26.287537,-0.19,0.019550323,0.036418438,0.00011920929,0.3767814,0.7899355
2017-01-24,URRA1,Caribe,86.41,117370000.0,167200000.0,70.19736842105263,26.11673,0.23934174,-0.8222656,1013.1369,26.505035,-0.19,0.01347065,0.03540516,0.00023841858,0.37537542,0.85639083
2017-01-25,URRA1,Caribe,85.88,112260000.0,167200000.0,67.14114832535886,25.385406,-0.88412476,-0.9179878,1012.68,26.501373,-0.19,0.008821487,0.034034252,0.00011920929,0.36597258,1.274511
2017-01-26,URRA1,Caribe,85.32,108670000.0,167200000.0,64.99401913875597,27.223053,0.07442474,-0.33831406,1011.65674,26.477722,-0.19,0.00047683716,0.032663345,0.0,0.3542467,0.3464036
2017-01-27,URRA1,Caribe,84.74000000000001,103850000.0,167200000.0,62.11124401913876,26.859161,0.34383392,-0.0786705,1011.57404,26.665253,-0.19,0.018119812,0.0320673,0.0004172325,0.34262657,0.3527192
2017-01-28,URRA1,Caribe,84.41,107390000.0,167200000.0,64.22846889952153,26.927582,-0.0065193176,-0.5449257,1010.3578,26.802643,-0.19,0.09787083,0.031232834,0.00059604645,0.35215628,0.5449647
2017-01-29,URRA1,Caribe,84.04,100790000.0,167200000.0,60.28110047846889,27.091827,0.5602493,-0.40937424,1010.7375,26.98117,-0.19,0.10061264,0.030517578,0.0008940697,0.38747036,0.69387794
2017-01-30,URRA1,Caribe,83.88,130620000.0,167200000.0,78.122009569378,26.841095,0.5440788,-0.6229744,1012.21875,26.901398,-0.19,0.06699562,0.030338764,0.00166893,0.3947035,0.82711476
2017-01-31,URRA1,Caribe,83.54,107550000.0,167200000.0,64.32416267942584,26.637177,0.5308418,-0.51385117,1011.8122,26.843903,-0.19,0.052452087,0.028848648,0.0009834766,0.4019227,0.7388072
2017-02-01,URRA1,Caribe,83.04,106290000.0,125070000.0,84.98440873111058,27.488007,0.23807144,-0.18730927,1010.3191,26.910614,-0.02,0.044226646,0.02759695,0.0004172325,0.40081248,0.3029237
2017-02-02,URRA1,Caribe,82.53,103650000.0,125070000.0,82.87359078915807,26.552643,0.8645668,-0.28212738,1009.8805,27.03238,-0.02,0.08225441,0.026881695,0.0007748604,0.3980244,0.9094348
2017-02-03,URRA1,Caribe,81.99,99660000.0,125070000.0,79.68337730870712,26.60727,0.6012726,0.13809586,1010.5478,27.232727,-0.02,0.010848045,0.025510788,5.9604645e-05,0.39515865,0.6169272
2017-02-04,URRA1,Caribe,81.49,96330000.0,125070000.0,77.0208683137443,28.058563,0.2053566,-0.71022034,1009.7548,27.250824,-0.02,0.018239021,0.024855137,0.0004172325,0.38287786,0.7393134
2017-02-05,URRA1,Caribe,81.02000000000001,92650000.0,125070000.0,74.07851603102262,28.941498,-0.10797119,-0.16119766,1008.54486,27.18039,-0.02,0.0044107437,0.023722649,0.00011920929,0.3657306,0.19401667
2017-02-06,URRA1,Caribe,80.44,95780000.0,125070000.0,76.58111457583753,29.01529,0.24248505,-0.46687698,1008.5661,27.139343,-0.02,0.0011920929,0.023007393,0.0,0.35150743,0.5260923
2017-02-07,URRA1,Caribe,79.96,91900000.0,125070000.0,73.47885184296794,27.71103,0.9660568,-0.7199707,1008.70984,27.161621,-0.02,0.012278557,0.022470951,0.00023841858,0.34369278,1.2048335
2017-02-08,URRA1,Caribe,79.45,87910000.0,125070000.0,70.28863836251699,28.072662,1.211647,-0.74609756,1008.5772,27.098785,-0.02,0.00667572,0.021517277,0.00011920929,0.334894,1.4229372
2017-02-09,URRA1,Caribe,78.91,83960000.0,125070000.0,67.13040697209563,27.061554,1.0633774,-0.80903244,1010.67017,27.13385,-0.02,0.009775162,0.02104044,0.00011920929,0.32861325,1.336153
2017-02-10,URRA1,Caribe,78.36,80690000.0,125070000.0,64.51587111217718,27.169525,1.1575928,-0.7076683,1012.11597,27.085297,-0.02,0.0808239,0.02092123,0.00071525574,0.32857215,1.3567666
2017-02-11,URRA1,Caribe,78.09,84680000.0,125070000.0,67.70608459262813,27.707367,0.79859924,-0.98524857,1010.60736,27.17569,-0.02,0.008225441,0.019609928,0.0,0.32838988,1.2682569
2017-02-12,URRA1,Caribe,77.77,76750000.0,125070000.0,61.36563524426322,26.763031,0.7874832,-0.2313118,1010.40125,27.293549,-0.02,0.000834465,0.018835068,0.0,0.31845146,0.8207527
2017-02-13,URRA1,Caribe,77.42,72990000.0,125070000.0,58.35931878148237,27.36203,1.0333214,-0.393322,1010.6853,27.381927,-0.02,0.02026558,0.018417835,0.00011920929,0.31511092,1.105647
2017-02-14,URRA1,Caribe,76.98,73470000.0,125070000.0,58.743103861837376,26.368195,0.8591347,-0.4953308,1011.057,27.31543,-0.02,0.10085106,0.01835823,0.0006556511,0.32284287,0.991698
2017-02-15,URRA1,Caribe,76.62,71740000.0,125070000.0,57.35987846805789,27.048676,0.72462845,-0.5585327,1012.5687,27.40805,-0.02,0.013947487,0.01692772,5.9604645e-05,0.32423934,0.91490173
2017-02-16,URRA1,Caribe,76.14999999999999,68430000.0,125070000.0,54.71336051810985,26.59787,0.66688156,-0.75346756,1014.115,27.560333,-0.02,0.09405613,0.01692772,0.00059604645,0.3216657,1.0062029
2017-02-17,URRA1,Caribe,75.49,72620000.0,125070000.0,58.06348444870872,26.466888,0.39857483,-0.19519424,1014.13763,27.7706,-0.02,0.017642975,0.016212463,0.00011920929,0.32467937,0.44380477
2017-02-18,URRA1,Caribe,74.83999999999999,73060000.0,125070000.0,58.41528743903414,27.381012,0.6612778,-0.55953217,1012.4842,27.81607,-0.02,0.0026226044,0.015556812,0.0,0.32855082,0.86623585
2017-02-19,URRA1,Caribe,74.19,71640000.0,125070000.0,57.279923242983934,27.664764,0.7167816,-0.56069946,1012.1936,27.925934,-0.02,0.02837181,0.015497208,0.00029802322,0.3197869,0.91003287
2017-02-20,URRA1,Caribe,73.52,67680000.0,125070000.0,54.11369633005517,27.44992,1.1450233,-0.8359947,1012.0552,27.85141,-0.02,0.011205673,0.014662743,0.00011920929,0.31212065,1.4177326
2017-02-21,URRA1,Caribe,72.85000000000001,67150000.0,125070000.0,53.68993363716319,27.20224,1.0273933,-0.89164734,1012.41437,27.826416,-0.02,0.028967857,0.014483929,0.00023841858,0.30728632,1.3603574
2017-02-22,URRA1,Caribe,72.19,67660000.0,125070000.0,54.09770528504038,26.931305,0.92572784,-0.8588829,1010.8711,27.821259,-0.02,0.0104904175,0.0140070915,0.0,0.30140385,1.2627953
2017-02-23,URRA1,Caribe,71.47,66120000.0,125070000.0,52.86639481890142,26.937286,0.12384033,-0.47197342,1010.6892,28.004913,-0.02,0.15687943,0.014483929,0.001013279,0.3008114,0.48795012
2017-02-24,URRA1,Caribe,70.75,65730000.0,125070000.0,52.554569441112974,27.769196,0.21108627,-0.33229065,1010.6764,27.9935,-0.02,0.0060796738,0.013053417,0.0,0.31078497,0.393668
2017-02-25,URRA1,Caribe,70.06,62790000.0,125070000.0,50.2038858239386,27.53891,0.75520706,-0.9857483,1011.1406,27.93747,-0.02,0.0,0.01257658,0.0,0.30414483,1.241788
2017-02-26,URRA1,Caribe,69.36,57530000.0,125070000.0,45.99824098504837,27.809235,0.8599701,-0.6292343,1011.52704,28.310577,-0.02,0.0042915344,0.012278557,0.0,0.30092862,1.0655911
2017-02-27,URRA1,Caribe,68.71000000000001,66540000.0,125070000.0,53.20220676421204,27.470673,1.0067368,-0.3533516,1011.73456,28.842041,-0.02,0.01835823,0.012099743,0.00017881393,0.3132608,1.0669471
2017-02-28,URRA1,Caribe,68.08999999999999,69070000.0,125070000.0,55.2250739585832,28.102753,0.6413231,-0.38840485,1011.2239,28.938812,-0.02,0.05543232,0.011861324,0.00035762787,0.3418183,0.74976903
2017-03-01,URRA1,Caribe,67.66,65000000.0,138290000.0,47.00267553691518,27.610565,1.3276024,-0.32901764,1009.89954,28.89746,0.18,0.009775162,0.0113248825,0.00011920929,0.33361176,1.3677648
2017-03-02,URRA1,Caribe,67.41,85480000.0,138290000.0,61.81213392146938,27.399261,0.6691437,-0.07322693,1009.5997,28.827301,0.18,0.44202805,0.014841557,0.004053116,0.33511293,0.6731385
2017-03-03,URRA1,Caribe,67.2,90440000.0,138290000.0,65.3987996239786,28.032928,0.37405777,-0.32632065,1009.95544,28.713287,0.18,0.017881393,0.01090765,0.00017881393,0.3496802,0.49639136
2017-03-04,URRA1,Caribe,66.97999999999999,88520000.0,138290000.0,64.01041290042664,27.9169,1.1341782,-0.4890976,1009.8795,28.586334,0.18,0.015616417,0.010192394,0.00011920929,0.34343094,1.2351424
2017-03-05,URRA1,Caribe,66.77,90710000.0,138290000.0,65.59404150697809,28.77707,0.6219597,-0.34614944,1008.0089,28.442627,0.18,0.0072717667,0.010073185,0.00011920929,0.34871134,0.7117958
2017-03-06,URRA1,Caribe,67.07,163460000.0,138290000.0,118.20088220406392,27.102997,0.29405975,0.28978348,1008.60596,28.29004,0.18,0.7376671,0.018000603,0.008404255,0.4703698,0.4128506
2017-03-07,URRA1,Caribe,67.27,198590000.0,138290000.0,143.6040205365536,25.836395,0.54844284,0.14904785,1010.2914,28.194336,0.18,0.6363392,0.016570091,0.006914139,0.47395134,0.5683351
2017-03-08,URRA1,Caribe,67.25999999999999,170560000.0,138290000.0,123.33502060886543,26.136322,0.175251,0.35398865,1011.1069,28.247894,0.18,0.95939636,0.029861927,0.02026558,0.48044273,0.3949948
2017-03-09,URRA1,Caribe,67.01,136840000.0,138290000.0,98.9514787764842,26.41098,0.032836914,-0.49477005,1009.8558,28.40384,0.18,0.124931335,0.011742115,0.0026226044,0.4785153,0.49585852
2017-03-10,URRA1,Caribe,67.42,180720000.0,138290000.0,130.6819003543279,25.145233,0.8808174,0.28943253,1010.21344,28.4505,0.18,0.2619028,0.013113022,0.004172325,0.49671063,0.9271518
2017-03-11,URRA1,Caribe,67.57,138950000.0,138290000.0,100.47725793622098,26.881378,0.8433571,0.39624786,1010.6364,28.619812,0.18,0.026226044,0.009119511,0.00011920929,0.4905264,0.9318066
2017-03-12,URRA1,Caribe,68.4,234710000.0,138290000.0,169.7230457733748,25.539215,1.4003906,0.71603394,1011.6892,28.674408,0.18,0.06878376,0.009834766,0.001013279,0.48845783,1.5728314
2017-03-13,URRA1,Caribe,68.95,198760000.0,138290000.0,143.72695061103477,26.856903,-0.29543686,-0.38907242,1010.67236,28.561432,0.18,0.025391579,0.008940697,0.00035762787,0.4781584,0.4885287
2017-03-14,URRA1,Caribe,68.86,159470000.0,138290000.0,115.3156410441825,26.446136,1.3185844,-0.05047226,1010.9186,28.502441,0.18,0.3592968,0.014603138,0.006198883,0.4919251,1.3195502
2017-03-15,URRA1,Caribe,68.96,183160000.0,138290000.0,132.44630848217514,24.900543,1.6122017,-0.017276764,1012.6061,28.63675,0.18,0.25832653,0.012546778,0.004261732,0.50182414,1.6122943
2017-03-16,URRA1,Caribe,69.27,160310000.0,138290000.0,115.92306023573649,26.148773,1.2722778,-0.63225937,1012.65894,28.717438,0.18,0.12278557,0.00923872,0.0013113022,0.49106255,1.420719
2017-03-17,URRA1,Caribe,69.39999999999999,135790000.0,138290000.0,98.19220478704172,26.21872,1.0347519,-0.39728165,1012.3772,28.646332,0.18,0.040769577,0.008404255,0.0005364418,0.48127994,1.1083971
2017-03-18,URRA1,Caribe,69.44,121920000.0,138290000.0,88.16255694554921,26.771698,1.1985855,-0.07009888,1011.77264,28.643188,0.18,0.10788441,0.008881092,0.0010728836,0.4790108,1.2006336
2017-03-19,URRA1,Caribe,69.45,117140000.0,138290000.0,84.70605249837298,26.688202,1.4532509,-0.30654144,1012.70435,28.820618,0.18,0.16796589,0.011086464,0.0032186508,0.47848475,1.4852293
2017-03-20,URRA1,Caribe,69.36,104420000.0,138290000.0,75.50799045484128,25.9039,0.54825974,-0.7037468,1013.1783,28.828766,0.18,0.022053719,0.007927418,0.00011920929,0.45997566,0.89210325
2017-03-21,URRA1,Caribe,69.22,96410000.0,138290000.0,69.71581459252296,26.845917,0.38584137,-0.79701614,1012.5559,28.637054,0.18,0.0022649765,0.0074505806,0.0,0.44344267,0.8854989
2017-03-22,URRA1,Caribe,69.06,93450000.0,138290000.0,67.57538506038036,26.599823,0.7725105,-1.0586853,1011.2484,28.318481,0.18,0.007748604,0.007212162,0.00011920929,0.42635205,1.3105674
2017-03-23,URRA1,Caribe,70.34,298530000.0,138290000.0,215.87244196977363,23.99112,1.0408974,-0.23599625,1012.6708,28.033478,0.18,1.3803244,0.05722046,0.04965067,0.47390887,1.0673151
2017-03-24,URRA1,Caribe,71.47,277130000.0,138290000.0,200.3977149468508,24.492523,0.56155396,-0.30836105,1012.7139,27.861237,0.18,0.4682541,0.04351139,0.036478043,0.5044904,0.64064765
2017-03-25,URRA1,Caribe,70.67,202250000.0,138290000.0,146.25063272832452,25.604095,0.50654984,-0.15745926,1011.74,27.832458,0.18,0.5494356,0.030994415,0.023841858,0.50097895,0.53045845
2017-03-26,URRA1,Caribe,70.84,340090000.0,138290000.0,245.92522958999203,25.183685,0.6154518,0.5355797,1012.1039,27.82901,0.18,0.28431416,0.012129545,0.0050365925,0.50343466,0.8158594
2017-03-27,URRA1,Caribe,70.56,277030000.0,138290000.0,200.3254031383325,26.171478,0.04834366,-0.16002655,1011.8772,27.953094,0.18,0.088214874,0.008285046,0.0014305115,0.49100128,0.16716939
2017-03-28,URRA1,Caribe,70.17,261930000.0,138290000.0,189.4063200520645,26.76358,-0.18328857,-0.68933105,1011.47815,28.116943,0.18,0.06020069,0.007867813,0.001013279,0.47920612,0.7132826
2017-03-29,URRA1,Caribe,69.52000000000001,224720000.0,138290000.0,162.49909610239354,26.216095,0.43123245,-0.12988281,1011.39264,28.052368,0.18,0.025391579,0.0073313713,0.00047683716,0.4775034,0.4503676
2017-03-30,URRA1,Caribe,69.24,227300000.0,138290000.0,164.36474076216646,24.819244,0.83058167,0.17353821,1011.3917,28.047913,0.18,1.3229847,0.06455183,0.057578087,0.49603173,0.8485172
2017-03-31,URRA1,Caribe,68.65,234390000.0,138290000.0,169.4916479861161,26.071136,1.10569,0.11038971,1011.3059,28.178741,0.18,0.0538826,0.008165836,0.0014305115,0.49226713,1.1111869
2017-04-01,URRA1,Caribe,67.54,237210000.0,242080000.0,97.98826834104428,26.235931,0.36961365,0.2937088,1011.53516,28.330017,0.31,0.18668175,0.011652708,0.0048577785,0.49698773,0.47210073
2017-04-02,URRA1,Caribe,66.09,194430000.0,242080000.0,80.31642432253801,27.652557,0.15735245,-0.18439102,1010.5803,28.264557,0.31,0.03552437,0.00756979,0.0007748604,0.48628557,0.2424043
2017-04-03,URRA1,Caribe,64.95,240010000.0,242080000.0,99.14491077329808,27.776825,0.23651123,-0.29507065,1009.3292,28.071411,0.31,0.017881393,0.0069737434,0.00035762787,0.47522676,0.37815905
2017-04-04,URRA1,Caribe,64.05999999999999,190240000.0,242080000.0,78.58559153998678,27.608612,0.5628853,0.5115242,1008.9178,27.899963,0.31,0.13113022,0.008404255,0.0019669533,0.46703705,0.7605898
2017-04-05,URRA1,Caribe,63.43,228110000.0,242080000.0,94.22918043621942,27.984894,0.32318115,0.50167084,1009.66876,27.55014,0.31,0.03707409,0.00756979,0.0010728836,0.46174866,0.59675765
2017-04-06,URRA1,Caribe,62.49,179110000.0,242080000.0,73.98793787177792,28.145111,0.1942482,-0.37688065,1009.84155,27.106232,0.31,0.016570091,0.006914139,0.00017881393,0.4523425,0.42399454
2017-04-07,URRA1,Caribe,62.49,153130000.0,242080000.0,63.25594844679445,27.598785,0.64735794,-0.45811462,1010.1753,26.605988,0.31,0.04351139,0.006914139,0.00029802322,0.44778493,0.7930582
2017-04-08,URRA1,Caribe,62.48,158860000.0,242080000.0,65.62293456708525,26.798187,1.2231789,-0.034938812,1010.3722,26.138306,0.31,0.83327293,0.300169,0.29364228,0.4680267,1.2236778
2017-04-09,URRA1,Caribe,62.73,188600000.0,242080000.0,77.90812954395241,26.028046,0.8946457,-0.20828247,1010.8528,25.688568,0.31,0.22792816,0.012516975,0.0060796738,0.492652,0.9185709
2017-04-10,URRA1,Caribe,62.83,168750000.0,242080000.0,69.70836087243887,25.740814,0.5311775,-0.34502792,1010.82983,25.570526,0.31,0.28586388,0.011026859,0.0045895576,0.49286094,0.63339865
2017-04-11,URRA1,Caribe,63.22,208130000.0,242080000.0,85.97571050892266,26.108734,0.5170593,-0.051792145,1010.3375,25.421356,0.31,0.07081032,0.007927418,0.00166893,0.49349546,0.51964676
2017-04-12,URRA1,Caribe,63.42,182000000.0,242080000.0,75.18175809649703,26.465424,0.43785858,-0.46141815,1009.78125,25.359558,0.31,0.13685226,0.008046627,0.0019669533,0.4818285,0.63610286
2017-04-13,URRA1,Caribe,63.57000000000001,174180000.0,242080000.0,71.95142101784533,26.900116,-0.10613632,-0.82058716,1009.3809,25.384552,0.31,0.11360645,0.0078082085,0.00166893,0.47072864,0.8274226
2017-04-14,URRA1,Caribe,64.8,327980000.0,242080000.0,135.4841374752148,26.584686,0.20655823,-0.3450203,1009.7361,25.529816,0.31,0.059127808,0.007033348,0.0009536743,0.48929337,0.40212598
2017-04-15,URRA1,Caribe,65.36,234210000.0,242080000.0,96.74900859220092,27.58133,-0.1881752,-0.51597595,1008.868,25.508362,0.31,0.014424324,0.0063180923,0.00023841858,0.4733191,0.5492186
2017-04-16,URRA1,Caribe,65.88000000000001,228330000.0,242080000.0,94.32005948446796,28.07492,0.26982498,0.18558884,1009.2294,25.390564,0.31,0.09191036,0.008225441,0.0022649765,0.48532617,0.32748854
2017-04-17,URRA1,Caribe,67.04,318360000.0,242080000.0,131.51024454725712,25.900726,0.19822311,0.3244934,1009.95154,25.323822,0.31,0.03015995,0.0067949295,0.00071525574,0.48996058,0.3802478
2017-04-18,URRA1,Caribe,67.44,239490000.0,242080000.0,98.93010575016524,26.462006,0.2128334,0.3480606,1010.6705,25.19461,0.31,1.0025501,0.12975931,0.12385845,0.5028866,0.4079758
2017-04-19,URRA1,Caribe,67.31,206500000.0,242080000.0,85.30237937871777,26.353851,0.5356102,0.2462616,1011.21735,25.170563,0.31,0.12636185,0.008821487,0.0026226044,0.4909705,0.58951086
2017-04-20,URRA1,Caribe,67.04,186490000.0,242080000.0,77.03651685393258,25.154938,1.3966026,0.8246727,1011.96375,25.32248,0.31,1.2078285,0.29337406,0.0949502,0.50023067,1.6219075
2017-04-21,URRA1,Caribe,66.66,170920000.0,242080000.0,70.60475875743556,26.599457,-0.3044281,0.34184647,1011.1859,25.274506,0.31,0.03552437,0.007688999,0.0009536743,0.4993118,0.45775047
2017-04-22,URRA1,Caribe,66.69,162240000.0,242080000.0,67.01916721744877,27.486664,-0.08640671,-0.26548767,1009.8089,25.202454,0.31,0.051617622,0.008106232,0.0008940697,0.48639333,0.27919498
2017-04-23,URRA1,Caribe,66.78,169340000.0,242080000.0,69.95208195637805,28.055817,0.02124405,-0.29540253,1009.59283,25.115662,0.31,0.31208992,0.013768673,0.00590086,0.47741252,0.29616544
2017-04-24,URRA1,Caribe,67.09,242810000.0,242080000.0,100.30155320555188,26.70401,0.28635406,-0.04624939,1010.11,24.993652,0.31,0.3427267,0.018954277,0.010609627,0.4971548,0.29006493
2017-04-25,URRA1,Caribe,67.53,232430000.0,242080000.0,96.01371447455386,26.197723,0.13477707,-0.56781006,1010.4353,24.917236,0.31,1.3589859,0.22852421,0.2195239,0.49987513,0.58358645
2017-04-26,URRA1,Caribe,68.86,361090000.0,242080000.0,149.16143423661595,25.52591,0.48241043,0.39912796,1010.2775,24.74762,0.31,0.67174435,0.12654066,0.08863211,0.5031977,0.62611735
2017-04-27,URRA1,Caribe,68.82000000000001,235280000.0,242080000.0,97.19101123595506,26.892914,0.2796173,0.35430527,1009.7692,24.561432,0.31,0.06377697,0.011265278,0.0012516975,0.49126393,0.45135137
2017-04-28,URRA1,Caribe,68.82000000000001,193680000.0,242080000.0,80.00660938532717,28.127716,-0.25954056,-0.08808899,1009.22327,24.267609,0.31,0.7659197,0.16838312,0.1578331,0.48571664,0.27408206
2017-04-29,URRA1,Caribe,69.19,213440000.0,242080000.0,88.16920026437542,27.494232,0.73078156,0.24201584,1009.9242,24.173859,0.31,0.21159649,0.015318394,0.004351139,0.48258787,0.76981384
2017-04-30,URRA1,Caribe,69.73,238220000.0,242080000.0,98.40548578982154,25.730804,0.96530914,0.9727783,1011.34827,24.194946,0.31,0.4696846,0.027179718,0.016152859,0.5023671,1.370445
2017-05-01,URRA1,Caribe,69.78,203510000.0,419790000.0,48.47900140546464,25.732208,0.7567291,0.4477234,1011.42596,24.437714,0.4,0.012636185,0.012218952,0.00035762787,0.49275213,0.87925833
2017-05-02,URRA1,Caribe,69.78999999999999,223580000.0,419790000.0,53.259963314990834,26.809418,0.04994583,0.06315231,1010.6844,24.329437,0.4,0.15115738,0.015497208,0.0034570694,0.49454826,0.08051584
2017-05-03,URRA1,Caribe,69.97,237710000.0,419790000.0,56.62593201362586,25.87082,-0.46669006,0.08946991,1010.985,24.268982,0.4,0.6798506,0.073194504,0.023961067,0.49761465,0.47518888
2017-05-04,URRA1,Caribe,70.24000000000001,245230000.0,419790000.0,58.41730389004026,26.161163,0.4669876,0.31948853,1009.08624,24.253326,0.4,0.6445646,0.036478043,0.022768974,0.48768327,0.5658183
2017-05-05,URRA1,Caribe,71.33,372950000.0,419790000.0,88.84204006765287,25.869843,1.1232681,0.65179443,1009.85767,24.229279,0.4,0.3157854,0.029921532,0.0150203705,0.5014618,1.2986791
2017-05-06,URRA1,Caribe,73.50999999999999,501140000.0,419790000.0,119.3787369875414,25.002777,1.1372337,1.0819435,1011.6333,24.338135,0.4,0.60522556,0.08839369,0.05400181,0.49951094,1.5696822
2017-05-07,URRA1,Caribe,77.09,701940000.0,419790000.0,167.21217751733008,25.972198,0.5117645,0.28271866,1011.47,24.373535,0.4,0.11432171,0.028669834,0.0038146973,0.4948248,0.58466464
2017-05-08,URRA1,Caribe,80.38,947160000.0,419790000.0,225.62709926391767,26.418365,0.91407776,0.7056503,1010.6769,24.314789,0.4,0.4645586,0.05197525,0.02208352,0.50484943,1.1547643
2017-05-09,URRA1,Caribe,80.21000000000001,647540000.0,419790000.0,154.25331713475785,26.566437,0.92123795,0.024848938,1011.2658,24.318085,0.4,0.074863434,0.03695488,0.00166893,0.49291617,0.921573
2017-05-10,URRA1,Caribe,79.66,580670000.0,419790000.0,138.32392386669525,25.873322,0.087696075,-0.047107697,1012.02826,24.447723,0.4,0.36025047,0.049233437,0.010222197,0.48953837,0.09954766
2017-05-11,URRA1,Caribe,78.52,498370000.0,419790000.0,118.7188832511494,26.118866,0.90670013,0.08177948,1012.29266,24.781555,0.4,0.124812126,0.049591064,0.003993511,0.4935135,0.91038066
2017-05-12,URRA1,Caribe,77.23,407920000.0,419790000.0,97.17239572167036,25.708466,0.7917175,0.33381653,1012.4136,24.920624,0.4,0.022292137,0.057518482,0.00047683716,0.4923097,0.85921484
2017-05-13,URRA1,Caribe,76.29,351180000.0,419790000.0,83.6561137711713,26.93216,0.23152924,0.6175308,1012.3222,25.052338,0.4,0.0104904175,0.06502867,0.00011920929,0.48049334,0.65950745
2017-05-14,URRA1,Caribe,76.58,365290000.0,419790000.0,87.01731818290096,26.7081,-0.3996086,-0.002193451,1011.9636,25.087433,0.4,0.22268295,0.07712841,0.007748604,0.47763762,0.39961463
2017-05-15,URRA1,Caribe,77.98,523010000.0,419790000.0,124.58848471854976,26.02597,0.6411514,0.34848714,1012.09357,25.106018,0.4,0.49626827,0.08845329,0.016748905,0.49634576,0.7297386
2017-05-16,URRA1,Caribe,80.47,781860000.0,419790000.0,186.25026799113843,25.735016,1.0278969,0.24531937,1011.8314,25.140778,0.4,1.6813278,0.37902594,0.30088425,0.4913177,1.0567657
2017-05-17,URRA1,Caribe,80.11,569260000.0,419790000.0,135.6058981871888,26.429901,-0.3451271,0.21260452,1011.6217,24.94806,0.4,0.43797493,0.12624264,0.016450882,0.49807662,0.4053559
2017-05-18,URRA1,Caribe,79.56,522420000.0,419790000.0,124.4479382548417,27.234894,-0.28235245,-0.12103653,1009.8809,24.760406,0.4,0.23925304,0.1398921,0.01013279,0.5024717,0.30720147
2017-05-19,URRA1,Caribe,78.73,436480000.0,419790000.0,103.97579742252078,27.712128,0.096191406,0.010875702,1007.3209,24.55008,0.4,0.025629997,0.13810396,0.00062584877,0.49032694,0.096804276
2017-05-20,URRA1,Caribe,78.74,485200000.0,419790000.0,115.58160032397151,26.16867,1.2428627,0.60791016,1008.0737,24.230072,0.4,0.4400015,0.15050173,0.013053417,0.4919769,1.3835688
2017-05-21,URRA1,Caribe,78.10000000000001,392730000.0,419790000.0,93.55391981705138,25.930634,1.2790833,0.6564293,1010.86206,23.90158,0.4,1.2354851,0.21988153,0.08368492,0.48846146,1.4376903
2017-05-22,URRA1,Caribe,77.2,357010000.0,419790000.0,85.04490340408299,26.80484,0.55581665,-0.01751709,1011.2595,23.756744,0.4,0.09226799,0.13631582,0.0017881393,0.48177618,0.5560926
2017-05-23,URRA1,Caribe,77.09,351200000.0,419790000.0,83.66087805807666,27.113861,-0.040252686,0.36818314,1010.79517,23.595306,0.4,0.21100044,0.13655424,0.005066395,0.486058,0.37037697
2017-05-24,URRA1,Caribe,76.74,313210000.0,419790000.0,74.61111508135019,27.69809,0.49547195,0.03725815,1008.9487,23.372406,0.4,0.007987022,0.12856722,0.00035762787,0.47480977,0.49687082
2017-05-25,URRA1,Caribe,78.03,505000000.0,419790000.0,120.2982443602754,27.814178,0.67521286,0.2607956,1009.6128,23.244843,0.4,0.044345856,0.12558699,0.000834465,0.47935414,0.72382784
2017-05-26,URRA1,Caribe,77.85,335770000.0,419790000.0,79.98523071059338,26.621552,0.8465462,0.503582,1011.46606,23.150604,0.4,0.077962875,0.12212992,0.0011920929,0.47817183,0.9850052
2017-05-27,URRA1,Caribe,78.01,402650000.0,419790000.0,95.91700612210867,26.62204,0.29187012,0.22717667,1012.83655,23.075836,0.4,0.14352798,0.12135506,0.004529953,0.49585563,0.36986133
2017-05-28,URRA1,Caribe,77.84,403730000.0,419790000.0,96.17427761499798,27.126678,0.061222076,0.043319702,1011.4408,23.034058,0.4,0.043988228,0.115692616,0.0027418137,0.48835,0.07499826
2017-05-29,URRA1,Caribe,80.9,757560000.0,419790000.0,180.46165940112917,25.931427,0.53297424,-0.04366684,1012.6358,22.97403,0.4,0.6685257,0.156641,0.022888184,0.504465,0.53476006
2017-05-30,URRA1,Caribe,81.45,507280000.0,419790000.0,120.84137306748612,27.073578,0.17576599,-0.21521378,1012.2402,22.967834,0.4,0.26476383,0.114262104,0.0071525574,0.4960041,0.27786803
2017-05-31,URRA1,Caribe,80.94,591260000.0,419790000.0,140.846613783082,26.869171,0.65208054,0.035015106,1011.71326,23.037048,0.4,1.2414455,0.18566847,0.08016825,0.5038177,0.65301996
2017-06-01,URRA1,Caribe,80.42,585130000.0,476770000.0,122.72794009690206,26.924713,0.7633438,0.47561264,1011.6456,23.054626,0.39,0.24437904,0.109791756,0.0056624413,0.49967408,0.8993893
2017-06-02,URRA1,Caribe,80.66,580940000.0,476770000.0,121.84910963357594,27.795563,-0.20108414,0.32713318,1009.9409,23.129517,0.39,0.002861023,0.10329485,0.00011920929,0.4899397,0.38399342
2017-06-03,URRA1,Caribe,79.16,443520000.0,476770000.0,93.02598737336662,28.32492,0.37958527,0.0716362,1008.9402,23.234833,0.39,0.12516975,0.10418892,0.0024437904,0.481609,0.3862858
2017-06-04,URRA1,Caribe,81.51,795230000.0,476770000.0,166.79531010759905,27.085052,0.7030182,0.58529663,1009.08325,23.209686,0.39,0.75912476,0.1193881,0.019073486,0.4859491,0.9147714
2017-06-05,URRA1,Caribe,82.83,637720000.0,476770000.0,133.7584160077186,27.105438,0.11223221,0.1971283,1009.3314,23.253906,0.39,0.16653538,0.10406971,0.0060796738,0.49656785,0.22683834
2017-06-06,URRA1,Caribe,81.38,488630000.0,476770000.0,102.48757262411644,27.253143,0.92206573,0.29267502,1009.58575,23.253815,0.39,0.06532669,0.09816885,0.0015497208,0.48776233,0.9674006
2017-06-07,URRA1,Caribe,80.74,594970000.0,476770000.0,124.79182834490426,27.19522,1.4196053,0.4969368,1011.1923,23.185028,0.39,0.13244152,0.100016594,0.00333786,0.49181843,1.5040696
2017-06-08,URRA1,Caribe,79.71000000000001,544410000.0,476770000.0,114.18713425760848,25.530304,1.1557732,1.003933,1012.8744,23.085754,0.39,0.059127808,0.0975132,0.001013279,0.4929459,1.5309125
2017-06-09,URRA1,Caribe,78.58000000000001,531110000.0,476770000.0,111.39752920695514,25.723297,0.41264343,0.42409897,1012.3817,23.011047,0.39,0.037789345,0.09703636,0.0012516975,0.4900548,0.5917217
2017-06-10,URRA1,Caribe,76.73,421580000.0,476770000.0,88.42418776349183,26.771454,0.51298904,0.021942139,1011.8239,22.91806,0.39,0.037789345,0.09524822,0.0010728836,0.47791794,0.5134581
2017-06-11,URRA1,Caribe,76.55999999999999,470160000.0,476770000.0,98.61358726429935,26.139923,0.08067703,-0.2882843,1011.7028,22.761139,0.39,0.44548512,0.10341406,0.010967255,0.49054176,0.29936036
2017-06-12,URRA1,Caribe,76.44999999999999,477540000.0,476770000.0,100.161503450301,25.20816,0.5814972,0.44789505,1011.6884,22.61435,0.39,0.9044409,0.13822317,0.039339066,0.49776104,0.7339952
2017-06-13,URRA1,Caribe,76.17,453970000.0,476770000.0,95.21781991316568,25.915802,-0.39071274,-0.020252228,1010.7628,22.700592,0.39,0.3633499,0.09995699,0.008404255,0.49481112,0.3912373
2017-06-14,URRA1,Caribe,77.03,609950000.0,476770000.0,127.93380455985066,26.509186,0.3719635,0.3382454,1011.2969,22.936707,0.39,0.11372566,0.09995699,0.008285046,0.49237186,0.50275916
2017-06-15,URRA1,Caribe,76.64999999999999,606660000.0,476770000.0,127.2437443631101,25.52597,-0.089530945,0.3332672,1012.49097,23.115509,0.39,0.14448166,0.09852648,0.004529953,0.5007212,0.3450838
2017-06-16,URRA1,Caribe,76.73,590650000.0,476770000.0,123.88573106529354,26.23172,1.1981659,0.19484329,1011.6436,23.152313,0.39,0.25749207,0.107228756,0.009059906,0.49427557,1.213905
2017-06-17,URRA1,Caribe,78.56,746420000.0,476770000.0,156.5576693164419,25.337616,0.6536598,0.38135147,1011.64154,23.262268,0.39,0.036001205,0.10448694,0.0008940697,0.4993576,0.7567695
2017-06-18,URRA1,Caribe,79.64,807120000.0,476770000.0,169.289175073935,26.741302,0.7290001,0.4138832,1010.88403,23.651672,0.39,0.03218651,0.10967255,0.00059604645,0.48250088,0.8382962
2017-06-19,URRA1,Caribe,80.14,720110000.0,476770000.0,151.03928518992387,26.383026,0.10322189,0.29587173,1010.4819,23.585785,0.39,0.10919571,0.1128912,0.003874302,0.49220222,0.31336057
2017-06-20,URRA1,Caribe,79.92,625150000.0,476770000.0,131.1219246177402,27.22403,-0.36812973,0.34501648,1009.5758,23.52707,0.39,0.024557114,0.10871887,0.00047683716,0.48464578,0.5045353
2017-06-21,URRA1,Caribe,80.5,745790000.0,476770000.0,156.425530129832,25.53482,0.25616074,0.7428627,1010.53186,23.471954,0.39,0.7965565,0.14030933,0.03159046,0.5050448,0.78578836
2017-06-22,URRA1,Caribe,85.45,1307380000.0,476770000.0,274.21607903181825,26.543793,0.100933075,0.1417427,1010.9747,23.603516,0.39,0.034093857,0.11599064,0.0007748604,0.4924971,0.17400713
2017-06-23,URRA1,Caribe,86.92,807990000.0,476770000.0,169.47165299830107,26.620697,0.13960266,-0.15729904,1010.85077,23.522308,0.39,0.062465668,0.11843443,0.0013113022,0.48704255,0.2103138
2017-06-24,URRA1,Caribe,86.89,656560000.0,476770000.0,137.71000692157645,27.351654,0.019500732,-0.461586,1009.757,23.564056,0.39,0.05400181,0.11754036,0.0015497208,0.4801606,0.46199775
2017-06-25,URRA1,Caribe,87.19,703590000.0,476770000.0,147.57430207437548,25.747345,1.1286659,0.56791306,1011.39984,23.528381,0.39,0.23412704,0.12516975,0.011205673,0.49613437,1.263492
2017-06-26,URRA1,Caribe,86.67,586510000.0,476770000.0,123.01738783899994,26.447113,0.46883774,-0.035850525,1011.2978,23.46875,0.39,0.030517578,0.11348724,0.0006556511,0.4876381,0.47020644
2017-06-27,URRA1,Caribe,86.05000000000001,574240000.0,476770000.0,120.44381987121672,25.691986,-0.15236664,-0.26175308,1011.47186,23.499908,0.39,0.55897236,0.3386736,0.020682812,0.50524807,0.30287004
2017-06-28,URRA1,Caribe,85.75,621230000.0,476770000.0,130.29972523438974,26.119354,0.1821022,0.007297516,1011.33124,23.251434,0.39,0.64885616,0.14537573,0.03117323,0.4938626,0.18224835
2017-06-29,URRA1,Caribe,85.92,626760000.0,476770000.0,131.45961365018772,26.555756,0.86304474,0.12751389,1011.0552,22.956024,0.39,0.15318394,0.14132261,0.022053719,0.48876333,0.8724139
2017-06-30,URRA1,Caribe,86.6,681930000.0,476770000.0,143.0312309918829,26.433685,-0.21059036,0.049705505,1011.2061,22.749603,0.39,0.05173683,0.1257062,0.0013709068,0.48859313,0.21637684
2017-07-01,URRA1,Caribe,85.92999999999999,566470000.0,484750000.0,116.85817431665808,28.197113,0.7464638,-0.14521408,1010.42017,22.47168,0.19,0.23066998,0.13363361,0.0094771385,0.47820014,0.7604573
2017-07-02,URRA1,Caribe,86.46000000000001,731280000.0,484750000.0,150.85714285714286,27.639801,-0.1039505,0.34183502,1010.8167,22.356476,0.19,0.041484833,0.12356043,0.0015497208,0.4946155,0.35729104
2017-07-03,URRA1,Caribe,89.14999999999999,871240000.0,484750000.0,179.72975760701394,27.016876,0.44267273,-0.17004776,1011.28394,22.141815,0.19,0.042557716,0.1206398,0.00071525574,0.4827594,0.4742103
2017-07-04,URRA1,Caribe,89.42,690660000.0,484750000.0,142.47756575554408,26.525482,0.32641983,-0.018405914,1010.9114,21.818787,0.19,0.37109852,0.12719631,0.009298325,0.4781268,0.32693833
2017-07-05,URRA1,Caribe,88.91,586680000.0,484750000.0,121.02733367715317,26.998077,0.397007,-0.37875366,1011.1177,21.702728,0.19,0.4646778,0.12439489,0.009059906,0.49140936,0.5486975
2017-07-06,URRA1,Caribe,88.49000000000001,603940000.0,484750000.0,124.587931923672,27.06186,-0.027107239,-0.38661575,1010.9853,21.740479,0.19,0.05507469,0.11444092,0.0011920929,0.49428165,0.3875649
2017-07-07,URRA1,Caribe,89.28,612190000.0,484750000.0,126.28984012377514,26.913177,0.4448433,-0.09777069,1011.3947,21.817657,0.19,0.10967255,0.11283159,0.0016093254,0.49589962,0.45546094
2017-07-08,URRA1,Caribe,88.3,518180000.0,484750000.0,106.89633831872098,27.224579,0.44649506,-0.13114548,1011.33295,21.843414,0.19,0.07081032,0.11372566,0.004887581,0.49559495,0.46535683
2017-07-09,URRA1,Caribe,86.59,430940000.0,484750000.0,88.89943269726663,27.438324,0.18053055,-0.3063507,1010.3253,21.956512,0.19,0.058293343,0.11372566,0.0071525574,0.49162656,0.3555869
2017-07-10,URRA1,Caribe,84.89,444020000.0,484750000.0,91.59773078906652,26.40567,0.7109184,0.16591644,1010.0695,21.994385,0.19,0.12421608,0.12999773,0.025987625,0.49191618,0.7300228
2017-07-11,URRA1,Caribe,85.35000000000001,726240000.0,484750000.0,149.8174316658071,25.647858,0.704689,0.06121826,1011.2355,22.138245,0.19,0.8457899,0.2670884,0.16522408,0.49597505,0.70734316
2017-07-12,URRA1,Caribe,86.63,841140000.0,484750000.0,173.5203713254255,26.473602,-1.1780014,0.037914276,1012.33185,22.333557,0.19,0.08368492,0.12278557,0.0054240227,0.4965347,1.1786114
2017-07-13,URRA1,Caribe,86.29,625530000.0,484750000.0,129.04177411036616,26.57138,1.1080894,-0.26280212,1011.8728,22.361053,0.19,0.022053719,0.12558699,0.0008940697,0.4855326,1.1388271
2017-07-14,URRA1,Caribe,86.09,646490000.0,484750000.0,133.36565239814337,25.923737,1.6648941,0.45098114,1013.0736,22.25476,0.19,0.4736185,0.13709068,0.01591444,0.49561122,1.7248931
2017-07-15,URRA1,Caribe,85.91,651450000.0,484750000.0,134.3888602372357,25.83664,0.5428543,0.35832977,1013.0633,22.088104,0.19,0.010967255,0.11730194,0.00011920929,0.48620123,0.65045446
2017-07-16,URRA1,Caribe,85.68,643830000.0,484750000.0,132.81691593604953,26.391815,-0.20869827,-0.21793365,1011.5789,22.04715,0.19,0.51772594,0.13035536,0.017940998,0.49147376,0.301745
2017-07-17,URRA1,Caribe,86.02,725820000.0,484750000.0,149.73078906652916,26.259186,0.19590378,0.26301193,1011.2455,21.987122,0.19,0.20003319,0.112354755,0.003993511,0.49057794,0.3279536
2017-07-18,URRA1,Caribe,85.98,672120000.0,484750000.0,138.65291387313047,26.917145,0.14502716,-0.25886154,1010.53143,21.93637,0.19,0.15318394,0.10693073,0.0026226044,0.4936678,0.296719
2017-07-19,URRA1,Caribe,86.98,816820000.0,484750000.0,168.50335224342444,26.652374,0.8809967,0.3202591,1011.41235,21.845306,0.19,0.33962727,0.11384487,0.013411045,0.5024504,0.93740124
2017-07-20,URRA1,Caribe,86.77,643340000.0,484750000.0,132.71583290355852,25.57901,-0.5136719,0.31077957,1012.53534,21.718506,0.19,0.24938583,0.102996826,0.0057816505,0.49514353,0.6003688
2017-07-21,URRA1,Caribe,85.68,519820000.0,484750000.0,107.2346570397112,26.4794,0.49100494,0.14636993,1010.7614,21.546417,0.19,0.049114227,0.0962019,0.001013279,0.49064258,0.5123573
2017-07-22,URRA1,Caribe,84.09,452680000.0,484750000.0,93.38421866941722,26.68985,0.2251854,0.27601242,1011.07733,21.442108,0.19,0.11348724,0.10025501,0.0075101852,0.49757028,0.35621807
2017-07-23,URRA1,Caribe,82.64,476370000.0,484750000.0,98.27127385250128,26.3497,0.5766449,0.13054276,1010.97327,21.466888,0.19,0.49877167,0.11563301,0.025868416,0.49035388,0.59123665
2017-07-24,URRA1,Caribe,82.46,494150000.0,484750000.0,101.93914388860236,27.701996,0.18051147,-0.39837265,1010.4525,21.498322,0.19,0.028848648,0.0885725,0.00071525574,0.47957426,0.4373616
2017-07-25,URRA1,Caribe,83.5,642430000.0,484750000.0,132.5281072717896,27.366547,0.43029785,-0.091911316,1009.84216,21.477203,0.19,0.055909157,0.086426735,0.001013279,0.47674388,0.44000447
2017-07-26,URRA1,Caribe,84.95,697070000.0,484750000.0,143.79989685404848,26.347382,0.6900711,0.5428543,1009.997,21.399567,0.19,0.07259846,0.086307526,0.0026226044,0.49641797,0.8780028
2017-07-27,URRA1,Caribe,85.87,625180000.0,484750000.0,128.96957194430118,26.988739,0.3129921,-0.11225891,1009.7011,21.355042,0.19,0.02837181,0.08291006,0.00071525574,0.49456173,0.33251482
2017-07-28,URRA1,Caribe,86.22999999999999,542100000.0,484750000.0,111.8308406395049,26.686798,0.9223213,-0.19404984,1009.92096,21.397064,0.19,0.17809868,0.08863211,0.007867813,0.48232907,0.94251364
2017-07-29,URRA1,Caribe,86.28,497620000.0,484750000.0,102.65497679216092,27.032806,0.9171448,0.9261894,1010.35767,21.442535,0.19,0.0269413,0.079870224,0.00059604645,0.48756889,1.3034497
2017-07-30,URRA1,Caribe,86.83,569180000.0,484750000.0,117.41722537390406,25.693573,0.5191536,0.31203842,1012.0414,21.450958,0.19,0.16093254,0.08904934,0.011205673,0.49812353,0.6057132
2017-07-31,URRA1,Caribe,89.05,806650000.0,484750000.0,166.4053635894791,24.776276,0.6563721,0.2050705,1013.6814,21.637482,0.19,0.7623434,0.2860427,0.18340349,0.50299335,0.6876614
2017-08-01,URRA1,Caribe,90.58,703370000.0,445680000.0,157.81951175731464,25.001373,-0.24827957,-0.3113556,1013.4309,21.723297,-0.07,0.44059753,0.09256601,0.012874603,0.4915499,0.3982274
2017-08-02,URRA1,Caribe,90.36,645420000.0,445680000.0,144.81690899299946,26.943512,-0.113708496,-0.042865753,1011.883,21.735138,-0.07,0.033140182,0.084489584,0.0009536743,0.4807203,0.12151994
2017-08-03,URRA1,Caribe,89.46,549360000.0,445680000.0,123.26332794830373,27.54721,0.075431824,0.118133545,1011.11127,21.69809,-0.07,0.035762787,0.08684397,0.0013709068,0.46968892,0.14016238
2017-08-04,URRA1,Caribe,89.31,658330000.0,445680000.0,147.71360617483396,26.46634,0.9052582,0.81672287,1011.02985,21.578217,-0.07,0.25629997,0.119268894,0.011086464,0.49306548,1.2192328
2017-08-05,URRA1,Caribe,88.49000000000001,566290000.0,445680000.0,127.06201759109676,26.071075,-0.28458405,0.21659851,1011.6703,21.463715,-0.07,0.39708614,0.10740757,0.013887882,0.49703312,0.3576353
2017-08-06,URRA1,Caribe,88.59,696690000.0,445680000.0,156.32067851373182,26.805206,0.14919662,-0.00869751,1011.21893,21.253479,-0.07,0.07772446,0.10806322,0.0021457672,0.4957819,0.14944993
2017-08-07,URRA1,Caribe,88.07000000000001,608150000.0,445680000.0,136.45440674923714,26.434479,0.31464386,0.013378143,1009.98737,21.035889,-0.07,0.3540516,0.1538992,0.012457371,0.49523547,0.31492814
2017-08-08,URRA1,Caribe,88.12,692240000.0,445680000.0,155.32220427212349,26.484894,0.42272186,-0.40880966,1010.04016,20.633575,-0.07,0.074863434,0.16051531,0.0019073486,0.48885196,0.5880639
2017-08-09,URRA1,Caribe,87.07000000000001,535730000.0,445680000.0,120.20507987793934,26.58493,1.0749626,0.7179909,1011.39514,20.566376,-0.07,0.18191338,0.17124414,0.0071525574,0.4945137,1.2926931
2017-08-10,URRA1,Caribe,85.71,495230000.0,445680000.0,111.11784239813318,26.386566,0.106967926,0.2815094,1012.58405,20.393738,-0.07,0.07677078,0.16355515,0.0014305115,0.49037153,0.30114728
2017-08-11,URRA1,Caribe,85.7,681210000.0,445680000.0,152.84733441033927,25.443085,1.3384438,0.37232208,1011.9242,20.28888,-0.07,0.9881258,0.19955635,0.04041195,0.4968044,1.3892643
2017-08-12,URRA1,Caribe,84.3,484350000.0,445680000.0,108.67662897145934,26.128387,0.9819069,0.4883461,1011.8978,20.289795,-0.07,1.1430979,0.40578842,0.20873547,0.49869028,1.0966417
2017-08-13,URRA1,Caribe,82.46,418530000.0,445680000.0,93.90818524501884,26.366547,-0.042747498,-0.11290741,1011.8091,20.284576,-0.07,0.089645386,0.15795231,0.0019073486,0.4837233,0.12072875
2017-08-14,URRA1,Caribe,80.43,368660000.0,445680000.0,82.7185424519835,26.97934,0.38677216,-0.18361282,1010.02435,20.325745,-0.07,0.07402897,0.15419722,0.0013113022,0.47843695,0.42814294
2017-08-15,URRA1,Caribe,79.27,331840000.0,445680000.0,74.45700951355232,27.442902,0.64798355,-0.09357071,1009.27576,20.223053,-0.07,0.109791756,0.15181303,0.0025629997,0.47737253,0.65470463
2017-08-16,URRA1,Caribe,79.32000000000001,504740000.0,445680000.0,113.25166038413212,26.34195,1.1035461,0.5038681,1010.7642,20.098846,-0.07,0.34189224,0.15187263,0.006914139,0.4891407,1.2131352
2017-08-17,URRA1,Caribe,78.62,386470000.0,445680000.0,86.71468318075749,26.821991,-0.14700699,-0.3538475,1009.8625,20.157867,-0.07,0.05364418,0.14132261,0.0010728836,0.488069,0.3831698
2017-08-18,URRA1,Caribe,77.45,320870000.0,445680000.0,71.99560222581223,26.835907,0.73412704,-0.18404007,1010.17267,20.339783,-0.07,0.51927567,0.14853477,0.013649464,0.50032085,0.7568443
2017-08-19,URRA1,Caribe,76.55,366540000.0,445680000.0,82.2428648357566,26.71164,1.6273422,0.67492294,1009.6884,20.474915,-0.07,0.034809113,0.13047457,0.0006556511,0.49079204,1.7617501
2017-08-20,URRA1,Caribe,76.02,423790000.0,445680000.0,95.0884042362233,25.935394,1.3044968,0.44913483,1010.7278,20.473755,-0.07,0.20241737,0.13500452,0.010073185,0.48372462,1.3796499
2017-08-21,URRA1,Caribe,76.31,368780000.0,445680000.0,82.7454676000718,26.493439,-0.98270035,-0.26985168,1011.4381,20.63147,-0.07,0.022292137,0.12129545,0.001013279,0.47607753,1.0190779
2017-08-22,URRA1,Caribe,76.25999999999999,320470000.0,445680000.0,71.90585173218452,26.94162,0.47613907,-0.055137634,1011.8008,20.813324,-0.07,0.31721592,0.12874603,0.012516975,0.49973428,0.47932094
2017-08-23,URRA1,Caribe,76.75,398570000.0,445680000.0,89.42963561299587,26.273468,0.8958931,-0.043842316,1009.923,20.843048,-0.07,0.036001205,0.11277199,0.00071525574,0.49604404,0.8969652
2017-08-24,URRA1,Caribe,76.89,346700000.0,445680000.0,77.79124035182193,26.151825,0.5019684,0.1712265,1010.4945,20.851654,-0.07,0.20074844,0.1219511,0.013589859,0.48669398,0.5303685
2017-08-25,URRA1,Caribe,77.51,415540000.0,445680000.0,93.23730030515168,25.910858,-0.23089981,0.23026657,1011.08264,21.043152,-0.07,0.043153763,0.105559826,0.0009536743,0.4975283,0.32609418
2017-08-26,URRA1,Caribe,77.61,339920000.0,445680000.0,76.26996948483217,26.670624,0.5682144,-0.30893707,1010.72125,21.11966,-0.07,0.042438507,0.10287762,0.0011324883,0.48290002,0.6467687
2017-08-27,URRA1,Caribe,77.92,370130000.0,445680000.0,83.04837551606535,26.9086,1.0105982,-0.14795685,1009.9373,20.996857,-0.07,0.09846687,0.100791454,0.0017285347,0.4765435,1.0213716
2017-08-28,URRA1,Caribe,77.94,327880000.0,445680000.0,73.56847962663795,26.021942,1.301754,0.39334488,1010.4344,20.875214,-0.07,0.6389618,0.10573864,0.009894371,0.48219633,1.3598837
2017-08-29,URRA1,Caribe,77.96,329280000.0,445680000.0,73.88260635433494,25.872894,0.9410515,0.32512283,1012.0516,20.799408,-0.07,0.8472204,0.16063452,0.04208088,0.48931348,0.9956318
2017-08-30,URRA1,Caribe,78.14999999999999,380160000.0,445680000.0,85.29886914378028,25.810822,0.9467697,0.3144226,1012.2003,20.718323,-0.07,0.15580654,0.095784664,0.0052452087,0.49301374,0.9976144
2017-08-31,URRA1,Caribe,78.71000000000001,432660000.0,445680000.0,97.07862143241788,27.192596,-0.278656,0.052116394,1011.6172,20.594147,-0.07,0.03218651,0.088870525,0.0013709068,0.47725317,0.2834877
2017-09-01,URRA1,Caribe,78.74,398170000.0,428570000.0,92.9066430221434,27.495697,0.25196457,-0.024295807,1011.29315,20.68576,-0.34,0.01692772,0.08493662,0.0004172325,0.46400535,0.25313324
2017-09-02,URRA1,Caribe,78.64,379100000.0,428570000.0,88.45696152320508,26.475922,0.9075279,0.15734863,1011.34344,20.735443,-0.34,0.7368326,0.10216236,0.02026558,0.46746832,0.9210676
2017-09-03,URRA1,Caribe,78.55,311810000.0,428570000.0,72.75590918636395,26.102997,0.15516663,0.28087616,1011.9808,20.838623,-0.34,0.052452087,0.080406666,0.0009536743,0.47452053,0.32088643
2017-09-04,URRA1,Caribe,77.89,314560000.0,428570000.0,73.39757799192664,26.556732,1.0641022,0.1141243,1011.97656,20.962738,-0.34,0.7907152,0.15890598,0.046908855,0.47476447,1.0702046
2017-09-05,URRA1,Caribe,77.49000000000001,350870000.0,428570000.0,81.86993956646522,26.737823,-0.1391182,0.34689713,1010.8975,20.983276,-0.34,0.010251999,0.07522106,0.00011920929,0.48337194,0.37375325
2017-09-06,URRA1,Caribe,77.27000000000001,364870000.0,428570000.0,85.13661712205707,26.46402,-0.21483994,0.25884247,1011.0275,20.948395,-0.34,0.81157684,0.09453297,0.02130866,0.5001998,0.3363861
2017-09-07,URRA1,Caribe,77.45,423190000.0,428570000.0,98.74466248220828,26.212738,0.8883667,-0.47066116,1010.9437,20.967896,-0.34,0.06914139,0.07361174,0.0014305115,0.49191526,1.0053444
2017-09-08,URRA1,Caribe,78.03,576450000.0,428570000.0,134.5054483514945,25.481476,0.1643486,0.22270203,1010.7636,21.106903,-0.34,0.5387068,0.13542175,0.06479025,0.50082374,0.2767791
2017-09-09,URRA1,Caribe,80.25999999999999,808770000.0,428570000.0,188.7136290454301,24.207855,0.62630844,0.58579636,1010.59564,21.159973,-0.34,0.526309,0.09292364,0.022292137,0.51035786,0.8575661
2017-09-10,URRA1,Caribe,80.99,761980000.0,428570000.0,177.79592598641997,25.08023,0.48936462,0.49592972,1011.7692,20.977325,-0.34,0.3207922,0.10436773,0.012278557,0.50354695,0.6967238
2017-09-11,URRA1,Caribe,81.12,563350000.0,428570000.0,131.448771495905,26.819733,0.014633179,-0.0063552856,1011.08203,20.781311,-0.34,0.08535385,0.09715557,0.005722046,0.48422664,0.01595367
2017-09-12,URRA1,Caribe,82.48,595060000.0,428570000.0,138.84779615932052,26.445099,0.35277557,0.059856415,1011.2994,20.67987,-0.34,0.047564507,0.089645386,0.0008940697,0.48288912,0.35781756
2017-09-13,URRA1,Caribe,82.96,507210000.0,428570000.0,118.34939449798163,26.000336,0.42321396,0.35721588,1011.65686,20.49936,-0.34,0.05733967,0.08785725,0.0014305115,0.49360174,0.553817
2017-09-14,URRA1,Caribe,82.63000000000001,530480000.0,428570000.0,123.77907926359757,26.834747,0.4594841,-0.23976135,1011.6372,20.37027,-0.34,0.06747246,0.08481741,0.0010728836,0.4883362,0.5182771
2017-09-15,URRA1,Caribe,81.38,487150000.0,428570000.0,113.66871222904076,25.918732,0.004234314,0.033943176,1011.20984,20.344482,-0.34,0.7339716,0.19669533,0.065624714,0.5020595,0.034206264
2017-09-16,URRA1,Caribe,79.83,443860000.0,428570000.0,103.56767855892852,26.834564,-0.10598755,0.03358841,1010.7545,20.329926,-0.34,0.043034554,0.078856945,0.0009536743,0.49688056,0.111182466
2017-09-17,URRA1,Caribe,79.55,451790000.0,428570000.0,105.4180180600602,26.183075,-0.30094528,0.10446167,1010.6333,20.53833,-0.34,0.08094311,0.07671118,0.0015497208,0.48928052,0.31855974
2017-09-18,URRA1,Caribe,78.38000000000001,387510000.0,428570000.0,90.41930139767132,26.547089,0.31476212,0.26288223,1010.9439,20.731476,-0.34,0.07903576,0.07492304,0.0016093254,0.49043262,0.4101003
2017-09-19,URRA1,Caribe,77.24,432440000.0,428570000.0,100.90300301001002,27.170197,0.5903168,-0.044448853,1011.1803,20.93515,-0.34,0.04386902,0.07379055,0.0010728836,0.49360162,0.59198785
2017-09-20,URRA1,Caribe,78.47,712740000.0,428570000.0,166.3065543551812,26.602875,0.41941833,0.45227432,1011.8686,21.041046,-0.34,0.6889105,0.16224384,0.088989735,0.50337976,0.6168175
2017-09-21,URRA1,Caribe,77.92,513280000.0,428570000.0,119.76573255244185,27.095306,0.86475754,0.09952164,1010.39,21.051422,-0.34,0.07331371,0.0756979,0.0015497208,0.49256524,0.87046546
2017-09-22,URRA1,Caribe,77.66999999999999,501170000.0,428570000.0,116.94005646685488,26.383148,1.301342,0.16649246,1009.7972,20.885864,-0.34,1.1298656,0.30362606,0.17499924,0.5002428,1.3119493
2017-09-23,URRA1,Caribe,78.22,570280000.0,428570000.0,133.06577688592296,25.938995,0.4838791,0.26919174,1010.26544,20.785645,-0.34,0.3080368,0.12624264,0.028729439,0.5021254,0.5537176
2017-09-24,URRA1,Caribe,79.11,704780000.0,428570000.0,164.4492148307161,26.884613,0.24507523,0.25018692,1010.3564,20.74179,-0.34,0.042915344,0.07516146,0.00074505806,0.48411828,0.35022187
2017-09-25,URRA1,Caribe,83.06,1083700000.0,428570000.0,252.86417621392076,26.164886,0.37960815,0.17759705,1010.3019,20.621735,-0.34,0.18692017,0.080525875,0.00667572,0.49802667,0.4190979
2017-09-26,URRA1,Caribe,83.04,649040000.0,428570000.0,151.44317147723825,26.394135,0.16501236,0.4438057,1010.5839,20.420166,-0.34,0.07271767,0.07671118,0.0014305115,0.4904381,0.47348976
2017-09-27,URRA1,Caribe,84.88,755190000.0,428570000.0,176.2115873719579,27.359833,0.14882278,-0.044109344,1009.46826,20.390442,-0.34,0.037550926,0.07778406,0.0009536743,0.4796601,0.15522195
2017-09-28,URRA1,Caribe,90.08,1131480000.0,428570000.0,264.0128800429335,25.301239,0.77163315,0.8150673,1009.72205,20.624908,-0.34,0.3219843,0.093102455,0.014901161,0.49404943,1.1223869
2017-09-29,URRA1,Caribe,91.42,842970000.0,428570000.0,196.6936556455188,25.430634,0.5443878,0.42711258,1009.91486,20.86325,-0.34,1.5679598,0.32365322,0.24479628,0.4943565,0.6919417
2017-09-30,URRA1,Caribe,91.59,685770000.0,428570000.0,160.0135333784446,25.46695,0.5081024,0.22312927,1010.29517,21.086426,-0.34,0.24724007,0.09179115,0.009059906,0.50134075,0.5549367
2017-10-01,URRA1,Caribe,91.66,678070000.0,447460000.0,151.53756760380816,25.388275,-0.018493652,0.31108475,1009.39233,21.135834,-0.6,0.28192997,0.10097027,0.0076293945,0.5039889,0.31163397
2017-10-02,URRA1,Caribe,92.45,778320000.0,447460000.0,173.94180485406517,25.693329,0.22428513,-0.3780632,1009.9352,21.210846,-0.6,0.95176697,0.40715933,0.30362606,0.49522907,0.43958572
2017-10-03,URRA1,Caribe,92.84,723930000.0,447460000.0,161.7865284047736,25.809235,0.49547195,0.5107994,1010.2466,21.224396,-0.6,0.08535385,0.15115738,0.0021457672,0.49030554,0.7116238
2017-10-04,URRA1,Caribe,92.98,697800000.0,447460000.0,155.94690028158942,25.958282,1.2213745,0.28564072,1009.84985,21.050385,-0.6,0.09560585,0.19109249,0.0017285347,0.48415032,1.254331
2017-10-05,URRA1,Caribe,92.76,656090000.0,447460000.0,146.62539668350243,24.736053,2.4819374,2.5521164,1010.8258,20.946747,-0.6,0.9599924,0.27740002,0.02270937,0.48488343,3.5599594
2017-10-06,URRA1,Caribe,91.83,553680000.0,447460000.0,123.73843472042194,25.133392,0.10712814,0.8597832,1013.26654,20.956604,-0.6,0.29349327,0.25701523,0.009655952,0.4927072,0.86643153
2017-10-07,URRA1,Caribe,90.33,472380000.0,447460000.0,105.56921289053771,26.694061,-1.0521126,-0.017116547,1012.28125,20.764435,-0.6,0.0,0.23585558,0.0,0.47580326,1.0522518
2017-10-08,URRA1,Caribe,88.63,422300000.0,447460000.0,94.37715103025968,26.86264,0.5387535,-0.06313324,1010.8386,20.563446,-0.6,0.09119511,0.2219677,0.0013113022,0.4648879,0.54244
2017-10-09,URRA1,Caribe,87.83999999999999,542910000.0,447460000.0,121.3315156662048,25.229156,0.457695,0.6944847,1010.1306,20.521759,-0.6,0.3541708,0.21713972,0.008791685,0.49123737,0.8317414
2017-10-10,URRA1,Caribe,85.81,367470000.0,447460000.0,82.12354176909668,26.11203,0.32819366,0.2900238,1009.27875,20.439636,-0.6,0.015854836,0.19794703,0.00029802322,0.4872706,0.43797818
2017-10-11,URRA1,Caribe,83.58,349130000.0,447460000.0,78.02485138336388,26.035675,0.10831833,0.29235458,1009.08936,20.509857,-0.6,0.04220009,0.18823147,0.0012516975,0.49368313,0.31177565
2017-10-12,URRA1,Caribe,81.17999999999999,317990000.0,447460000.0,71.06557010682519,26.711456,-0.5850105,0.13453674,1008.7086,20.59198,-0.6,0.15985966,0.18000603,0.0027418137,0.4944616,0.6002812
2017-10-13,URRA1,Caribe,78.7,309590000.0,447460000.0,69.18830733473384,27.624664,0.50654984,-0.27037048,1008.48047,20.66922,-0.6,0.08010864,0.17213821,0.00166893,0.4876914,0.57418895
2017-10-14,URRA1,Caribe,77.4,308020000.0,447460000.0,68.83743798328342,27.05429,0.56531143,0.08433914,1009.07513,20.595459,-0.6,0.09787083,0.16564131,0.0011920929,0.4857054,0.57156813
2017-10-15,URRA1,Caribe,77.12,453770000.0,447460000.0,101.41018191570195,26.966888,0.3291855,0.3057022,1008.77563,20.37201,-0.6,0.02193451,0.15813112,0.00047683716,0.48367274,0.4492404
2017-10-16,URRA1,Caribe,76.12,353770000.0,447460000.0,79.061815581281,26.946075,0.46493912,0.38731003,1008.7567,20.08554,-0.6,0.11754036,0.15604496,0.004708767,0.483701,0.60512596
2017-10-17,URRA1,Caribe,76.29,384350000.0,447460000.0,85.89594600634693,27.739838,0.010528564,-0.08003235,1008.635,19.94638,-0.6,0.22614002,0.15079975,0.005841255,0.48392335,0.080721915
2017-10-18,URRA1,Caribe,77.36,478340000.0,447460000.0,106.9011755240692,26.77237,0.7695122,0.5762062,1009.09235,20.009949,-0.6,0.20313263,0.14793873,0.009834766,0.49060422,0.96133375
2017-10-19,URRA1,Caribe,78.60000000000001,499860000.0,447460000.0,111.7105439592366,26.483978,0.84832764,-0.048225403,1009.3656,20.209412,-0.6,0.23126602,0.13673306,0.0033974648,0.48874283,0.8496973
2017-10-20,URRA1,Caribe,77.83,447090000.0,447460000.0,99.91731104456264,27.16684,0.05903244,0.067379,1008.3789,20.222748,-0.6,0.2655983,0.13512373,0.006556511,0.49061322,0.08958102
2017-10-21,URRA1,Caribe,78.94,519480000.0,447460000.0,116.09529343404996,25.848053,0.5822029,0.38080597,1008.4458,20.389221,-0.6,1.0989904,0.4169345,0.29301643,0.49573576,0.695682
2017-10-22,URRA1,Caribe,81.28,734280000.0,447460000.0,164.0995843203862,26.343536,0.82915497,0.34455872,1009.5853,20.63443,-0.6,0.9739399,0.40626526,0.2859831,0.49507,0.8978968
2017-10-23,URRA1,Caribe,81.89,657990000.0,447460000.0,147.05001564385643,26.016144,0.50042725,0.66259384,1010.30347,20.92749,-0.6,1.149416,0.28032064,0.159204,0.5039587,0.8303361
2017-10-24,URRA1,Caribe,82.23,676950000.0,447460000.0,151.28726590086265,25.275238,1.0616989,0.93823624,1009.9353,21.093262,-0.6,0.21874905,0.12439489,0.009834766,0.5024013,1.4168599
2017-10-25,URRA1,Caribe,81.58,561480000.0,447460000.0,125.48160729450676,25.552338,0.58694077,0.71458054,1011.1091,21.180298,-0.6,0.032424927,0.114798546,0.0014901161,0.4997837,0.9247296
2017-10-26,URRA1,Caribe,80.2,464030000.0,447460000.0,103.70312430161354,25.738068,0.098861694,0.33467102,1010.65686,21.398834,-0.6,0.13816357,0.116825104,0.0051259995,0.49202183,0.34896752
2017-10-27,URRA1,Caribe,78.25999999999999,390470000.0,447460000.0,87.2636660260135,25.72995,0.72032547,0.48644638,1010.2523,21.462708,-0.6,0.011563301,0.10973215,0.00023841858,0.49258846,0.8691944
2017-10-28,URRA1,Caribe,77.55,364470000.0,447460000.0,81.45309077906406,25.564056,1.278656,0.47359085,1011.8522,21.594269,-0.6,0.9211302,0.3015995,0.042021275,0.5009749,1.363543
2017-10-29,URRA1,Caribe,76.47,338130000.0,447460000.0,75.56653108657757,25.292816,0.5341339,0.52324295,1012.60406,21.760254,-0.6,0.049471855,0.115811825,0.0013709068,0.49667227,0.747718
2017-10-30,URRA1,Caribe,75.92999999999999,313060000.0,447460000.0,69.96379564653824,25.371735,0.31230545,-0.11058426,1012.0147,21.773987,-0.6,0.42581558,0.13035536,0.010728836,0.48864597,0.33130586
2017-10-31,URRA1,Caribe,75.69,288840000.0,447460000.0,64.55102132034149,26.231842,0.67792034,0.194561,1011.0089,21.780518,-0.6,0.030755997,0.121831894,0.000923872,0.48974732,0.70528716
2017-11-01,URRA1,Caribe,75.33999999999999,272730000.0,405290000.0,67.29255594759309,27.043976,-0.8497772,0.2020874,1010.10156,21.7482,-0.77,0.043153763,0.12046099,0.0011324883,0.48021343,0.87347615
2017-11-02,URRA1,Caribe,74.76,242840000.0,405290000.0,59.91758987391744,27.130707,0.60850525,0.32865524,1009.6514,21.78366,-0.77,0.030636787,0.1180768,0.00059604645,0.46829072,0.6915872
2017-11-03,URRA1,Caribe,74.76,247950000.0,405290000.0,61.1784154555997,26.329132,1.6024895,0.68252945,1010.318,21.757538,-0.77,0.019788742,0.115573406,0.00029802322,0.4659192,1.7417861
2017-11-04,URRA1,Caribe,74.83,258370000.0,405290000.0,63.74941399985195,26.409698,1.448391,0.66560364,1010.2523,21.482727,-0.77,0.040650368,0.11354685,0.0005364418,0.45644405,1.5940089
2017-11-05,URRA1,Caribe,74.91,259830000.0,405290000.0,64.1096498803326,26.261505,0.7324524,0.3679161,1011.095,21.425293,-0.77,0.0067949295,0.11074543,5.9604645e-05,0.46023312,0.8196638
2017-11-06,URRA1,Caribe,75.05,267540000.0,405290000.0,66.01199141355572,25.853668,0.030632019,0.2491417,1011.1987,21.332916,-0.77,0.07331371,0.10949373,0.0011324883,0.47034043,0.25101772
2017-11-07,URRA1,Caribe,75.24,275660000.0,405290000.0,68.01549507759876,25.79483,0.14022827,-0.19169617,1009.6883,21.092743,-0.77,0.16486645,0.10973215,0.004053116,0.47178623,0.23751082
2017-11-08,URRA1,Caribe,75.39,268410000.0,405290000.0,66.22665252041749,25.351166,1.8298607,0.6606903,1008.28595,21.121338,-0.77,0.49853325,0.11610985,0.012755394,0.48194063,1.9454824
2017-11-09,URRA1,Caribe,75.36,238540000.0,405290000.0,58.856621184830615,25.485382,1.5791359,0.36524963,1008.6824,21.005096,-0.77,0.06365776,0.10180473,0.0009536743,0.47782668,1.6208262
2017-11-10,URRA1,Caribe,75.38,247520000.0,405290000.0,61.07231858669101,26.304657,0.77745056,0.3058586,1009.14514,20.869324,-0.77,0.02861023,0.098109245,0.0005364418,0.48509797,0.8354513
2017-11-11,URRA1,Caribe,75.82,308470000.0,405290000.0,76.11093291223568,25.844513,0.056461334,0.38768387,1008.63,20.916748,-0.77,0.1783371,0.09763241,0.0030398369,0.48859757,0.39177376
2017-11-12,URRA1,Caribe,76.57000000000001,350530000.0,405290000.0,86.48868711293149,26.747223,0.29140854,-0.03566742,1008.1203,21.020477,-0.77,0.022888184,0.092089176,0.00023841858,0.48043302,0.2935832
2017-11-13,URRA1,Caribe,78.2,481110000.0,405290000.0,118.70759209454955,26.439484,1.6949806,0.60879517,1008.22845,21.142609,-0.77,0.17666817,0.09447336,0.005722046,0.47746366,1.8009971
2017-11-14,URRA1,Caribe,78.58000000000001,330100000.0,405290000.0,81.44785215524686,25.014069,2.2875786,1.7605782,1009.21716,21.21817,-0.77,0.45716763,0.15282631,0.036537647,0.4865671,2.8866332
2017-11-15,URRA1,Caribe,80.12,466580000.0,405290000.0,115.12250487305388,25.362762,2.7224617,1.6051292,1009.90656,21.324677,-0.77,0.018000603,0.08440018,0.00059604645,0.4791051,3.1604173
2017-11-16,URRA1,Caribe,80.78,342100000.0,405290000.0,84.40869500851242,25.988678,1.6039696,1.5561752,1010.95825,21.396423,-0.77,0.37705898,0.092089176,0.011026859,0.4908247,2.2348154
2017-11-17,URRA1,Caribe,81.34,327780000.0,405290000.0,80.87542253694885,25.982208,2.6128082,1.1755867,1011.02234,21.568909,-0.77,0.005722046,0.07891655,5.9604645e-05,0.4764955,2.8650951
2017-11-18,URRA1,Caribe,82.27,379480000.0,405290000.0,93.63172049643464,25.858734,1.4281006,0.001033783,1010.1939,21.670502,-0.77,0.106692314,0.07891655,0.0024735928,0.47257233,1.428101
2017-11-19,URRA1,Caribe,82.89,334600000.0,405290000.0,82.55816822522145,25.356354,0.24065018,0.26301193,1009.6848,21.69925,-0.77,0.13136864,0.077843666,0.003516674,0.4830367,0.3564937
2017-11-20,URRA1,Caribe,83.27,293560000.0,405290000.0,72.43208566705323,25.759064,-0.07175064,-0.22686005,1010.1028,21.619965,-0.77,0.030040741,0.07241964,0.0007748604,0.46778774,0.2379362
2017-11-21,URRA1,Caribe,83.67,299320000.0,405290000.0,73.8532902366207,25.746185,1.0176544,0.44389343,1010.21606,21.59845,-0.77,0.030755997,0.07015467,0.00029802322,0.47427914,1.1102531
2017-11-22,URRA1,Caribe,84.27,329900000.0,405290000.0,81.39850477435911,25.759125,0.7046356,0.25917053,1010.9956,21.559967,-0.77,0.07379055,0.068962574,0.0013709068,0.48855513,0.7507868
2017-11-23,URRA1,Caribe,85.18,374270000.0,405290000.0,92.34622122430852,26.363983,0.13417816,-0.042865753,1010.21533,21.40982,-0.77,0.069499016,0.0667572,0.0009536743,0.49013406,0.14085898
2017-11-24,URRA1,Caribe,86.41,419620000.0,405290000.0,103.53573984060796,25.291534,0.5538521,-0.05960846,1011.13904,21.291626,-0.77,0.0783205,0.06598234,0.0017285347,0.49087363,0.5570505
2017-11-25,URRA1,Caribe,87.53999999999999,404320000.0,405290000.0,99.76066520269436,25.80008,0.16765213,-0.09427643,1010.79877,21.132324,-0.77,0.06699562,0.06401539,0.0010728836,0.477377,0.19234158
2017-11-26,URRA1,Caribe,88.96,445140000.0,405290000.0,109.83246564188607,26.516266,0.6052666,-0.20563507,1009.4611,21.021545,-0.77,0.0385046,0.061929226,0.0006556511,0.47265917,0.6392444
2017-11-27,URRA1,Caribe,90.14,409900000.0,405290000.0,101.13745712946285,26.151459,1.2106819,0.48398972,1009.02875,21.12149,-0.77,0.04005432,0.060260296,0.0005364418,0.4756204,1.3038392
2017-11-28,URRA1,Caribe,90.47,370520000.0,405290000.0,91.42095783266303,26.266266,0.111141205,0.3396492,1009.47736,21.226227,-0.77,0.025629997,0.058710575,0.00047683716,0.4686105,0.35737088
2017-11-29,URRA1,Caribe,91.78,505950000.0,405290000.0,124.83653680080933,26.415192,0.84083176,0.13178253,1009.64294,21.276215,-0.77,0.14400482,0.058293343,0.00166893,0.46594438,0.85109615
2017-11-30,URRA1,Caribe,93.22,525420000.0,405290000.0,129.64050433023266,25.935822,1.0993996,0.47863007,1009.89935,21.269928,-0.77,0.33128262,0.059723854,0.0043809414,0.47092527,1.1990689
2017-12-01,URRA1,Caribe,92.94,448220000.0,289160000.0,155.00760824457046,25.449005,1.1555748,0.40509033,1010.0574,21.313873,-0.86,0.23913383,0.05733967,0.0033974648,0.4797022,1.2245208
2017-12-02,URRA1,Caribe,92.81,436410000.0,289160000.0,150.92336422741735,25.543793,0.8815918,0.010040283,1009.72906,21.45633,-0.86,0.12302399,0.058948994,0.006020069,0.48693419,0.88164896
2017-12-03,URRA1,Caribe,92.24,409260000.0,289160000.0,141.5340987688477,26.626923,0.28735352,-0.43886185,1008.21423,21.501831,-0.86,0.046253204,0.052511692,0.0006556511,0.48146096,0.52456814
2017-12-04,URRA1,Caribe,91.5,385270000.0,289160000.0,133.2376538940379,26.746063,0.34212112,-0.007946014,1008.2609,21.550201,-0.86,0.04208088,0.052392483,0.0016093254,0.46676633,0.3422134
2017-12-05,URRA1,Caribe,92.18,459810000.0,289160000.0,159.0157698160188,26.662018,0.33744812,0.10342789,1008.79407,21.555756,-0.86,0.09071827,0.050902367,0.0012814999,0.46984497,0.3529427
2017-12-06,URRA1,Caribe,91.91,453020000.0,289160000.0,156.66758887812975,26.674042,0.80799866,0.41431427,1008.9459,21.48642,-0.86,0.1784563,0.0551939,0.00590086,0.48384684,0.9080298
2017-12-07,URRA1,Caribe,91.88,385380000.0,289160000.0,133.2756951168903,26.449005,0.91007996,0.28164673,1009.1728,21.387238,-0.86,0.10037422,0.051021576,0.0017285347,0.4847784,0.9526649
2017-12-08,URRA1,Caribe,91.56,440470000.0,289160000.0,152.32743117996955,25.520294,1.1175804,0.5454292,1010.1766,21.240265,-0.86,0.03218651,0.049114227,0.00071525574,0.48593876,1.2435751
2017-12-09,URRA1,Caribe,91.72,429090000.0,289160000.0,148.39189376123946,25.680023,0.7797127,0.17905045,1011.1778,21.262909,-0.86,0.091314316,0.051677227,0.003695488,0.4804531,0.80000687
2017-12-10,URRA1,Caribe,92.6,489180000.0,289160000.0,169.17277631760962,25.801605,0.70518494,-0.16757202,1012.23206,21.324585,-0.86,0.27894974,0.051915646,0.0049471855,0.4917692,0.7248215
2017-12-11,URRA1,Caribe,92.32,448290000.0,289160000.0,155.03181629547657,26.222076,1.1865425,-0.15156174,1011.8108,21.38382,-0.86,0.28395653,0.053822994,0.006854534,0.49052733,1.1961831
2017-12-12,URRA1,Caribe,92.15,465840000.0,289160000.0,161.10112048692767,26.053192,1.2433319,0.054229736,1012.33484,21.466766,-0.86,0.018239021,0.046372414,0.00023841858,0.48462713,1.244514
2017-12-13,URRA1,Caribe,93.11,512410000.0,289160000.0,177.2063909254392,25.618011,-0.19583511,-0.6844826,1012.7297,21.801636,-0.86,0.04172325,0.046253204,0.0007748604,0.48132738,0.7119465
2017-12-14,URRA1,Caribe,92.51,404200000.0,289160000.0,139.7842025176373,25.934723,-0.85720825,-0.9814491,1010.89844,22.085815,-0.86,0.0009536743,0.044703484,0.0,0.46304235,1.3030919
2017-12-15,URRA1,Caribe,92.03,337650000.0,289160000.0,116.76926269193528,26.646576,-0.20386124,-0.15591049,1010.04596,22.259003,-0.86,0.011086464,0.044226646,0.0004172325,0.44842845,0.2566466
2017-12-16,URRA1,Caribe,90.5,300970000.0,289160000.0,104.08424401715313,27.454254,-0.88482666,-0.39535522,1009.40155,22.32904,-0.86,0.022292137,0.043213367,0.00035762787,0.43896157,0.9691357
2017-12-17,URRA1,Caribe,89.02,278370000.0,289160000.0,96.26850186747822,27.10086,-1.0514412,-0.44529343,1009.40784,22.37381,-0.86,0.0014305115,0.042021275,5.9604645e-05,0.42541453,1.1418471
2017-12-18,URRA1,Caribe,87.2,232110000.0,289160000.0,80.27043851155071,26.988129,-0.69355774,-0.65433884,1009.35596,22.395538,-0.86,0.0,0.04091859,0.0,0.41123232,0.95351017
2017-12-19,URRA1,Caribe,85.38,228880000.0,289160000.0,79.15340987688478,27.43338,-0.9126358,-0.47803497,1009.59534,22.44342,-0.86,0.0,0.039875507,0.0,0.39900357,1.0302532
2017-12-20,URRA1,Caribe,83.96000000000001,201400000.0,289160000.0,69.65002074975793,27.02005,-0.035842896,-0.50313187,1009.0759,22.450775,-0.86,0.0060796738,0.03916025,0.00023841858,0.38914862,0.504407
2017-12-21,URRA1,Caribe,82.45,189710000.0,289160000.0,65.60727624844377,27.72348,-0.15480423,-0.24721527,1009.3772,22.270416,-0.86,0.014781952,0.037908554,0.00011920929,0.38315096,0.29168433
2017-12-22,URRA1,Caribe,80.34,183680000.0,289160000.0,63.52192557753493,27.131073,0.14484024,-0.13939667,1009.5464,21.944855,-0.86,0.059723854,0.037372112,0.00059604645,0.37736368,0.2010227
2017-12-23,URRA1,Caribe,78.29,183720000.0,289160000.0,63.53575874948125,27.742096,-0.084236145,-0.3194313,1009.5222,21.936157,-0.86,0.05400181,0.036537647,0.0007748604,0.37466046,0.33035144
2017-12-24,URRA1,Caribe,77.17,163150000.0,289160000.0,56.42205007608244,27.247528,0.5996437,0.18217087,1009.8864,22.000275,-0.86,0.10430813,0.03606081,0.0010728836,0.37126476,0.62670475
2017-12-25,URRA1,Caribe,76.16000000000001,180450000.0,289160000.0,62.404896942869,26.402252,1.2295876,0.20970917,1010.85175,22.143036,-0.86,0.09167194,0.034809113,0.0006556511,0.3764253,1.2473426
2017-12-26,URRA1,Caribe,74.07000000000001,189380000.0,289160000.0,65.49315257988657,26.515839,0.28267288,0.019748688,1011.5375,22.233582,-0.86,0.13518333,0.034987926,0.0020861626,0.38816333,0.2833619
2017-12-27,URRA1,Caribe,73.14,162970000.0,289160000.0,56.35980080232398,26.177582,0.37436676,-0.043590546,1010.9786,22.335785,-0.86,0.16415119,0.03361702,0.0013113022,0.40018153,0.37689602
2017-12-28,URRA1,Caribe,73.06,146230000.0,289160000.0,50.570618342786,25.650543,0.9237213,0.6843567,1010.9989,22.442566,-0.86,0.01835823,0.03182888,0.00020861626,0.40230414,1.1496109
2017-12-29,URRA1,Caribe,72.2,173900000.0,289160000.0,60.139715036657904,25.935516,1.1482086,0.57562256,1011.35205,22.502808,-0.86,0.02682209,0.031232834,0.00035762787,0.41393942,1.284416
2017-12-30,URRA1,Caribe,71.3,170450000.0,289160000.0,58.94660395628718,26.03299,0.48783875,0.3449402,1012.15125,22.687012,-0.86,0.36609173,0.0333786,0.0030994415,0.46250772,0.59747
2017-12-31,URRA1,Caribe,70.26,172850000.0,289160000.0,59.77659427306682,25.054596,0.67357254,0.008102417,1012.89453,22.700226,-0.86,0.08070469,0.032663345,0.0031888485,0.46890217,0.6736213
2018-01-01,URRA1,Caribe,70.30999999999999,158990000.0,166310000.0,95.59858096326138,25.784943,1.2084198,0.15705109,1012.3639,22.6922,-0.77,0.16725063,0.033557415,0.0044703484,0.46837452,1.2185825
2018-01-02,URRA1,Caribe,70.7,207510000.0,166310000.0,124.77301425049608,25.263275,1.0192146,0.9939232,1011.123,22.712128,-0.77,0.60129166,0.041425228,0.013053417,0.48864055,1.4236158
2018-01-03,URRA1,Caribe,71.78999999999999,297060000.0,166310000.0,178.61824304010582,25.491302,0.48877716,0.47974396,1010.5625,22.50705,-0.77,0.6715059,0.04208088,0.01424551,0.49515182,0.68487763
2018-01-04,URRA1,Caribe,72.83,294100000.0,166310000.0,176.8384342492935,25.948395,0.6669884,0.052612305,1012.198,22.738739,-0.77,0.2579689,0.03182888,0.0044703484,0.50154996,0.6690602
2018-01-05,URRA1,Caribe,74.62,398640000.0,166310000.0,239.69695147615897,25.950714,0.41643906,-0.18540573,1013.34204,22.729004,-0.77,0.13375282,0.032782555,0.0059604645,0.49228206,0.4558473
2018-01-06,URRA1,Caribe,75.67,294210000.0,166310000.0,176.9045757921953,26.173737,0.58688736,-0.19360733,1012.78876,22.65915,-0.77,0.035762787,0.028908253,0.0024437904,0.490597,0.6179972
2018-01-07,URRA1,Caribe,76.4,247720000.0,166310000.0,148.95075461487585,26.323944,0.7903328,-0.14487839,1011.40265,22.551788,-0.77,0.022292137,0.026643276,0.0005364418,0.4823706,0.80350214
2018-01-08,URRA1,Caribe,76.49000000000001,229150000.0,166310000.0,137.78485959954304,25.925629,0.90063477,-0.1953659,1010.89484,22.47174,-0.77,0.15962124,0.028073788,0.0022649765,0.48549774,0.9215806
2018-01-09,URRA1,Caribe,77.2,259540000.0,166310000.0,156.05796404305212,24.8013,0.9501648,0.58820343,1011.59393,22.431274,-0.77,0.13756752,0.03015995,0.0045895576,0.49386203,1.1174957
2018-01-10,URRA1,Caribe,77.7,213840000.0,166310000.0,128.5791594011184,25.356964,0.62275887,0.26136017,1011.23,22.373901,-0.77,0.14710426,0.028431416,0.0029802322,0.49111485,0.6753797
2018-01-11,URRA1,Caribe,78.01,189830000.0,166310000.0,114.14226444591426,25.899933,-0.06310749,-0.29426956,1011.405,22.34024,-0.77,0.08165836,0.0269413,0.0019669533,0.47750655,0.30096036
2018-01-12,URRA1,Caribe,78.5,223830000.0,166310000.0,134.58601407011002,25.38205,0.45934677,-0.3798294,1011.97375,22.576202,-0.77,0.046372414,0.025868416,0.0011622906,0.47832635,0.5960452
2018-01-13,URRA1,Caribe,79.81,330870000.0,166310000.0,198.9477481811076,25.40207,0.20323563,0.3166275,1011.96375,22.741547,-0.77,0.16951561,0.030994415,0.0064373016,0.493689,0.37624153
2018-01-14,URRA1,Caribe,80.82000000000001,288070000.0,166310000.0,173.212675124767,25.576813,0.5077057,-0.06232834,1011.4025,22.936066,-0.77,0.3618002,0.033140182,0.009000301,0.483166,0.5115172
2018-01-15,URRA1,Caribe,81.39999999999999,239660000.0,166310000.0,144.10438338043411,25.506989,0.715065,0.11813736,1011.2595,23.222229,-0.77,0.6148815,0.066399574,0.04208088,0.49411392,0.72475815
2018-01-16,URRA1,Caribe,82.11,258100000.0,166310000.0,155.19211111779208,25.567719,0.7482643,0.15505981,1011.2014,23.452698,-0.77,0.036478043,0.025212765,0.00071525574,0.4938181,0.7641617
2018-01-17,URRA1,Caribe,82.91,269550000.0,166310000.0,162.07684444711683,25.318756,0.8080559,0.062194824,1012.0589,23.593262,-0.77,0.8608103,0.06389618,0.03874302,0.49689785,0.81044585
2018-01-18,URRA1,Caribe,84.26,348120000.0,166310000.0,209.3199446816187,25.407013,0.5889244,0.020820618,1011.7619,23.812683,-0.77,0.44476986,0.06663799,0.036597252,0.49002346,0.58929235
2018-01-19,URRA1,Caribe,86.89,534300000.0,166310000.0,321.2675124767002,25.90805,0.14481354,-0.08872223,1011.1873,23.973297,-0.77,0.06902218,0.029027462,0.0017285347,0.49237075,0.16983108
2018-01-20,URRA1,Caribe,86.76,321330000.0,166310000.0,193.2114725512597,26.620453,-0.03155899,0.03420639,1009.6955,23.98288,-0.77,0.027537346,0.029444695,0.00071525574,0.4788008,0.04654081
2018-01-21,URRA1,Caribe,86.56,297030000.0,166310000.0,178.60020443749625,27.275238,-0.17651367,-0.18826675,1008.8747,24.051208,-0.77,0.15544891,0.032305717,0.0025629997,0.47255775,0.25807256
2018-01-22,URRA1,Caribe,86.26,279430000.0,166310000.0,168.01755757320666,26.16629,0.24655151,-0.04638672,1008.2025,24.000275,-0.77,0.05197525,0.031411648,0.0012814999,0.4694903,0.2508772
2018-01-23,URRA1,Caribe,85.74000000000001,250610000.0,166310000.0,150.68847333293246,26.110626,0.5724373,0.4775505,1008.5136,23.86148,-0.77,0.30052662,0.06633997,0.03606081,0.4706472,0.745479
2018-01-24,URRA1,Caribe,85.18,238830000.0,166310000.0,143.6053153749023,26.739838,-0.007083893,-0.08026123,1008.54346,23.909882,-0.77,0.04208088,0.030755997,0.00059604645,0.46759802,0.08057324
2018-01-25,URRA1,Caribe,84.52,225150000.0,166310000.0,135.37971258493175,26.611786,0.06084442,-0.2290039,1008.993,23.974945,-0.77,0.17213821,0.033676624,0.0036358833,0.46226448,0.23694901
2018-01-26,URRA1,Caribe,84.0,257970000.0,166310000.0,155.1139438398172,26.930817,-0.06450653,-0.26665878,1008.8072,24.120575,-0.77,0.072836876,0.030994415,0.0013113022,0.4612745,0.27435014
2018-01-27,URRA1,Caribe,83.17,213160000.0,166310000.0,128.17028440863447,27.22934,-0.016036987,-0.1350708,1007.53467,24.16626,-0.77,0.020861626,0.030100346,0.0005066395,0.44518194,0.13601951
2018-01-28,URRA1,Caribe,82.16,189580000.0,166310000.0,113.99194275750104,27.86148,0.052703857,-0.09794235,1006.8042,24.216766,-0.77,0.006556511,0.029444695,0.00023841858,0.4345781,0.111222304
2018-01-29,URRA1,Caribe,80.99,179140000.0,166310000.0,107.71450904936565,26.94522,0.45246887,-0.30782318,1006.4305,24.197113,-0.77,0.012278557,0.028789043,0.00023841858,0.42292032,0.54725057
2018-01-30,URRA1,Caribe,79.75999999999999,174290000.0,166310000.0,104.7982682941495,27.387115,0.42420197,-0.5450058,1006.7589,24.192902,-0.77,0.014543533,0.028550625,0.00023841858,0.41623524,0.6906364
2018-01-31,URRA1,Caribe,78.43,161980000.0,166310000.0,97.3964283566833,28.179352,-0.6779785,-0.15065765,1007.2775,24.253662,-0.77,0.0063180923,0.028133392,0.00017881393,0.4084609,0.69451606
2018-02-01,URRA1,Caribe,77.60000000000001,155570000.0,124260000.0,125.1971672300016,28.069855,0.6091957,-0.39042282,1008.47107,24.340668,-0.71,0.028133392,0.02771616,0.00029802322,0.39874595,0.7235671
2018-02-02,URRA1,Caribe,76.63,142600000.0,124260000.0,114.75937550297763,26.927582,0.9371681,-0.32832336,1010.21893,24.356995,-0.71,0.19645691,0.029087067,0.002026558,0.39627874,0.99301577
2018-02-03,URRA1,Caribe,75.81,140370000.0,124260000.0,112.96475132786097,26.501678,0.85643005,-0.6223335,1010.5061,24.444427,-0.71,0.049710274,0.027954578,0.0013709068,0.4027953,1.0586649
2018-02-04,URRA1,Caribe,75.64999999999999,135530000.0,124260000.0,109.06969258007403,26.280975,0.61993027,-0.7581825,1010.1203,24.690186,-0.71,0.009775162,0.026226044,0.00023841858,0.39415848,0.9793642
2018-02-05,URRA1,Caribe,74.71,126660000.0,124260000.0,101.93143408981167,26.299591,0.84913635,-0.8019104,1010.545,24.87204,-0.71,0.014781952,0.025987625,0.00023841858,0.38386935,1.1679438
2018-02-06,URRA1,Caribe,73.69,124400000.0,124260000.0,100.11266698857236,26.543427,0.37447357,-0.7318649,1010.79767,25.014679,-0.71,0.0042915344,0.025391579,0.00011920929,0.3730177,0.8221051
2018-02-07,URRA1,Caribe,72.65,122190000.0,124260000.0,98.33413809753743,26.932709,0.25876236,-0.54340744,1010.22876,25.218231,-0.71,0.00166893,0.024914742,5.9604645e-05,0.36183143,0.6018717
2018-02-08,URRA1,Caribe,71.57,117580000.0,124260000.0,94.6241751166908,26.878143,0.41379547,-0.5625763,1010.15936,25.378418,-0.71,0.0017881393,0.024199486,5.9604645e-05,0.3520719,0.69836867
2018-02-09,URRA1,Caribe,70.78,108990000.0,124260000.0,87.71125060357315,26.99057,0.37790298,-0.2383995,1009.0023,25.574036,-0.71,0.00023841858,0.02348423,0.0,0.34304318,0.4468165
2018-02-10,URRA1,Caribe,69.49,109740000.0,124260000.0,88.3148237566393,27.117218,0.7140312,0.14566422,1009.46783,25.715302,-0.71,0.0029802322,0.023066998,0.00011920929,0.33585763,0.7287377
2018-02-11,URRA1,Caribe,68.85,103030000.0,124260000.0,82.91485594720747,26.919708,0.7527199,-0.06534195,1010.41187,25.870697,-0.71,0.03385544,0.022828579,0.0004172325,0.3357262,0.7555507
2018-02-12,URRA1,Caribe,68.17999999999999,98130000.0,124260000.0,78.97151134717528,27.047394,0.5770073,-0.687767,1010.6453,25.799286,-0.71,0.05853176,0.022351742,0.00047683716,0.33577836,0.89775324
2018-02-13,URRA1,Caribe,67.83,116430000.0,124260000.0,93.69869628198938,27.232513,0.54956436,-0.69989014,1011.13873,25.845184,-0.71,0.015854836,0.021755695,5.9604645e-05,0.33183283,0.8898692
2018-02-14,URRA1,Caribe,67.41,105780000.0,124260000.0,85.12795750845002,26.291046,-0.11948013,-0.080402374,1011.4328,25.647064,-0.71,0.0013113022,0.020861626,2.9802322e-05,0.3262347,0.14401405
2018-02-15,URRA1,Caribe,66.59,95880000.0,124260000.0,77.16079188797681,27.02707,0.5057068,-0.70669174,1011.26843,25.97528,-0.71,0.00011920929,0.020444393,0.0,0.32136336,0.86899513
2018-02-16,URRA1,Caribe,65.44,93940000.0,124260000.0,75.59954933204571,27.28537,0.65587234,-0.35323715,1011.0608,26.003021,-0.71,0.0039339066,0.019967556,0.00011920929,0.31522197,0.7449463
2018-02-17,URRA1,Caribe,64.87,92270000.0,124260000.0,74.25559311121842,27.577179,0.4032631,-0.34291077,1011.132,25.858734,-0.71,0.006556511,0.019609928,0.00011920929,0.32030794,0.52934766
2018-02-18,URRA1,Caribe,64.32,86070000.0,124260000.0,69.26605504587155,26.941437,0.88477325,-0.47555923,1011.0719,26.203186,-0.71,0.035881996,0.019460917,0.0005066395,0.35280854,1.0044801
2018-02-19,URRA1,Caribe,63.74,80570000.0,124260000.0,64.83985192338645,27.274017,0.8136864,-0.5606766,1010.22015,26.147919,-0.71,0.0047683716,0.018715858,0.00011920929,0.35479814,0.98815167
2018-02-20,URRA1,Caribe,63.24,91940000.0,124260000.0,73.99002092386931,27.478241,0.6773224,-0.57715225,1010.77673,26.2641,-0.71,0.00035762787,0.017821789,0.0,0.34285602,0.889871
2018-02-21,URRA1,Caribe,62.72,81700000.0,124260000.0,65.74923547400611,27.084991,0.5688515,-0.68460846,1011.52234,26.326935,-0.71,0.0019073486,0.017404556,0.0,0.33199698,0.89010155
2018-02-22,URRA1,Caribe,62.13999999999999,76050000.0,124260000.0,61.20231772090777,27.235565,0.7890892,-0.46995163,1012.0006,26.4628,-0.71,0.0011920929,0.01692772,0.0,0.32205462,0.9184314
2018-02-23,URRA1,Caribe,61.55,76080000.0,124260000.0,61.22646064703042,26.935516,0.7521057,-0.4945259,1012.53467,26.687836,-0.71,0.004529953,0.016510487,0.0,0.3136033,0.90012157
2018-02-24,URRA1,Caribe,60.96,73930000.0,124260000.0,59.496217608240784,26.338959,0.74549866,-0.17891693,1012.10077,26.741882,-0.71,0.51522255,0.020831823,0.0045895576,0.32051757,0.7666678
2018-02-25,URRA1,Caribe,60.370000000000005,75950000.0,124260000.0,61.12184130049896,26.147186,0.75546646,-0.5841255,1012.8201,26.890472,-0.71,0.08010864,0.016391277,0.00059604645,0.35901225,0.9549514
2018-02-26,URRA1,Caribe,59.72,68990000.0,124260000.0,55.52068244004506,27.328583,0.4954567,-0.7527275,1012.8031,26.839508,-0.71,0.024080276,0.015735626,0.00035762787,0.36891332,0.9011526
2018-02-27,URRA1,Caribe,59.1,68740000.0,124260000.0,55.31949138902301,26.575958,0.92578125,-0.89868927,1012.7381,26.790771,-0.71,0.04720688,0.015199184,0.0004172325,0.36471748,1.2902377
2018-02-28,URRA1,Caribe,58.46,67570000.0,124260000.0,54.37791727023982,26.17923,0.9324112,-1.3616676,1012.33936,26.761353,-0.71,0.042915344,0.014841557,0.0004172325,0.36524454,1.650312
2018-03-01,URRA1,Caribe,57.84,67180000.0,136750000.0,49.12614259597806,26.221039,0.6088867,-0.9978447,1012.02515,26.655975,-0.57,0.0029802322,0.014185905,0.0,0.35450387,1.168947
2018-03-02,URRA1,Caribe,57.18,62430000.0,136750000.0,45.6526508226691,26.976532,0.6471901,-0.7775879,1011.72516,26.475891,-0.57,0.007390976,0.013947487,0.00011920929,0.34289086,1.0116807
2018-03-03,URRA1,Caribe,56.59,67720000.0,136750000.0,49.52102376599634,26.239471,1.0785675,-1.2957268,1010.9361,26.195282,-0.57,0.0030994415,0.01347065,0.0,0.3334322,1.6858872
2018-03-04,URRA1,Caribe,55.98,66870000.0,136750000.0,48.899451553930525,26.039948,0.4167328,-1.613594,1011.2531,25.907349,-0.57,0.04208088,0.013530254,0.00029802322,0.33102006,1.666539
2018-03-05,URRA1,Caribe,55.35,64230000.0,136750000.0,46.96892138939671,26.321747,0.07279587,-1.4235687,1011.007,25.817108,-0.57,0.008940697,0.013053417,0.00017881393,0.32930908,1.4254287
2018-03-06,URRA1,Caribe,54.72,64990000.0,136750000.0,47.52468007312614,26.269867,-0.6115494,-0.98740387,1011.1386,25.786224,-0.57,0.0038146973,0.012636185,0.0,0.32100958,1.1614469
2018-03-07,URRA1,Caribe,54.05,60120000.0,136750000.0,43.96343692870201,27.044037,0.6094551,-0.79499817,1009.9367,25.661163,-0.57,0.0039339066,0.012278557,5.9604645e-05,0.31397483,1.0017272
2018-03-08,URRA1,Caribe,53.44,65400000.0,136750000.0,47.82449725776966,27.412628,0.63928986,-0.12137985,1009.9373,25.644379,-0.57,0.34976006,0.01591444,0.004053116,0.30963176,0.6507108
2018-03-09,URRA1,Caribe,52.88,74330000.0,136750000.0,54.354661791590495,27.669708,0.47581482,-0.14300537,1009.5636,25.509125,-0.57,0.16307831,0.017404556,0.0056028366,0.31956562,0.4968403
2018-03-10,URRA1,Caribe,52.35,77470000.0,136750000.0,56.65082266910421,27.361908,0.5003586,-0.3448105,1008.4277,25.225311,-0.57,0.1784563,0.012516975,0.0009536743,0.32171455,0.6076619
2018-03-11,URRA1,Caribe,51.68000000000001,58320000.0,136750000.0,42.647166361974406,28.139496,0.9305763,-0.24337769,1008.22986,24.770508,-0.57,0.002861023,0.010967255,0.0,0.3195182,0.9618758
2018-03-12,URRA1,Caribe,51.02,60210000.0,136750000.0,44.0292504570384,27.641205,0.7266655,-0.261261,1009.1669,24.559235,-0.57,0.029087067,0.011146069,0.00023841858,0.32254976,0.77220464
2018-03-13,URRA1,Caribe,50.41,67040000.0,136750000.0,49.02376599634369,27.220795,0.9682312,-0.6629257,1010.71344,24.426544,-0.57,0.108361244,0.012218952,0.0015497208,0.3719214,1.1734318
2018-03-14,URRA1,Caribe,49.81,67480000.0,136750000.0,49.345521023766,27.182404,0.30230713,-0.5116844,1011.0475,24.37149,-0.57,0.061392784,0.010728836,0.00047683716,0.3903806,0.5943152
2018-03-15,URRA1,Caribe,49.29,79490000.0,136750000.0,58.12797074954295,26.409698,0.33644104,-1.0328751,1011.23,24.311188,-0.57,0.06508827,0.010848045,0.00047683716,0.41325665,1.0862888
2018-03-16,URRA1,Caribe,48.73,73980000.0,136750000.0,54.09872029250457,27.78415,0.19383621,-0.27967453,1010.3603,24.339996,-0.57,0.018954277,0.010430813,5.9604645e-05,0.40471187,0.34027976
2018-03-17,URRA1,Caribe,48.14,70770000.0,136750000.0,51.75137111517367,27.711212,0.6900902,-0.4361229,1010.302,24.155487,-0.57,0.36168098,0.044941902,0.034868717,0.39647746,0.81635016
2018-03-18,URRA1,Caribe,47.65,84410000.0,136750000.0,61.72577696526508,26.65744,1.0891647,0.0053138733,1009.61017,23.963837,-0.57,0.3528595,0.012695789,0.0029206276,0.43899927,1.0891777
2018-03-19,URRA1,Caribe,47.13,83110000.0,136750000.0,60.77513711151737,26.152435,1.3717155,-0.1587143,1008.5139,23.88382,-0.57,0.20778179,0.013232231,0.003993511,0.45093054,1.380867
2018-03-20,URRA1,Caribe,46.77,106940000.0,136750000.0,78.20109689213895,26.507294,1.4504166,-0.025600433,1008.7725,23.585419,-0.57,0.20182133,0.010848045,0.0014305115,0.44605818,1.4506425
2018-03-21,URRA1,Caribe,46.66,137150000.0,136750000.0,100.29250457038393,26.730988,0.49139404,-0.51142883,1009.9416,23.36139,-0.57,0.012993813,0.009357929,0.00011920929,0.43404895,0.7092444
2018-03-22,URRA1,Caribe,46.27,101710000.0,136750000.0,74.37659963436928,26.480377,1.3004494,-0.92150116,1011.15515,23.384918,-0.57,0.04839897,0.01001358,0.0008940697,0.4548822,1.5938421
2018-03-23,URRA1,Caribe,46.27,157270000.0,136750000.0,115.0054844606947,26.998932,0.8549042,-0.12243652,1011.40814,23.39502,-0.57,0.03325939,0.009655952,0.0006556511,0.4514352,0.86362714
2018-03-24,URRA1,Caribe,46.69,216820000.0,136750000.0,158.55210237659963,26.139252,0.68211746,0.17914963,1010.89154,23.638153,-0.57,0.2039671,0.012218952,0.0036358833,0.4733472,0.7052509
2018-03-25,URRA1,Caribe,47.02,202350000.0,136750000.0,147.9707495429616,26.23294,0.65730286,0.45799255,1009.9995,23.685211,-0.57,0.21076202,0.01180172,0.0030994415,0.47988725,0.80112684
2018-03-26,URRA1,Caribe,47.13,172140000.0,136750000.0,125.87934186471664,26.933807,0.26530457,-0.46474457,1009.58453,23.838837,-0.57,0.11789799,0.009417534,0.0009536743,0.46044287,0.53513926
2018-03-27,URRA1,Caribe,46.95,130050000.0,136750000.0,95.10054844606948,27.156097,0.4601326,-0.4766693,1009.4428,24.00824,-0.57,0.05197525,0.008940697,0.00062584877,0.44364303,0.6625222
2018-03-28,URRA1,Caribe,46.650000000000006,112010000.0,136750000.0,81.90859232175502,27.595428,0.32670975,-0.59589005,1008.65674,24.011444,-0.57,0.08666515,0.008761883,0.000834465,0.4378419,0.6795765
2018-03-29,URRA1,Caribe,46.44,126510000.0,136750000.0,92.51188299817184,26.584198,0.34859848,-0.20587158,1009.0516,24.025024,-0.57,0.24104118,0.011026859,0.0029802322,0.4492229,0.4048506
2018-03-30,URRA1,Caribe,46.12,110810000.0,136750000.0,81.03107861060329,27.093658,0.83696365,0.17050934,1010.4222,23.967285,-0.57,0.048160553,0.008404255,0.0006854534,0.47029054,0.8541555
2018-03-31,URRA1,Caribe,46.05,144230000.0,136750000.0,105.46983546617916,25.787445,1.4649849,-0.34397888,1010.70905,23.998016,-0.57,0.08010864,0.00923872,0.0015795231,0.4775268,1.5048263
2018-04-01,URRA1,Caribe,45.95,138540000.0,240930000.0,57.50217905615739,25.134125,0.586071,-0.7026062,1011.27515,23.802185,-0.39,0.5402565,0.01603365,0.008523464,0.48421693,0.91495067
2018-04-02,URRA1,Caribe,45.99,159670000.0,240930000.0,66.27236126675798,25.717255,0.6908531,-0.5831871,1010.867,23.909393,-0.39,0.0872612,0.009059906,0.00166893,0.49479875,0.90409356
2018-04-03,URRA1,Caribe,46.3,198440000.0,240930000.0,82.36417216618935,25.645416,0.6534691,-0.22292328,1010.9997,23.813904,-0.39,0.10216236,0.008761883,0.0014305115,0.49579424,0.6904467
2018-04-04,URRA1,Caribe,46.69,209290000.0,240930000.0,86.86755489146225,26.498505,1.0305328,-0.13529587,1011.1908,23.760193,-0.39,0.012516975,0.007390976,0.0,0.48788995,1.0393761
2018-04-05,URRA1,Caribe,46.81,169820000.0,240930000.0,70.48520317104553,26.264496,1.5287209,0.011993408,1011.98737,23.672882,-0.39,0.09453297,0.009000301,0.0019073486,0.49106053,1.528768
2018-04-06,URRA1,Caribe,46.85,159480000.0,240930000.0,66.19350018677625,25.806366,1.3234367,0.34210968,1012.51794,23.592834,-0.39,0.030636787,0.007390976,0.00035762787,0.47030714,1.3669395
2018-04-07,URRA1,Caribe,46.68,128680000.0,240930000.0,53.40970406342092,26.089508,0.48114014,0.078811646,1012.15894,23.436462,-0.39,0.05352497,0.0074505806,0.0005364418,0.4683208,0.48755217
2018-04-08,URRA1,Caribe,46.44,118490000.0,240930000.0,49.180259826505626,27.249908,0.8895912,-0.30055237,1011.0613,23.294495,-0.39,0.021100044,0.0073313713,0.0004172325,0.4686889,0.93899107
2018-04-09,URRA1,Caribe,46.14,114640000.0,240930000.0,47.58228531108621,27.038239,0.7597389,0.115486145,1010.79517,23.261414,-0.39,0.004887581,0.0067949295,0.0,0.44736263,0.7684662
2018-04-10,URRA1,Caribe,45.57,134760000.0,240930000.0,55.93325862283651,26.95639,1.8859558,0.5477066,1012.17,23.292938,-0.39,0.1077652,0.007688999,0.00071525574,0.4566879,1.9638767
2018-04-11,URRA1,Caribe,44.89,146150000.0,240930000.0,60.660772838583824,25.709808,1.0580521,0.09682083,1012.5037,23.107056,-0.39,0.38945675,0.01090765,0.0044107437,0.45835418,1.0624728
2018-04-12,URRA1,Caribe,44.59,164590000.0,240930000.0,68.31444817996929,25.558502,0.2341919,0.017852783,1012.4253,22.779205,-0.39,0.5092621,0.015258789,0.008881092,0.4863889,0.23487137
2018-04-13,URRA1,Caribe,44.52,143830000.0,240930000.0,59.69783754617524,26.306,0.56731796,-0.05261612,1011.5655,22.616364,-0.39,0.15902519,0.009119511,0.002503395,0.4819085,0.5697527
2018-04-14,URRA1,Caribe,44.51,151990000.0,240930000.0,63.08471340223301,26.725494,0.55146027,-0.0011100769,1011.83405,22.38974,-0.39,0.03194809,0.00667572,0.00023841858,0.48326793,0.55146134
2018-04-15,URRA1,Caribe,45.23,255640000.0,240930000.0,106.10550782384924,26.226227,-0.057460785,-0.18772125,1011.9919,22.265625,-0.39,0.78725815,0.020563602,0.014066696,0.48891026,0.19631864
2018-04-16,URRA1,Caribe,46.1,277610000.0,240930000.0,115.22433901963224,26.627472,0.6517067,0.076431274,1012.71545,22.23642,-0.39,0.1411438,0.009417534,0.00333786,0.49446085,0.6561733
2018-04-17,URRA1,Caribe,46.83,257960000.0,240930000.0,107.06844311625782,26.828888,0.484169,-0.036685944,1011.6209,22.161072,-0.39,0.6196499,0.031650066,0.025510788,0.5010409,0.48555687
2018-04-18,URRA1,Caribe,48.63,410460000.0,240930000.0,170.36483625949447,26.405365,0.36057663,-0.026527405,1011.3075,22.02591,-0.39,0.4261732,0.013947487,0.007927418,0.50016975,0.36155114
2018-04-19,URRA1,Caribe,49.56,287690000.0,240930000.0,119.40812684182129,27.451447,-0.4503479,0.07247543,1010.378,21.877625,-0.39,0.03159046,0.0071525574,0.0012516975,0.4858667,0.45614246
2018-04-20,URRA1,Caribe,50.27,254620000.0,240930000.0,105.68214834184202,27.105743,0.02097702,-0.14085007,1010.9302,21.845886,-0.39,0.395298,0.013887882,0.007927418,0.48929602,0.14240357
2018-04-21,URRA1,Caribe,50.57000000000001,196540000.0,240930000.0,81.57556136637197,27.869965,0.14583588,-0.60726047,1009.7484,21.970459,-0.39,0.07331371,0.0086426735,0.0027418137,0.48320028,0.6245265
2018-04-22,URRA1,Caribe,50.74,176940000.0,240930000.0,73.44041837878223,26.674103,0.87823105,0.14900589,1010.15186,22.194366,-0.39,0.06234646,0.008881092,0.002861023,0.48912072,0.89078194
2018-04-23,URRA1,Caribe,50.55,158530000.0,240930000.0,65.79919478686756,26.469696,0.3802452,0.6602516,1010.72845,22.378754,-0.39,0.7555485,0.04029274,0.03427267,0.4987539,0.7619177
2018-04-24,URRA1,Caribe,51.080000000000005,252260000.0,240930000.0,104.70261071680572,26.940216,0.6490898,0.29790497,1010.9938,22.450378,-0.39,0.02014637,0.0064969063,0.00059604645,0.4935435,0.71418834
2018-04-25,URRA1,Caribe,51.13999999999999,196140000.0,240930000.0,81.40953804009463,26.435516,0.5080719,0.32919312,1011.4125,22.527649,-0.39,0.06353855,0.008046627,0.002026558,0.4929863,0.6053967
2018-04-26,URRA1,Caribe,51.54,248020000.0,240930000.0,102.9427634582659,26.37912,0.7388916,-0.22116089,1010.9886,22.717468,-0.39,0.1155138,0.008225441,0.002026558,0.49591762,0.77128005
2018-04-27,URRA1,Caribe,53.88,523290000.0,240930000.0,217.1958660191757,25.501923,0.36925888,0.21992493,1011.71924,22.82248,-0.39,0.85270405,0.25981665,0.10126829,0.49864233,0.4297896
2018-04-28,URRA1,Caribe,54.71,307330000.0,240930000.0,127.55987216203876,25.702667,0.19002914,0.31231308,1012.10657,22.834229,-0.39,0.040650368,0.0078082085,0.0006556511,0.4882123,0.36558247
2018-04-29,URRA1,Caribe,55.06999999999999,241310000.0,240930000.0,100.15772215996348,25.012665,-0.25662994,-0.15930939,1012.45685,23.02304,-0.39,0.14305115,0.013589859,0.00590086,0.49054563,0.30205697
2018-04-30,URRA1,Caribe,55.67,240800000.0,240930000.0,99.94604241895986,25.996063,0.076179504,0.08759308,1011.8658,23.15332,-0.39,0.18417835,0.013411045,0.005364418,0.4904599,0.11608559
2018-05-01,URRA1,Caribe,56.77,349280000.0,419810000.0,83.19954265024654,26.223358,0.3737526,0.33698654,1012.0795,23.311066,-0.13,1.0325909,0.27799606,0.26988983,0.49469233,0.5032404
2018-05-02,URRA1,Caribe,57.13,248240000.0,419810000.0,59.13151187441939,26.442413,0.27662277,-0.3020401,1011.28516,23.24881,-0.13,0.057458878,0.010728836,0.0021457672,0.48726445,0.409571
2018-05-03,URRA1,Caribe,58.330000000000005,331040000.0,419810000.0,78.85471999237751,25.736237,0.661747,0.16860962,1010.8103,23.098877,-0.13,0.08356571,0.011265278,0.0024437904,0.49287555,0.68288964
2018-05-04,URRA1,Caribe,59.1,289690000.0,419810000.0,69.00502608322813,25.414948,0.29592514,0.1679306,1010.5002,23.06482,-0.13,0.53834915,0.15443563,0.14537573,0.4989221,0.34025338
2018-05-05,URRA1,Caribe,59.91,337940000.0,419810000.0,80.49832066887402,24.930145,0.27785492,0.048267365,1010.8672,23.184326,-0.13,0.77056885,0.107228756,0.09766221,0.50068593,0.28201613
2018-05-06,URRA1,Caribe,61.11,411030000.0,419810000.0,97.90857768990732,25.949371,-0.059501648,0.50245667,1012.6842,23.135864,-0.13,0.94914436,0.23061037,0.03901124,0.50500447,0.50596756
2018-05-07,URRA1,Caribe,62.31,402330000.0,419810000.0,95.83621161954218,25.686188,0.2809868,-0.25257492,1013.47284,23.27185,-0.13,0.2757311,0.022828579,0.010251999,0.50492996,0.37781963
2018-05-08,URRA1,Caribe,64.42,518400000.0,419810000.0,123.4844334341726,24.94461,0.53811264,0.32600784,1013.79407,23.457703,-0.13,0.698328,0.08302927,0.035583973,0.50453943,0.6291632
2018-05-09,URRA1,Caribe,66.03999999999999,460000000.0,419810000.0,109.57337843310069,24.962006,0.28993607,-0.051567078,1012.8798,23.257446,-0.13,1.7707348,0.38057566,0.15252829,0.49685556,0.29448614
2018-05-10,URRA1,Caribe,67.51,445470000.0,419810000.0,106.11228889259428,26.004852,0.40802002,-0.24853897,1012.6722,23.315216,-0.13,0.12087822,0.0603199,0.0042915344,0.49420288,0.47775722
2018-05-11,URRA1,Caribe,68.26,455960000.0,419810000.0,108.61103832686214,25.58139,0.10218048,-0.0663681,1012.54706,23.279144,-0.13,0.42808056,0.089883804,0.017523766,0.5010224,0.12184242
2018-05-12,URRA1,Caribe,68.24,356000000.0,419810000.0,84.80026678735618,25.873444,-0.04995346,0.05683136,1011.2006,23.268677,-0.13,0.069737434,0.084757805,0.0017285347,0.4944406,0.07566474
2018-05-13,URRA1,Caribe,69.06,479120000.0,419810000.0,114.12781972797217,25.889435,0.5606842,0.15079117,1011.3159,23.480774,-0.13,0.5003214,0.11587143,0.02783537,0.5044531,0.58060724
2018-05-14,URRA1,Caribe,69.1,431640000.0,419810000.0,102.81794144970344,24.541351,0.30636978,0.2999878,1012.1858,23.579468,-0.13,0.8407831,0.16856194,0.036895275,0.5024385,0.4287833
2018-05-15,URRA1,Caribe,68.53,416710000.0,419810000.0,99.26157071055954,25.546478,-0.58442307,-0.069358826,1011.2928,23.574615,-0.13,0.19073486,0.20992756,0.007867813,0.5028287,0.5885244
2018-05-16,URRA1,Caribe,67.28,335780000.0,419810000.0,79.98380219623162,26.13144,0.8478317,-0.18697739,1009.91077,23.47116,-0.13,0.16963482,0.21895766,0.0032782555,0.48578927,0.8682046
2018-05-17,URRA1,Caribe,66.25999999999999,365580000.0,419810000.0,87.0822514947238,26.645966,0.50553894,-0.003967285,1010.1753,23.475525,-0.13,0.19204617,0.21660328,0.0042915344,0.4974792,0.5055545
2018-05-18,URRA1,Caribe,66.03,479980000.0,419810000.0,114.33267430504274,26.588776,0.714592,0.33392715,1010.2628,23.388428,-0.13,0.45871735,0.22047758,0.01335144,0.49844307,0.78876424
2018-05-19,URRA1,Caribe,67.54,639410000.0,419810000.0,152.3093780519759,26.242523,0.049095154,0.42129898,1011.4422,23.33197,-0.13,0.5353689,0.21803379,0.016331673,0.49598515,0.42414993
2018-05-20,URRA1,Caribe,70.99,1002240000.0,419810000.0,238.73657130606705,25.808197,-0.08481979,-0.19779587,1011.0753,23.43216,-0.13,0.023007393,0.19580126,0.0007748604,0.49206448,0.21521524
2018-05-21,URRA1,Caribe,71.22,685410000.0,419810000.0,163.26671589528596,25.472382,0.64348984,0.0986557,1011.1764,23.432892,-0.13,0.11765957,0.18948317,0.002682209,0.49411273,0.65100855
2018-05-22,URRA1,Caribe,70.96000000000001,617020000.0,419810000.0,146.97601295824302,25.899078,-0.22376633,-0.2519493,1011.1269,23.352936,-0.13,0.08332729,0.18143654,0.0013709068,0.500589,0.33697155
2018-05-23,URRA1,Caribe,71.59,733810000.0,419810000.0,174.7957409304209,26.663788,-0.01851654,-0.013050079,1011.4891,23.283905,-0.13,0.043272972,0.1745224,0.0013113022,0.49267817,0.022653187
2018-05-24,URRA1,Caribe,71.39,625950000.0,419810000.0,149.10316571782474,26.208282,0.55682373,0.10674286,1011.90155,23.347687,-0.13,0.07998943,0.16766787,0.0013709068,0.48677185,0.56696266
2018-05-25,URRA1,Caribe,72.02,746890000.0,419810000.0,177.91143612586646,26.000397,0.64998627,-0.046653748,1010.6855,23.10553,-0.13,1.2048483,0.42831898,0.26857853,0.4911422,0.6516584
2018-05-26,URRA1,Caribe,71.81,629270000.0,419810000.0,149.8939996665158,25.496368,1.5547066,0.7987709,1010.5598,23.159027,-0.13,0.14686584,0.16015768,0.0060796738,0.49976414,1.7478981
2018-05-27,URRA1,Caribe,72.02,682850000.0,419810000.0,162.6569162240061,25.900604,0.36243057,0.4324875,1011.79767,23.20868,-0.13,0.0667572,0.15234947,0.002682209,0.49352914,0.5642706
2018-05-28,URRA1,Caribe,71.66,598850000.0,419810000.0,142.64786451013555,26.60263,0.045768738,0.1701355,1012.315,23.15622,-0.13,0.18894672,0.15258789,0.006645918,0.497023,0.17618418
2018-05-29,URRA1,Caribe,71.05,565400000.0,419810000.0,134.67997427407636,26.484467,0.18485641,0.20494461,1011.29175,23.2883,-0.13,0.099897385,0.14740229,0.004529953,0.49003044,0.2759967
2018-05-30,URRA1,Caribe,70.64,601890000.0,419810000.0,143.37200161978038,25.880157,0.45165634,-0.030864716,1010.76874,23.19577,-0.13,0.1989603,0.14525652,0.00590086,0.48916173,0.4527097
2018-05-31,URRA1,Caribe,70.56,652550000.0,419810000.0,155.43936542721707,27.113678,-0.457798,-0.5341644,1009.1806,23.067108,-0.13,0.059127808,0.13715029,0.0013113022,0.49166232,0.70349884
2018-06-01,URRA1,Caribe,69.64,533030000.0,476820000.0,111.78851558240008,25.120026,0.5673294,0.034942627,1008.96954,22.953278,0.06,0.93591213,0.40018559,0.037908554,0.4985959,0.5684045
2018-06-02,URRA1,Caribe,67.83,411240000.0,476820000.0,86.24638228262236,26.348663,0.2025795,-0.22706223,1009.36127,22.878693,0.06,0.017881393,0.13184547,0.0009536743,0.4882261,0.30429542
2018-06-03,URRA1,Caribe,66.63,344640000.0,476820000.0,72.27884736378508,26.00467,0.5726433,0.053401947,1010.65063,22.645264,0.06,0.20301342,0.13685226,0.0060796738,0.4932469,0.5751279
2018-06-04,URRA1,Caribe,66.36,367230000.0,476820000.0,77.01648420787718,27.16806,0.5780144,0.08829498,1011.615,22.35733,0.06,0.25224686,0.14674664,0.012278557,0.49720323,0.58471924
2018-06-05,URRA1,Caribe,65.99000000000001,355670000.0,476820000.0,74.59208925800093,26.550323,0.4078598,0.70487213,1010.76373,22.101227,0.06,0.018715858,0.14400482,0.00035762787,0.48727882,0.8143674
2018-06-06,URRA1,Caribe,65.75999999999999,366650000.0,476820000.0,76.89484501489031,26.265228,0.8648491,0.019794464,1009.6788,21.890015,0.06,1.182437,0.18620491,0.044584274,0.50032914,0.8650756
2018-06-07,URRA1,Caribe,65.69,390060000.0,476820000.0,81.80445451113629,27.371246,0.20357895,0.20634079,1009.4794,21.700775,0.06,0.0269413,0.13971329,0.00047683716,0.49354523,0.28986362
2018-06-08,URRA1,Caribe,66.33,491370000.0,476820000.0,103.05146596199825,27.236542,0.5166931,-0.28694534,1010.0147,21.605377,0.06,0.039935112,0.13637543,0.00071525574,0.48167023,0.59102404
2018-06-09,URRA1,Caribe,65.82000000000001,410590000.0,476820000.0,86.11006249737846,26.928925,1.2110481,0.20049667,1009.6964,21.697113,0.06,0.30589104,0.13834238,0.0057816505,0.48794964,1.2275327
2018-06-10,URRA1,Caribe,66.41,403150000.0,476820000.0,84.54972526320205,26.25241,0.42469788,0.7681389,1010.7692,21.801392,0.06,0.31650066,0.17619133,0.029087067,0.5011145,0.87772757
2018-06-11,URRA1,Caribe,67.65,494460000.0,476820000.0,103.69950924877313,25.493927,0.28078842,0.40882492,1011.46075,21.986847,0.06,0.36859512,0.13786554,0.010311604,0.49761164,0.49596366
2018-06-12,URRA1,Caribe,69.82000000000001,625950000.0,476820000.0,131.27595318988296,26.041107,0.14289474,0.1890564,1011.6122,22.068817,0.06,0.10788441,0.13422966,0.00423193,0.5034189,0.2369836
2018-06-13,URRA1,Caribe,71.66,580040000.0,476820000.0,121.64758189673252,26.735748,0.65836334,0.20981598,1011.1511,22.103973,0.06,0.1475811,0.13965368,0.005364418,0.4992551,0.6909884
2018-06-14,URRA1,Caribe,73.78,709350000.0,476820000.0,148.76683025040896,25.745087,0.44460678,0.15105438,1011.3058,22.262024,0.06,0.2309084,0.17154217,0.005185604,0.49643347,0.4695664
2018-06-15,URRA1,Caribe,76.39,938700000.0,476820000.0,196.86674216685543,26.410248,0.53972244,0.3373947,1011.8108,22.176239,0.06,0.3978014,0.29182434,0.013589859,0.49834192,0.63650256
2018-06-16,URRA1,Caribe,76.53,674470000.0,476820000.0,141.45170085147436,26.898102,0.14825821,-0.21520615,1012.01904,22.010986,0.06,0.024914742,0.38331747,0.0006556511,0.48252797,0.26133156
2018-06-17,URRA1,Caribe,75.73,543060000.0,476820000.0,113.89203473008682,26.993683,-0.01058197,-0.21580505,1011.4872,21.746552,0.06,0.3578663,0.39297342,0.034749508,0.4820923,0.21606433
2018-06-18,URRA1,Caribe,74.94,545930000.0,476820000.0,114.4939390126253,26.363678,0.9224968,0.10015488,1011.77094,21.776764,0.06,1.1730194,0.3875494,0.06234646,0.48489195,0.9279177
2018-06-19,URRA1,Caribe,75.32,644380000.0,476820000.0,135.14114340841408,26.079376,0.47551727,0.7693062,1012.3978,21.85849,0.06,0.29444695,0.3167987,0.023126602,0.49748355,0.9044051
2018-06-20,URRA1,Caribe,77.63,904160000.0,476820000.0,189.62291850174068,25.924591,0.12314606,0.17411804,1013.28033,21.757141,0.06,0.2670288,0.30601025,0.0385046,0.4972166,0.2132652
2018-06-21,URRA1,Caribe,78.03,632840000.0,476820000.0,132.72094291346838,26.111725,0.22122955,-0.068611145,1012.84717,21.887024,0.06,0.13506413,0.25516748,0.0123381615,0.49554712,0.23162471
2018-06-22,URRA1,Caribe,78.66,670720000.0,476820000.0,140.66524055199028,26.454193,0.05817032,-0.084186554,1011.7452,21.867706,0.06,0.41627884,0.23388863,0.01168251,0.4870632,0.102328695
2018-06-23,URRA1,Caribe,77.73,518300000.0,476820000.0,108.6992995260266,25.843536,0.5998039,-0.23985672,1010.89,21.984192,0.06,0.21350384,0.21028519,0.00667572,0.48364115,0.64598453
2018-06-24,URRA1,Caribe,76.81,521260000.0,476820000.0,109.3200788557527,26.088593,0.6698494,0.33827972,1010.8755,21.999573,0.06,0.44429302,0.202775,0.01424551,0.4873788,0.7504208
2018-06-25,URRA1,Caribe,76.89,660570000.0,476820000.0,138.53655467472,25.651031,-0.098869324,-0.57912445,1011.0119,22.05017,0.06,0.25343895,0.18191338,0.006735325,0.49722764,0.58750343
2018-06-26,URRA1,Caribe,76.44,592230000.0,476820000.0,124.2041021769221,25.934662,0.6252785,0.20128632,1010.69763,21.858246,0.06,0.17046928,0.16987324,0.006020069,0.4929065,0.6568785
2018-06-27,URRA1,Caribe,76.62,682870000.0,476820000.0,143.2133719223187,25.643585,0.63819504,0.011875153,1011.04407,21.825745,0.06,0.12552738,0.156641,0.0022053719,0.49750307,0.6383055
2018-06-28,URRA1,Caribe,79.67999999999999,1021280000.0,476820000.0,214.1856465752276,26.516815,1.0572243,0.8323097,1011.45544,21.841217,0.06,0.09059906,0.14823675,0.0016093254,0.49412262,1.3455343
2018-06-29,URRA1,Caribe,81.81,959720000.0,476820000.0,201.27511429889685,25.818085,0.8665962,-0.039398193,1012.28015,21.813385,0.06,0.20062923,0.1423955,0.0027418137,0.4810198,0.86749136
2018-06-30,URRA1,Caribe,83.64,915460000.0,476820000.0,191.99278553751935,25.935455,0.82188034,0.5650978,1011.60486,21.91156,0.06,0.09286404,0.13488531,0.001847744,0.48298132,0.99740803
2018-07-01,URRA1,Caribe,84.73,843050000.0,484790000.0,173.90003919222755,26.207306,0.32318115,0.3107872,1010.8019,21.947357,0.14,0.01347065,0.12761354,0.00017881393,0.48652217,0.44836897
2018-07-02,URRA1,Caribe,86.44,939520000.0,484790000.0,193.79937704985664,25.576569,1.3008842,0.53881454,1010.82874,22.122559,0.14,0.12421608,0.12505054,0.002861023,0.49220064,1.4080558
2018-07-03,URRA1,Caribe,86.45,693800000.0,484790000.0,143.11351306751376,25.057037,-0.7877617,-0.39596176,1010.7567,22.13501,0.14,0.084877014,0.12105703,0.0035762787,0.4891855,0.8816769
2018-07-04,URRA1,Caribe,85.42999999999999,548910000.0,484790000.0,113.22634542791724,27.581512,-0.35292816,0.18606949,1009.3308,22.080048,0.14,0.020384789,0.11307001,0.0005066395,0.47630778,0.39897385
2018-07-05,URRA1,Caribe,85.37,677200000.0,484790000.0,139.6893500278471,26.715607,0.118896484,-0.3215027,1009.46625,22.100708,0.14,0.42903423,0.116705894,0.009000301,0.49238247,0.34278324
2018-07-06,URRA1,Caribe,85.85000000000001,753300000.0,484790000.0,155.38686854101775,26.005463,0.53722,0.1854744,1009.6106,21.95166,0.14,0.07426739,0.10681152,0.0029802322,0.4989198,0.56833625
2018-07-07,URRA1,Caribe,86.13,690710000.0,484790000.0,142.4761236824192,26.529388,-0.12258148,-0.3256302,1010.2512,22.038544,0.14,0.5143881,0.1385808,0.038683414,0.48511073,0.34793854
2018-07-08,URRA1,Caribe,85.04,528680000.0,484790000.0,109.05340456692588,27.841827,-0.49007797,-0.2960968,1009.84827,22.0878,0.14,0.00011920929,0.09596348,0.0,0.47208503,0.57258165
2018-07-09,URRA1,Caribe,83.73,499430000.0,484790000.0,103.0198642711277,27.153229,0.6652031,-0.117832184,1009.91016,22.295197,0.14,0.24354458,0.09864569,0.0059604645,0.48792025,0.67555875
2018-07-10,URRA1,Caribe,82.45,501270000.0,484790000.0,103.39941005383776,26.404327,-0.18857956,-0.04711151,1010.7531,22.245026,0.14,1.5460253,0.5418062,0.3362894,0.5034527,0.19437526
2018-07-11,URRA1,Caribe,84.02,793370000.0,484790000.0,163.6523030590565,26.440277,-0.19954681,0.36554337,1010.6956,22.125702,0.14,0.06663799,0.09435415,0.0024437904,0.4921552,0.41646233
2018-07-12,URRA1,Caribe,83.62,630700000.0,484790000.0,130.09756801914233,27.151642,-0.5173683,-0.5827484,1010.5164,22.024048,0.14,0.25355816,0.09918213,0.00590086,0.4838043,0.77927256
2018-07-13,URRA1,Caribe,84.53,657670000.0,484790000.0,135.6608015841911,26.539886,0.6604004,-0.2967949,1010.0658,22.006744,0.14,0.76544285,0.13196468,0.03916025,0.50457484,0.7240275
2018-07-14,URRA1,Caribe,85.61999999999999,680060000.0,484790000.0,140.27929619010294,27.107452,0.040649414,-0.031707764,1010.2559,22.004425,0.14,0.022649765,0.09250641,0.00059604645,0.4910143,0.05155344
2018-07-15,URRA1,Caribe,85.3,638910000.0,484790000.0,131.79108479960396,26.420624,-0.012817383,0.03728485,1009.807,21.95581,0.14,0.11348724,0.093758106,0.0027418137,0.48791635,0.039426453
2018-07-16,URRA1,Caribe,84.89999999999999,629140000.0,484790000.0,129.7757792033664,26.764313,1.0348358,0.30371094,1010.94763,22.044159,0.14,0.079631805,0.09137392,0.0014901161,0.4929701,1.078483
2018-07-17,URRA1,Caribe,83.99,537370000.0,484790000.0,110.8459332907032,26.680511,0.0013885498,-0.086013794,1011.88654,21.95169,0.14,0.030994415,0.08940697,0.0008940697,0.4923021,0.086025
2018-07-18,URRA1,Caribe,82.03,413830000.0,484790000.0,85.36273437983456,26.715302,-0.019203186,0.23464584,1010.8678,22.084595,0.14,0.116825104,0.09542704,0.00834465,0.49085367,0.23543032
2018-07-19,URRA1,Caribe,80.07,416160000.0,484790000.0,85.84335485467935,26.688995,0.39801788,0.064453125,1009.5811,22.008026,0.14,0.18239021,0.091552734,0.006556511,0.48918664,0.40320274
2018-07-20,URRA1,Caribe,78.60000000000001,444560000.0,484790000.0,91.70156150085604,27.011383,0.6206932,0.11722183,1009.0563,21.711914,0.14,0.029802322,0.08416176,0.0009536743,0.4893096,0.6316653
2018-07-21,URRA1,Caribe,76.79,394880000.0,484790000.0,81.45382536768497,26.497467,0.24796295,0.040000916,1009.52734,21.49234,0.14,0.0834465,0.083982944,0.0017881393,0.48072028,0.25116867
2018-07-22,URRA1,Caribe,76.99000000000001,514600000.0,484790000.0,106.14905422966643,25.884613,0.8409805,0.34604645,1009.71576,21.2742,0.14,0.12218952,0.084102154,0.003516674,0.4940979,0.9093934
2018-07-23,URRA1,Caribe,76.32,390770000.0,484790000.0,80.60603560304462,25.926422,0.68551254,0.1551323,1010.90393,21.276703,0.14,0.30493736,0.08451939,0.0053048134,0.48411322,0.7028467
2018-07-24,URRA1,Caribe,76.38000000000001,410800000.0,484790000.0,84.73772148765445,26.199005,0.3367424,0.1096611,1012.5506,21.25232,0.14,1.1173487,0.15866756,0.08076429,0.49882132,0.35414827
2018-07-25,URRA1,Caribe,76.31,394650000.0,484790000.0,81.40638214484622,26.105743,-0.36396027,0.32469177,1012.2714,21.592194,0.14,0.32770634,0.089883804,0.013053417,0.49699825,0.48774156
2018-07-26,URRA1,Caribe,75.99000000000001,357300000.0,484790000.0,73.70201530559623,25.929901,1.1043091,0.17902756,1011.6139,21.649353,0.14,0.3861189,0.08767843,0.012040138,0.4993113,1.1187266
2018-07-27,URRA1,Caribe,76.44999999999999,401720000.0,484790000.0,82.86474555993316,25.42044,0.7003212,0.25234604,1012.6814,21.649353,0.14,0.16856194,0.07927418,0.0031590462,0.49303493,0.74439794
2018-07-28,URRA1,Caribe,78.29,583110000.0,484790000.0,120.2809463891582,24.930939,0.24934769,0.49850845,1012.6189,21.814972,0.14,0.06520748,0.078201294,0.0012516975,0.49638686,0.5573912
2018-07-29,URRA1,Caribe,81.78999999999999,816510000.0,484790000.0,168.42550382639908,25.474823,0.09794998,0.59362197,1011.7661,22.380981,0.14,0.11181831,0.0795722,0.0023245811,0.49984783,0.60164875
2018-07-30,URRA1,Caribe,83.83,614010000.0,484790000.0,126.65484024010397,25.71402,1.3571777,0.7859955,1011.8042,22.54712,0.14,0.15997887,0.0962615,0.01859665,0.49868333,1.5683495
2018-07-31,URRA1,Caribe,84.58,589930000.0,484790000.0,121.68774108376824,26.007965,0.92305374,-0.10634613,1012.1453,22.503876,0.14,0.033140182,0.07915497,0.0007748604,0.49103284,0.9291597
2018-08-01,URRA1,Caribe,84.3,609860000.0,445680000.0,136.8380901094956,26.461273,0.5498886,0.056999207,1011.22485,22.679596,0.27,0.019669533,0.07891655,0.00023841858,0.48750332,0.55283487
2018-08-02,URRA1,Caribe,85.49,816710000.0,445680000.0,183.2503141267277,25.49405,0.52594376,0.123622894,1011.3892,22.457825,0.27,0.24425983,0.09083748,0.010609627,0.49813855,0.54027724
2018-08-03,URRA1,Caribe,84.89,598930000.0,445680000.0,134.3856578711183,25.70462,0.32273865,0.31932068,1011.2925,22.443115,0.27,0.4376173,0.10097027,0.017642975,0.49265146,0.45401093
2018-08-04,URRA1,Caribe,84.46000000000001,626410000.0,445680000.0,140.5515167833423,26.2034,0.5680618,-0.2984619,1011.3641,22.556488,0.27,0.24032593,0.099122524,0.008404255,0.4980475,0.641696
2018-08-05,URRA1,Caribe,85.72999999999999,830390000.0,445680000.0,186.31978100879556,25.225311,-1.212471,0.24905396,1010.7449,22.52597,0.27,0.059366226,0.0988245,0.001847744,0.48336127,1.2377858
2018-08-06,URRA1,Caribe,85.21,612310000.0,445680000.0,137.38781188296537,25.819672,0.49021912,0.23994827,1009.09784,22.340485,0.27,0.0027418137,0.09936094,5.9604645e-05,0.47257686,0.54579294
2018-08-07,URRA1,Caribe,84.0,514770000.0,445680000.0,115.50215401184708,27.083405,0.24072266,0.6502571,1009.51984,22.167267,0.27,0.02527237,0.10025501,0.0013709068,0.4714008,0.69338423
2018-08-08,URRA1,Caribe,82.33,452360000.0,445680000.0,101.49883324358284,27.691864,-0.03460312,0.05677414,1009.1397,22.155151,0.27,0.0075101852,0.09769201,0.00035762787,0.45937428,0.066488184
2018-08-09,URRA1,Caribe,80.78,464700000.0,445680000.0,104.26763597199783,27.69754,0.69869614,-0.0025482178,1009.77655,22.033783,0.27,0.13768673,0.12528896,0.029563904,0.4598719,0.6987008
2018-08-10,URRA1,Caribe,79.54,467470000.0,445680000.0,104.88915814036976,26.851532,0.47981644,0.05140686,1011.07874,21.998352,0.27,0.0064373016,0.09435415,0.0004172325,0.46511978,0.48256242
2018-08-11,URRA1,Caribe,77.22,363700000.0,445680000.0,81.60563633099981,26.893158,0.20734406,-0.232193,1010.84424,21.94461,0.27,0.0075101852,0.092208385,0.00011920929,0.44673246,0.3112959
2018-08-12,URRA1,Caribe,75.09,389740000.0,445680000.0,87.44839346616406,27.182892,0.1950798,0.16835785,1010.91565,21.92929,0.27,0.09000301,0.09095669,0.0012516975,0.44220373,0.25768295
2018-08-13,URRA1,Caribe,73.39,434980000.0,445680000.0,97.59917429545862,26.52304,0.85302734,0.28113556,1010.3727,21.980011,0.27,0.09572506,0.08916855,0.0013113022,0.4594822,0.8981608
2018-08-14,URRA1,Caribe,73.08,442230000.0,445680000.0,99.22590199246096,24.58078,1.199791,0.9592743,1011.317,21.96811,0.27,0.22530556,0.08916855,0.0032186508,0.47369295,1.5361333
2018-08-15,URRA1,Caribe,73.11,492620000.0,445680000.0,110.53222042721237,24.372833,-0.5525017,0.16435623,1012.0745,21.993927,0.27,0.12719631,0.0859499,0.00166893,0.47244278,0.5764296
2018-08-16,URRA1,Caribe,72.43,391870000.0,445680000.0,87.92631484473165,26.370392,-0.33127975,-0.19766235,1012.4572,21.786224,0.27,0.10931492,0.086545944,0.004708767,0.46812695,0.38576764
2018-08-17,URRA1,Caribe,72.3,397140000.0,445680000.0,89.10877759827679,26.23111,0.42238235,0.16537476,1012.825,21.534088,0.27,0.2670288,0.11241436,0.03284216,0.46394026,0.45360297
2018-08-18,URRA1,Caribe,72.76,480630000.0,445680000.0,107.8419493807216,26.296906,0.011386871,-0.18337631,1011.6044,21.308899,0.27,0.26714802,0.08368492,0.0062584877,0.48874155,0.18372951
2018-08-19,URRA1,Caribe,73.86,477190000.0,445680000.0,107.07009513552325,25.42807,0.40670013,-0.06427002,1011.4186,21.145721,0.27,0.0988245,0.07724762,0.0017881393,0.4865657,0.41174707
2018-08-20,URRA1,Caribe,74.3,380970000.0,445680000.0,85.48061389337641,27.073822,-0.13633347,-0.04471588,1010.97815,21.084442,0.27,0.007390976,0.07408857,0.00023841858,0.48252982,0.14347935
2018-08-21,URRA1,Caribe,74.00999999999999,358010000.0,445680000.0,80.32893555914558,26.818024,0.22377396,0.14281845,1010.9322,21.027374,0.27,0.44727325,0.087440014,0.015497208,0.49224263,0.2654654
2018-08-22,URRA1,Caribe,75.16000000000001,483580000.0,445680000.0,108.503859271226,26.225494,0.5723152,-0.24078369,1010.8137,20.977478,0.27,0.16272068,0.07534027,0.004827976,0.4905315,0.6209038
2018-08-23,URRA1,Caribe,75.36,347150000.0,445680000.0,77.89220965715312,26.243744,0.66069794,0.21818924,1010.58203,20.81366,0.27,0.098109245,0.07092953,0.00166893,0.4912712,0.6957933
2018-08-24,URRA1,Caribe,75.33999999999999,314600000.0,445680000.0,70.5887632381978,26.447296,-0.07357025,-0.28845215,1010.33203,20.889282,0.27,0.01013279,0.06830692,0.00035762787,0.48911515,0.29768646
2018-08-25,URRA1,Caribe,75.11,284590000.0,445680000.0,63.8552324537785,26.453766,0.57178116,0.032764435,1010.3677,20.848175,0.27,0.15616417,0.071167946,0.004053116,0.48976344,0.5727191
2018-08-26,URRA1,Caribe,75.14,320860000.0,445680000.0,71.99335846347155,25.775726,0.5091858,-0.01858139,1010.9903,20.746613,0.27,0.14197826,0.06848574,0.0025629997,0.49449927,0.5095247
2018-08-27,URRA1,Caribe,74.42999999999999,269410000.0,445680000.0,60.44920122060672,25.636505,0.39726257,0.29611588,1010.7861,20.792236,0.27,0.13935566,0.06914139,0.004172325,0.48109883,0.49548176
2018-08-28,URRA1,Caribe,73.94,286380000.0,445680000.0,64.25686591276252,26.386139,0.017848969,0.07442093,1010.65704,20.82196,0.27,0.024914742,0.064492226,0.00059604645,0.48204198,0.07653143
2018-08-29,URRA1,Caribe,75.03,434290000.0,445680000.0,97.4443546939508,26.20932,0.35655594,0.0045547485,1011.105,20.741608,0.27,0.12218952,0.06490946,0.0021457672,0.48818067,0.35658503
2018-08-30,URRA1,Caribe,75.62,361900000.0,445680000.0,81.2017591096751,25.637299,0.16956711,-0.38534546,1010.64966,20.779205,0.27,0.20134449,0.06908178,0.006854534,0.49813482,0.4210037
2018-08-31,URRA1,Caribe,77.12,497900000.0,445680000.0,111.7169269430982,26.241913,0.19107819,-0.18738556,1010.21124,20.82721,0.27,0.16605854,0.069618225,0.008046627,0.49199715,0.267627
2018-09-01,URRA1,Caribe,77.86999999999999,387770000.0,428620000.0,90.4694134664738,26.568573,0.15266037,0.31952286,1010.3078,20.677216,0.53,0.24354458,0.06723404,0.0061392784,0.49302506,0.3541187
2018-09-02,URRA1,Caribe,78.21000000000001,327850000.0,428620000.0,76.48966450468947,26.65561,0.16536713,0.2157898,1009.4969,20.68161,0.53,0.038981438,0.061392784,0.000834465,0.48662683,0.27186674
2018-09-03,URRA1,Caribe,78.25999999999999,286580000.0,428620000.0,66.86108907657132,26.607819,0.756691,-0.4740982,1009.6036,21.026001,0.53,0.20241737,0.07498264,0.0150203705,0.49092302,0.89294475
2018-09-04,URRA1,Caribe,78.52,318450000.0,428620000.0,74.29657972096496,25.652435,-0.362957,-0.2775917,1009.4586,21.131195,0.53,0.08738041,0.062286854,0.002503395,0.48519525,0.45694086
2018-09-05,URRA1,Caribe,79.52,422540000.0,428620000.0,98.58149409733564,25.597076,0.7550316,0.10034561,1010.113,21.276123,0.53,0.17559528,0.06711483,0.006854534,0.4932424,0.76167053
2018-09-06,URRA1,Caribe,81.28,528950000.0,428620000.0,123.40768046288086,25.31314,0.10688019,-0.3200531,1011.29596,21.54831,0.53,0.06389618,0.06574392,0.0022053719,0.4952166,0.33742756
2018-09-07,URRA1,Caribe,82.73,484210000.0,428620000.0,112.96953011991975,25.602142,0.5406723,-0.103775024,1011.90936,21.432526,0.53,0.4887581,0.111699104,0.04416704,0.49069682,0.55054134
2018-09-08,URRA1,Caribe,83.76,559270000.0,428620000.0,130.48154542485184,25.862518,-0.10374069,-0.05001068,1011.003,21.375916,0.53,0.95665455,0.20825863,0.10383129,0.4942497,0.115165964
2018-09-09,URRA1,Caribe,83.94,549580000.0,428620000.0,128.2208016424805,26.425934,-0.28046036,-0.15003204,1010.1414,21.393646,0.53,0.36740303,0.108361244,0.021636486,0.49465087,0.3180686
2018-09-10,URRA1,Caribe,83.59,471310000.0,428620000.0,109.95987121459568,26.27591,0.39489746,-0.2497139,1010.892,21.266235,0.53,0.9467602,0.3118515,0.21010637,0.49235308,0.46722695
2018-09-11,URRA1,Caribe,83.28999999999999,479670000.0,428620000.0,111.9103168307592,26.253937,-0.13439178,0.03573227,1010.60016,21.470703,0.53,0.014185905,0.115573406,0.00035762787,0.4919277,0.13906094
2018-09-12,URRA1,Caribe,83.32000000000001,518470000.0,428620000.0,120.96262423591992,26.462067,0.9922409,0.23132324,1010.84454,21.406189,0.53,0.5880594,0.1450777,0.022828579,0.50108063,1.0188485
2018-09-13,URRA1,Caribe,82.50999999999999,455370000.0,428620000.0,106.24095935793945,25.509735,1.3279724,0.7249527,1010.84784,21.223785,0.53,0.8007288,0.31602383,0.12284517,0.49445358,1.5129663
2018-09-14,URRA1,Caribe,82.89999999999999,541880000.0,428620000.0,126.42433857496152,26.256317,1.8465576,0.75715256,1010.52295,20.966766,0.53,0.00500679,0.3066063,0.0,0.46985117,1.9957592
2018-09-15,URRA1,Caribe,82.84,477210000.0,428620000.0,111.33638187672064,26.131195,1.7371254,0.80231094,1010.2573,20.858002,0.53,0.06353855,0.30094385,0.0012516975,0.470751,1.9134543
2018-09-16,URRA1,Caribe,82.52000000000001,444350000.0,428620000.0,103.66991740936028,24.457062,0.7098999,0.3673973,1010.9506,20.73346,0.53,0.32234192,0.29605627,0.010967255,0.49194288,0.7993364
2018-09-17,URRA1,Caribe,81.78999999999999,385800000.0,428620000.0,90.00979888945919,26.466156,-0.44028854,-0.42725372,1010.2728,20.661499,0.53,0.04041195,0.26631355,0.0014901161,0.48693514,0.61351424
2018-09-18,URRA1,Caribe,80.9,360840000.0,428620000.0,84.18645886799496,26.888947,0.46967316,0.2659912,1009.40063,20.862762,0.53,0.027894974,0.24461746,0.00071525574,0.4821819,0.5397631
2018-09-19,URRA1,Caribe,81.34,467590000.0,428620000.0,109.0919695767813,27.246796,0.5445099,0.35873413,1008.7417,21.02539,0.53,0.018119812,0.22554398,0.00047683716,0.48137325,0.6520592
2018-09-20,URRA1,Caribe,81.0,366140000.0,428620000.0,85.42298539498857,26.542511,0.0017700195,-0.5207176,1008.92065,21.40274,0.53,0.16975403,0.21591783,0.007688999,0.47281757,0.5207206
2018-09-21,URRA1,Caribe,80.91000000000001,308030000.0,428620000.0,71.86552190751715,27.795258,0.36989212,0.28305054,1008.96576,21.56903,0.53,0.045895576,0.19431114,0.0010728836,0.4702577,0.4657658
2018-09-22,URRA1,Caribe,80.61,278350000.0,428620000.0,64.94097335635296,26.434723,0.18105698,0.21760559,1009.01935,21.684326,0.53,0.5903244,0.19484758,0.016093254,0.47639573,0.28307918
2018-09-23,URRA1,Caribe,80.08,247030000.0,428620000.0,57.63380150249638,26.736725,0.069820404,-0.045589447,1008.5447,21.79953,0.53,1.0075569,0.22137165,0.05400181,0.48331538,0.08338637
2018-09-24,URRA1,Caribe,80.82000000000001,427840000.0,428620000.0,99.81802062432924,25.92923,0.03949356,-0.3983078,1009.1328,21.667358,0.53,0.0834465,0.15890598,0.00166893,0.4856559,0.40026096
2018-09-25,URRA1,Caribe,80.82000000000001,323690000.0,428620000.0,75.51910783444544,26.009735,-0.18099213,-0.32164,1009.46704,21.667358,0.53,0.08738041,0.15026331,0.0015497208,0.48346707,0.369067
2018-09-26,URRA1,Caribe,81.52000000000001,421040000.0,428620000.0,98.23153375950726,26.110931,1.061409,0.13792801,1009.4169,21.671722,0.53,0.06711483,0.14150143,0.0009536743,0.48955888,1.0703332
2018-09-27,URRA1,Caribe,81.72,350610000.0,428620000.0,81.79972936400542,24.99002,0.46353912,0.12347412,1010.7381,21.63565,0.53,0.4787445,0.14674664,0.012099743,0.5027445,0.47970238
2018-09-28,URRA1,Caribe,82.21000000000001,391570000.0,428620000.0,91.35597965563905,26.006256,0.3795395,-0.022598267,1010.4247,21.494751,0.53,0.40197372,0.1565218,0.020623207,0.4957339,0.38021165
2018-09-29,URRA1,Caribe,82.39,346690000.0,428620000.0,80.88516634781392,25.590607,0.5480919,-0.09986496,1009.90826,21.475739,0.53,0.20873547,0.14042854,0.015765429,0.50133544,0.55711555
2018-09-30,URRA1,Caribe,83.03,411630000.0,428620000.0,96.03611590686388,26.177216,0.11167526,0.18105698,1009.51514,21.353088,0.53,0.2952814,0.13816357,0.009298325,0.499425,0.2127275
2018-10-01,URRA1,Caribe,85.06,610690000.0,448140000.0,136.27214709688937,26.65451,0.75092316,0.387249,1009.7925,21.283691,0.81,0.062942505,0.13834238,0.0011920929,0.4894401,0.8448949
2018-10-02,URRA1,Caribe,85.52,385710000.0,448140000.0,86.06908555362163,25.792877,0.6749687,0.2947197,1009.9492,21.091827,0.81,2.175212,0.9954572,0.862062,0.4937932,0.73650694
2018-10-03,URRA1,Caribe,86.81,506600000.0,448140000.0,113.04503057080376,25.751923,0.50701904,-0.16868973,1009.8914,21.083466,0.81,0.15199184,0.14650822,0.016570091,0.49221727,0.534345
2018-10-04,URRA1,Caribe,87.9,474210000.0,448140000.0,105.81737849779088,26.495636,0.18305969,0.40761185,1010.2519,21.42102,0.81,0.020384789,0.12677908,0.00035762787,0.48357776,0.44683135
2018-10-05,URRA1,Caribe,88.37,466300000.0,448140000.0,104.05230508323292,26.598175,0.35523224,0.6264534,1011.33203,21.262482,0.81,0.43678284,0.13136864,0.0086426735,0.4971168,0.7201624
2018-10-06,URRA1,Caribe,87.53999999999999,400010000.0,448140000.0,89.26005266211452,26.651031,-0.07111359,0.13004684,1012.03467,21.409637,0.81,0.00834465,0.11891127,0.00011920929,0.48270804,0.14822052
2018-10-07,URRA1,Caribe,86.29,360560000.0,448140000.0,80.45700004462891,26.280975,-0.16979218,-0.039600372,1011.9255,21.689545,0.81,0.04708767,0.11622906,0.0014901161,0.47659194,0.174349
2018-10-08,URRA1,Caribe,85.42,407420000.0,448140000.0,90.91355380015172,26.56363,0.685894,0.15418243,1010.9905,22.073395,0.81,0.09083748,0.11318922,0.0023245811,0.47891077,0.70300984
2018-10-09,URRA1,Caribe,84.35000000000001,360770000.0,448140000.0,80.5038604007676,25.400665,0.7328224,0.38766098,1011.77155,22.26242,0.81,0.25725365,0.12284517,0.015079975,0.49339002,0.8290415
2018-10-10,URRA1,Caribe,84.17,383150000.0,448140000.0,85.4978354978355,24.9628,1.1120262,0.5763092,1011.98016,22.29132,0.81,0.5376339,0.1347065,0.02041459,0.50650305,1.2524914
2018-10-11,URRA1,Caribe,85.15,458200000.0,448140000.0,102.2448342035971,25.408539,1.724926,1.005413,1011.8942,22.518768,0.81,0.24187565,0.11110306,0.0076293945,0.5043472,1.9965533
2018-10-12,URRA1,Caribe,85.38,350550000.0,448140000.0,78.2233230686839,25.779938,1.757679,1.2573967,1012.22186,22.598236,0.81,0.0064373016,0.10204315,0.0,0.4875163,2.1611297
2018-10-13,URRA1,Caribe,85.14,282350000.0,448140000.0,63.004864551256304,26.481232,0.511116,0.5911026,1012.4509,22.62149,0.81,0.008106232,0.10019541,0.00011920929,0.4710552,0.7814357
2018-10-14,URRA1,Caribe,84.65,247910000.0,448140000.0,55.31976614450841,25.645782,0.5237999,0.32211304,1012.33295,22.511505,0.81,0.009775162,0.09796023,0.00023841858,0.46769089,0.61491716
2018-10-15,URRA1,Caribe,84.22,255520000.0,448140000.0,57.01789619315393,26.790619,-0.24041367,-0.09889221,1011.52203,22.343475,0.81,0.042557716,0.096708536,0.001013279,0.4799249,0.25995848
2018-10-16,URRA1,Caribe,84.6,312470000.0,448140000.0,69.72597848886508,25.859772,0.517704,0.05191803,1010.3906,22.253326,0.81,0.19204617,0.09864569,0.0052154064,0.4810012,0.5203008
2018-10-17,URRA1,Caribe,84.86,296340000.0,448140000.0,66.12665684830633,25.7753,1.2777443,0.87805176,1010.65436,22.278107,0.81,0.15103817,0.09727478,0.0054836273,0.4976818,1.5503565
2018-10-18,URRA1,Caribe,85.16,300180000.0,448140000.0,66.98353193198554,25.871918,0.8425789,0.1827507,1010.77545,22.234222,0.81,0.019907951,0.09095669,0.00029802322,0.48740485,0.8621699
2018-10-19,URRA1,Caribe,85.57000000000001,315700000.0,448140000.0,70.44673539518901,25.86557,0.49814606,0.18824005,1010.9313,22.208221,0.81,0.08869171,0.092327595,0.0014901161,0.48809248,0.5325259
2018-10-20,URRA1,Caribe,86.41,375470000.0,448140000.0,83.78408533047708,25.556,0.722538,0.05252838,1009.65704,22.267853,0.81,0.58686733,0.11384487,0.023335218,0.4933346,0.72444487
2018-10-21,URRA1,Caribe,86.81,313690000.0,448140000.0,69.99821484357567,24.608307,0.3107605,-0.20483017,1010.32153,22.097382,0.81,0.8317232,0.41919947,0.10943413,0.5020571,0.3721928
2018-10-22,URRA1,Caribe,86.98,282740000.0,448140000.0,63.09189092694248,25.351105,1.0622025,0.4951973,1010.4384,21.852814,0.81,0.32556057,0.10842085,0.011861324,0.4979922,1.1719618
2018-10-23,URRA1,Caribe,87.05000000000001,297640000.0,448140000.0,66.41674476726023,26.141144,0.56430435,-0.1684227,1010.77563,21.740662,0.81,0.055909157,0.11920929,0.0027120113,0.4862166,0.58890206
2018-10-24,URRA1,Caribe,87.33999999999999,311050000.0,448140000.0,69.40911322354621,26.059845,0.053516388,-0.1919365,1010.9511,21.85785,0.81,0.11563301,0.11765957,0.0031590462,0.49040872,0.19925767
2018-10-25,URRA1,Caribe,87.37,294360000.0,448140000.0,65.68483063328424,26.392914,0.9702568,0.35212708,1009.9348,21.749054,0.81,1.3233423,0.5784631,0.34442544,0.49215126,1.0321782
2018-10-26,URRA1,Caribe,87.5,292410000.0,448140000.0,65.2496987548534,25.9841,0.47179413,-0.0460701,1010.0062,21.809296,0.81,0.83112717,0.33003092,0.15872717,0.4842371,0.47403812
2018-10-27,URRA1,Caribe,87.85,319810000.0,448140000.0,71.3638595081894,26.288666,0.6086998,-0.3698387,1009.7553,22.034058,0.81,0.059962273,0.18441677,0.0010728836,0.4831796,0.7122472
2018-10-28,URRA1,Caribe,88.13,309300000.0,448140000.0,69.01861025572366,26.948334,0.64478683,0.0738678,1010.745,22.188293,0.81,0.011205673,0.18161535,0.00029802322,0.48028746,0.6490042
2018-10-29,URRA1,Caribe,88.94999999999999,385300000.0,448140000.0,85.97759628687463,26.146088,0.103782654,0.09809494,1010.3039,22.435333,0.81,0.036001205,0.18000603,0.0009536743,0.47409618,0.14280567
2018-10-30,URRA1,Caribe,90.35,467810000.0,448140000.0,104.38925335832552,26.213348,0.28240204,-0.14200592,1010.52826,22.54831,0.81,0.0500679,0.177145,0.00074505806,0.47004333,0.31609586
2018-10-31,URRA1,Caribe,91.09,371050000.0,448140000.0,82.79778640603382,26.614777,0.6025963,-0.12088776,1010.72546,22.743652,0.81,0.045776367,0.17428398,0.0020861626,0.47001642,0.6146024
2018-11-01,URRA1,Caribe,92.55,473880000.0,404200000.0,117.2389905987135,26.664825,0.59742737,0.13450623,1009.96906,22.681732,0.97,0.04529953,0.16754866,0.0009536743,0.47251397,0.61238176
2018-11-02,URRA1,Caribe,94.57,557270000.0,404200000.0,137.8698664027709,25.235016,0.57676697,0.0509758,1010.91077,22.85321,0.97,0.92828274,0.36883354,0.20736456,0.49980137,0.57901525
2018-11-03,URRA1,Caribe,94.17,451760000.0,404200000.0,111.7664522513607,25.12381,-0.03560257,0.19061661,1011.34106,22.969147,0.97,0.08451939,0.15974045,0.001847744,0.49671018,0.19391295
2018-11-04,URRA1,Caribe,93.23,507500000.0,404200000.0,125.55665512122712,25.690216,0.88609695,0.31876755,1011.5825,22.944183,0.97,1.4164448,0.57944655,0.42557716,0.50224936,0.94169027
2018-11-05,URRA1,Caribe,92.4,526350000.0,404200000.0,130.22018802572984,24.312714,0.90792084,-0.07302475,1011.40985,23.066986,0.97,1.213789,0.8842945,0.11241436,0.4971979,0.9108528
2018-11-06,URRA1,Caribe,91.57,524670000.0,404200000.0,129.80455220188026,25.66452,0.33586502,0.1507225,1010.2564,22.962616,0.97,0.06830692,0.24402142,0.0011920929,0.48357362,0.36813393
2018-11-07,URRA1,Caribe,90.64,508960000.0,404200000.0,125.91786244433447,26.329132,-0.45212555,-0.3078003,1009.32404,23.073944,0.97,0.08511543,0.25337934,0.0013411045,0.47548625,0.54695386
2018-11-08,URRA1,Caribe,90.08,483250000.0,404200000.0,119.55714992577931,25.697906,0.6138115,-0.261837,1008.9967,23.199554,0.97,0.38599968,0.2517104,0.0073313713,0.46745214,0.6673254
2018-11-09,URRA1,Caribe,90.76,503100000.0,404200000.0,124.468085106383,26.176483,0.51078415,0.26268005,1009.7547,23.399078,0.97,0.008940697,0.23567677,0.00029802322,0.46697736,0.5743703
2018-11-10,URRA1,Caribe,91.53,428310000.0,404200000.0,105.96486887679366,26.647186,0.20043182,-0.04396057,1010.3925,23.514679,0.97,0.2297163,0.22828579,0.0036358833,0.4696726,0.20519611
2018-11-11,URRA1,Caribe,92.6,470460000.0,404200000.0,116.39287481444828,26.474945,0.19312668,-0.097579956,1008.8339,23.44281,0.97,0.045776367,0.21141768,0.0010430813,0.48333353,0.21637875
2018-11-12,URRA1,Caribe,92.57,392260000.0,404200000.0,97.04601682335478,26.761688,0.9674225,0.35298157,1008.4486,23.644958,0.97,0.057935715,0.19735098,0.0012814999,0.4898762,1.029807
2018-11-13,URRA1,Caribe,93.07,388590000.0,404200000.0,96.13805047006431,26.520294,0.62358856,0.45519638,1009.60547,23.572021,0.97,0.07176399,0.18393993,0.0011324883,0.48582992,0.7720534
2018-11-14,URRA1,Caribe,94.12,466400000.0,404200000.0,115.38842157347848,26.392487,0.95381236,0.5480728,1010.41986,23.454132,0.97,0.08022785,0.17303228,0.00166893,0.4874183,1.1000645
2018-11-15,URRA1,Caribe,92.64,426810000.0,404200000.0,105.59376546264224,26.767487,0.2136879,-0.0032081604,1010.4902,23.207489,0.97,0.10716915,0.16462803,0.00166893,0.4870211,0.21371198
2018-11-16,URRA1,Caribe,91.82,444840000.0,404200000.0,110.0544285007422,26.724579,0.06691742,-0.15538788,1009.7495,23.172577,0.97,0.05686283,0.15556812,0.001013279,0.4910337,0.16918431
2018-11-17,URRA1,Caribe,91.91,411080000.0,404200000.0,101.70212765957449,27.140472,0.6153984,-0.09345245,1009.0555,23.1521,0.97,0.6034374,0.15741587,0.011265278,0.49325517,0.62245363
2018-11-18,URRA1,Caribe,92.67,424220000.0,404200000.0,104.95299356754082,27.467804,0.9608345,-0.2275238,1009.4387,23.16632,0.97,0.14841557,0.14579296,0.0067949295,0.49425146,0.98740566
2018-11-19,URRA1,Caribe,93.94,496810000.0,404200000.0,122.91192478970808,26.812164,0.13452148,0.16170883,1009.39374,23.29596,0.97,0.3926754,0.14448166,0.011086464,0.49914742,0.2103468
2018-11-20,URRA1,Caribe,94.74,590660000.0,404200000.0,146.1306284017813,26.117584,0.30036163,-0.08224106,1010.21625,23.310638,0.97,0.5297661,0.14299154,0.013232231,0.49411875,0.31141725
2018-11-21,URRA1,Caribe,96.74,815420000.0,404200000.0,201.7367639782286,26.627655,1.0041237,0.68312454,1011.2264,23.241058,0.97,0.074505806,0.12773275,0.0016093254,0.49820653,1.2144643
2018-11-22,URRA1,Caribe,96.19,577850000.0,404200000.0,142.96140524492827,26.404694,0.8524208,0.058639526,1011.6889,23.181274,0.97,0.01835823,0.12302399,0.00023841858,0.48913974,0.8544354
2018-11-23,URRA1,Caribe,95.55,553200000.0,404200000.0,136.8629391390401,26.02005,0.3275032,0.24173737,1010.4387,23.141693,0.97,0.03182888,0.120162964,0.00059604645,0.4908294,0.4070569
2018-11-24,URRA1,Caribe,95.24,553270000.0,404200000.0,136.88025729836716,25.275665,0.7110977,0.554615,1009.3858,23.11493,0.97,0.086545944,0.11891127,0.0017285347,0.499517,0.901808
2018-11-25,URRA1,Caribe,93.88,460700000.0,404200000.0,113.97822859970312,26.112213,0.41854095,-0.12020874,1009.1933,23.154236,0.97,0.12850761,0.116705894,0.002026558,0.4918314,0.43546146
2018-11-26,URRA1,Caribe,92.08,403670000.0,404200000.0,99.8688767936665,26.154633,1.1543694,0.32173538,1009.6766,23.233429,0.97,0.3439188,0.1180172,0.0062584877,0.49213672,1.1983665
2018-11-27,URRA1,Caribe,92.68,566270000.0,404200000.0,140.09648688767936,25.385712,1.4435196,0.67836,1010.9997,23.120483,0.97,0.24986267,0.117242336,0.00756979,0.5000669,1.5949674
2018-11-28,URRA1,Caribe,92.89,558640000.0,404200000.0,138.2088075210292,25.802948,0.94250107,0.6562729,1011.3292,23.173737,0.97,1.0519028,0.60507655,0.18700957,0.4999987,1.1484783
2018-11-29,URRA1,Caribe,92.73,456350000.0,404200000.0,112.90202869866404,25.70816,0.21549988,-0.31628418,1011.4216,23.14737,0.97,0.11456013,0.12123585,0.0034570694,0.48377997,0.38272166
2018-11-30,URRA1,Caribe,92.3,419240000.0,404200000.0,103.72093023255816,26.249176,0.7819443,0.21453094,1011.4277,23.21811,0.97,0.020980835,0.12040138,0.0004172325,0.48206142,0.8108393
2018-12-01,URRA1,Caribe,92.11,371010000.0,289550000.0,128.13331030910032,26.421295,0.6155014,0.23742676,1011.03986,23.268494,0.92,0.026583672,0.11956692,0.0006556511,0.47520998,0.65970707
2018-12-02,URRA1,Caribe,92.29,344110000.0,289550000.0,118.84303229148678,25.901093,-0.023475647,-0.14433289,1010.83954,23.235626,0.92,0.007987022,0.117361546,0.00011920929,0.46190217,0.14622958
2018-12-03,URRA1,Caribe,92.11,291170000.0,289550000.0,100.55948886202728,25.985626,0.55996704,-0.09590912,1010.65594,23.26236,0.92,0.018715858,0.11566281,0.0004172325,0.45334023,0.56812114
2018-12-04,URRA1,Caribe,91.73,264150000.0,289550000.0,91.22776722500431,26.159515,0.7980957,0.051330566,1010.735,23.315918,0.92,0.06735325,0.11461973,0.0015497208,0.45333555,0.79974467
2018-12-05,URRA1,Caribe,91.46,283770000.0,289550000.0,98.00379899844587,25.415985,0.6874924,-0.119441986,1011.21454,23.240692,0.92,0.09405613,0.114917755,0.0039339066,0.4517053,0.6977909
2018-12-06,URRA1,Caribe,90.64,250970000.0,289550000.0,86.67587635986877,25.516449,-0.2276535,-0.3085022,1011.91095,23.260284,0.92,0.014781952,0.10859966,0.00023841858,0.44549462,0.38340542
2018-12-07,URRA1,Caribe,89.61,224260000.0,289550000.0,77.45121740632015,26.033417,0.12288284,-0.09423828,1012.483,23.417511,0.92,0.09214878,0.1077652,0.0021457672,0.43304908,0.15485814
2018-12-08,URRA1,Caribe,89.16,228510000.0,289550000.0,78.91901226040407,26.236298,0.41399384,0.17330933,1012.34607,23.622528,0.92,0.05888939,0.10460615,0.0019073486,0.42817438,0.4488062
2018-12-09,URRA1,Caribe,88.72,233250000.0,289550000.0,80.55603522707649,26.24942,0.0627861,-0.56066895,1011.78625,23.740814,0.92,0.017642975,0.09971857,0.00011920929,0.4249329,0.5641735
2018-12-10,URRA1,Caribe,88.85,203550000.0,289550000.0,70.29873942324296,27.00772,-0.252697,-0.6950836,1011.2617,23.74701,0.92,0.030398369,0.09679794,0.00029802322,0.41762456,0.73959243
2018-12-11,URRA1,Caribe,88.75999999999999,190650000.0,289550000.0,65.84355033672941,26.621246,0.46391296,-0.62932587,1012.29047,23.883331,0.92,0.09036064,0.09614229,0.0029802322,0.41576955,0.7818352
2018-12-12,URRA1,Caribe,89.05999999999999,215290000.0,289550000.0,74.35330685546538,26.762787,-0.22224808,-0.4583168,1011.79736,23.947968,0.92,0.023126602,0.09101629,0.0007748604,0.41915935,0.50936085
2018-12-13,URRA1,Caribe,89.03,207770000.0,289550000.0,71.75617337247454,26.587494,0.020339966,-0.3296051,1011.33014,23.823853,0.92,0.057816505,0.08922815,0.0020861626,0.41685846,0.3302321
2018-12-14,URRA1,Caribe,89.17,192230000.0,289550000.0,66.38922465895355,27.101654,0.46001434,-0.16123962,1011.78876,23.729858,0.92,0.084757805,0.0859499,0.001847744,0.4260516,0.487454
2018-12-15,URRA1,Caribe,89.03,0.0,0.0,,26.91153,0.08272171,-0.3487854,1012.1453,23.61264,0.92,0.09083748,0.08255243,0.0016093254,0.42512903,0.35846078
2018-12-16,URRA1,Caribe,89.21,182160000.0,289550000.0,62.91141426351234,26.998627,-0.24606323,-0.47794724,1011.60095,23.56839,0.92,0.13697147,0.08034706,0.0024437904,0.42871353,0.5375692
2018-12-17,URRA1,Caribe,88.99000000000001,174520000.0,289550000.0,60.27283716111207,26.863739,0.5496521,-0.5842171,1011.64703,23.51941,0.92,0.07665157,0.07605553,0.001013279,0.41727114,0.80213904
2018-12-18,URRA1,Caribe,88.74,182880000.0,289550000.0,63.16007597996892,26.228607,0.3939743,-0.55687714,1011.40515,23.546051,0.92,0.01168251,0.07236004,0.00017881393,0.40839523,0.68214947
2018-12-19,URRA1,Caribe,87.55,149870000.0,289550000.0,51.75962700742532,26.32724,-0.14805603,-0.036743164,1010.3336,23.649445,0.92,0.02515316,0.07003546,0.00071525574,0.40257,0.1525472
2018-12-20,URRA1,Caribe,86.4,157610000.0,289550000.0,54.43274045933345,26.75357,0.2531166,0.12027359,1011.08844,23.63327,0.92,0.109791756,0.0680089,0.0013709068,0.41187012,0.28023875
2018-12-21,URRA1,Caribe,85.53,200580000.0,289550000.0,69.27300984285961,26.047882,0.20587158,-0.4770546,1011.8013,23.714386,0.92,0.11599064,0.065267086,0.0009536743,0.41145864,0.5195808
2018-12-22,URRA1,Caribe,85.67,184340000.0,289550000.0,63.66430668278363,26.497406,-0.032989502,-0.29776,1010.40076,23.787323,0.92,0.044703484,0.06270409,0.00059604645,0.41712496,0.29958192
2018-12-23,URRA1,Caribe,85.7,162760000.0,289550000.0,56.21136245898809,25.60788,-0.32144547,-0.032764435,1010.1078,23.884155,0.92,0.14984608,0.061810017,0.0023841858,0.4160156,0.32311097
2018-12-24,URRA1,Caribe,85.57000000000001,148160000.0,289550000.0,51.16905543084096,27.230377,0.2149086,-0.90273666,1009.5458,23.939178,0.92,0.004529953,0.05710125,0.00011920929,0.40144914,0.9279651
2018-12-25,URRA1,Caribe,85.42,136390000.0,289550000.0,47.10412709376619,26.98935,-0.03432083,-0.9160843,1008.16425,24.006989,0.92,0.0010728836,0.054895878,0.0,0.38627067,0.916727
2018-12-26,URRA1,Caribe,85.19,133510000.0,289550000.0,46.10948022793991,26.306366,-0.069042206,-0.7765465,1008.21716,24.058228,0.92,0.012397766,0.05275011,0.00020861626,0.37435716,0.7796097
2018-12-27,URRA1,Caribe,85.2,122980000.0,289550000.0,42.472802624762565,26.710907,0.21630478,-0.2675209,1007.8836,24.17978,0.92,0.0056028366,0.050604343,0.00011920929,0.36436042,0.34402788
2018-12-28,URRA1,Caribe,85.18,116720000.0,289550000.0,40.31082714557071,27.246002,-0.5629349,-0.5353012,1008.9889,24.192963,0.92,0.012516975,0.04863739,0.0,0.3561501,0.77681595
2018-12-29,URRA1,Caribe,85.1,110150000.0,289550000.0,38.04178898290451,27.228119,0.10401535,-0.81980133,1008.4989,24.152191,0.92,0.0,0.046551228,0.0,0.34829742,0.82637364
2018-12-30,URRA1,Caribe,85.02,109460000.0,289550000.0,37.803488171300295,27.370636,-0.030162811,-0.13518524,1008.3153,24.114136,0.92,0.00059604645,0.044554472,0.0,0.33854336,0.13850938
2018-12-31,URRA1,Caribe,84.93,107780000.0,289550000.0,37.2232774995683,27.561737,-0.74980164,-0.5952263,1008.1887,24.106262,0.92,0.00023841858,0.04273653,0.0,0.33181328,0.95733845
2019-01-01,URRA1,Caribe,84.82,106160000.0,166290000.0,63.84027903060918,26.953278,-0.09188843,-0.9101181,1006.6287,24.139984,0.89,0.0,0.0410676,0.0,0.32398745,0.91474503
2019-01-02,URRA1,Caribe,84.67,98790000.0,166290000.0,59.40826267364243,26.760406,0.67287064,-0.4684677,1007.22235,24.157745,0.89,0.0,0.03916025,0.0,0.31690586,0.81988835
2019-01-03,URRA1,Caribe,84.45,93730000.0,166290000.0,56.365385771844366,27.373383,0.6526947,-0.49792862,1008.7611,24.037079,0.89,0.00166893,0.037789345,0.0,0.31046215,0.8209405
2019-01-04,URRA1,Caribe,84.25,91930000.0,166290000.0,55.2829394431415,27.5997,-0.31685638,-0.8035736,1009.8186,24.035522,0.89,0.00035762787,0.036120415,0.0,0.30561036,0.8637873
2019-01-05,URRA1,Caribe,84.00999999999999,87940000.0,166290000.0,52.88351674785015,27.475433,1.1155014,-1.5328064,1010.40454,24.056488,0.89,0.015497208,0.03504753,0.0,0.3018674,1.8957423
2019-01-06,URRA1,Caribe,83.78999999999999,89580000.0,166290000.0,53.86974562511276,26.978424,0.7565651,-0.7261162,1011.40295,24.135254,0.89,0.00667572,0.03349781,0.0,0.30312642,1.048635
2019-01-07,URRA1,Caribe,83.55,87280000.0,166290000.0,52.486619760659096,26.494476,0.8040657,-0.39402008,1012.42,24.126709,0.89,0.02360344,0.032365322,0.0,0.30516645,0.89541805
2019-01-08,URRA1,Caribe,83.3,85900000.0,166290000.0,51.656744241986885,26.572968,1.1684799,-0.6029625,1012.9448,24.242859,0.89,0.1373291,0.032663345,0.0011920929,0.3124678,1.3148799
2019-01-09,URRA1,Caribe,83.07,89220000.0,166290000.0,53.65325635937218,25.54013,1.3110199,0.2882805,1013.66736,24.320648,0.89,0.22411346,0.03182888,0.0014901161,0.33790216,1.3423408
2019-01-10,URRA1,Caribe,82.84,88200000.0,166290000.0,53.03987010644056,25.257233,1.0444641,-0.6816673,1013.27545,24.611298,0.89,0.020384789,0.029683113,0.00023841858,0.3560046,1.2472272
2019-01-11,URRA1,Caribe,82.52000000000001,78720000.0,166290000.0,47.33898610860545,25.642609,-0.16151428,-0.60170364,1013.1152,24.871002,0.89,0.004529953,0.02849102,0.00011920929,0.35022122,0.62300414
2019-01-12,URRA1,Caribe,82.24000000000001,81050000.0,166290000.0,48.74015274520416,25.735748,0.08156586,-0.6290817,1012.5372,25.03241,0.89,0.002861023,0.027060509,0.0,0.33893046,0.63434756
2019-01-13,URRA1,Caribe,81.94,79000000.0,166290000.0,47.50736664862589,25.628632,0.26111603,-0.6189537,1012.1067,25.00351,0.89,0.029563904,0.026583672,0.00017881393,0.33686838,0.6717777
2019-01-14,URRA1,Caribe,81.31,77150000.0,166290000.0,46.39485236634794,26.623627,0.29750443,-0.45754623,1011.59467,25.003021,0.89,0.06663799,0.026285648,0.0008046627,0.34388947,0.5457632
2019-01-15,URRA1,Caribe,80.67,76370000.0,166290000.0,45.92579229057671,26.831085,0.33271027,-0.63804626,1011.03564,25.008759,0.89,0.006556511,0.024735928,0.00017881393,0.3367046,0.7195826
2019-01-16,URRA1,Caribe,80.02,76380000.0,166290000.0,45.93180588129172,27.530182,0.62390137,-0.95137787,1011.5711,24.871582,0.89,0.0059604645,0.024020672,5.9604645e-05,0.32817408,1.1377051
2019-01-17,URRA1,Caribe,79.41,81180000.0,166290000.0,48.81832942449937,26.713654,0.38969803,-1.1717377,1012.0469,24.693787,0.89,0.011086464,0.023126602,0.00011920929,0.32303882,1.2348416
2019-01-18,URRA1,Caribe,78.7,83310000.0,166290000.0,50.09922424679776,27.161163,0.17546844,-0.7430763,1011.01514,24.786713,0.89,0.02837181,0.022470951,0.00029802322,0.32049495,0.7635127
2019-01-19,URRA1,Caribe,78.07,81440000.0,166290000.0,48.97468278308978,28.225616,0.3070984,-0.5973625,1009.9244,24.796295,0.89,0.0072717667,0.02169609,0.00011920929,0.32137352,0.67167807
2019-01-20,URRA1,Caribe,77.34,76990000.0,166290000.0,46.298634914907694,27.49228,0.8891983,-0.51348877,1010.6892,24.954773,0.89,0.0551939,0.021278858,0.0005364418,0.3217512,1.0268127
2019-01-21,URRA1,Caribe,76.67,82760000.0,166290000.0,49.76847675747189,27.47995,0.041397095,-0.6782379,1011.6189,25.156586,0.89,0.08273125,0.021457672,0.0011920929,0.3373797,0.6795001
2019-01-22,URRA1,Caribe,75.97,79980000.0,166290000.0,48.09669853869746,27.998138,-0.06320953,-0.9759445,1010.0567,25.40332,0.89,0.00333786,0.019609928,0.0,0.3302592,0.9779893
2019-01-23,URRA1,Caribe,75.27000000000001,76910000.0,166290000.0,46.25052618918756,28.179047,0.50335574,-0.08418274,1008.7605,25.21402,0.89,0.00035762787,0.018954277,0.0,0.318539,0.51034665
2019-01-24,URRA1,Caribe,74.53,72730000.0,166290000.0,43.7368452703109,28.216705,0.729805,-0.10322189,1008.96204,25.210144,0.89,0.0019073486,0.018239021,0.0,0.30944842,0.73706853
2019-01-25,URRA1,Caribe,73.78,72230000.0,166290000.0,43.436165734560106,28.131256,0.5159569,-0.673069,1010.4416,25.27591,0.89,0.002503395,0.017642975,2.9802322e-05,0.30506763,0.8480763
2019-01-26,URRA1,Caribe,73.1,71410000.0,166290000.0,42.9430512959288,27.808502,0.33480453,-0.6994133,1009.9994,25.35025,0.89,0.004529953,0.017285347,0.0,0.3011157,0.775418
2019-01-27,URRA1,Caribe,72.35000000000001,69250000.0,166290000.0,41.64411570148536,27.382233,1.2729149,-0.46790695,1009.9916,25.355042,0.89,0.0076293945,0.016450882,0.00011920929,0.30303136,1.3561893
2019-01-28,URRA1,Caribe,71.59,69050000.0,166290000.0,41.52384388718504,26.63095,0.5817299,-0.74783325,1011.48065,25.529388,0.89,0.10251999,0.017285347,0.0007748604,0.30936372,0.9474515
2019-01-29,URRA1,Caribe,70.81,67310000.0,166290000.0,40.47747910277227,26.820343,0.15198898,-0.7312012,1011.4922,25.615723,0.89,0.007033348,0.015735626,0.0,0.32164955,0.7468305
2019-01-30,URRA1,Caribe,70.03,65720000.0,166290000.0,39.52131817908473,26.798615,0.09166527,-1.4294472,1011.4497,25.606903,0.89,0.039935112,0.015616417,0.0004172325,0.31802937,1.4323833
2019-01-31,URRA1,Caribe,69.28,69660000.0,166290000.0,41.89067292080101,27.08554,0.5028877,-0.61968994,1011.5564,25.632477,0.89,0.027775764,0.0150203705,0.00035762787,0.314991,0.79806745
2019-02-01,URRA1,Caribe,68.31,62780000.0,123470000.0,50.84635943953997,27.040924,1.0632629,-0.36200714,1011.39874,25.629486,0.86,0.022172928,0.014185905,0.00032782555,0.31115842,1.1231996
2019-02-02,URRA1,Caribe,67.53,64670000.0,123470000.0,52.37709565076537,27.255096,0.8451843,-0.9733238,1011.52686,25.7695,0.86,0.049591064,0.014185905,0.00029802322,0.3121793,1.2890679
2019-02-03,URRA1,Caribe,66.75,61280000.0,123470000.0,49.63148943063092,27.17862,0.19765854,-0.82411194,1009.59595,25.979004,0.86,0.024795532,0.013589859,0.00023841858,0.31056276,0.8474841
2019-02-04,URRA1,Caribe,65.92,59570000.0,123470000.0,48.24653762047461,27.549652,0.80023193,-0.7543564,1010.1386,26.05487,0.86,0.012040138,0.013113022,0.00011920929,0.30448794,1.0997385
2019-02-05,URRA1,Caribe,65.12,58590000.0,123470000.0,47.45282254798737,27.452362,0.40839005,-1.1295319,1009.7642,26.292572,0.86,0.014424324,0.012636185,5.9604645e-05,0.3010347,1.2010931
2019-02-06,URRA1,Caribe,64.32,58470000.0,123470000.0,47.35563294727464,27.904266,0.39221954,-1.3801537,1009.58374,26.275452,0.86,0.026583672,0.012397766,0.00017881393,0.29907283,1.4348032
2019-02-07,URRA1,Caribe,63.48,54250000.0,123470000.0,43.93779865554386,27.549042,0.6096535,-0.95009613,1009.3081,26.157104,0.86,0.022172928,0.0121593475,0.00023841858,0.2979752,1.1288756
2019-02-08,URRA1,Caribe,62.69,56490000.0,123470000.0,45.7520045355147,27.819733,1.0583878,-0.69491196,1009.54,25.790192,0.86,0.008702278,0.011622906,0.00017881393,0.2960314,1.2661308
2019-02-09,URRA1,Caribe,61.89,52210000.0,123470000.0,42.285575443427554,27.659637,0.535511,-0.88077164,1010.1406,25.75943,0.86,0.004529953,0.011026859,0.0,0.2916871,1.0307913
2019-02-10,URRA1,Caribe,61.11,55600000.0,123470000.0,45.031181663562,27.576385,0.73719406,-0.60908127,1009.77014,25.519806,0.86,0.008702278,0.010848045,5.9604645e-05,0.28709906,0.956261
2019-02-11,URRA1,Caribe,60.3,51960000.0,123470000.0,42.08309710860938,28.243683,0.8939972,-0.29789352,1009.02985,25.644165,0.86,0.00834465,0.0104904175,0.00011920929,0.28382024,0.94232243
2019-02-12,URRA1,Caribe,59.52,53290000.0,123470000.0,43.16028184984207,28.288483,0.78668594,0.19080734,1009.9261,25.787537,0.86,0.00059604645,0.01001358,0.0,0.28220853,0.8094951
2019-02-13,URRA1,Caribe,58.69,47400000.0,123470000.0,38.38989228152588,28.255585,1.3766556,-0.5612335,1011.29297,26.131683,0.86,0.05221367,0.010192394,0.00035762787,0.28184092,1.4866619
2019-02-14,URRA1,Caribe,57.89,49080000.0,123470000.0,39.750546691504006,28.230255,0.6517525,-1.181366,1011.7391,26.250732,0.86,0.009417534,0.009715557,5.9604645e-05,0.28112456,1.3492246
2019-02-15,URRA1,Caribe,57.09,50370000.0,123470000.0,40.7953348991658,27.52835,0.30081177,-1.5586586,1011.3308,26.414093,0.86,0.04386902,0.009655952,0.00029802322,0.2833728,1.5874207
2019-02-16,URRA1,Caribe,56.28,49480000.0,123470000.0,40.07451202721309,27.577667,0.42972183,-0.9033966,1010.9991,26.688812,0.86,0.039100647,0.009536743,0.00017881393,0.28924185,1.000393
2019-02-17,URRA1,Caribe,55.48,52210000.0,123470000.0,42.285575443427554,27.706573,0.6318588,-0.78824997,1011.2728,26.717468,0.86,0.05030632,0.009000301,0.00011920929,0.29936394,1.0102394
2019-02-18,URRA1,Caribe,54.66,46490000.0,123470000.0,37.65287114278772,27.358978,0.64133453,-0.3999939,1011.3709,26.851349,0.86,0.0590086,0.009119511,0.00023841858,0.33096784,0.7558473
2019-02-19,URRA1,Caribe,53.83,47510000.0,123470000.0,38.47898274884587,26.182892,0.8283272,-0.19946289,1010.9366,27.212097,0.86,0.9570122,0.017225742,0.008702278,0.38725343,0.85200435
2019-02-20,URRA1,Caribe,53.04,48960000.0,123470000.0,39.65335709079129,26.223969,0.33844376,0.10352707,1010.8386,27.298004,0.86,0.94151497,0.015854836,0.0076293945,0.4398457,0.35392374
2019-02-21,URRA1,Caribe,52.09,47960000.0,123470000.0,38.843443751518585,28.050201,-0.4074936,-0.26890182,1009.9639,27.387634,0.86,0.004172325,0.008046627,0.0,0.4293182,0.48822045
2019-02-22,URRA1,Caribe,51.24999999999999,55030000.0,123470000.0,44.56953106017656,27.490448,0.6550102,-0.3686943,1010.0081,27.460114,0.86,0.033020973,0.008225441,0.00035762787,0.4128033,0.7516475
2019-02-23,URRA1,Caribe,50.48,52130000.0,123470000.0,42.22078237628574,27.253143,0.9102249,-0.17369843,1010.58844,27.437103,0.86,0.037670135,0.008583069,0.000834465,0.4172394,0.92665017
2019-02-24,URRA1,Caribe,49.72,48930000.0,123470000.0,39.629059690613104,27.796722,0.8224869,-0.1437645,1010.89594,27.23816,0.86,0.06186962,0.008106232,0.00059604645,0.39334923,0.8349568
2019-02-25,URRA1,Caribe,48.91,44230000.0,123470000.0,35.82246699603143,27.420258,0.99770355,-0.47991562,1010.0886,27.143219,0.86,0.081181526,0.007927418,0.0006556511,0.38481814,1.1071275
2019-02-26,URRA1,Caribe,48.08,42680000.0,123470000.0,34.56710132015874,27.779938,1.0095863,-0.43203735,1010.5578,27.062988,0.86,0.004529953,0.0071525574,5.9604645e-05,0.3696059,1.0981443
2019-02-27,URRA1,Caribe,47.31,50090000.0,123470000.0,40.56855916416943,27.292877,0.8902817,0.23537827,1010.77673,26.976257,0.86,0.040650368,0.0076293945,0.00059604645,0.35450777,0.92087156
2019-02-28,URRA1,Caribe,46.5,43860000.0,123470000.0,35.522799060500525,27.581879,0.6771126,-0.6228943,1010.7706,26.967377,0.86,0.010728836,0.006914139,0.00011920929,0.34697753,0.92004275
2019-03-01,URRA1,Caribe,45.67,42670000.0,137370000.0,31.062095071704157,27.805695,0.9516792,-0.6166992,1011.21533,26.983734,0.84,0.0076293945,0.006556511,5.9604645e-05,0.34362978,1.1340244
2019-03-02,URRA1,Caribe,44.91,49010000.0,137370000.0,35.67736769309165,27.276215,0.91548157,-0.27446365,1011.77594,26.883392,0.84,0.04720688,0.006854534,0.0004172325,0.38558936,0.9557389
2019-03-03,URRA1,Caribe,44.11,44840000.0,137370000.0,32.6417704011065,27.053436,0.7183342,-0.029117584,1010.8661,26.757446,0.84,0.25308132,0.00756979,0.0014305115,0.416758,0.7189241
2019-03-04,URRA1,Caribe,43.32,47080000.0,137370000.0,34.272402999199244,27.354584,0.9027405,-0.35083008,1011.21924,26.834381,0.84,0.1693964,0.007033348,0.0011324883,0.41182557,0.96851546
2019-03-05,URRA1,Caribe,42.58,50370000.0,137370000.0,36.66739462764796,27.03952,1.1312714,-0.77908707,1011.2031,26.737335,0.84,0.054597855,0.0062584877,0.00035762787,0.41705513,1.3735907
2019-03-06,URRA1,Caribe,42.08,46000000.0,137370000.0,33.48620513940453,27.620514,0.7695732,-1.1250648,1011.8233,26.820953,0.84,0.046133995,0.0060796738,0.00023841858,0.40651542,1.3630898
2019-03-07,URRA1,Caribe,41.64,53240000.0,137370000.0,38.75664264395429,27.751923,0.76392746,-0.8556862,1011.27716,26.67511,0.84,0.050902367,0.006020069,0.00047683716,0.3940876,1.1470762
2019-03-08,URRA1,Caribe,41.17,49280000.0,137370000.0,35.87391715804033,27.688019,0.28499222,-1.090908,1010.0361,26.534882,0.84,0.06365776,0.0062584877,0.0004172325,0.3808731,1.1275198
2019-03-09,URRA1,Caribe,40.75,57210000.0,137370000.0,41.64664773968115,28.426971,-0.08097839,-0.29032516,1007.84607,26.4346,0.84,0.03492832,0.005543232,0.00017881393,0.37528333,0.30140704
2019-03-10,URRA1,Caribe,40.46,75840000.0,137370000.0,55.20856082113998,27.553436,0.68182373,-0.62397385,1009.1142,26.362732,0.84,0.19788742,0.006377697,0.0011324883,0.4148536,0.924244
2019-03-11,URRA1,Caribe,40.150000000000006,72000000.0,137370000.0,52.413190652981,27.254059,0.49763107,-0.40538406,1010.08563,26.760834,0.84,0.3771782,0.008106232,0.002861023,0.44072548,0.6418512
2019-03-12,URRA1,Caribe,39.75,58750000.0,137370000.0,42.76770765086992,27.750092,0.713768,-0.5551872,1009.5502,26.605377,0.84,0.07164478,0.0056028366,0.0005364418,0.42018026,0.9042663
2019-03-13,URRA1,Caribe,39.34,56130000.0,137370000.0,40.86044987988644,27.46579,0.9465027,-0.7652321,1009.0403,26.71408,0.84,0.014543533,0.005066395,0.00011920929,0.403102,1.2171472
2019-03-14,URRA1,Caribe,38.91,54690000.0,137370000.0,39.81218606682682,27.54129,1.6689415,-0.38574982,1009.9508,26.759857,0.84,0.025629997,0.005066395,0.00023841858,0.39120775,1.7129415
2019-03-15,URRA1,Caribe,38.46,50250000.0,137370000.0,36.58003930989299,27.87027,0.83442307,-0.740715,1010.52234,26.853973,0.84,0.02515316,0.005066395,0.00011920929,0.3851874,1.1157601
2019-03-16,URRA1,Caribe,37.99,48650000.0,137370000.0,35.415301739826745,28.224213,0.8340721,-0.86740875,1009.86,26.983124,0.84,0.024676323,0.0049471855,0.0,0.3707728,1.2033596
2019-03-17,URRA1,Caribe,37.52,47210000.0,137370000.0,34.367037926767125,28.329376,1.4193497,-0.81140137,1008.9387,26.928375,0.84,0.02014637,0.0047683716,0.00017881393,0.35956627,1.6349084
2019-03-18,URRA1,Caribe,37.05,47640000.0,137370000.0,34.68006114872243,27.701141,1.5873108,-0.59428406,1009.3208,26.633331,0.84,0.055909157,0.004887581,0.00023841858,0.3538607,1.6949127
2019-03-19,URRA1,Caribe,37.16,129210000.0,137370000.0,94.05983839266216,25.948273,1.5637283,0.45360565,1011.145,26.252106,0.84,0.39064884,0.007927418,0.0033974648,0.3851118,1.6281905
2019-03-20,URRA1,Caribe,37.02,94250000.0,137370000.0,68.61032248671471,26.790924,1.0771942,0.02916336,1011.3964,26.114838,0.84,0.061154366,0.005185604,0.000834465,0.4307338,1.0775889
2019-03-21,URRA1,Caribe,36.75,73600000.0,137370000.0,53.577928223047245,26.63852,0.7910309,-0.6389351,1011.405,25.641449,0.84,0.15199184,0.005722046,0.001013279,0.445833,1.0168421
2019-03-22,URRA1,Caribe,36.56,114390000.0,137370000.0,83.27145664992356,26.05716,0.91667175,-1.1676598,1012.4839,25.022888,0.84,0.3527403,0.010728836,0.0063180923,0.4611935,1.484492
2019-03-23,URRA1,Caribe,36.32,108670000.0,137370000.0,79.10751983693673,25.862335,0.5865898,-1.3336906,1013.21967,24.552155,0.84,0.106453896,0.0056028366,0.0013113022,0.45519015,1.4569895
2019-03-24,URRA1,Caribe,35.980000000000004,93740000.0,137370000.0,68.2390623862561,26.583954,0.67232895,-0.49581146,1012.65515,24.278503,0.84,0.0436306,0.004529953,0.00047683716,0.44362026,0.8353773
2019-03-25,URRA1,Caribe,35.59,85930000.0,137370000.0,62.55368712237024,26.911346,0.5586548,-0.32697678,1010.8708,24.184418,0.84,0.018119812,0.004053116,0.0,0.44839492,0.647309
2019-03-26,URRA1,Caribe,35.160000000000004,81430000.0,137370000.0,59.27786270655893,26.601776,0.7338371,-0.27023697,1010.4392,24.242432,0.84,0.08678436,0.0046491623,0.0008046627,0.4442974,0.7820134
2019-03-27,URRA1,Caribe,34.74,80920000.0,137370000.0,58.90660260610032,26.341644,0.7847023,-1.4185104,1010.67236,24.356232,0.84,0.08833408,0.0044703484,0.00071525574,0.45671916,1.621089
2019-03-28,URRA1,Caribe,34.33,81280000.0,137370000.0,59.16866855936522,26.331451,1.176239,-1.3312416,1011.6475,24.573639,0.84,0.08273125,0.0047683716,0.0007748604,0.452456,1.776441
2019-03-29,URRA1,Caribe,34.489999999999995,164070000.0,137370000.0,119.43655820048043,24.920685,0.6119194,-0.6135216,1012.9425,24.653656,0.84,0.31626225,0.009179115,0.005364418,0.48365527,0.8665184
2019-03-30,URRA1,Caribe,34.660000000000004,164540000.0,137370000.0,119.7786998616874,26.545258,-0.11143494,-0.5913048,1011.15466,24.667236,0.84,0.020861626,0.003993511,0.00023841858,0.47505608,0.6017135
2019-03-31,URRA1,Caribe,34.53,130420000.0,137370000.0,94.94067118002476,27.321075,0.6996536,-0.6471977,1010.35455,24.702484,0.84,0.13625622,0.005543232,0.001847744,0.4587296,0.9530898
2019-04-01,URRA1,Caribe,34.58,184970000.0,240490000.0,76.91380098964615,27.03482,1.046318,-0.064525604,1011.46094,24.641998,0.77,0.06937981,0.0046491623,0.0008046627,0.46878552,1.0483057
2019-04-02,URRA1,Caribe,35.64,294780000.0,240490000.0,122.57474323256685,26.796844,0.6449661,0.5313072,1012.2994,24.615326,0.77,0.043272972,0.004172325,0.00047683716,0.4834688,0.8356247
2019-04-03,URRA1,Caribe,36.27,230620000.0,240490000.0,95.89587924653831,26.590485,0.18595886,-0.8794708,1012.85657,24.770721,0.77,0.15377998,0.0054240227,0.0019073486,0.47828552,0.8989158
2019-04-04,URRA1,Caribe,36.91,232790000.0,240490000.0,96.79820366751215,26.476349,1.0452232,0.15264893,1012.5591,24.816498,0.77,0.029444695,0.003695488,0.00035762787,0.46126455,1.0563112
2019-04-05,URRA1,Caribe,37.21,183340000.0,240490000.0,76.23601812965197,26.624115,0.8906479,0.11009979,1011.65796,24.842865,0.77,0.034213066,0.003695488,0.00017881393,0.4571637,0.89742726
2019-04-06,URRA1,Caribe,37.77,220620000.0,240490000.0,91.7377021913593,26.076141,0.87973404,0.20851135,1011.9353,24.796997,0.77,0.10919571,0.005066395,0.0014901161,0.4640705,0.90410674
2019-04-07,URRA1,Caribe,38.01,176480000.0,240490000.0,73.38350866979916,27.10257,0.8055763,-0.106983185,1011.53094,24.923126,0.77,0.072836876,0.003993511,0.00047683716,0.46795714,0.81264913
2019-04-08,URRA1,Caribe,38.07,150650000.0,240490000.0,62.64293733627178,26.507172,0.6679764,0.015369415,1011.21375,25.02539,0.77,0.011920929,0.0035762787,0.0,0.44897872,0.66815317
2019-04-09,URRA1,Caribe,37.9,126510000.0,240490000.0,52.60509792506966,27.113617,1.0934753,-0.08546448,1010.84674,25.05127,0.77,0.019073486,0.00333786,0.00023841858,0.45124722,1.0968102
2019-04-10,URRA1,Caribe,37.79,145190000.0,240490000.0,60.372572664144045,26.224518,1.0455017,-0.35079956,1011.28796,25.112244,0.77,0.10406971,0.004887581,0.0017285347,0.48425797,1.1027848
2019-04-11,URRA1,Caribe,37.36,167850000.0,240490000.0,69.79500187117968,27.202362,-0.31744003,-0.26494217,1010.70514,25.08841,0.77,0.041484833,0.0036358833,0.00047683716,0.47815982,0.41347614
2019-04-12,URRA1,Caribe,36.870000000000005,157510000.0,240490000.0,65.49544679612458,27.91397,-0.10755539,-0.8017273,1009.4317,25.183075,0.77,0.021576881,0.0034570694,0.00023841858,0.458791,0.80890965
2019-04-13,URRA1,Caribe,36.17,128920000.0,240490000.0,53.60721859536779,27.834015,1.0851974,-0.30247498,1009.36237,25.216492,0.77,0.032901764,0.003516674,0.00017881393,0.44824573,1.1265632
2019-04-14,URRA1,Caribe,35.370000000000005,116700000.0,240490000.0,48.525926233939046,27.110016,1.1239204,0.11008835,1009.8347,25.156403,0.77,0.25343895,0.00846386,0.005543232,0.45234329,1.1292992
2019-04-15,URRA1,Caribe,34.63,124640000.0,240490000.0,51.82751881575117,27.702057,0.8838501,0.34031677,1011.0087,25.117737,0.77,0.06222725,0.003695488,0.00071525574,0.4443949,0.9471043
2019-04-16,URRA1,Caribe,34.1,147110000.0,240490000.0,61.17094265873841,27.613129,0.07798767,-0.6113434,1010.8967,25.080444,0.77,0.4838705,0.008225441,0.0049471855,0.4556688,0.61629766
2019-04-17,URRA1,Caribe,34.34,190670000.0,240490000.0,79.28396191109817,27.297028,0.81150055,0.11754227,1009.8497,24.97995,0.77,0.15580654,0.0061392784,0.0031590462,0.46488875,0.8199691
2019-04-18,URRA1,Caribe,35.04,262710000.0,240490000.0,109.23946941660776,26.805084,0.41392517,-0.16165543,1009.7908,25.064941,0.77,0.24449825,0.005543232,0.0027418137,0.47771978,0.44437206
2019-04-19,URRA1,Caribe,35.66,243950000.0,240490000.0,101.43872926109194,26.9487,0.5616493,0.2103424,1010.47424,25.046814,0.77,0.054121017,0.0044107437,0.0015497208,0.48006997,0.59974486
2019-04-20,URRA1,Caribe,36.31,260320000.0,240490000.0,108.24566510041996,25.432892,0.5306511,0.2934761,1011.97174,24.968903,0.77,0.35333633,0.013768673,0.010788441,0.49608457,0.6063982
2019-04-21,URRA1,Caribe,36.73,217170000.0,240490000.0,90.30313110732256,26.158966,0.618309,-0.11451721,1012.3558,25.018036,0.77,0.2065897,0.008404255,0.005722046,0.5000479,0.6288245
2019-04-22,URRA1,Caribe,37.97,329980000.0,240490000.0,137.21152646679695,26.57785,0.2596321,0.03599167,1011.5433,25.072296,0.77,0.06186962,0.0037550926,0.0008940697,0.50371325,0.2621149
2019-04-23,URRA1,Caribe,38.75,262400000.0,240490000.0,109.1105659278972,26.864288,0.38106155,-0.0030784607,1011.5012,25.288605,0.77,0.037908554,0.003695488,0.00071525574,0.49783742,0.38107398
2019-04-24,URRA1,Caribe,38.82,318780000.0,240490000.0,132.55436816499645,26.638702,0.5502815,-0.22590256,1011.3564,25.288757,0.77,0.026106834,0.0032186508,0.00035762787,0.49205154,0.59484595
2019-04-25,URRA1,Caribe,38.190000000000005,218630000.0,240490000.0,90.91022495737867,27.45523,-0.14720917,-0.06573105,1011.27625,25.299591,0.77,0.02014637,0.0031590462,0.00017881393,0.47796503,0.16121759
2019-04-26,URRA1,Caribe,37.31,185010000.0,240490000.0,76.93043369786685,27.479218,0.39754486,-0.37592697,1011.16956,25.179535,0.77,0.07915497,0.0052452087,0.0023841858,0.4633884,0.5471408
2019-04-27,URRA1,Caribe,36.370000000000005,179800000.0,240490000.0,74.7640234521186,27.634857,0.051765442,-0.005847931,1010.1834,25.186218,0.77,0.26082993,0.006556511,0.003695488,0.46467367,0.052094717
2019-04-28,URRA1,Caribe,35.480000000000004,180290000.0,240490000.0,74.96777412782237,27.72165,-0.051166534,0.04840088,1008.53485,25.131317,0.77,0.15079975,0.00846386,0.0057816505,0.4827547,0.07043195
2019-04-29,URRA1,Caribe,36.59,312110000.0,240490000.0,129.78086406919206,27.983917,0.7523079,-0.06124115,1008.7717,25.023651,0.77,0.043988228,0.0030994415,0.00071525574,0.47450164,0.75479645
2019-04-30,URRA1,Caribe,37.75,320090000.0,240490000.0,133.09908935922493,27.625092,0.7503662,0.34106064,1009.1347,24.853455,0.77,0.02527237,0.0029206276,0.00023841858,0.46858916,0.82424015
2019-05-01,URRA1,Caribe,37.830000000000005,216180000.0,422190000.0,51.20443402259646,27.994904,0.15683746,-0.40834427,1009.60297,24.699219,0.64,0.03027916,0.0029206276,0.00035762787,0.45934498,0.43742773
2019-05-02,URRA1,Caribe,37.77,180080000.0,422190000.0,42.65378147279661,28.42685,0.7932129,0.036087036,1008.94904,24.517792,0.64,0.0538826,0.0030398369,0.00071525574,0.45610467,0.79403335
2019-05-03,URRA1,Caribe,37.52,151550000.0,422190000.0,35.89616049645894,27.464752,0.29243088,0.2552986,1008.9241,24.326752,0.64,0.025629997,0.0032186508,0.00059604645,0.45458236,0.38819224
2019-05-04,URRA1,Caribe,37.88,239670000.0,422190000.0,56.76827968450225,27.726532,0.6797447,0.035625458,1009.4861,24.369019,0.64,0.027418137,0.0030398369,0.0005364418,0.4651817,0.68067765
2019-05-05,URRA1,Caribe,37.81,177870000.0,422190000.0,42.130320471825485,28.641327,0.95287704,0.08610535,1007.8825,24.275024,0.64,0.028252602,0.0032186508,0.0006556511,0.4517377,0.9567595
2019-05-06,URRA1,Caribe,37.7,172340000.0,422190000.0,40.820483668490496,27.937897,0.9509239,0.16033554,1009.3044,24.187683,0.64,0.17499924,0.005722046,0.00333786,0.46823627,0.9643463
2019-05-07,URRA1,Caribe,36.870000000000005,193360000.0,422190000.0,45.79928468225207,27.655731,0.7628441,0.016788483,1009.7339,24.203827,0.64,0.060915947,0.0034570694,0.0009536743,0.48455417,0.7630288
2019-05-08,URRA1,Caribe,36.1,195980000.0,422190000.0,46.4198583576115,26.74704,0.29719162,0.021141052,1010.0505,24.297699,0.64,0.8678436,0.17523766,0.06222725,0.49764994,0.2979426
2019-05-09,URRA1,Caribe,35.870000000000005,270260000.0,422190000.0,64.0138326345958,26.834381,0.6013222,0.2871399,1010.4328,24.319,0.64,1.5336275,0.28955936,0.26875734,0.5033185,0.6663615
2019-05-10,URRA1,Caribe,38.93,733340000.0,422190000.0,173.6990454534688,25.87918,0.6375046,-0.10236359,1010.633,24.314606,0.64,0.8639097,0.073850155,0.024557114,0.4924778,0.64567053
2019-05-11,URRA1,Caribe,40.19,477590000.0,422190000.0,113.1220540514934,25.742035,-0.19218826,0.40145874,1011.0048,24.18753,0.64,0.4441738,0.045657158,0.042796135,0.5043261,0.44509038
2019-05-12,URRA1,Caribe,41.55,498470000.0,422190000.0,118.0676946398541,26.866425,-0.26145935,0.060268402,1010.425,24.118988,0.64,0.024795532,0.0038146973,0.0013113022,0.4903824,0.2683156
2019-05-13,URRA1,Caribe,42.8,448310000.0,422190000.0,106.18678793907957,27.185272,0.9091072,0.118206024,1010.7089,24.140839,0.64,0.11909008,0.008702278,0.0059604645,0.48671472,0.9167598
2019-05-14,URRA1,Caribe,43.41,364670000.0,422190000.0,86.37580236386461,26.381012,0.62646484,0.028331757,1011.2964,24.15268,0.64,0.9331703,0.025510788,0.02270937,0.49083328,0.6271052
2019-05-15,URRA1,Caribe,45.25,543670000.0,422190000.0,128.77377484071152,25.728363,0.8990326,0.6259537,1011.622,24.072418,0.64,0.38981438,0.022649765,0.019669533,0.5043688,1.0954806
2019-05-16,URRA1,Caribe,45.92,371460000.0,422190000.0,87.98408299580758,26.618744,-0.2313385,0.012203217,1011.16675,24.186981,0.64,0.019311905,0.0042915344,0.0005364418,0.49413073,0.23166014
2019-05-17,URRA1,Caribe,46.650000000000006,413790000.0,422190000.0,98.01037447594685,26.094025,0.3463211,0.12395096,1011.03174,24.25232,0.64,0.6581545,0.02336502,0.019013882,0.5045345,0.3678344
2019-05-18,URRA1,Caribe,47.36,408550000.0,422190000.0,96.76922712522796,26.087189,0.96845245,0.14466095,1010.378,24.20404,0.64,1.4021397,0.4595518,0.2745986,0.50092274,0.9791971
2019-05-19,URRA1,Caribe,49.21,575750000.0,422190000.0,136.37224946114307,26.330475,0.36878586,0.963398,1010.9444,24.29364,0.64,0.22304058,0.01090765,0.0057816505,0.49154112,1.0315709
2019-05-20,URRA1,Caribe,51.39,618920000.0,422190000.0,146.59750349368767,25.86612,0.42972183,0.26852417,1011.09625,24.26294,0.64,1.517415,0.26595592,0.17923117,0.50829613,0.5067209
2019-05-21,URRA1,Caribe,54.98,823240000.0,422190000.0,194.99277576446624,26.292633,0.1866417,-0.09322357,1010.873,24.1503,0.64,0.4979372,0.0769496,0.061035156,0.51206225,0.20862827
2019-05-22,URRA1,Caribe,56.95,664430000.0,422190000.0,157.37701035078993,27.060638,0.4615097,0.023593903,1010.6722,24.029266,0.64,0.28514862,0.01847744,0.010550022,0.49689925,0.46211243
2019-05-23,URRA1,Caribe,61.99,1105880000.0,422190000.0,261.9389374452261,25.59732,0.006790161,0.1599083,1011.71576,23.944916,0.64,0.38683414,0.045895576,0.035345554,0.5004588,0.16005239
2019-05-24,URRA1,Caribe,63.17,628940000.0,422190000.0,148.97084251166538,26.698944,0.72156143,-0.26605988,1010.22485,23.712372,0.64,0.77569485,0.077843666,0.06502867,0.49992406,0.76905054
2019-05-25,URRA1,Caribe,68.54,1300130000.0,422190000.0,307.9490276889552,25.266022,0.102687836,0.54278183,1011.47064,23.449188,0.64,0.27823448,0.030696392,0.012099743,0.505011,0.55241007
2019-05-26,URRA1,Caribe,69.48,736630000.0,422190000.0,174.47831545038963,26.75882,0.9370613,-0.031188965,1011.2463,23.31311,0.64,0.094890594,0.029325485,0.0044107437,0.49737704,0.9375802
2019-05-27,URRA1,Caribe,70.72,786650000.0,422190000.0,186.32606172576328,26.758331,0.11516571,0.7073593,1011.1175,23.171295,0.64,0.5326271,0.06681681,0.024616718,0.5040092,0.71667314
2019-05-28,URRA1,Caribe,72.36,856890000.0,422190000.0,202.96312086975055,25.293,0.42365265,0.3595085,1011.3833,23.158905,0.64,0.5594492,0.054717064,0.01847744,0.5042124,0.5556329
2019-05-29,URRA1,Caribe,72.7,689810000.0,422190000.0,163.38852175560768,26.391144,0.4866066,0.05332184,1011.40515,23.095184,0.64,0.16534328,0.046133995,0.00500679,0.49492523,0.48951936
2019-05-30,URRA1,Caribe,74.38,872430000.0,422190000.0,206.64392808924893,25.692963,-0.0763855,-0.10261154,1012.70905,22.928253,0.64,0.20515919,0.053167343,0.0076293945,0.50379634,0.12792136
2019-05-31,URRA1,Caribe,74.63,679910000.0,422190000.0,161.04360595940216,26.515167,0.772068,0.291996,1012.35,22.79004,0.64,0.20635128,0.05954504,0.005543232,0.49972662,0.8254397
2019-06-01,URRA1,Caribe,74.71,653780000.0,481490000.0,135.78267461421837,26.094452,-0.014041901,0.20950317,1012.02716,22.86444,0.52,0.47922134,0.08100271,0.016570091,0.50401103,0.20997323
2019-06-02,URRA1,Caribe,74.3,586830000.0,481490000.0,121.8779206214044,26.28006,0.05368042,0.40872192,1011.08875,22.779938,0.52,0.025510788,0.07605553,0.0013709068,0.4958638,0.41223198
2019-06-03,URRA1,Caribe,73.69,555570000.0,481490000.0,115.38557394753784,26.998688,0.067806244,-0.15687561,1011.09625,22.911835,0.52,0.07045269,0.10514259,0.0013113022,0.49542722,0.17090243
2019-06-04,URRA1,Caribe,72.88,505050000.0,481490000.0,104.89314419821802,27.649933,0.2776146,-0.05435562,1010.96094,23.138794,0.52,0.0641346,0.14942884,0.0026226044,0.48434228,0.28288585
2019-06-05,URRA1,Caribe,72.45,577640000.0,481490000.0,119.96926208228624,26.465057,0.8090477,0.16774368,1010.90125,23.359589,0.52,1.4668703,0.34606457,0.16409159,0.49805108,0.82625425
2019-06-06,URRA1,Caribe,72.03,561710000.0,481490000.0,116.66078215539264,25.632904,1.0194206,-0.038829803,1010.21826,23.453094,0.52,0.572443,0.4518032,0.03361702,0.5024309,1.0201598
2019-06-07,URRA1,Caribe,71.57,569780000.0,481490000.0,118.33682942532556,24.919891,0.6170044,0.17102814,1011.53516,23.34732,0.52,0.4221201,0.2798438,0.014781952,0.50395286,0.6402695
2019-06-08,URRA1,Caribe,70.30999999999999,445200000.0,481490000.0,92.4629795011319,26.59726,-0.5267334,-0.3181572,1011.1808,23.211975,0.52,0.01513958,0.2771616,0.00035762787,0.48922312,0.61536336
2019-06-09,URRA1,Caribe,68.72,403200000.0,481490000.0,83.7400569066855,27.068756,1.0400848,0.16726303,1011.0036,23.091217,0.52,0.06914139,0.27024746,0.0011920929,0.48084053,1.0534483
2019-06-10,URRA1,Caribe,67.84,508230000.0,481490000.0,105.55359405179756,26.823029,0.5165901,0.33288574,1011.3077,23.267303,0.52,0.44691563,0.2720356,0.019073486,0.49139714,0.61455536
2019-06-11,URRA1,Caribe,68.05,653650000.0,481490000.0,135.75567509190222,27.013947,0.015814781,0.20981598,1011.1686,23.376465,0.52,0.42533875,0.24819374,0.012516975,0.49374124,0.21041116
2019-06-12,URRA1,Caribe,72.91,1214270000.0,481490000.0,252.19007663710565,26.955597,0.29881668,0.48729324,1011.46423,23.372559,0.52,0.4554987,0.34362078,0.12153387,0.5015747,0.5716171
2019-06-13,URRA1,Caribe,75.44999999999999,879770000.0,481490000.0,182.7182288313361,26.225677,0.6644325,0.22807312,1012.27966,23.439484,0.52,1.7738342,0.8016825,0.59235096,0.5019074,0.702487
2019-06-14,URRA1,Caribe,76.48,675880000.0,481490000.0,140.37259340796277,26.466705,0.3132019,-0.034549713,1012.0603,23.624725,0.52,0.64468384,0.46944618,0.016987324,0.4982895,0.31510174
2019-06-15,URRA1,Caribe,77.27000000000001,557390000.0,481490000.0,115.76356725996386,27.248749,0.74323654,0.18776321,1011.5591,23.665588,0.52,0.051379204,0.19156933,0.0011920929,0.4916952,0.76658696
2019-06-16,URRA1,Caribe,77.24,491890000.0,481490000.0,102.1599617852915,27.074493,0.37954712,0.1148262,1010.7692,23.621094,0.52,0.040769577,0.18447638,0.0014305115,0.4884576,0.39653635
2019-06-17,URRA1,Caribe,76.59,406160000.0,481490000.0,84.35481526096076,28.117462,-0.18502426,-0.028354645,1008.91125,23.573181,0.52,0.0021457672,0.17511845,2.9802322e-05,0.48149657,0.18718429
2019-06-18,URRA1,Caribe,75.74,377620000.0,481490000.0,78.42738166940123,27.937958,0.6616745,0.122673035,1008.5425,23.325409,0.52,0.7799864,0.24122,0.07459521,0.4836524,0.6729501
2019-06-19,URRA1,Caribe,77.37,638420000.0,481490000.0,132.5925772082494,27.806,0.5398865,0.3000641,1008.96515,23.234375,0.52,0.0104904175,0.15980005,0.00023841858,0.49114686,0.6176697
2019-06-20,URRA1,Caribe,76.57000000000001,431760000.0,481490000.0,89.67164427090906,28.002533,0.17954636,0.5505867,1009.2553,23.234375,0.52,0.043153763,0.15366077,0.0013709068,0.47570008,0.5791223
2019-06-21,URRA1,Caribe,78.07,615290000.0,481490000.0,127.78873912230785,27.202972,0.27233887,0.5560303,1010.5106,23.234375,0.52,0.78988075,0.16182661,0.016957521,0.4727705,0.619143
2019-06-22,URRA1,Caribe,80.28999999999999,792110000.0,481490000.0,164.51224324492722,27.346405,0.05896759,0.17050552,1011.0125,23.10971,0.52,0.1155138,0.13935566,0.0014305115,0.48067027,0.18041427
2019-06-23,URRA1,Caribe,79.38,520900000.0,481490000.0,108.18500903445552,28.01419,0.8602791,0.20425415,1010.9891,22.698486,0.52,0.0333786,0.13160706,0.0007748604,0.46680912,0.8841945
2019-06-24,URRA1,Caribe,79.39,486470000.0,481490000.0,101.0342893933415,27.084503,0.8924675,0.30662155,1011.34265,22.549713,0.52,0.07903576,0.12648106,0.0015497208,0.46706325,0.94367105
2019-06-25,URRA1,Caribe,79.58,589860000.0,481490000.0,122.50721718000376,25.376862,-0.36457443,-0.31505585,1012.04175,22.456635,0.52,0.38206577,0.13077259,0.01090765,0.50032306,0.48184508
2019-06-26,URRA1,Caribe,78.05,435520000.0,481490000.0,90.4525535317452,27.403107,-0.48194122,-0.050746918,1009.34143,22.550018,0.52,0.15854836,0.11718273,0.002861023,0.48917434,0.4846056
2019-06-27,URRA1,Caribe,77.28,367800000.0,481490000.0,76.38787929136637,27.440826,0.5787277,0.18844986,1008.3561,22.666199,0.52,0.03194809,0.109910965,0.0005364418,0.4819382,0.6086371
2019-06-28,URRA1,Caribe,76.68,410360000.0,481490000.0,85.22710752040541,27.537811,0.90137863,0.4018364,1008.5022,22.66336,0.52,0.10716915,0.10865927,0.0036358833,0.47730622,0.98689204
2019-06-29,URRA1,Caribe,75.62,339560000.0,481490000.0,70.52275228976718,27.415619,0.46821594,0.07727432,1009.452,22.64035,0.52,0.09191036,0.10341406,0.0030994415,0.47226167,0.47454977
2019-06-30,URRA1,Caribe,76.39,426960000.0,481490000.0,88.67473883154375,26.393219,0.7598305,0.3388214,1010.675,22.769257,0.52,0.3424883,0.10704994,0.01090765,0.4960623,0.83195084
2019-07-01,URRA1,Caribe,76.16000000000001,325380000.0,488740000.0,66.57527519744649,26.229279,0.2801323,0.22013474,1011.5411,22.84082,0.33,0.07009506,0.09334087,0.0011920929,0.483989,0.35627717
2019-07-02,URRA1,Caribe,76.67,396720000.0,488740000.0,81.17199328886524,26.253326,0.61400986,-0.27679062,1010.8839,22.6503,0.33,0.20229816,0.09226799,0.0036358833,0.48688444,0.673514
2019-07-03,URRA1,Caribe,77.5,435090000.0,488740000.0,89.02279330523388,26.885406,0.3062744,0.4850006,1010.17377,22.507599,0.33,0.05686283,0.08666515,0.0010728836,0.4747987,0.573611
2019-07-04,URRA1,Caribe,77.81,359590000.0,488740000.0,73.57490690346606,27.628143,-0.08477783,-0.32413864,1008.98846,22.325836,0.33,0.06532669,0.0846982,0.002682209,0.46719503,0.335042
2019-07-05,URRA1,Caribe,78.75,448420000.0,488740000.0,91.75021483815526,26.964752,0.42373276,-0.039718628,1010.4398,22.505219,0.33,0.074863434,0.08100271,0.0023841858,0.48169792,0.42559022
2019-07-06,URRA1,Caribe,80.02,497840000.0,488740000.0,101.86193067888858,27.467743,-0.5011673,-0.1952362,1010.67096,22.468292,0.33,0.04839897,0.07849932,0.0025629997,0.47930622,0.537853
2019-07-07,URRA1,Caribe,80.5,399750000.0,488740000.0,81.79195482260506,27.305267,0.5106888,-0.06590271,1010.6192,22.53299,0.33,0.039935112,0.07414818,0.0012516975,0.46526557,0.5149235
2019-07-08,URRA1,Caribe,81.51,459930000.0,488740000.0,94.10525023529893,25.608429,1.3108635,0.3337021,1011.7661,22.355804,0.33,1.2779236,0.1270771,0.05686283,0.4773597,1.3526715
2019-07-09,URRA1,Caribe,83.3,568600000.0,488740000.0,116.33997626549905,25.048492,0.032066345,0.28448486,1013.5761,22.33258,0.33,0.74899197,0.38170815,0.31387806,0.49930668,0.28628635
2019-07-10,URRA1,Caribe,85.38,609380000.0,488740000.0,124.68388100012277,26.096527,0.4672203,0.6352806,1012.64514,22.059662,0.33,0.40388107,0.0756979,0.009834766,0.50064087,0.7885913
2019-07-11,URRA1,Caribe,86.44,741020000.0,488740000.0,151.6184474362647,26.68155,0.07235718,-0.00548172,1010.8198,21.932861,0.33,0.09024143,0.067830086,0.0035762787,0.48794216,0.07256453
2019-07-12,URRA1,Caribe,85.68,557880000.0,488740000.0,114.14658100421494,27.063202,0.4841957,0.34130096,1009.4778,21.839844,0.33,0.42915344,0.08094311,0.01859665,0.47888577,0.592395
2019-07-13,URRA1,Caribe,84.76,545050000.0,488740000.0,111.52146335474896,25.991608,0.1919632,0.68271637,1009.97186,21.925415,0.33,0.50747395,0.0718832,0.0113248825,0.49749288,0.7091907
2019-07-14,URRA1,Caribe,83.91999999999999,547430000.0,488740000.0,112.00842983999672,26.396881,0.27526474,0.4265175,1010.3872,22.160217,0.33,0.8480549,0.13792515,0.078856945,0.50202906,0.50762963
2019-07-15,URRA1,Caribe,82.43,459230000.0,488740000.0,93.96202479846136,26.047516,1.4758835,0.864254,1011.0853,22.147583,0.33,0.018239021,0.058233738,0.00023841858,0.4807279,1.7103119
2019-07-16,URRA1,Caribe,80.85,440310000.0,488740000.0,90.0908458485084,26.31485,-0.33757782,-0.11260986,1011.71436,22.088043,0.33,0.0333786,0.057041645,0.00059604645,0.4697197,0.35586482
2019-07-17,URRA1,Caribe,80.35,432470000.0,488740000.0,88.4867209559275,27.75827,0.3183136,0.059070587,1010.6292,21.93753,0.33,0.11432171,0.061929226,0.006914139,0.46371022,0.32374817
2019-07-18,URRA1,Caribe,80.85,545930000.0,488740000.0,111.70151818963048,27.666534,0.6058006,0.33459854,1009.8942,21.75174,0.33,0.11920929,0.060141087,0.006735325,0.46569192,0.69206256
2019-07-19,URRA1,Caribe,80.55,431350000.0,488740000.0,88.25756025698736,27.897797,-0.14799118,-0.7011337,1009.71545,21.448822,0.33,0.014662743,0.052332878,0.0004172325,0.44970357,0.7165821
2019-07-20,URRA1,Caribe,80.0,396240000.0,488740000.0,81.07378156074805,28.151276,0.105644226,-0.3138237,1008.1827,21.314453,0.33,0.040769577,0.05143881,0.0008940697,0.4424593,0.3311284
2019-07-21,URRA1,Caribe,80.25999999999999,472880000.0,488740000.0,96.7549208167942,28.227081,0.7940445,0.0051841736,1008.4292,21.128998,0.33,0.010609627,0.049173832,0.00017881393,0.4388113,0.7940614
2019-07-22,URRA1,Caribe,79.39,351060000.0,488740000.0,71.82960265171666,26.79123,0.606266,0.07083511,1010.2775,20.868042,0.33,0.14555454,0.04965067,0.0019669533,0.44192195,0.6103901
2019-07-23,URRA1,Caribe,79.01,361910000.0,488740000.0,74.0495969226992,25.75998,0.125,-0.20553589,1012.2908,20.623016,0.33,1.0434389,0.16248226,0.11575222,0.48189306,0.24056184
2019-07-24,URRA1,Caribe,78.97,411930000.0,488740000.0,84.28407742357899,25.488495,0.6068001,0.4001541,1012.6375,20.47409,0.33,0.30970573,0.052571297,0.006854534,0.4808988,0.72686285
2019-07-25,URRA1,Caribe,79.28,363740000.0,488740000.0,74.424029136146,26.413177,0.722702,0.30187607,1012.03375,20.328125,0.33,0.04851818,0.04553795,0.0010728836,0.49350235,0.78321606
2019-07-26,URRA1,Caribe,79.73,380530000.0,488740000.0,77.85939354257889,26.075836,0.097831726,-0.028652191,1012.3514,20.177002,0.33,0.31149387,0.049054623,0.005364418,0.4902491,0.10194113
2019-07-27,URRA1,Caribe,79.75,321160000.0,488740000.0,65.71183042108278,27.050568,0.335289,-0.28022385,1012.0544,20.19983,0.33,0.062823296,0.044107437,0.0014305115,0.48299336,0.43697152
2019-07-28,URRA1,Caribe,79.60000000000001,296390000.0,488740000.0,60.64369603470148,27.569489,0.011730194,0.15444183,1011.22455,20.359467,0.33,0.31650066,0.053584576,0.012040138,0.47873497,0.15488666
2019-07-29,URRA1,Caribe,79.77,344440000.0,488740000.0,70.47509923476694,26.255646,0.5731697,0.22048187,1010.4419,20.48404,0.33,0.3362894,0.17535686,0.13494492,0.48478067,0.6141138
2019-07-30,URRA1,Caribe,79.86999999999999,336070000.0,488740000.0,68.76253222572328,26.471527,0.3707161,0.058631897,1010.5017,20.740967,0.33,0.11241436,0.06330013,0.0046491623,0.4949318,0.37532404
2019-07-31,URRA1,Caribe,79.85,395590000.0,488740000.0,80.940786512256,27.007233,0.04994583,0.11107254,1010.15326,20.879608,0.33,0.0075101852,0.03939867,0.00017881393,0.48670518,0.12178545
2019-08-01,URRA1,Caribe,80.53,418360000.0,446250000.0,93.75014005602242,26.264618,0.43328094,0.12587738,1009.63983,20.974243,0.19,0.1758337,0.10365248,0.024557114,0.4885564,0.45119563
2019-08-02,URRA1,Caribe,80.86,367120000.0,446250000.0,82.26778711484593,26.720673,0.057861328,0.6378288,1010.11346,20.902222,0.19,0.17285347,0.04595518,0.0046491623,0.49840325,0.6404479
2019-08-03,URRA1,Caribe,81.61,428490000.0,446250000.0,96.02016806722688,26.323029,0.030448914,-0.08118057,1010.85034,20.869354,0.19,0.100016594,0.046491623,0.0022649765,0.498237,0.08670307
2019-08-04,URRA1,Caribe,82.1,473610000.0,446250000.0,106.13109243697478,26.494293,0.22903442,0.19068527,1011.493,20.898834,0.19,0.10764599,0.049948692,0.0035762787,0.49105418,0.2980229
2019-08-05,URRA1,Caribe,81.93,529750000.0,446250000.0,118.71148459383754,26.86203,0.64495087,-0.41213608,1010.91125,20.708923,0.19,0.15449524,0.06651878,0.019669533,0.48715696,0.7653873
2019-08-06,URRA1,Caribe,83.28,629360000.0,446250000.0,141.03305322128853,26.862885,1.2316437,0.25580978,1010.89545,20.693176,0.19,0.11909008,0.05042553,0.0035762787,0.48599255,1.2579287
2019-08-07,URRA1,Caribe,82.17,448270000.0,446250000.0,100.45266106442575,26.789581,1.0054893,0.5868187,1012.9564,20.943085,0.19,1.0517836,0.07534027,0.02926588,0.4911665,1.1642015
2019-08-08,URRA1,Caribe,80.81,416060000.0,446250000.0,93.23473389355742,26.439423,-0.3818817,0.0010070801,1013.1384,21.072266,0.19,0.017762184,0.045895576,0.00035762787,0.48449308,0.38188303
2019-08-09,URRA1,Caribe,79.22,431240000.0,446250000.0,96.63641456582631,27.108734,-0.013095856,-0.03670883,1012.1136,20.940033,0.19,0.6496906,0.07498264,0.03027916,0.49166775,0.03897486
2019-08-10,URRA1,Caribe,77.66,353940000.0,446250000.0,79.31428571428572,27.334503,0.08358383,0.13653564,1010.6161,20.625702,0.19,0.019907951,0.044822693,0.0007748604,0.47779733,0.16008823
2019-08-11,URRA1,Caribe,78.35,583680000.0,446250000.0,130.79663865546215,27.598724,1.1052437,0.0155181885,1009.8208,20.688446,0.19,0.10693073,0.04673004,0.0032782555,0.47777307,1.1053526
2019-08-12,URRA1,Caribe,76.75999999999999,428640000.0,446250000.0,96.05378151260504,28.051117,0.42162704,0.04509735,1009.5564,20.618988,0.19,0.08165836,0.04631281,0.00333786,0.46907178,0.424032
2019-08-13,URRA1,Caribe,76.88000000000001,591640000.0,446250000.0,132.58039215686276,26.899384,0.7844734,0.32076645,1009.1194,20.6828,0.19,0.24425983,0.05042553,0.008523464,0.47738093,0.8475197
2019-08-14,URRA1,Caribe,77.5,585840000.0,446250000.0,131.28067226890755,26.770905,0.24651718,0.015636444,1009.8736,20.901978,0.19,0.4143715,0.050723553,0.009298325,0.48406658,0.24701259
2019-08-15,URRA1,Caribe,79.08,714720000.0,446250000.0,160.16134453781513,25.580658,1.6415787,0.6672287,1012.09875,21.090363,0.19,0.40853024,0.16057491,0.081539154,0.4901323,1.7719973
2019-08-16,URRA1,Caribe,79.02,573430000.0,446250000.0,128.4997198879552,24.06607,0.5988426,0.025043488,1014.4944,21.118927,0.19,0.543952,0.06592274,0.025451183,0.5024451,0.59936607
2019-08-17,URRA1,Caribe,81.11,869610000.0,446250000.0,194.8705882352941,25.387726,-0.6606865,-0.1066246,1013.6611,21.13031,0.19,0.7286072,0.20772219,0.16498566,0.500348,0.669235
2019-08-18,URRA1,Caribe,81.05,648340000.0,446250000.0,145.28627450980392,27.261078,-0.49332047,-0.03130722,1011.33905,20.799927,0.19,0.0,0.045657158,0.0,0.47616515,0.49431288
2019-08-19,URRA1,Caribe,80.01,509740000.0,446250000.0,114.22745098039216,27.003082,1.0212784,0.34075165,1009.85455,20.565063,0.19,0.029444695,0.04684925,0.000834465,0.4698615,1.0766249
2019-08-20,URRA1,Caribe,78.93,506210000.0,446250000.0,113.43641456582634,26.375458,-0.21264648,0.6185036,1011.4589,20.46753,0.19,0.06747246,0.047326088,0.0019073486,0.47495952,0.6540376
2019-08-21,URRA1,Caribe,78.47,515870000.0,446250000.0,115.60112044817927,26.240204,0.06273651,-0.4472351,1011.78796,20.485382,0.19,0.09858608,0.056803226,0.0121593475,0.46996993,0.4516139
2019-08-22,URRA1,Caribe,77.25,404720000.0,446250000.0,90.69355742296918,26.628632,-0.087631226,-0.03742981,1011.84814,20.652802,0.19,0.03862381,0.045716763,0.0017881393,0.4637766,0.0952902
2019-08-23,URRA1,Caribe,76.38000000000001,372040000.0,446250000.0,83.3703081232493,26.487762,0.5690994,0.27155304,1011.565,20.700073,0.19,0.05877018,0.044941902,0.0017285347,0.47230905,0.6305674
2019-08-24,URRA1,Caribe,75.75,326480000.0,446250000.0,73.16078431372549,26.834198,1.0579681,-0.044067383,1010.7523,20.615479,0.19,0.049591064,0.04339218,0.000834465,0.4879474,1.0588855
2019-08-25,URRA1,Caribe,75.29,346600000.0,446250000.0,77.66946778711484,26.368256,-0.036632538,0.1794548,1010.5048,20.60376,0.19,0.038027763,0.043272972,0.0011920929,0.49237183,0.1831556
2019-08-26,URRA1,Caribe,74.53999999999999,306570000.0,446250000.0,68.69915966386554,26.840057,0.060836792,0.17605972,1010.0589,20.432678,0.19,0.007748604,0.041484833,0.00023841858,0.47960454,0.18627438
2019-08-27,URRA1,Caribe,74.17,273420000.0,446250000.0,61.27058823529412,28.17331,-0.19940567,-0.17998505,1008.6969,20.259735,0.19,0.016570091,0.0410676,0.00035762787,0.4684856,0.268621
2019-08-28,URRA1,Caribe,74.32,347370000.0,446250000.0,77.8420168067227,25.934296,0.15600967,0.06919861,1009.5609,20.012207,0.19,0.13232231,0.045359135,0.005364418,0.4906172,0.17066771
2019-08-29,URRA1,Caribe,73.83,255080000.0,446250000.0,57.160784313725486,26.152435,0.34373093,0.06547165,1010.26514,19.740509,0.19,0.047683716,0.04184246,0.0019073486,0.48321056,0.34991068
2019-08-30,URRA1,Caribe,73.83,252660000.0,446250000.0,56.61848739495798,26.762787,-0.03919983,0.12473297,1010.82983,19.621979,0.19,0.018715858,0.039994717,0.00035762787,0.4803052,0.13074763
2019-08-31,URRA1,Caribe,74.13,286550000.0,446250000.0,64.21288515406162,26.187836,0.5864563,0.521389,1010.5792,19.5141,0.19,0.32246113,0.0551939,0.016093254,0.48853728,0.78471494
2019-09-01,URRA1,Caribe,73.97,231620000.0,430760000.0,53.77008078744544,26.609406,0.392601,0.20405579,1010.6769,19.320465,0.23,0.24318695,0.04351139,0.00500679,0.4767935,0.4424639
2019-09-02,URRA1,Caribe,75.07000000000001,408200000.0,430760000.0,94.76274491596249,25.909698,0.27064896,0.089221954,1010.57263,19.442902,0.23,0.024199486,0.03862381,0.00059604645,0.48636335,0.28497618
2019-09-03,URRA1,Caribe,75.18,279370000.0,430760000.0,64.8551397529947,26.489655,0.1742897,-0.11552429,1009.0087,19.462097,0.23,0.054836273,0.039219856,0.0015497208,0.47955054,0.20909989
2019-09-04,URRA1,Caribe,75.57000000000001,314450000.0,430760000.0,72.99888569040766,26.515656,0.19361496,0.18964386,1009.9361,19.362091,0.23,0.06318092,0.038921833,0.0017881393,0.4844861,0.27101946
2019-09-05,URRA1,Caribe,76.44999999999999,386940000.0,430760000.0,89.827282013186,26.63327,0.6555939,0.28010178,1011.7444,19.57727,0.23,0.059366226,0.037789345,0.0009536743,0.48945212,0.71292377
2019-09-06,URRA1,Caribe,77.66999999999999,430960000.0,430760000.0,100.04642956634784,25.884308,-0.043693542,-0.2973709,1011.6859,19.672852,0.23,0.0385046,0.037252903,0.00071525574,0.48944172,0.30056378
2019-09-07,URRA1,Caribe,78.38000000000001,365010000.0,430760000.0,84.7362800631442,26.68106,0.061698914,0.12608337,1011.22314,19.77182,0.23,0.043272972,0.037550926,0.0014305115,0.48390818,0.14037013
2019-09-08,URRA1,Caribe,79.54,433850000.0,430760000.0,100.71733680007428,26.113983,0.8586464,-0.06361008,1012.5714,19.727753,0.23,0.46944618,0.05173683,0.015854836,0.49096617,0.86099935
2019-09-09,URRA1,Caribe,78.58000000000001,317680000.0,430760000.0,73.74872318692543,26.58841,-0.5259247,-0.38015747,1011.84216,19.378937,0.23,0.035643578,0.036537647,0.0009536743,0.48262203,0.6489349
2019-09-10,URRA1,Caribe,78.69,284340000.0,430760000.0,66.0089144767388,27.016327,0.9720154,0.4357071,1010.64935,19.189545,0.23,0.13923645,0.03874302,0.0028014183,0.48340654,1.0652016
2019-09-11,URRA1,Caribe,78.56,247360000.0,430760000.0,57.42408765902126,27.02005,0.6585922,0.16013718,1009.22205,18.979706,0.23,0.071167946,0.037789345,0.0019073486,0.48272473,0.6777814
2019-09-12,URRA1,Caribe,78.63,277090000.0,430760000.0,64.32584269662921,26.368927,0.14572144,-0.06318283,1008.6277,18.844482,0.23,0.46503544,0.059127808,0.02360344,0.49446523,0.15882948
2019-09-13,URRA1,Caribe,78.85,298820000.0,430760000.0,69.37041508032314,26.265167,0.3847847,0.015708923,1009.6692,18.78421,0.23,0.23162365,0.043272972,0.007659197,0.4922358,0.38510522
2019-09-14,URRA1,Caribe,78.84,264610000.0,430760000.0,61.42863775652335,26.697845,0.23080826,-0.13880539,1009.90564,18.682465,0.23,0.04673004,0.038981438,0.0010728836,0.4868513,0.26933137
2019-09-15,URRA1,Caribe,79.21000000000001,319460000.0,430760000.0,74.1619463274213,26.690155,1.004982,0.34547424,1010.5502,18.735168,0.23,0.038146973,0.04249811,0.0011324883,0.490423,1.0627047
2019-09-16,URRA1,Caribe,79.03999999999999,242940000.0,430760000.0,56.39799424273377,26.071625,0.6880684,0.19900131,1011.8156,18.85025,0.23,0.076413155,0.04506111,0.00166893,0.4902763,0.7162679
2019-09-17,URRA1,Caribe,78.91,248140000.0,430760000.0,57.60516296777788,26.13388,0.04606247,0.03164673,1011.6142,19.013153,0.23,0.41103363,0.06067753,0.017285347,0.49128535,0.055886194
2019-09-18,URRA1,Caribe,79.12,297720000.0,430760000.0,69.11505246540997,26.329193,1.1079102,0.13361359,1011.2911,19.218811,0.23,0.35989285,0.07212162,0.027775764,0.486645,1.115938
2019-09-19,URRA1,Caribe,79.55,327570000.0,430760000.0,76.04466524282664,25.749908,1.4652596,0.30113602,1010.8816,19.564423,0.23,0.4014969,0.06574392,0.018000603,0.501014,1.4958838
2019-09-20,URRA1,Caribe,78.9,321710000.0,430760000.0,74.68427894883462,26.459015,0.3772087,0.69989777,1011.3786,19.854065,0.23,0.16725063,0.07075071,0.017434359,0.4947667,0.79507434
2019-09-21,URRA1,Caribe,80.0,575370000.0,430760000.0,133.57089794781317,25.626434,0.028194427,0.07965469,1013.007,20.210052,0.23,0.19335747,0.07355213,0.0076293945,0.49876744,0.08449731
2019-09-22,URRA1,Caribe,80.21000000000001,446040000.0,430760000.0,103.54721886897576,26.722809,-0.115226746,-0.14938736,1012.7283,20.42633,0.23,0.5402565,0.09727478,0.020742416,0.49066055,0.18866315
2019-09-23,URRA1,Caribe,80.61,471610000.0,430760000.0,109.48323892654844,26.778046,0.40618515,0.50572586,1012.6614,20.917206,0.23,0.010728836,0.08022785,0.00023841858,0.48273373,0.6486486
2019-09-24,URRA1,Caribe,79.75999999999999,376300000.0,430760000.0,87.35722908348036,26.991974,-0.5573158,0.07492447,1012.21564,21.249084,0.23,0.023961067,0.08028746,0.00035762787,0.48279703,0.56232965
2019-09-25,URRA1,Caribe,78.7,347460000.0,430760000.0,80.66208561612035,26.618195,0.4802704,0.16724777,1012.4556,21.520111,0.23,0.053286552,0.079870224,0.0011324883,0.48705345,0.5085582
2019-09-26,URRA1,Caribe,77.52,332170000.0,430760000.0,77.11254526882719,25.238129,0.03126526,0.28497314,1012.2503,21.638153,0.23,0.25117397,0.08547306,0.0073313713,0.4979719,0.2866831
2019-09-27,URRA1,Caribe,76.02,283010000.0,430760000.0,65.7001578605256,26.925262,0.65727615,0.20898819,1011.5439,21.618103,0.23,0.013709068,0.08058548,0.00047683716,0.4872276,0.6897014
2019-09-28,URRA1,Caribe,74.42999999999999,274250000.0,430760000.0,63.66654285448974,27.314362,0.49954605,-0.0011062622,1011.7413,21.973755,0.23,0.1155138,0.086426735,0.004351139,0.48769963,0.49954727
2019-09-29,URRA1,Caribe,73.19,317340000.0,430760000.0,73.66979292413409,26.45224,0.6189041,0.28227615,1011.28455,22.219604,0.23,0.20802021,0.08779764,0.0051259995,0.48447657,0.6802368
2019-09-30,URRA1,Caribe,71.73,283270000.0,430760000.0,65.7605162967778,26.747711,0.9461479,0.18985367,1009.925,22.554504,0.23,0.007033348,0.08237362,0.00017881393,0.47367054,0.96500796
2019-10-01,URRA1,Caribe,71.27,260610000.0,446670000.0,58.34508697696285,26.010956,0.67334366,0.51771545,1009.6395,22.365204,0.39,0.24306774,0.08904934,0.006914139,0.49134547,0.84936506
2019-10-02,URRA1,Caribe,71.50999999999999,361510000.0,446670000.0,80.93447063827882,25.948639,0.56487656,0.28205872,1010.6981,21.694489,0.39,0.4787445,0.1052618,0.022768974,0.4967429,0.6313816
2019-10-03,URRA1,Caribe,71.3,296530000.0,446670000.0,66.38681800882082,25.737457,-0.3509102,-0.051193237,1011.4883,21.466309,0.39,0.14805794,0.08612871,0.002503395,0.48509166,0.35462475
2019-10-04,URRA1,Caribe,71.15,299870000.0,446670000.0,67.13457362258491,26.304474,0.2666359,-0.12815094,1012.35986,21.321869,0.39,0.15199184,0.08696318,0.0037550926,0.47533062,0.29583335
2019-10-05,URRA1,Caribe,73.46000000000001,649630000.0,446670000.0,145.43846687711286,26.85611,0.5453491,0.1247673,1011.572,20.99759,0.39,0.42676926,0.09024143,0.008255243,0.4758229,0.5594395
2019-10-06,URRA1,Caribe,74.03,407160000.0,446670000.0,91.1545436228088,26.723969,0.8474884,0.13288498,1010.59454,20.77539,0.39,0.07009506,0.081300735,0.001013279,0.47468144,0.8578432
2019-10-07,URRA1,Caribe,74.13,341270000.0,446670000.0,76.40316117043902,26.44168,0.30808258,-0.3728943,1010.4241,20.615387,0.39,0.26845932,0.08752942,0.008165836,0.48088437,0.48369932
2019-10-08,URRA1,Caribe,74.32,356250000.0,446670000.0,79.75686748606353,26.745514,0.476326,-0.2701187,1009.557,20.676117,0.39,0.08356571,0.08571148,0.005841255,0.47633487,0.54758614
2019-10-09,URRA1,Caribe,74.98,421020000.0,446670000.0,94.25750554100344,25.61142,0.30115128,-0.04901123,1009.78516,20.640656,0.39,0.7584095,0.1103878,0.030338764,0.49027675,0.3051134
2019-10-10,URRA1,Caribe,76.77000000000001,581590000.0,446670000.0,130.20574473324825,24.492828,-0.10376358,0.54293823,1009.4467,21.242859,0.39,1.9509792,0.690639,0.34302473,0.4992953,0.5527647
2019-10-11,URRA1,Caribe,77.94,556090000.0,446670000.0,124.49683211319318,25.293243,0.16856003,-0.15533447,1009.40784,21.91272,0.39,0.8084774,0.18668175,0.058412552,0.5007689,0.22921886
2019-10-12,URRA1,Caribe,79.54,503120000.0,446670000.0,112.637965388318,25.042816,-0.4244957,-0.25843048,1009.7644,22.298737,0.39,2.1699667,0.87857246,0.108242035,0.4964483,0.49697375
2019-10-13,URRA1,Caribe,81.62,574520000.0,446670000.0,128.6229207244722,24.949493,0.45729065,0.18988037,1010.382,22.22116,0.39,0.17416477,0.16283989,0.0150203705,0.50344205,0.49514574
2019-10-14,URRA1,Caribe,82.64,424680000.0,446670000.0,95.07690241117604,25.176178,0.18297577,0.19251251,1011.53595,22.411407,0.39,0.06818771,0.15699863,0.00166893,0.4956435,0.26559594
2019-10-15,URRA1,Caribe,82.99,385020000.0,446670000.0,86.19786419504332,25.686737,0.23445511,-0.18914413,1012.03345,22.35373,0.39,0.32866,0.17273426,0.006020069,0.48741004,0.30123863
2019-10-16,URRA1,Caribe,83.31,384520000.0,446670000.0,86.08592473190498,26.423615,0.22312546,0.36319733,1011.94,22.373993,0.39,0.054240227,0.16784668,0.0019073486,0.48438272,0.4262596
2019-10-17,URRA1,Caribe,84.72,532490000.0,446670000.0,119.21328945306378,25.782562,0.4952469,0.29917908,1011.53735,22.238678,0.39,0.021219254,0.1642108,0.00071525574,0.48471016,0.5785997
2019-10-18,URRA1,Caribe,86.19,541160000.0,446670000.0,121.15431974388252,26.046906,0.45714188,0.35707474,1011.41077,21.952393,0.39,0.12123585,0.16787648,0.0078082085,0.49161014,0.5800699
2019-10-19,URRA1,Caribe,87.32,495100000.0,446670000.0,110.8424563995791,24.701752,0.039787292,0.4608307,1012.1153,21.6846,0.39,0.12385845,0.15896559,0.0023841858,0.48745364,0.46254507
2019-10-20,URRA1,Caribe,87.88,415280000.0,446670000.0,92.97244050417537,25.702972,0.6184578,0.07185745,1012.67847,21.481964,0.39,0.16260147,0.15592575,0.0032186508,0.49880093,0.62261826
2019-10-21,URRA1,Caribe,88.38000000000001,405270000.0,446670000.0,90.73141245214588,24.855865,0.14939117,-0.016780853,1012.5472,21.393463,0.39,0.29075146,0.19705296,0.049173832,0.49555108,0.15033069
2019-10-22,URRA1,Caribe,87.8,420390000.0,446670000.0,94.11646181744912,25.027252,0.50653076,-0.055358887,1012.08905,21.186798,0.39,0.20194054,0.14841557,0.005066395,0.48755357,0.5095469
2019-10-23,URRA1,Caribe,87.59,474180000.0,446670000.0,106.15890926187116,25.309906,-0.1479721,0.32444382,1010.22845,20.934052,0.39,0.16009808,0.14281273,0.0041127205,0.49193978,0.35659435
2019-10-24,URRA1,Caribe,87.53,583100000.0,446670000.0,130.54380191192604,24.771515,0.3548813,0.70778656,1010.23517,20.777496,0.39,1.1872053,0.21517277,0.06848574,0.5028428,0.79177177
2019-10-25,URRA1,Caribe,87.64999999999999,601660000.0,446670000.0,134.698994783621,25.780914,0.05967331,0.31498718,1010.71423,20.909943,0.39,0.60379505,0.35107136,0.04053116,0.50060064,0.3205898
2019-10-26,URRA1,Caribe,88.74,737240000.0,446670000.0,165.0524996082119,25.270905,0.29517365,-0.20248413,1010.7036,21.147766,0.39,0.08332729,0.1359582,0.002026558,0.4980722,0.35794875
2019-10-27,URRA1,Caribe,89.88000000000001,748290000.0,446670000.0,167.52636174356908,25.764252,-0.11695099,-0.07467651,1010.28375,21.498505,0.39,0.11563301,0.13649464,0.0028014183,0.49095055,0.1387592
2019-10-28,URRA1,Caribe,89.79,663690000.0,446670000.0,148.58620458056285,26.158173,0.6466789,0.044010162,1009.34094,21.925903,0.39,0.057578087,0.13321638,0.0014901161,0.48732364,0.64817476
2019-10-29,URRA1,Caribe,91.0,833740000.0,446670000.0,186.6568159939105,26.537628,0.47891617,-0.0066566467,1009.5687,22.151459,0.39,0.073194504,0.1309514,0.0013113022,0.48758548,0.47896245
2019-10-30,URRA1,Caribe,89.84,512740000.0,446670000.0,114.79168065909955,26.226105,0.3518486,-0.23117828,1009.8078,22.281006,0.39,0.03838539,0.12809038,0.00074505806,0.49443418,0.4209998
2019-10-31,URRA1,Caribe,88.44,474910000.0,446670000.0,106.32234087805314,26.732147,0.48004532,-0.19138336,1010.6297,22.34671,0.39,0.07164478,0.12648106,0.0014305115,0.48744023,0.5167892
2019-11-01,URRA1,Caribe,87.87,587880000.0,405740000.0,144.89081677921823,25.698822,0.5826416,0.33751678,1011.4305,22.57248,0.58,0.24139881,0.13154745,0.007987022,0.5013773,0.6733415
2019-11-02,URRA1,Caribe,87.59,543880000.0,405740000.0,134.0464336767388,26.134552,0.48941422,-0.100730896,1010.7539,22.608795,0.58,0.039815903,0.12606382,0.0009536743,0.48577732,0.49967286
2019-11-03,URRA1,Caribe,86.49,508820000.0,405740000.0,125.40543205008132,26.265717,0.16884232,-0.17614746,1009.23987,22.403412,0.58,0.17023087,0.1385212,0.013917685,0.48822376,0.2439993
2019-11-04,URRA1,Caribe,87.15,593250000.0,405740000.0,146.21432444422538,26.129242,0.5082283,0.2181282,1008.7642,22.175507,0.58,0.3669262,0.14275312,0.01603365,0.5017411,0.55306053
2019-11-05,URRA1,Caribe,86.61999999999999,509570000.0,405740000.0,125.59027948932815,26.035614,0.7233658,0.3021736,1009.1478,22.118927,0.58,0.07200241,0.13917685,0.0018775463,0.49286675,0.7839432
2019-11-06,URRA1,Caribe,84.87,425360000.0,405740000.0,104.8356090106965,26.938873,0.02249527,0.11436081,1009.27374,22.034882,0.58,0.032663345,0.16105175,0.0008940697,0.48749813,0.11655227
2019-11-07,URRA1,Caribe,84.57000000000001,460190000.0,405740000.0,113.41992408931829,26.68283,0.3440895,0.16261292,1008.39764,21.812927,0.58,0.02336502,0.16400218,0.00059604645,0.48822337,0.3805792
2019-11-08,URRA1,Caribe,85.28,524600000.0,405740000.0,129.2946221718342,26.957,0.5781059,0.23560715,1006.48096,21.770874,0.58,0.09357929,0.16269088,0.0015795231,0.47898647,0.62427336
2019-11-09,URRA1,Caribe,86.28,563910000.0,405740000.0,138.98309262089023,25.325836,0.81318665,-0.5807953,1008.19763,21.585815,0.58,0.0975132,0.16379356,0.0042915344,0.5001826,0.9992976
2019-11-10,URRA1,Caribe,86.9,428050000.0,405740000.0,105.49859515946171,25.650726,0.26984787,0.34604263,1010.15955,21.703156,0.58,0.11944771,0.16522408,0.003963709,0.50191414,0.43882042
2019-11-11,URRA1,Caribe,87.46000000000001,418820000.0,405740000.0,103.22373934046432,25.735138,0.29956436,0.22374344,1010.1931,21.812195,0.58,0.0603199,0.16272068,0.0016093254,0.49812692,0.3738983
2019-11-12,URRA1,Caribe,88.75,522650000.0,405740000.0,128.81401882979247,25.479095,0.79535294,0.51013947,1009.97845,22.126434,0.58,0.031113625,0.16051531,0.0007748604,0.4937954,0.94489604
2019-11-13,URRA1,Caribe,89.07000000000001,465180000.0,405740000.0,114.64977571844037,26.283539,1.1673012,0.14684296,1010.6984,22.292084,0.58,0.0269413,0.15807152,0.00059604645,0.47706723,1.176501
2019-11-14,URRA1,Caribe,88.81,388370000.0,405740000.0,95.71893330704393,26.413666,0.271389,0.061210632,1012.15186,22.375824,0.58,0.24545193,0.15771389,0.003993511,0.48269847,0.2782063
2019-11-15,URRA1,Caribe,88.53999999999999,386630000.0,405740000.0,95.29008724799132,25.80545,0.49460983,0.40198517,1011.8862,22.789307,0.58,0.088214874,0.15205145,0.002592802,0.49026376,0.63736254
2019-11-16,URRA1,Caribe,89.11,305720000.0,405740000.0,75.34874550204565,25.78299,0.7162552,0.24902725,1010.15784,22.833893,0.58,0.032663345,0.14549494,0.00047683716,0.4835538,0.75831133
2019-11-17,URRA1,Caribe,89.66,349740000.0,405740000.0,86.19805786957164,25.592926,0.6913719,-0.15274048,1009.5538,23.071869,0.58,0.47922134,0.1500845,0.010848045,0.49036354,0.7080429
2019-11-18,URRA1,Caribe,89.84,308390000.0,405740000.0,76.00680238576429,25.834381,0.64946365,-0.23040009,1010.0598,23.204102,0.58,0.03683567,0.1347661,0.0007748604,0.4836754,0.6891206
2019-11-19,URRA1,Caribe,89.53,345530000.0,405740000.0,85.16044757726623,25.46585,0.82603455,-0.2964058,1011.6,23.285858,0.58,0.063061714,0.1296401,0.0012516975,0.48430297,0.87760437
2019-11-20,URRA1,Caribe,89.48,381720000.0,405740000.0,94.07995267905557,25.648956,0.62718964,-0.053581238,1012.26404,23.316559,0.58,0.15354156,0.12749434,0.004708767,0.48289263,0.6294742
2019-11-21,URRA1,Caribe,89.25,356120000.0,405740000.0,87.77049341943116,25.359528,0.09893036,-0.26958847,1011.9309,23.444489,0.58,0.105023384,0.120043755,0.0017881393,0.48969832,0.28716746
2019-11-22,URRA1,Caribe,89.13,372310000.0,405740000.0,91.76073347463894,25.9346,0.12998962,0.22272491,1011.65076,23.608124,0.58,0.12362003,0.11467934,0.0016093254,0.4801117,0.2578831
2019-11-23,URRA1,Caribe,88.72,331130000.0,405740000.0,81.61137674372752,24.777924,0.82684326,0.26772308,1011.318,23.648193,0.58,0.29325485,0.11330843,0.0052452087,0.47228628,0.8691061
2019-11-24,URRA1,Caribe,88.23,321870000.0,405740000.0,79.32912702716025,26.212921,0.42162323,0.007797241,1010.39655,23.709564,0.58,0.02348423,0.10442734,0.00071525574,0.47117704,0.42169532
2019-11-25,URRA1,Caribe,87.44,279280000.0,405740000.0,68.83225711046484,26.472809,-0.067489624,-0.18490982,1008.0705,23.628387,0.58,0.05710125,0.100553036,0.001013279,0.46657616,0.19684128
2019-11-26,URRA1,Caribe,86.66,276430000.0,405740000.0,68.12983684132696,26.90921,-0.21901703,-0.13038635,1007.07544,23.571564,0.58,0.0385046,0.09608269,0.00074505806,0.46352303,0.2548903
2019-11-27,URRA1,Caribe,85.95,234690000.0,405740000.0,57.84246068911125,27.769562,-0.025676727,0.41397858,1007.8756,23.55661,0.58,0.20861626,0.09736419,0.00628829,0.45298922,0.4147741
2019-11-28,URRA1,Caribe,85.96000000000001,338400000.0,405740000.0,83.40316458815991,26.92337,0.97678757,0.80443573,1009.7447,23.361633,0.58,0.32615662,0.096678734,0.009536743,0.48222995,1.2653975
2019-11-29,URRA1,Caribe,85.72,303940000.0,405740000.0,74.91004091289989,26.821808,1.5531464,0.51164246,1011.0563,23.420074,0.58,0.032782555,0.08416176,0.00032782555,0.46871874,1.6352497
2019-11-30,URRA1,Caribe,85.58,294630000.0,405740000.0,72.61546803371617,25.99112,0.719532,-0.5536537,1010.28784,23.286102,0.58,0.038981438,0.08136034,0.00059604645,0.46560302,0.907887
2019-12-01,URRA1,Caribe,86.2,242410000.0,287960000.0,84.18183080983471,26.455597,0.24446869,-0.21187592,1009.4997,23.350586,0.66,0.038146973,0.07811189,0.0011920929,0.4562144,0.32350633
2019-12-02,URRA1,Caribe,86.88,251590000.0,287960000.0,87.36977357966384,26.488617,0.27596664,-0.38747406,1010.755,23.358032,0.66,0.1128912,0.07545948,0.0016391277,0.44922358,0.47570342
2019-12-03,URRA1,Caribe,89.02,462440000.0,287960000.0,160.5917488540075,26.034882,-0.024810791,0.10828018,1010.76953,23.404633,0.66,0.057458878,0.07200241,0.0007748604,0.46074945,0.11108633
2019-12-04,URRA1,Caribe,89.85,278070000.0,287960000.0,96.56549520766772,26.668976,0.81752014,-0.3760643,1010.4772,23.59134,0.66,0.23543835,0.0744462,0.0060498714,0.4846459,0.8998686
2019-12-05,URRA1,Caribe,90.7,279220000.0,287960000.0,96.96485623003196,27.127594,0.54400253,0.30373,1010.6769,23.87149,0.66,0.026106834,0.066161156,0.0005066395,0.48719066,0.6230495
2019-12-06,URRA1,Caribe,91.39,256600000.0,287960000.0,89.1095985553549,26.808441,0.77679825,-0.086112976,1011.6175,23.976593,0.66,0.05531311,0.064730644,0.0009536743,0.47816455,0.7815568
2019-12-07,URRA1,Caribe,91.87,225180000.0,287960000.0,78.19836088345603,26.588837,1.7706108,0.9374695,1012.7508,23.937653,0.66,0.008583069,0.061571598,0.0,0.4714381,2.003475
2019-12-08,URRA1,Caribe,92.3,218850000.0,287960000.0,76.0001389081817,25.668304,0.71951294,-0.0785141,1012.22186,24.02835,0.66,0.047683716,0.05954504,0.00035762787,0.46405065,0.7237841
2019-12-09,URRA1,Caribe,92.69,212040000.0,287960000.0,73.63522711487707,26.192352,-0.33841324,-0.44529724,1009.7492,23.950256,0.66,0.010967255,0.056922436,0.00011920929,0.4504149,0.559297
2019-12-10,URRA1,Caribe,93.02,203420000.0,287960000.0,70.64175579941659,26.332306,0.3812561,-0.15402603,1009.58734,23.958282,0.66,0.16152859,0.056922436,0.0022053719,0.44944838,0.41119367
2019-12-11,URRA1,Caribe,92.79,202510000.0,287960000.0,70.32573968606751,27.336945,0.6376648,0.17884064,1010.7978,23.893127,0.66,0.04684925,0.053942204,0.0008940697,0.4448533,0.6622691
2019-12-12,URRA1,Caribe,93.04,202530000.0,287960000.0,70.3326850951521,26.631317,0.4178009,-0.14199829,1010.20483,23.685883,0.66,0.06699562,0.051677227,0.0007748604,0.42969662,0.44127214
2019-12-13,URRA1,Caribe,93.2,178860000.0,287960000.0,62.11279344353382,26.227142,0.57221985,-0.033031464,1009.40625,23.59793,0.66,0.039339066,0.04976988,0.0011026859,0.42063326,0.5731724
2019-12-14,URRA1,Caribe,93.38,182230000.0,287960000.0,63.283094874288096,26.422577,0.6785202,-0.20195007,1010.65076,23.503143,0.66,0.019907951,0.047445297,0.00023841858,0.41784057,0.7079361
2019-12-15,URRA1,Caribe,93.65,194980000.0,287960000.0,67.71079316571746,25.80777,0.16873169,-0.31110764,1011.6953,23.448456,0.66,0.43845177,0.051617622,0.005722046,0.46340346,0.35391855
2019-12-16,URRA1,Caribe,93.76,174640000.0,287960000.0,60.64731212668426,27.039886,-0.15369415,-0.014434814,1009.3872,23.427917,0.66,0.045895576,0.04518032,0.00071525574,0.44668514,0.15437052
2019-12-17,URRA1,Caribe,94.21,222340000.0,287960000.0,77.21211279344354,27.02774,0.34695053,0.2124176,1008.1752,23.389404,0.66,0.13184547,0.04428625,0.0013113022,0.4424045,0.40681186
2019-12-18,URRA1,Caribe,94.08,192220000.0,287960000.0,66.75232671204334,26.760223,0.65738297,-0.0011711121,1008.5447,23.415405,0.66,0.05221367,0.042021275,0.00047683716,0.46198034,0.657384
2019-12-19,URRA1,Caribe,93.96,193920000.0,287960000.0,67.34268648423392,26.98941,0.12346649,-0.04535675,1009.0153,23.435455,0.66,0.029563904,0.040769577,0.0006556511,0.4607826,0.13153405
2019-12-20,URRA1,Caribe,94.6,303320000.0,287960000.0,105.33407417696904,26.742401,0.39448547,-0.27982712,1009.3025,23.61911,0.66,0.10788441,0.040113926,0.0015497208,0.45515382,0.48365483
2019-12-21,URRA1,Caribe,94.73,229270000.0,287960000.0,79.61869704125573,26.677094,0.49694443,-0.38476944,1008.6325,23.692657,0.66,0.32305717,0.04094839,0.0033974648,0.45516974,0.6284913
2019-12-22,URRA1,Caribe,95.21,279510000.0,287960000.0,97.06556466175856,26.78189,0.42582703,0.43601227,1009.20624,23.729675,0.66,0.3592968,0.046133995,0.009834766,0.48359746,0.60945493
2019-12-23,URRA1,Caribe,94.97,204360000.0,287960000.0,70.96819002639255,27.121124,0.5430298,-0.06889343,1009.678,23.741425,0.66,0.014901161,0.035762787,0.00029802322,0.47514257,0.54738253
2019-12-24,URRA1,Caribe,94.85,193890000.0,287960000.0,67.33226837060703,26.655304,0.51099396,-0.0958786,1008.71655,23.778412,0.66,0.567317,0.04196167,0.0076293945,0.47472972,0.5199111
2019-12-25,URRA1,Caribe,95.3,275340000.0,287960000.0,95.6174468676205,26.35373,0.51226044,-0.39479446,1009.1141,23.807434,0.66,0.6879568,0.07468462,0.041007996,0.49560404,0.6467406
2019-12-26,URRA1,Caribe,95.43,229010000.0,287960000.0,79.528406723156,26.497894,-0.35081863,-0.2863922,1008.70264,23.895264,0.66,0.061631203,0.03373623,0.0009536743,0.48630482,0.4528733
2019-12-27,URRA1,Caribe,95.55,252600000.0,287960000.0,87.72051673843589,27.001068,0.050247192,-0.56589127,1009.7086,23.92575,0.66,0.15330315,0.034689903,0.002861023,0.4770013,0.5681177
2019-12-28,URRA1,Caribe,95.53,232650000.0,287960000.0,80.7924711765523,27.717743,0.21901703,0.3102188,1009.8297,24.01892,0.66,0.12850761,0.03671646,0.0051259995,0.4705861,0.37974223
2019-12-29,URRA1,Caribe,95.82,254640000.0,287960000.0,88.4289484650646,26.797699,0.8066864,-0.15774918,1008.78656,24.1716,0.66,0.20456314,0.033557415,0.0027418137,0.4667446,0.8219658
2019-12-30,URRA1,Caribe,96.21,306350000.0,287960000.0,106.38630365328518,26.805756,1.0580368,0.41500473,1009.47156,24.092834,0.66,0.028848648,0.030517578,0.00029802322,0.46885234,1.1365169
2019-12-31,URRA1,Caribe,95.99,255820000.0,287960000.0,88.8387276010557,26.236847,1.3745651,0.6252556,1010.7609,24.079498,0.66,0.06735325,0.031650066,0.0020861626,0.47481233,1.5100907
2020-01-01,URRA1,Caribe,95.75,257680000.0,167880000.0,153.4905885156064,26.272308,0.1359787,0.043563843,1011.225,23.94107,0.64,0.13613701,0.03182888,0.002861023,0.47060627,0.1427866
2020-01-02,URRA1,Caribe,95.43,274110000.0,167880000.0,163.27734095782702,26.492767,0.6422882,-0.20866776,1011.17267,23.988739,0.64,0.045657158,0.03015995,0.0014305115,0.4601063,0.6753343
2020-01-03,URRA1,Caribe,94.86,238510000.0,167880000.0,142.07171789373362,26.94577,0.45815277,0.036346436,1012.54016,24.087158,0.64,0.00071525574,0.02759695,5.9604645e-05,0.44350427,0.45959222
2020-01-04,URRA1,Caribe,94.06,205560000.0,167880000.0,122.44460328806292,26.695831,0.04800415,-0.33033752,1013.5645,24.208862,0.64,0.00011920929,0.02682209,0.0,0.42685133,0.33380726
2020-01-05,URRA1,Caribe,93.67,182550000.0,167880000.0,108.73838456040028,25.99533,0.44234848,-0.5189171,1014.4542,24.318237,0.64,0.07843971,0.027477741,0.0014305115,0.42026335,0.68187034
2020-01-06,URRA1,Caribe,93.73,167320000.0,167880000.0,99.666428401239,26.56369,0.1819992,-0.7522392,1012.59705,24.45282,0.64,0.0166893,0.026404858,0.00071525574,0.40910915,0.7739429
2020-01-07,URRA1,Caribe,93.56,155330000.0,167880000.0,92.52442220633786,26.872345,0.0738945,-0.8037758,1012.0375,24.386139,0.64,0.0030994415,0.02515316,0.0,0.39983338,0.8071653
2020-01-08,URRA1,Caribe,93.35,147130000.0,167880000.0,87.63998093876579,27.020416,-1.274971,-0.55744934,1011.9509,24.322845,0.64,0.044107437,0.02503395,0.0006854534,0.39256352,1.3915102
2020-01-09,URRA1,Caribe,93.06,138080000.0,167880000.0,82.24922563736003,27.581757,-0.6988106,-0.7475052,1010.28937,24.247284,0.64,0.00071525574,0.023543835,0.0,0.37955552,1.0232792
2020-01-10,URRA1,Caribe,92.51,132910000.0,167880000.0,79.16964498451274,27.49643,-0.8689537,-1.293045,1007.4986,24.148804,0.64,0.0,0.023186207,0.0,0.3674834,1.5578979
2020-01-11,URRA1,Caribe,92.26,125760000.0,167880000.0,74.91065046461758,27.65329,0.39993668,0.035816193,1008.27625,23.975098,0.64,0.0026226044,0.022649765,0.0,0.3574425,0.40153724
2020-01-12,URRA1,Caribe,91.95,118050000.0,167880000.0,70.3180843459614,27.65976,-0.012390137,-0.47756577,1009.0717,23.960663,0.64,0.0,0.021755695,0.0,0.34870774,0.47772646
2020-01-13,URRA1,Caribe,91.27,115770000.0,167880000.0,68.95997140814868,27.464691,0.34475708,-0.6139145,1008.09,23.870941,0.64,0.0,0.021338463,0.0,0.339377,0.70409405
2020-01-14,URRA1,Caribe,90.56,111240000.0,167880000.0,66.26161543959972,27.517853,0.013759613,-0.29216385,1008.1436,23.847046,0.64,0.0,0.020861626,0.0,0.3391967,0.29248768
2020-01-15,URRA1,Caribe,89.85,109940000.0,167880000.0,65.48725279961877,26.938385,0.22845459,-0.17293167,1007.9433,23.660889,0.64,0.006556511,0.020444393,0.00011920929,0.35862094,0.2865255
2020-01-16,URRA1,Caribe,89.11,106590000.0,167880000.0,63.49177984274482,28.10904,-0.11154556,-0.39315414,1008.8152,23.574585,0.64,0.032663345,0.020682812,0.001013279,0.35863003,0.40867174
2020-01-17,URRA1,Caribe,88.35,104420000.0,167880000.0,62.19918989754587,28.371368,-0.080696106,-0.562706,1007.6875,23.700562,0.64,0.0,0.019133091,0.0,0.3497487,0.5684627
2020-01-18,URRA1,Caribe,87.58,99370000.0,167880000.0,59.19108887300453,28.430206,0.8054848,-0.4269066,1006.92487,23.76181,0.64,0.00035762787,0.01835823,0.0,0.3383615,0.91162217
2020-01-19,URRA1,Caribe,87.16000000000001,96070000.0,167880000.0,57.22539909459138,28.04483,0.6299362,-0.12651443,1008.39154,23.98526,0.64,0.03325939,0.01859665,0.000834465,0.33046126,0.642515
2020-01-20,URRA1,Caribe,86.42,105550000.0,167880000.0,62.87228973076007,27.53714,1.2448235,0.15808487,1010.47314,24.328003,0.64,0.067949295,0.019311905,0.0017881393,0.34090084,1.2548212
2020-01-21,URRA1,Caribe,85.64,99090000.0,167880000.0,59.02430307362402,26.765717,1.2298775,-0.46136475,1011.6731,24.79184,0.64,0.034451485,0.01746416,0.00035762787,0.3583207,1.3135661
2020-01-22,URRA1,Caribe,85.38,173410000.0,167880000.0,103.29401953776508,25.747162,1.3125725,0.19494247,1013.0045,24.983673,0.64,0.08034706,0.01758337,0.0007748604,0.37370622,1.3269699
2020-01-23,URRA1,Caribe,84.77,121890000.0,167880000.0,72.60543245175126,25.865387,0.5479088,-0.52996063,1012.3155,25.079437,0.64,0.27525425,0.019311905,0.002861023,0.39934748,0.76227444
2020-01-24,URRA1,Caribe,84.47,166250000.0,167880000.0,99.02906838217774,25.826447,0.34897614,-0.9307442,1012.447,25.441437,0.64,0.09047985,0.017225742,0.0010728836,0.42849407,0.99401665
2020-01-25,URRA1,Caribe,84.28,185440000.0,167880000.0,110.45985227543484,26.163788,-0.09390259,-1.5428429,1013.322,25.631317,0.64,0.13875961,0.01746416,0.0015497208,0.43127656,1.5456978
2020-01-26,URRA1,Caribe,84.38,170560000.0,167880000.0,101.59637836549918,25.758392,0.1535492,-1.2126656,1014.0069,25.515656,0.64,0.11074543,0.0166893,0.0013709068,0.43093967,1.2223482
2020-01-27,URRA1,Caribe,83.87,136660000.0,167880000.0,81.40338336907314,25.900787,0.8962898,-0.03573227,1013.79517,25.499268,0.64,0.05340576,0.015974045,0.000834465,0.4235809,0.8970018
2020-01-28,URRA1,Caribe,83.65,179360000.0,167880000.0,106.83821777460088,26.331268,0.4658394,-0.05445099,1013.51013,25.534454,0.64,0.019788742,0.015318394,0.00059604645,0.41026813,0.46901092
2020-01-29,URRA1,Caribe,83.16,139860000.0,167880000.0,83.3095067905647,26.849579,0.48114777,-0.5561676,1012.8745,25.576904,0.64,0.024557114,0.0150203705,0.0004172325,0.3942531,0.7354085
2020-01-30,URRA1,Caribe,82.53,119790000.0,167880000.0,71.35453895639743,26.871307,-0.12771106,-0.8007698,1011.58014,25.516663,0.64,0.015616417,0.014483929,0.00011920929,0.38726664,0.8108899
2020-01-31,URRA1,Caribe,81.87,116710000.0,167880000.0,69.51989516321181,27.822601,0.37672043,-0.7953491,1011.0575,25.458893,0.64,0.02849102,0.014364719,0.00023841858,0.37514046,0.88005596
2020-02-01,URRA1,Caribe,81.14,107520000.0,123090000.0,87.35071898610772,27.325287,0.9856491,-0.29800797,1010.9891,25.530426,0.63,0.09071827,0.014543533,0.0007748604,0.36924055,1.029715
2020-02-02,URRA1,Caribe,80.95,130760000.0,123090000.0,106.2312129336258,27.455963,0.6102295,-0.33516693,1011.84576,25.572266,0.63,0.10967255,0.014662743,0.0013113022,0.38054135,0.6962161
2020-02-03,URRA1,Caribe,80.32000000000001,119920000.0,123090000.0,97.42464863108296,28.024567,0.7147522,-1.0159607,1011.0119,25.774902,0.63,0.018239021,0.01335144,0.00011920929,0.38435975,1.2421944
2020-02-04,URRA1,Caribe,79.64,110110000.0,123090000.0,89.45487042001787,28.927216,0.5567055,-0.37701416,1010.9836,25.79837,0.63,0.0011920929,0.01257658,0.0,0.36855212,0.6723546
2020-02-05,URRA1,Caribe,78.86999999999999,100410000.0,123090000.0,81.5744577138679,28.200775,0.3528328,-0.47254944,1010.493,25.912323,0.63,0.00047683716,0.012397766,0.0,0.35382557,0.5897406
2020-02-06,URRA1,Caribe,78.08,97400000.0,123090000.0,79.12909253391827,27.852325,0.85009766,-0.3814888,1009.71686,25.945038,0.63,0.002026558,0.01180172,0.0,0.34036103,0.93177235
2020-02-07,URRA1,Caribe,77.25,93160000.0,123090000.0,75.68445852628159,28.269623,0.1003685,-0.27978134,1010.6775,25.982574,0.63,0.00023841858,0.011563301,0.0,0.33005035,0.2972397
2020-02-08,URRA1,Caribe,76.46,99320000.0,123090000.0,80.68892680152734,28.006073,0.6429405,-0.87192154,1012.15924,25.916534,0.63,0.09202957,0.013113022,0.0019073486,0.33377606,1.0833373
2020-02-09,URRA1,Caribe,76.03,97640000.0,123090000.0,79.3240718173694,27.4534,0.74596405,-0.8899689,1011.8206,25.959015,0.63,0.0044107437,0.011265278,0.0,0.3309316,1.1612523
2020-02-10,URRA1,Caribe,75.18,86830000.0,123090000.0,70.54187992525794,27.917633,-0.114593506,-0.38476562,1009.7978,26.059967,0.63,0.00047683716,0.010609627,0.0,0.3214674,0.40146765
2020-02-11,URRA1,Caribe,74.32,85020000.0,123090000.0,69.07141116256398,28.348724,0.70848465,-0.3758812,1009.3116,25.924774,0.63,0.0026226044,0.0104904175,0.0,0.3137425,0.80202067
2020-02-12,URRA1,Caribe,73.44000000000001,84360000.0,123090000.0,68.53521813307336,28.86502,0.057800293,-0.55397034,1009.2308,25.72525,0.63,0.0071525574,0.01013279,0.0,0.30940783,0.55697757
2020-02-13,URRA1,Caribe,72.57000000000001,85510000.0,123090000.0,69.46949386627671,28.89914,0.6944809,-0.57998276,1008.70654,25.612091,0.63,0.0034570694,0.010073185,0.00011920929,0.30539563,0.90481144
2020-02-14,URRA1,Caribe,71.65,77280000.0,123090000.0,62.78332927126493,28.595795,0.43065262,-0.84292984,1009.5442,25.56424,0.63,0.004529953,0.009596348,5.9604645e-05,0.2998834,0.9465687
2020-02-15,URRA1,Caribe,71.39,119350000.0,123090000.0,96.96157283288652,28.891632,0.60424423,-0.8245201,1009.2516,25.493164,0.63,0.0019073486,0.009179115,0.0,0.29624277,1.0222253
2020-02-16,URRA1,Caribe,70.93,91100000.0,123090000.0,74.01088634332602,28.395111,0.3783493,-0.7675705,1008.04987,25.31369,0.63,0.0044107437,0.008940697,0.0,0.29492688,0.8557527
2020-02-17,URRA1,Caribe,70.11,92430000.0,123090000.0,75.09139653911771,29.333466,0.43702698,-1.1808128,1006.863,25.373566,0.63,0.00166893,0.008940697,0.0,0.2955566,1.2590915
2020-02-18,URRA1,Caribe,69.57,82280000.0,123090000.0,66.84539767649687,29.373138,0.5799179,-0.89175797,1006.44763,25.539642,0.63,0.00047683716,0.008702278,0.0,0.29102862,1.0637373
2020-02-19,URRA1,Caribe,69.0,77670000.0,123090000.0,63.10017060687302,28.695099,0.7804527,-0.610775,1007.79297,25.575714,0.63,0.0009536743,0.008493662,0.0,0.2879001,0.9910361
2020-02-20,URRA1,Caribe,68.4,73370000.0,123090000.0,59.60679177837355,28.79953,0.9762993,-0.4877777,1008.5586,25.875458,0.63,0.0035762787,0.008702278,0.0,0.28863272,1.0913695
2020-02-21,URRA1,Caribe,67.7,73180000.0,123090000.0,59.45243317897473,27.940704,1.9481964,-0.57356644,1011.498,26.167206,0.63,0.20492077,0.009298325,0.0010728836,0.3222041,2.0308738
2020-02-22,URRA1,Caribe,67.36999999999999,114790000.0,123090000.0,93.25696644731497,26.63388,1.354805,-0.8303642,1013.27716,26.430328,0.63,0.22244453,0.010073185,0.0017881393,0.41990283,1.5890253
2020-02-23,URRA1,Caribe,66.88,93440000.0,123090000.0,75.91193435697457,26.576141,0.6357231,-1.5438309,1013.01544,26.496155,0.63,0.004053116,0.0078082085,0.0,0.4300056,1.669598
2020-02-24,URRA1,Caribe,66.33,82820000.0,123090000.0,67.28410106426193,26.467865,0.48724747,-0.9699974,1012.0039,26.652618,0.63,0.029206276,0.007867813,0.00023841858,0.40165132,1.0854976
2020-02-25,URRA1,Caribe,65.78,79650000.0,123090000.0,64.70874969534486,26.42862,1.3586731,-0.6871567,1011.5875,26.929169,0.63,0.03194809,0.007867813,0.00023841858,0.38685185,1.522556
2020-02-26,URRA1,Caribe,65.19,74920000.0,123090000.0,60.86603298399545,27.34311,1.09058,-0.015800476,1012.8847,27.004242,0.63,0.017166138,0.00756979,0.00011920929,0.3744597,1.0906944
2020-02-27,URRA1,Caribe,64.58,71980000.0,123090000.0,58.477536761719065,26.645172,1.0890083,-0.6860466,1013.4205,26.976135,0.63,0.06580353,0.0076293945,0.00035762787,0.36825013,1.2870895
2020-02-28,URRA1,Caribe,63.95,70480000.0,123090000.0,57.25891624014948,26.797272,0.64647675,-1.2756271,1013.03186,26.954254,0.63,0.0269413,0.0072717667,0.00023841858,0.3649234,1.4300897
2020-02-29,URRA1,Caribe,63.31,68160000.0,123090000.0,55.374116500121865,27.053925,0.48631287,-0.93362045,1012.9169,26.911652,0.63,0.012278557,0.0069737434,0.0,0.35663843,1.0526857
2020-03-01,URRA1,Caribe,62.68,68270000.0,136700000.0,49.94147768836869,27.625824,0.8559303,-1.0291176,1012.14124,26.787445,0.53,0.007748604,0.006854534,5.9604645e-05,0.34973642,1.3385439
2020-03-02,URRA1,Caribe,62.05,68740000.0,136700000.0,50.28529626920263,27.610443,1.227684,-0.43306732,1011.02,26.804962,0.53,0.01835823,0.006735325,0.00023841858,0.3407814,1.3018277
2020-03-03,URRA1,Caribe,61.370000000000005,63470000.0,136700000.0,46.43013899049012,27.846039,0.9061165,-0.6396599,1010.28766,26.799713,0.53,0.0121593475,0.006556511,0.00023841858,0.33223477,1.1091491
2020-03-04,URRA1,Caribe,60.72,63400000.0,136700000.0,46.37893196781273,27.986176,0.96313477,-0.63306427,1010.2536,26.834808,0.53,0.0017881393,0.0062584877,0.0,0.32557935,1.1525619
2020-03-05,URRA1,Caribe,59.7,59520000.0,136700000.0,43.54059985369423,28.319183,0.89899826,-0.8021736,1010.53314,26.738617,0.53,0.0042915344,0.006377697,0.0,0.31892848,1.204857
2020-03-06,URRA1,Caribe,58.68,58300000.0,136700000.0,42.64813460131675,28.54306,0.9327049,-1.2582207,1011.10657,26.536285,0.53,0.0010728836,0.006020069,0.0,0.3128633,1.5662241
2020-03-07,URRA1,Caribe,57.98,58840000.0,136700000.0,43.04316020482809,27.233978,1.4140358,-1.2206306,1011.4075,26.320953,0.53,0.050783157,0.0063180923,0.00035762787,0.30916312,1.8680034
2020-03-08,URRA1,Caribe,57.26,57450000.0,136700000.0,42.026335040234095,27.178131,0.48095703,-1.1917648,1011.4378,26.36905,0.53,0.030875206,0.0062584877,0.00011920929,0.31022304,1.2851549
2020-03-09,URRA1,Caribe,56.220000000000006,54660000.0,136700000.0,39.98536942209217,28.420319,0.31139374,-0.98217773,1010.8839,26.267029,0.53,0.0029802322,0.0056624413,0.0,0.3062984,1.0303588
2020-03-10,URRA1,Caribe,55.17999999999999,55850000.0,136700000.0,40.8558888076079,28.533356,1.4827309,-0.83657837,1011.51904,26.255219,0.53,0.015854836,0.0054836273,0.00011920929,0.30115145,1.7024554
2020-03-11,URRA1,Caribe,54.190000000000005,64310000.0,136700000.0,47.04462326261887,26.80246,1.5403328,-0.3705635,1010.9547,26.329712,0.53,0.016331673,0.0054836273,0.0,0.31193027,1.5842798
2020-03-12,URRA1,Caribe,53.21,66850000.0,136700000.0,48.90270665691295,26.598541,1.118412,-0.85606766,1009.7381,26.29535,0.53,0.059127808,0.005543232,0.0003874302,0.3337499,1.4084378
2020-03-13,URRA1,Caribe,52.190000000000005,56900000.0,136700000.0,41.62399414776884,26.705902,0.87706757,-0.9517937,1011.8909,26.365631,0.53,0.09047985,0.0059604645,0.0006556511,0.35682738,1.2942792
2020-03-14,URRA1,Caribe,51.49,60050000.0,136700000.0,43.92831016825164,27.19168,1.0530815,-0.533165,1013.09906,26.389862,0.53,0.0371933,0.0054836273,0.00023841858,0.35812947,1.1803583
2020-03-15,URRA1,Caribe,50.79,60470000.0,136700000.0,44.23555230431602,27.074982,1.28051,-0.6620064,1012.9125,26.582764,0.53,0.018119812,0.00500679,0.0,0.3524037,1.4415125
2020-03-16,URRA1,Caribe,49.73,52150000.0,136700000.0,38.14923189465984,27.773407,0.8477783,-0.8939018,1011.9244,26.711273,0.53,0.04863739,0.005364418,0.00023841858,0.3425698,1.2319856
2020-03-17,URRA1,Caribe,48.73,49950000.0,136700000.0,36.53986832479883,27.462006,1.2112503,-1.076191,1012.22284,26.90738,0.53,0.030517578,0.00500679,0.00020861626,0.33124584,1.6202822
2020-03-18,URRA1,Caribe,47.97,50270000.0,136700000.0,36.77395757132407,27.77481,0.8737793,-0.86377335,1012.57874,26.93814,0.53,0.01513958,0.004887581,0.00011920929,0.3261831,1.2286557
2020-03-19,URRA1,Caribe,47.16,49670000.0,136700000.0,36.33504023408924,28.03006,0.8293686,-0.51239395,1012.16345,26.954681,0.53,0.0038146973,0.0047683716,0.0,0.3186126,0.9748845
2020-03-20,URRA1,Caribe,46.59,73980000.0,136700000.0,54.11850768105341,27.522919,1.6587372,-0.5051727,1013.7681,26.819427,0.53,0.017404556,0.004529953,0.00017881393,0.32058555,1.7339574
2020-03-21,URRA1,Caribe,45.93,62060000.0,136700000.0,45.398683247988295,26.924408,1.1721458,-0.39152527,1013.3063,26.710693,0.53,0.014305115,0.0044107437,0.00011920929,0.3303982,1.2358066
2020-03-22,URRA1,Caribe,45.27,62000000.0,136700000.0,45.35479151426481,27.823883,0.355587,-0.56378937,1011.688,26.649048,0.53,0.0034570694,0.0042915344,0.0,0.34225118,0.66655874
2020-03-23,URRA1,Caribe,44.61,60710000.0,136700000.0,44.41111923920995,28.690704,0.62877035,-0.5577202,1012.77045,26.489075,0.53,0.0,0.004172325,0.0,0.33091813,0.8404784
2020-03-24,URRA1,Caribe,43.92,54780000.0,136700000.0,40.07315288953914,27.984283,0.9121704,-0.49967194,1012.6214,26.344025,0.53,0.00035762787,0.00423193,0.0,0.32283968,1.040061
2020-03-25,URRA1,Caribe,43.21,53780000.0,136700000.0,39.34162399414777,28.172272,0.8269081,-0.95742416,1010.83716,26.096527,0.53,0.0029802322,0.0041127205,5.9604645e-05,0.31654403,1.2650843
2020-03-26,URRA1,Caribe,42.47,46030000.0,136700000.0,33.67227505486467,28.097687,1.3311691,-1.0199738,1010.2525,25.60025,0.53,0.013113022,0.00423193,0.0,0.31252444,1.6770086
2020-03-27,URRA1,Caribe,41.75,50260000.0,136700000.0,36.76664228237016,27.61795,0.9430618,-1.042942,1009.5652,25.349854,0.53,0.0121593475,0.004053116,5.9604645e-05,0.31200993,1.4060917
2020-03-28,URRA1,Caribe,41.0,45280000.0,136700000.0,33.12362838332114,27.77359,1.160862,-0.35708237,1008.8894,25.014618,0.53,0.010609627,0.004053116,0.00017881393,0.30858222,1.2145404
2020-03-29,URRA1,Caribe,40.26,47740000.0,136700000.0,34.9231894659839,28.007843,1.5636978,-0.31365967,1009.6944,24.639008,0.53,0.014901161,0.0038146973,0.00023841858,0.3042248,1.5948459
2020-03-30,URRA1,Caribe,39.61,62400000.0,136700000.0,45.64740307242136,28.339508,1.0974426,-0.103443146,1010.1725,24.513641,0.53,0.07915497,0.003695488,0.00035762787,0.30566335,1.102307
2020-03-31,URRA1,Caribe,38.99,72300000.0,136700000.0,52.889539136795904,26.986664,1.6176224,0.12945557,1009.4483,24.34311,0.53,1.9536018,0.023901463,0.02026558,0.33946204,1.6227942
2020-04-01,URRA1,Caribe,38.33,59160000.0,240040000.0,24.645892351274785,26.321259,1.5942268,0.4076538,1010.5239,24.180511,0.3,0.39160252,0.00846386,0.005066395,0.4484045,1.6455214
2020-04-02,URRA1,Caribe,37.74,64360000.0,240040000.0,26.812197967005496,26.617096,0.72226334,-0.56988144,1011.5558,24.081024,0.3,0.35083294,0.0075101852,0.004053116,0.44846547,0.9200159
2020-04-03,URRA1,Caribe,37.12,61670000.0,240040000.0,25.69155140809865,27.356354,0.32544327,-1.0128517,1010.2072,24.078094,0.3,0.09453297,0.004053116,0.0006556511,0.43572044,1.0638524
2020-04-04,URRA1,Caribe,37.01,135590000.0,240040000.0,56.4864189301783,27.472565,0.444252,-0.859272,1009.34344,24.120544,0.3,0.21624565,0.0052452087,0.0019669533,0.43069977,0.96732014
2020-04-05,URRA1,Caribe,36.57,88270000.0,240040000.0,36.77303782702882,28.046051,0.707222,-0.6293831,1009.70685,24.082855,0.3,0.0590086,0.0041127205,0.0006556511,0.414925,0.9467238
2020-04-06,URRA1,Caribe,36.54,146310000.0,240040000.0,60.95234127645392,28.037933,0.7567787,-0.03913498,1010.4988,24.036652,0.3,0.07224083,0.0038146973,0.0006556511,0.41238815,0.7577899
2020-04-07,URRA1,Caribe,36.25,107100000.0,240040000.0,44.61756373937677,28.105011,0.612381,-0.11663437,1011.327,23.856201,0.3,0.08606911,0.004529953,0.0012516975,0.43555102,0.6233891
2020-04-08,URRA1,Caribe,35.82,89010000.0,240040000.0,37.08131978003666,28.450226,0.709919,-0.40156174,1009.76935,23.950226,0.3,0.18286705,0.005185604,0.0019669533,0.45687464,0.8156205
2020-04-09,URRA1,Caribe,35.56,113930000.0,240040000.0,47.4629228461923,27.478119,1.0022545,-0.079631805,1010.34015,23.694336,0.3,0.019311905,0.0035762787,0.00047683716,0.4678545,1.005413
2020-04-10,URRA1,Caribe,35.510000000000005,151240000.0,240040000.0,63.00616563906015,27.602814,0.70344925,-0.69457626,1010.3883,23.773193,0.3,0.15771389,0.0054836273,0.002682209,0.4512326,0.98857325
2020-04-11,URRA1,Caribe,35.93,210920000.0,240040000.0,87.86868855190801,27.18155,1.0665131,0.016921997,1011.21594,23.694733,0.3,0.07414818,0.0057816505,0.0027418137,0.450087,1.0666473
2020-04-12,URRA1,Caribe,36.01,162510000.0,240040000.0,67.70121646392268,27.235382,0.8420601,0.29784775,1011.90894,23.509674,0.3,0.02682209,0.0032782555,0.00023841858,0.46112445,0.8931845
2020-04-13,URRA1,Caribe,36.13,165840000.0,240040000.0,69.08848525245791,27.17862,1.5872078,0.4760437,1012.8756,23.433228,0.3,0.032424927,0.0032186508,0.00023841858,0.46046597,1.6570596
2020-04-14,URRA1,Caribe,35.99,131320000.0,240040000.0,54.70754874187635,26.870026,1.952404,0.6774368,1013.03705,23.555176,0.3,0.024318695,0.0030994415,0.00017881393,0.45562968,2.066592
2020-04-15,URRA1,Caribe,35.74,113800000.0,240040000.0,47.40876520579904,26.962982,0.6088867,-0.0402565,1012.1408,23.752289,0.3,0.0269413,0.0030994415,0.00035762787,0.43403447,0.610216
2020-04-16,URRA1,Caribe,35.38,99210000.0,240040000.0,41.330611564739215,26.674896,0.72950363,-0.09194565,1012.5145,23.838806,0.3,0.17881393,0.004172325,0.0013709068,0.43263018,0.73527515
2020-04-17,URRA1,Caribe,34.95,87990000.0,240040000.0,36.65639060156641,26.844086,0.76630783,-0.23448181,1012.8297,23.832428,0.3,0.026106834,0.0033974648,0.00047683716,0.43559587,0.8013797
2020-04-18,URRA1,Caribe,34.57,96120000.0,240040000.0,40.04332611231462,26.888702,1.0043678,0.3484192,1012.485,24.018951,0.3,0.029325485,0.0030994415,0.00035762787,0.44188833,1.0630854
2020-04-19,URRA1,Caribe,34.42,129150000.0,240040000.0,53.80353274454258,26.62735,0.47654343,0.26715088,1012.83685,24.181793,0.3,0.39207935,0.0074505806,0.0047683716,0.4859391,0.5463179
2020-04-20,URRA1,Caribe,34.2,117630000.0,240040000.0,49.00433261123146,27.813446,0.9927902,-0.37121964,1011.47314,24.199799,0.3,0.038027763,0.0044107437,0.0015497208,0.46439534,1.0599228
2020-04-21,URRA1,Caribe,34.25,156400000.0,240040000.0,65.15580736543909,26.44992,0.6287956,0.31310654,1012.34094,24.214325,0.3,0.034809113,0.0030994415,0.00023841858,0.4819911,0.70243835
2020-04-22,URRA1,Caribe,34.19,141740000.0,240040000.0,59.04849191801367,26.375214,0.13178635,0.2730751,1012.6397,24.107605,0.3,0.0834465,0.00423193,0.0016093254,0.49313962,0.30321223
2020-04-23,URRA1,Caribe,33.97,117410000.0,240040000.0,48.9126812197967,26.435211,0.85653687,0.6847534,1011.8067,24.13388,0.3,0.6021261,0.011026859,0.00846386,0.48997876,1.0966051
2020-04-24,URRA1,Caribe,33.81,127470000.0,240040000.0,53.10364939176804,27.050934,0.73002243,0.652977,1011.59827,24.126068,0.3,0.09691715,0.00333786,0.00062584877,0.47761777,0.9794446
2020-04-25,URRA1,Caribe,33.489999999999995,103840000.0,240040000.0,43.25945675720713,27.374847,0.6919632,0.004108429,1011.1998,24.111969,0.3,0.033140182,0.0029802322,0.00047683716,0.46813792,0.69197536
2020-04-26,URRA1,Caribe,33.81,199050000.0,240040000.0,82.92367938676887,27.113739,0.3575821,0.08106995,1011.66565,24.014343,0.3,0.07271767,0.002861023,0.00059604645,0.46627343,0.3666569
2020-04-27,URRA1,Caribe,33.67,130050000.0,240040000.0,54.17847025495751,27.580719,0.6843872,-0.055942535,1011.28284,23.75705,0.3,0.042557716,0.0029206276,0.00047683716,0.47579646,0.6866698
2020-04-28,URRA1,Caribe,34.07,207410000.0,240040000.0,86.4064322612898,27.288544,0.933548,0.4683876,1011.4625,23.585236,0.3,0.233531,0.023007393,0.020861626,0.48602027,1.044461
2020-04-29,URRA1,Caribe,34.0,140640000.0,240040000.0,58.59023496083986,27.775665,1.0020905,0.19781494,1011.3094,23.45044,0.3,0.016212463,0.0027418137,0.00017881393,0.47444326,1.0214285
2020-04-30,URRA1,Caribe,33.82,123480000.0,240040000.0,51.44142642892852,27.372894,0.9597664,0.1928978,1011.6281,23.377838,0.3,0.021338463,0.0026226044,0.00029802322,0.46406037,0.9789592
2020-05-01,URRA1,Caribe,33.79,177980000.0,423970000.0,41.97938533386797,27.203827,0.49115753,0.15139008,1012.1611,23.416687,0.01,0.14328957,0.003993511,0.0017881393,0.46415773,0.5139598
2020-05-02,URRA1,Caribe,33.4,147770000.0,423970000.0,34.85388117083756,27.545502,0.41044235,-0.4441414,1011.8008,23.4953,0.01,0.48470497,0.013649464,0.011205673,0.48471388,0.6047516
2020-05-03,URRA1,Caribe,33.300000000000004,173400000.0,423970000.0,40.899120220770335,26.754791,0.64087296,0.5038872,1010.9267,23.644989,0.01,0.9237528,0.17225742,0.16999245,0.4978982,0.8152425
2020-05-04,URRA1,Caribe,33.31,183160000.0,423970000.0,43.20116989409628,27.909332,0.84453964,0.5384407,1009.78766,23.709381,0.01,0.0500679,0.0031590462,0.0009536743,0.49676946,1.0015815
2020-05-05,URRA1,Caribe,34.19,311040000.0,423970000.0,73.36368139255136,27.504486,0.6835518,0.03543091,1009.3152,23.698303,0.01,0.07224083,0.0032186508,0.000834465,0.48676205,0.68446946
2020-05-06,URRA1,Caribe,35.3,344940000.0,423970000.0,81.35953015543552,27.725067,0.69000244,0.60230637,1010.5422,23.867462,0.01,0.18310547,0.0062584877,0.0038146973,0.48661676,0.91590196
2020-05-07,URRA1,Caribe,35.56,231000000.0,423970000.0,54.484987145316886,27.545135,0.19159317,-0.01700592,1010.52594,23.989227,0.01,0.05209446,0.0030398369,0.00071525574,0.4812042,0.19234641
2020-05-08,URRA1,Caribe,36.88,395480000.0,423970000.0,93.28018491874424,28.111908,0.16367722,-0.012783051,1010.39954,24.189728,0.01,0.034332275,0.0031590462,0.00071525574,0.47364792,0.16417563
2020-05-09,URRA1,Caribe,37.37,256290000.0,423970000.0,60.45003184187561,27.92978,1.2225647,-0.103263855,1010.6248,24.19928,0.01,0.022649765,0.0027418137,0.00035762787,0.46218607,1.226918
2020-05-10,URRA1,Caribe,37.87,259310000.0,423970000.0,61.16234639243344,28.152435,1.041626,0.11967468,1010.8522,24.124725,0.01,0.2309084,0.0056028366,0.0030994415,0.46784425,1.0484782
2020-05-11,URRA1,Caribe,37.99,229280000.0,423970000.0,54.07929806354224,27.637909,1.1757202,0.28566742,1011.54767,24.314423,0.01,0.0166893,0.0023841858,0.00023841858,0.46701813,1.2099272
2020-05-12,URRA1,Caribe,37.87,188270000.0,423970000.0,44.40644385215935,27.691254,1.6113167,0.5378456,1011.8709,24.491089,0.01,0.022411346,0.002503395,0.00023841858,0.46211088,1.698711
2020-05-13,URRA1,Caribe,37.64,179020000.0,423970000.0,42.2246857088945,27.394318,1.064785,0.46362686,1012.02203,24.406677,0.01,0.0009536743,0.0023841858,0.0,0.46780154,1.1613427
2020-05-14,URRA1,Caribe,37.4,177400000.0,423970000.0,41.84258320164162,27.227875,-0.14875793,0.31170273,1011.47626,24.340973,0.01,0.029087067,0.0024437904,0.00035762787,0.46454382,0.34538025
2020-05-15,URRA1,Caribe,37.39,211840000.0,423970000.0,49.965799466943416,27.580963,0.18123245,0.33531976,1010.742,24.251953,0.01,0.43177605,0.011920929,0.009655952,0.4805209,0.3811621
2020-05-16,URRA1,Caribe,37.24,178250000.0,423970000.0,42.04306908507677,28.26059,0.95573807,-0.4474678,1009.8105,24.18872,0.01,0.18060207,0.006020069,0.003695488,0.4691177,1.0553021
2020-05-17,URRA1,Caribe,38.83,416480000.0,423970000.0,98.2333655683185,27.288483,0.76187897,0.012462616,1010.7427,23.954254,0.01,0.07081032,0.00500679,0.002861023,0.46287647,0.7619809
2020-05-18,URRA1,Caribe,39.290000000000006,276230000.0,423970000.0,65.15319480151898,26.855927,0.83392715,0.062171936,1010.9397,23.925873,0.01,0.14412403,0.004887581,0.002503395,0.4641096,0.83624154
2020-05-19,URRA1,Caribe,40.59,399410000.0,423970000.0,94.20713729745027,25.075409,1.2270088,1.0404129,1012.1989,23.758148,0.01,4.5081377,2.3337603,1.2925863,0.49992755,1.6087292
2020-05-20,URRA1,Caribe,41.71,365720000.0,423970000.0,86.26082034106187,27.128937,0.25019073,0.2538414,1011.4953,23.66455,0.01,0.007033348,0.0023841858,0.0,0.4849321,0.3564139
2020-05-21,URRA1,Caribe,42.38,296010000.0,423970000.0,69.8186192419275,27.366852,0.44163132,-0.06554794,1010.66187,23.34256,0.01,0.108242035,0.0046491623,0.0019073486,0.48079222,0.4464692
2020-05-22,URRA1,Caribe,43.0,284430000.0,423970000.0,67.08729391230511,26.766998,0.20848846,0.29581833,1011.22876,23.174805,0.01,0.08523464,0.0047683716,0.002026558,0.4974491,0.36190596
2020-05-23,URRA1,Caribe,43.71,298180000.0,423970000.0,70.33044790905016,27.398346,1.0031586,0.2145958,1011.1611,22.902924,0.01,0.051021576,0.0045895576,0.0017881393,0.48325083,1.0258551
2020-05-24,URRA1,Caribe,44.16,249600000.0,423970000.0,58.87209000636837,27.734222,0.61045456,0.09747696,1010.40063,22.63916,0.01,0.04887581,0.003874302,0.0010728836,0.47422847,0.6181881
2020-05-25,URRA1,Caribe,44.78,276400000.0,423970000.0,65.193291978206,27.38382,0.57006073,0.11014557,1010.248,22.411713,0.01,0.4017353,0.010430813,0.0074505806,0.47848174,0.58060426
2020-05-26,URRA1,Caribe,45.53,313530000.0,423970000.0,73.95098709814374,26.905487,0.32084274,0.120212555,1010.0117,22.223328,0.01,0.12755394,0.0056624413,0.002503395,0.4880315,0.3426239
2020-05-27,URRA1,Caribe,48.18,584870000.0,423970000.0,137.95079840554757,25.73294,0.4660225,0.5733261,1011.0117,22.155518,0.01,2.1277666,0.5890131,0.43267012,0.5077155,0.73883677
2020-05-28,URRA1,Caribe,50.21,488920000.0,423970000.0,115.31948015189757,26.012115,0.6563988,0.6136894,1012.64264,22.37149,0.01,0.06508827,0.00667572,0.0032186508,0.49353233,0.89859563
2020-05-29,URRA1,Caribe,51.73,418970000.0,423970000.0,98.82067127391088,26.176483,0.99899673,0.15021896,1012.58563,22.6091,0.01,0.31590462,0.017166138,0.013291836,0.49767473,1.0102278
2020-05-30,URRA1,Caribe,54.27,545120000.0,423970000.0,128.57513503313913,24.68692,1.1031685,0.6476288,1013.6397,22.669037,0.01,0.73421,0.19448996,0.03838539,0.50088435,1.27922
2020-05-31,URRA1,Caribe,56.05,440330000.0,423970000.0,103.85876359176356,25.815704,0.14045334,0.5292778,1013.94653,22.614044,0.01,1.2952089,0.46563148,0.18888712,0.50735784,0.5475967
2020-06-01,URRA1,Caribe,56.75,371680000.0,482730000.0,76.99542187143952,26.494171,-0.012058258,0.010349274,1013.3148,22.609863,-0.23,0.10633469,0.010788441,0.0035762787,0.49954787,0.015890533
2020-06-02,URRA1,Caribe,57.26,343570000.0,482730000.0,71.17229092867649,25.970062,0.6634941,0.5128174,1012.5653,22.45752,-0.23,0.13053417,0.013589859,0.0044107437,0.4921476,0.8385738
2020-06-03,URRA1,Caribe,57.29,276180000.0,482730000.0,57.21210614629296,25.82602,0.8475838,0.30944824,1012.09094,22.373352,-0.23,0.00047683716,0.011026859,0.0,0.47856647,0.9023062
2020-06-04,URRA1,Caribe,57.09,242580000.0,482730000.0,50.2516934932571,27.156342,-0.2553444,0.3134308,1010.7034,22.20346,-0.23,0.0019073486,0.012457371,0.00011920929,0.46309915,0.40427667
2020-06-05,URRA1,Caribe,56.91,246790000.0,482730000.0,51.12381662627141,26.559357,0.8273201,0.7534714,1012.0864,21.999664,-0.23,0.63061714,0.029921532,0.016987324,0.48124698,1.1190075
2020-06-06,URRA1,Caribe,56.52,215260000.0,482730000.0,44.5922151098958,26.115875,0.013656616,0.3413086,1012.84766,21.989471,-0.23,0.04339218,0.014126301,0.0010728836,0.48342192,0.3415817
2020-06-07,URRA1,Caribe,56.02,194030000.0,482730000.0,40.194311519897255,27.790314,0.32274246,0.061641693,1012.72626,21.927582,-0.23,0.03325939,0.014960766,0.001013279,0.47174764,0.32857633
2020-06-08,URRA1,Caribe,55.67999999999999,217190000.0,482730000.0,44.9920245271684,27.516327,-0.61927414,-0.14042664,1011.3605,22.062134,-0.23,0.2194643,0.020205975,0.005066395,0.46070287,0.6349961
2020-06-09,URRA1,Caribe,55.94,301370000.0,482730000.0,62.43034408468502,26.38327,1.7017555,0.77487564,1010.6614,21.720825,-0.23,0.00834465,0.0166893,0.00035762787,0.4656688,1.8698674
2020-06-10,URRA1,Caribe,56.18,297540000.0,482730000.0,61.63693990429433,26.070648,0.98449326,1.4529266,1012.85187,21.531555,-0.23,0.078201294,0.018119812,0.0011920929,0.4641321,1.7550563
2020-06-11,URRA1,Caribe,56.03,241010000.0,482730000.0,49.92645992583847,26.012115,0.10024643,-0.34498596,1013.46533,21.30951,-0.23,0.046014786,0.017762184,0.000834465,0.4861697,0.3592557
2020-06-12,URRA1,Caribe,56.17,283590000.0,482730000.0,58.74712572245354,26.016449,0.24964905,0.12841797,1012.5144,21.31543,-0.23,0.35202503,0.026643276,0.0094771385,0.48886436,0.28074154
2020-06-13,URRA1,Caribe,56.19,266170000.0,482730000.0,55.138483210076025,26.730621,-0.10696411,0.039028168,1010.605,21.307648,-0.23,0.20587444,0.021874905,0.0049471855,0.48529935,0.113861844
2020-06-14,URRA1,Caribe,56.14,256370000.0,482730000.0,53.10836285294057,26.953033,0.48109055,-0.32806778,1011.08624,21.376343,-0.23,0.067949295,0.018239021,0.0011920929,0.48069525,0.5823028
2020-06-15,URRA1,Caribe,56.26,280500000.0,482730000.0,58.107016344540426,26.035858,0.48661423,0.37662125,1011.39734,21.74762,-0.23,0.17440319,0.02193451,0.0049471855,0.4800251,0.6153348
2020-06-16,URRA1,Caribe,56.11000000000001,241830000.0,482730000.0,50.09632713939469,26.472382,0.110897064,-0.34021378,1011.59467,22.175262,-0.23,0.31673908,0.024318695,0.0075101852,0.48902854,0.35783175
2020-06-17,URRA1,Caribe,55.91,234070000.0,482730000.0,48.48880326476498,26.121918,0.68097305,0.53341675,1011.9952,22.382568,-0.23,0.14090538,0.019609928,0.0028014183,0.4890106,0.86501896
2020-06-18,URRA1,Caribe,55.60000000000001,218190000.0,482730000.0,45.199179665651606,26.761261,-0.14910507,-0.28730774,1011.1295,22.491028,-0.23,0.6017685,0.04541874,0.028729439,0.49824694,0.32369438
2020-06-19,URRA1,Caribe,55.71,280080000.0,482730000.0,58.020011186377474,26.349152,0.56711197,-0.26474762,1010.66406,22.471832,-0.23,0.7185936,0.19186735,0.17374754,0.49080083,0.6258652
2020-06-20,URRA1,Caribe,55.94,296290000.0,482730000.0,61.37799598119032,26.778229,0.26161575,0.26332855,1010.9942,22.406036,-0.23,0.041484833,0.02503395,0.00071525574,0.4898117,0.37119365
2020-06-21,URRA1,Caribe,57.120000000000005,431080000.0,482730000.0,89.3004370973422,26.488434,0.12744522,-0.005970001,1011.2606,22.360016,-0.23,0.11599064,0.029563904,0.0037550926,0.49341923,0.12758498
2020-06-22,URRA1,Caribe,57.63,334460000.0,482730000.0,69.28510761709444,27.151642,-0.057136536,-0.53995895,1010.938,22.354126,-0.23,0.07867813,0.028014183,0.0021457672,0.48917902,0.5429735
2020-06-23,URRA1,Caribe,58.10999999999999,331940000.0,482730000.0,68.76307666811675,27.044586,0.50061417,0.08279419,1009.5745,22.256622,-0.23,0.04851818,0.02926588,0.0010728836,0.48472822,0.50741446
2020-06-24,URRA1,Caribe,58.43000000000001,308220000.0,482730000.0,63.84935678329501,26.697906,0.39315033,0.17150879,1009.6792,22.129425,-0.23,0.049710274,0.030457973,0.0009536743,0.48457897,0.42893174
2020-06-25,URRA1,Caribe,58.46,267900000.0,482730000.0,55.49686159965198,26.450348,1.060215,0.31423187,1009.7481,22.034882,-0.23,0.10240078,0.031113625,0.0020861626,0.48287272,1.1058017
2020-06-26,URRA1,Caribe,57.69,283110000.0,482730000.0,58.647691255981606,26.789337,0.9504242,0.16421127,1010.2511,22.130371,-0.23,0.39434433,0.035345554,0.0064373016,0.48794052,0.9645058
2020-06-27,URRA1,Caribe,58.48,505160000.0,482730000.0,104.6464897561784,26.397614,0.68391037,0.680809,1009.8002,22.240631,-0.23,0.15223026,0.03093481,0.0023245811,0.48856527,0.9650048
2020-06-28,URRA1,Caribe,58.74,428040000.0,482730000.0,88.67068547635324,26.221466,1.4240417,0.59706116,1010.4956,22.2948,-0.23,0.03707409,0.029146671,0.00071525574,0.4877834,1.5441428
2020-06-29,URRA1,Caribe,58.84,405490000.0,482730000.0,83.99933710355685,25.690948,0.1245842,-0.5606575,1010.72675,22.309021,-0.23,0.21982193,0.034809113,0.006854534,0.4875515,0.5743327
2020-06-30,URRA1,Caribe,60.48,623620000.0,482730000.0,129.18608746089944,26.928253,0.64743423,0.34422684,1010.1828,22.344574,-0.23,0.071287155,0.029802322,0.0019669533,0.490599,0.7332552
2020-07-01,URRA1,Caribe,61.12,486040000.0,487920000.0,99.61469093293984,26.159698,0.77898407,0.33148193,1010.6898,22.203186,-0.36,0.33342838,0.041365623,0.013589859,0.49985227,0.84657925
2020-07-02,URRA1,Caribe,61.23,414500000.0,487920000.0,84.95245122151172,25.966522,1.047348,1.0807304,1010.5736,22.13504,-0.36,0.40781498,0.042438507,0.014841557,0.49530703,1.5049639
2020-07-03,URRA1,Caribe,61.92999999999999,499970000.0,487920000.0,102.4696671585506,26.887726,0.5707321,-0.22365189,1010.3031,22.106842,-0.36,0.041604042,0.028550625,0.0010728836,0.4961015,0.6129888
2020-07-04,URRA1,Caribe,63.52,623620000.0,487920000.0,127.8119363830136,26.192963,1.6436539,0.90568924,1010.92017,21.976135,-0.36,0.13947487,0.0320673,0.0044107437,0.49443284,1.8766649
2020-07-05,URRA1,Caribe,64.29,508320000.0,487920000.0,104.18101328086571,25.768646,0.4982605,0.28735352,1012.3806,21.94339,-0.36,0.019907951,0.028252602,0.0004172325,0.48326638,0.5751831
2020-07-06,URRA1,Caribe,64.36,407560000.0,487920000.0,83.53008689949172,26.400055,-0.18429947,-0.29221344,1011.16815,21.848663,-0.36,0.061392784,0.028848648,0.000834465,0.4811512,0.3454779
2020-07-07,URRA1,Caribe,64.99000000000001,490390000.0,487920000.0,100.50623052959502,25.246002,0.70033264,-0.11210632,1011.2075,21.894012,-0.36,1.1521578,0.14555454,0.118136406,0.49718428,0.70924866
2020-07-08,URRA1,Caribe,66.32000000000001,587610000.0,487920000.0,120.43162813575996,25.680328,1.539135,0.7224312,1011.1025,21.902863,-0.36,0.41544437,0.08100271,0.03156066,0.5029026,1.700248
2020-07-09,URRA1,Caribe,66.86,473240000.0,487920000.0,96.991310050828,26.480133,-0.30438232,-0.18998718,1010.7424,21.479584,-0.36,0.06651878,0.031471252,0.0017285347,0.48860055,0.35880876
2020-07-10,URRA1,Caribe,67.95,549550000.0,487920000.0,112.6311690441056,25.780243,0.3259964,-0.0980072,1011.3006,21.341248,-0.36,0.52058697,0.049710274,0.019431114,0.49905062,0.34041014
2020-07-11,URRA1,Caribe,68.28999999999999,448000000.0,487920000.0,91.81833087391377,25.865265,1.2683144,0.9642601,1012.2761,21.263458,-0.36,0.36406517,0.05185604,0.013887882,0.49525303,1.5932416
2020-07-12,URRA1,Caribe,68.41000000000001,420030000.0,487920000.0,86.08583374323659,25.568329,-0.7990761,-0.17892456,1012.452,21.309692,-0.36,0.14805794,0.038921833,0.0052452087,0.4982574,0.818863
2020-07-13,URRA1,Caribe,68.19,371470000.0,487920000.0,76.13338252172487,26.252655,0.6688194,0.07364273,1011.4378,21.185883,-0.36,0.828743,0.38564205,0.35053492,0.49253464,0.6728616
2020-07-14,URRA1,Caribe,68.36,426690000.0,487920000.0,87.4508116084604,25.688385,0.17051315,0.05499649,1011.4153,21.089203,-0.36,0.54192543,0.27418137,0.024616718,0.4990242,0.17916292
2020-07-15,URRA1,Caribe,67.91,338290000.0,487920000.0,69.33308739137564,27.084625,-0.23630142,-0.30547333,1010.4295,21.228851,-0.36,0.11885166,0.0436306,0.0054836273,0.487769,0.38620242
2020-07-16,URRA1,Caribe,67.45,340520000.0,487920000.0,69.79012952943106,26.466522,0.8767204,0.38316345,1010.54736,21.459839,-0.36,0.20861626,0.043988228,0.0053048134,0.4943934,0.95679307
2020-07-17,URRA1,Caribe,66.7,299970000.0,487920000.0,61.47934087555337,26.813995,-0.2892456,0.061626434,1009.5697,21.513641,-0.36,0.28789043,0.044494867,0.0053942204,0.48032355,0.29573777
2020-07-18,URRA1,Caribe,65.96,302330000.0,487920000.0,61.963026725692735,27.145782,0.601532,-0.2278328,1009.4,21.545319,-0.36,0.12111664,0.04118681,0.0019669533,0.47773772,0.6432329
2020-07-19,URRA1,Caribe,65.7,343460000.0,487920000.0,70.39268732579112,27.36441,0.31504822,0.16757965,1008.6923,21.458282,-0.36,0.07557869,0.040471554,0.0012516975,0.47970176,0.35684496
2020-07-20,URRA1,Caribe,66.01,450990000.0,487920000.0,92.43113625184456,26.294464,0.41286469,-0.046840668,1009.41284,21.200531,-0.36,0.27763844,0.04541874,0.006914139,0.48571062,0.41551328
2020-07-21,URRA1,Caribe,65.64999999999999,350700000.0,487920000.0,71.8765371372356,26.334686,0.8042488,0.04724121,1010.90906,20.797882,-0.36,0.113368034,0.039815903,0.00166893,0.48108333,0.80563504
2020-07-22,URRA1,Caribe,66.23,485040000.0,487920000.0,99.40973930152484,25.904633,0.11711502,0.27617264,1011.4842,20.471497,-0.36,0.08571148,0.03916025,0.0014901161,0.49025875,0.29997876
2020-07-23,URRA1,Caribe,67.9,719430000.0,487920000.0,147.4483521888834,26.040192,1.5708961,0.6712532,1011.5719,20.115723,-0.36,0.039339066,0.037789345,0.00059604645,0.48214507,1.708302
2020-07-24,URRA1,Caribe,69.37,694470000.0,487920000.0,142.33275946876535,25.176117,0.4328804,0.2300415,1011.8127,19.792145,-0.36,0.4041195,0.046372414,0.009775162,0.4771691,0.49020866
2020-07-25,URRA1,Caribe,70.6,665710000.0,487920000.0,136.43835054927038,25.340118,0.15717697,-0.52959824,1012.3059,19.595795,-0.36,0.21970272,0.041902065,0.006020069,0.49579868,0.55243003
2020-07-26,URRA1,Caribe,74.72999999999999,1076380000.0,487920000.0,220.6058370224627,25.671722,0.4342308,0.053813934,1012.7036,19.529694,-0.36,0.87857246,0.34821033,0.09739399,0.49218798,0.43755266
2020-07-27,URRA1,Caribe,76.41,801870000.0,487920000.0,164.34456468273487,25.649261,0.19744873,0.012023926,1012.0725,19.610138,-0.36,0.32365322,0.046014786,0.010728836,0.5026665,0.1978145
2020-07-28,URRA1,Caribe,78.0,795860000.0,487920000.0,163.1128053779308,26.202667,0.6291771,0.2030487,1011.2605,19.68863,-0.36,0.08893013,0.0410676,0.0032782555,0.4866566,0.6611298
2020-07-29,URRA1,Caribe,78.91,783520000.0,487920000.0,160.5837022462699,26.742401,0.34959793,0.016735077,1010.5594,19.805664,-0.36,0.06711483,0.041246414,0.0013113022,0.48828834,0.34999824
2020-07-30,URRA1,Caribe,78.77,631350000.0,487920000.0,129.39621249385144,26.856049,1.0479202,0.35883713,1009.53766,20.186432,-0.36,0.0104904175,0.042319298,0.00035762787,0.48117274,1.1076555
2020-07-31,URRA1,Caribe,78.58000000000001,624580000.0,487920000.0,128.008689949172,27.15976,0.55104065,-0.079841614,1010.0425,20.457489,-0.36,0.14090538,0.047266483,0.0038444996,0.48541814,0.5567948
2020-08-01,URRA1,Caribe,77.92999999999999,560090000.0,446440000.0,125.45694830212346,27.992584,0.068603516,-0.10393143,1010.23016,20.65036,-0.53,0.045657158,0.04684925,0.002026558,0.48581958,0.12453186
2020-08-02,URRA1,Caribe,77.74,626840000.0,446440000.0,140.40856554072215,27.308014,-0.08016205,-0.22074509,1010.3072,20.505829,-0.53,0.04863739,0.04774332,0.0013709068,0.48987806,0.23484962
2020-08-03,URRA1,Caribe,76.77000000000001,518870000.0,446440000.0,116.22390466804048,26.359344,0.64520645,0.4189949,1011.90295,20.174377,-0.53,0.061392784,0.049471855,0.0014305115,0.4907822,0.7693166
2020-08-04,URRA1,Caribe,76.4,605360000.0,446440000.0,135.59716871248096,26.9805,0.15197372,-0.27336884,1012.0705,19.840607,-0.53,0.06532669,0.051140785,0.0015497208,0.48440045,0.31277233
2020-08-05,URRA1,Caribe,77.86,854820000.0,446440000.0,191.4747782456769,26.850555,-0.017974854,0.16179657,1011.3072,19.546753,-0.53,0.06330013,0.052809715,0.0017881393,0.493146,0.16279198
2020-08-06,URRA1,Caribe,78.03,667510000.0,446440000.0,149.5184123286444,26.274994,0.62805176,0.22552872,1011.3858,19.18695,-0.53,0.22900105,0.06407499,0.009953976,0.49384844,0.66731715
2020-08-07,URRA1,Caribe,77.92999999999999,637500000.0,446440000.0,142.79634441358303,27.586151,-0.37535095,-0.53175354,1011.09045,19.14035,-0.53,0.02861023,0.05799532,0.0012516975,0.48414266,0.65088415
2020-08-08,URRA1,Caribe,79.67,897980000.0,446440000.0,201.14237075530863,27.725922,0.4033661,0.38927078,1010.46234,19.267914,-0.53,0.26762486,0.06568432,0.007688999,0.4891622,0.5605675
2020-08-09,URRA1,Caribe,81.24,869140000.0,446440000.0,194.68237613117105,26.917145,1.0960083,0.77275085,1010.8127,19.341583,-0.53,0.30076504,0.067174435,0.008583069,0.4849342,1.3410362
2020-08-10,URRA1,Caribe,82.0,760740000.0,446440000.0,170.40139772421824,26.969269,0.8076744,0.30575943,1010.3103,19.178009,-0.53,0.40256977,0.06771088,0.009179115,0.49150884,0.86361265
2020-08-11,URRA1,Caribe,82.76,758810000.0,446440000.0,169.96908879132695,26.864471,1.2155876,0.34612274,1009.3675,19.27652,-0.53,0.16832352,0.060796738,0.002503395,0.48535734,1.2639043
2020-08-12,URRA1,Caribe,83.25,716530000.0,446440000.0,160.49861123555235,26.585358,0.45989227,-0.3913269,1008.6892,19.616669,-0.53,1.3147593,0.33599138,0.2783537,0.48637635,0.60385233
2020-08-13,URRA1,Caribe,83.91,741430000.0,446440000.0,166.07606845264763,27.388702,0.7204895,-0.050434113,1008.0613,20.0448,-0.53,0.043034554,0.058174133,0.0009536743,0.49047846,0.72225255
2020-08-14,URRA1,Caribe,84.1,677440000.0,446440000.0,151.74267538751008,27.231232,1.5342407,1.1174812,1008.6127,20.241547,-0.53,0.22900105,0.06389618,0.004351139,0.49527195,1.8980671
2020-08-15,URRA1,Caribe,84.25,677850000.0,446440000.0,151.83451303646626,26.352509,1.2540321,0.25735092,1010.08405,20.342438,-0.53,0.24235249,0.07176399,0.008940697,0.4965038,1.2801664
2020-08-16,URRA1,Caribe,83.67,584440000.0,446440000.0,130.91120867305796,26.281158,0.59741974,-0.037719727,1011.09515,20.220367,-0.53,0.06580353,0.06878376,0.0015497208,0.4864228,0.5986093
2020-08-17,URRA1,Caribe,83.24000000000001,606630000.0,446440000.0,135.8816414299794,26.188873,0.7860985,-0.2170639,1011.9122,20.042572,-0.53,0.06508827,0.075399876,0.0044703484,0.48771957,0.81551677
2020-08-18,URRA1,Caribe,82.35,532340000.0,446440000.0,119.24110742764988,27.204132,0.8858299,0.38835526,1011.0153,19.861938,-0.53,0.07200241,0.07522106,0.0027418137,0.48864296,0.96721995
2020-08-19,URRA1,Caribe,82.61,697510000.0,446440000.0,156.23824030104828,26.447418,2.0581703,0.9578972,1011.28345,19.683167,-0.53,0.025391579,0.07456541,0.000834465,0.48247778,2.2701612
2020-08-20,URRA1,Caribe,82.65,665060000.0,446440000.0,148.96962637756474,25.992096,1.5833969,0.3502159,1011.72577,19.755981,-0.53,0.14317036,0.076174736,0.0022649765,0.46577728,1.6216649
2020-08-21,URRA1,Caribe,82.04,573400000.0,446440000.0,128.43831197921332,26.738739,0.52779007,-0.16877365,1011.87,19.85611,-0.53,0.20468235,0.076293945,0.0032186508,0.46863854,0.55411816
2020-08-22,URRA1,Caribe,82.19,600290000.0,446440000.0,134.4615177851447,26.060333,0.70910263,0.30721664,1011.4939,19.774445,-0.53,0.323534,0.16021729,0.087976456,0.4786834,0.7727927
2020-08-23,URRA1,Caribe,85.06,796750000.0,446440000.0,178.4674312337604,25.73471,0.16092682,0.07760239,1011.3708,19.958618,-0.53,0.08773804,0.07355213,0.0021457672,0.49275574,0.1786605
2020-08-24,URRA1,Caribe,85.67,753440000.0,446440000.0,168.76623958426663,25.502655,0.6139679,-0.34163666,1011.3792,20.07315,-0.53,0.40996075,0.116705894,0.034749508,0.4947088,0.7026181
2020-08-25,URRA1,Caribe,89.87,1259020000.0,446440000.0,282.0132604605322,25.64206,1.6434898,1.0880127,1010.59595,20.183807,-0.53,0.14019012,0.07671118,0.0034570694,0.4925985,1.9709973
2020-08-26,URRA1,Caribe,91.01,828960000.0,446440000.0,185.68228653346475,25.831146,0.7293396,0.5630226,1011.9938,20.161438,-0.53,0.0269413,0.07766485,0.00035762787,0.47741774,0.9213744
2020-08-27,URRA1,Caribe,90.82,654800000.0,446440000.0,146.6714452110026,26.055878,-0.071315765,-0.10943985,1012.8767,20.31961,-0.53,0.32389164,0.084877014,0.00500679,0.4678195,0.1306255
2020-08-28,URRA1,Caribe,89.79,546920000.0,446440000.0,122.50694382223814,26.686188,0.6060753,0.4129486,1012.4881,20.410889,-0.53,0.09059906,0.08177757,0.001847744,0.4826721,0.73338515
2020-08-29,URRA1,Caribe,88.26,467630000.0,446440000.0,104.74643849117462,26.66684,1.9985085,0.7934456,1012.2706,20.432983,-0.53,0.10597706,0.08094311,0.00166893,0.4799566,2.150254
2020-08-30,URRA1,Caribe,86.28,409670000.0,446440000.0,91.76373084849028,25.65213,0.91903687,0.27744675,1012.16,20.4133,-0.53,0.0010728836,0.078082085,0.0,0.4712482,0.96000284
2020-08-31,URRA1,Caribe,83.91999999999999,350720000.0,446440000.0,78.55926888271661,25.587494,0.41809464,-0.08684158,1011.6362,20.549591,-0.53,0.36931038,0.0859499,0.009536743,0.46218136,0.42701825
2020-09-01,URRA1,Caribe,81.62,355540000.0,429130000.0,82.85135040663668,26.123566,1.0551758,0.052711487,1011.3911,20.642303,-0.85,0.09739399,0.07659197,0.002026558,0.4697797,1.0564916
2020-09-02,URRA1,Caribe,79.34,357940000.0,429130000.0,83.41062148999137,25.418,0.4415512,0.1665039,1011.5625,20.741364,-0.85,0.29087067,0.08177757,0.00846386,0.49622,0.47190148
2020-09-03,URRA1,Caribe,77.14,364200000.0,429130000.0,84.86938689907487,25.844696,0.32312012,-0.12073517,1010.09344,20.552612,-0.85,0.5658865,0.13166666,0.05966425,0.49425673,0.34493998
2020-09-04,URRA1,Caribe,76.05,358270000.0,429130000.0,83.48752126395264,25.779816,-0.34269333,-0.49310303,1010.6725,20.30017,-0.85,0.095009804,0.07498264,0.004172325,0.49092692,0.6004909
2020-09-05,URRA1,Caribe,74.6,302700000.0,429130000.0,70.53806538811082,27.031952,0.6672325,-0.14731598,1011.3961,20.05838,-0.85,0.033974648,0.06985664,0.0007748604,0.48346087,0.6833017
2020-09-06,URRA1,Caribe,74.36,314110000.0,429130000.0,73.19693333022627,26.299347,0.75494003,0.19138718,1010.8592,19.908173,-0.85,0.15079975,0.07003546,0.0023245811,0.4815054,0.7788218
2020-09-07,URRA1,Caribe,74.15,313550000.0,429130000.0,73.06643674411018,26.684967,2.3673096,1.3653755,1009.85986,20.142822,-0.85,0.020623207,0.06645918,0.00047683716,0.48167655,2.7328382
2020-09-08,URRA1,Caribe,74.15,337150000.0,429130000.0,78.56593573043133,24.923615,1.3072548,0.9424591,1011.21674,20.274078,-0.85,0.13554096,0.06699562,0.002682209,0.48777413,1.6115658
2020-09-09,URRA1,Caribe,73.83999999999999,293430000.0,429130000.0,68.37788082865333,26.021332,-0.18884659,-0.122478485,1012.0033,20.365906,-0.85,0.078201294,0.06484985,0.0013113022,0.48540825,0.22508669
2020-09-10,URRA1,Caribe,73.81,332410000.0,429130000.0,77.46137534080582,26.172455,-0.35531998,-0.18042374,1012.2675,20.48645,-0.85,0.055789948,0.06330013,0.0011920929,0.4807589,0.39850345
2020-09-11,URRA1,Caribe,73.61999999999999,311020000.0,429130000.0,72.4768718104071,26.693207,0.2930069,-0.1427803,1010.03766,20.930939,-0.85,0.06270409,0.061750412,0.0011324883,0.4785751,0.32594365
2020-09-12,URRA1,Caribe,73.22999999999999,308220000.0,429130000.0,71.82438887982663,26.205902,0.81098175,0.4225769,1009.09814,20.951813,-0.85,0.16820431,0.062823296,0.0032186508,0.48523992,0.91447395
2020-09-13,URRA1,Caribe,73.61999999999999,313910000.0,429130000.0,73.15032740661339,26.424652,0.40065765,0.3789482,1010.0675,20.989227,-0.85,0.13434887,0.060379505,0.0021457672,0.48180592,0.55147827
2020-09-14,URRA1,Caribe,75.22,485430000.0,429130000.0,113.11956749702888,26.650055,0.3366127,0.59908295,1012.0592,21.1221,-0.85,0.06747246,0.058293343,0.0014901161,0.48161837,0.68717426
2020-09-15,URRA1,Caribe,76.22,398600000.0,429130000.0,92.88560576049215,26.509674,0.012767792,-0.34514236,1012.683,21.169434,-0.85,0.197649,0.060796738,0.005066395,0.4812007,0.34537843
2020-09-16,URRA1,Caribe,76.61,313030000.0,429130000.0,72.94526134271666,26.316437,1.0286369,0.4986229,1012.2289,21.144867,-0.85,0.022888184,0.05543232,0.00047683716,0.48110595,1.143118
2020-09-17,URRA1,Caribe,76.79,283850000.0,429130000.0,66.14545708759584,26.225494,0.23576736,-0.22860718,1011.52325,21.129578,-0.85,0.096440315,0.05531311,0.0013113022,0.48171037,0.32840142
2020-09-18,URRA1,Caribe,77.10000000000001,300070000.0,429130000.0,69.92519749260131,25.570526,0.54896927,0.07221985,1011.64264,21.012756,-0.85,0.46873093,0.06479025,0.011920929,0.48712057,0.5536993
2020-09-19,URRA1,Caribe,77.73,346890000.0,429130000.0,80.83564421037914,25.332794,0.57212067,0.2697525,1011.1678,21.049866,-0.85,0.55634975,0.34743547,0.095009804,0.50040966,0.6325255
2020-09-20,URRA1,Caribe,79.97,576500000.0,429130000.0,134.34157481415886,26.070587,-0.007854462,-0.008644104,1011.0009,21.023315,-0.85,0.074625015,0.05275011,0.0011920929,0.49371034,0.011679602
2020-09-21,URRA1,Caribe,80.55,499870000.0,429130000.0,116.48451518187962,26.02066,0.71800613,0.07456207,1010.5811,20.968292,-0.85,0.09357929,0.055253506,0.003516674,0.49489796,0.7218672
2020-09-22,URRA1,Caribe,81.01,556270000.0,429130000.0,129.62738564071495,26.51242,0.77711105,0.10825729,1010.47736,20.978699,-0.85,0.050783157,0.0538826,0.0016093254,0.4931057,0.78461534
2020-09-23,URRA1,Caribe,81.25,527370000.0,429130000.0,122.89282967865216,26.70816,0.21334839,0.041568756,1011.3791,21.029083,-0.85,0.09548664,0.061810017,0.002026558,0.48989388,0.21736029
2020-09-24,URRA1,Caribe,82.26,566160000.0,429130000.0,131.9320485633724,26.187347,0.7123642,0.35186386,1012.77826,20.964844,-0.85,1.0524988,0.17464161,0.10544062,0.49232686,0.79452556
2020-09-25,URRA1,Caribe,84.6,773030000.0,429130000.0,180.1388856523664,25.400055,0.6478729,0.24425125,1013.66266,20.909302,-0.85,0.18835068,0.09191036,0.009715557,0.49775836,0.69238573
2020-09-26,URRA1,Caribe,85.1,620110000.0,429130000.0,144.5039964579498,25.981537,0.5650215,0.11748886,1013.02875,20.898956,-0.85,0.059843063,0.1000762,0.0009536743,0.48733526,0.57710737
2020-09-27,URRA1,Caribe,84.66,603860000.0,429130000.0,140.7172651644024,25.482391,0.6590805,0.39642334,1011.063,20.865997,-0.85,0.52034855,0.18644333,0.06788969,0.49131587,0.76911545
2020-09-28,URRA1,Caribe,83.38,486220000.0,429130000.0,113.3036608952998,26.362213,-0.00017547607,-0.24251175,1009.0836,20.838898,-0.85,0.06854534,0.1334548,0.00166893,0.49762458,0.24251181
2020-09-29,URRA1,Caribe,81.74,428370000.0,429130000.0,99.82289749027102,26.857452,1.1781235,0.06786728,1008.3723,20.781769,-0.85,0.07081032,0.18441677,0.002861023,0.48778367,1.1800767
2020-09-30,URRA1,Caribe,81.16,421970000.0,429130000.0,98.33150793465848,25.839935,0.98791504,0.5149765,1010.96545,21.015839,-0.85,0.41222572,0.2809763,0.016272068,0.49738225,1.1140811
2020-10-01,URRA1,Caribe,81.77,504750000.0,447420000.0,112.81346385946092,25.771393,0.39708328,-0.05141449,1010.34064,21.018768,-1.12,0.035762787,0.42659044,0.00059604645,0.47897604,0.40039805
2020-10-02,URRA1,Caribe,81.98,534690000.0,447420000.0,119.50516293415583,26.250092,0.7036247,0.25680542,1009.0687,20.878632,-1.12,0.15103817,0.38558245,0.0022649765,0.48209658,0.74902385
2020-10-03,URRA1,Caribe,82.89999999999999,610740000.0,447420000.0,136.50261499262436,25.174835,1.2258034,0.8174057,1009.6238,20.917084,-1.12,1.331687,0.5963445,0.25820732,0.49651405,1.4733452
2020-10-04,URRA1,Caribe,83.89,643080000.0,447420000.0,143.7307228107818,24.037262,1.540699,1.1770592,1011.70374,20.730011,-1.12,0.5658865,0.3309846,0.019013882,0.5000896,1.9388713
2020-10-05,URRA1,Caribe,83.38,589170000.0,447420000.0,131.681641410755,25.27591,0.39477158,0.19155502,1011.08124,20.600006,-1.12,0.14638901,0.30094385,0.0039339066,0.49484104,0.43879145
2020-10-06,URRA1,Caribe,82.76,575280000.0,447420000.0,128.57717580796566,25.279388,-0.7746544,-0.19583893,1011.2683,20.62378,-1.12,0.16069412,0.28961897,0.004172325,0.4951653,0.7990259
2020-10-07,URRA1,Caribe,81.34,463890000.0,447420000.0,103.68110500201152,25.407867,0.37488556,-0.036067963,1011.3283,20.49002,-1.12,0.26595592,0.30720234,0.033140182,0.49143657,0.37661663
2020-10-08,URRA1,Caribe,81.01,424470000.0,447420000.0,94.87059139063967,25.469696,0.15246582,0.21326828,1012.52924,20.626556,-1.12,0.35631657,0.2735257,0.01090765,0.49898404,0.2621625
2020-10-09,URRA1,Caribe,79.74,396140000.0,447420000.0,88.53873318135086,26.243927,-0.16875839,-0.04699707,1012.9153,20.923615,-1.12,0.084757805,0.2515316,0.0016093254,0.48963225,0.17518026
2020-10-10,URRA1,Caribe,78.07,337170000.0,447420000.0,75.35872334719056,26.745453,-0.72556305,-0.27040482,1011.1877,21.171051,-1.12,0.04196167,0.23585558,0.00059604645,0.47314763,0.7743129
2020-10-11,URRA1,Caribe,77.42,328240000.0,447420000.0,73.36283581422377,26.56668,1.4186668,0.30585504,1009.4456,21.46231,-1.12,0.071525574,0.2194643,0.0011920929,0.4741217,1.4512626
2020-10-12,URRA1,Caribe,77.17,381460000.0,447420000.0,85.25769970050511,25.971466,0.3190689,-0.2439537,1009.9448,21.42392,-1.12,0.24235249,0.20825863,0.0046491623,0.49007934,0.4016446
2020-10-13,URRA1,Caribe,78.05,407300000.0,447420000.0,91.03303383845156,25.692474,1.0375786,0.739418,1010.7614,21.239075,-1.12,0.38838387,0.20337105,0.01180172,0.5044075,1.2740912
2020-10-14,URRA1,Caribe,78.60000000000001,359460000.0,447420000.0,80.3406195520987,25.178925,0.1486702,0.37903214,1010.46814,21.232147,-1.12,0.054597855,0.18388033,0.0010728836,0.49421504,0.4071464
2020-10-15,URRA1,Caribe,79.72,438500000.0,447420000.0,98.00634750346433,25.347198,0.379776,0.1601677,1009.6794,21.23703,-1.12,0.07867813,0.17923117,0.002861023,0.49259624,0.41216928
2020-10-16,URRA1,Caribe,80.17999999999999,343540000.0,447420000.0,76.78244155379733,25.777618,0.100681305,-0.17905426,1009.1191,21.409424,-1.12,0.04041195,0.17207861,0.00071525574,0.4910607,0.20541945
2020-10-17,URRA1,Caribe,81.41000000000001,456630000.0,447420000.0,102.0584685530374,25.848358,0.8599434,0.13369751,1009.15204,21.253693,-1.12,0.40841103,0.18244982,0.016570091,0.4994141,0.8702744
2020-10-18,URRA1,Caribe,81.47999999999999,344090000.0,447420000.0,76.90536855750749,26.03366,1.0074043,0.6305237,1008.90955,21.34433,-1.12,0.06914139,0.16272068,0.0017881393,0.49403244,1.1884543
2020-10-19,URRA1,Caribe,81.64,356700000.0,447420000.0,79.7237494971168,24.946625,1.1434479,0.54925156,1009.2047,21.29004,-1.12,0.48923492,0.16522408,0.009775162,0.49105585,1.268523
2020-10-20,URRA1,Caribe,81.28,286530000.0,447420000.0,64.04049886013142,25.147308,0.8142204,0.6827698,1009.4819,21.109222,-1.12,0.6875992,0.24294853,0.09167194,0.49396625,1.062605
2020-10-21,URRA1,Caribe,81.3,314160000.0,447420000.0,70.21590451924367,26.128387,0.16963959,0.18667603,1010.46216,21.139648,-1.12,1.3328791,0.23066998,0.08362532,0.49383977,0.25224102
2020-10-22,URRA1,Caribe,87.92999999999999,1254270000.0,447420000.0,280.3339144428054,25.749176,-0.46913528,0.20070267,1010.4891,21.095673,-1.12,0.33664703,0.15574694,0.01168251,0.50080156,0.5102641
2020-10-23,URRA1,Caribe,89.22,683930000.0,447420000.0,152.86084663180011,25.829315,0.7427101,-0.18672943,1010.5559,20.841278,-1.12,0.16367435,0.16093254,0.012040138,0.4898982,0.7658239
2020-10-24,URRA1,Caribe,88.52,578180000.0,447420000.0,129.22533637298287,24.961578,1.7849579,0.97075653,1011.67017,20.776398,-1.12,0.5328655,0.18620491,0.015318394,0.5028701,2.031857
2020-10-25,URRA1,Caribe,88.14999999999999,626530000.0,447420000.0,140.03173751732157,25.189484,0.26247787,0.34136963,1011.7402,20.93161,-1.12,0.061631203,0.19001961,0.0011920929,0.49071658,0.43061334
2020-10-26,URRA1,Caribe,87.1,521340000.0,447420000.0,116.52138929864556,26.436554,0.07601547,0.16192245,1010.9114,20.993134,-1.12,0.062942505,0.19407272,0.0012516975,0.48552904,0.17887771
2020-10-27,URRA1,Caribe,85.61999999999999,463490000.0,447420000.0,103.59170354476778,26.651459,0.093803406,0.2088852,1010.0714,21.336884,-1.12,0.020623207,0.18966198,0.00047683716,0.47690004,0.22898057
2020-10-28,URRA1,Caribe,84.7,372930000.0,447420000.0,83.35121362478208,26.110138,1.0352936,0.42455673,1009.8652,21.526001,-1.12,0.067830086,0.18572807,0.0009536743,0.465763,1.1189643
2020-10-29,URRA1,Caribe,83.54,339250000.0,447420000.0,75.82361092485807,26.310944,1.1753273,0.618557,1009.8831,21.517487,-1.12,0.045895576,0.1795888,0.000834465,0.45231062,1.3281592
2020-10-30,URRA1,Caribe,82.86,326770000.0,447420000.0,73.03428545885298,25.865692,0.80103683,-0.02060318,1010.7911,21.527191,-1.12,0.7081032,0.30326843,0.1322031,0.46305153,0.8013018
2020-10-31,URRA1,Caribe,82.84,333910000.0,447420000.0,74.63010147065397,25.779877,1.5359688,0.17157745,1011.5206,21.42398,-1.12,0.008821487,0.16415119,0.0,0.48164436,1.5455222
2020-11-01,URRA1,Caribe,82.76,304100000.0,405740000.0,74.94947503327253,25.561188,1.4445877,1.027359,1011.2389,21.48285,-1.2,0.39875507,0.16373396,0.0073313713,0.47859484,1.7726535
2020-11-02,URRA1,Caribe,82.37,259760000.0,405740000.0,64.02129442500123,26.792084,0.99001694,0.42778397,1010.04095,21.4487,-1.2,0.010251999,0.148952,0.00023841858,0.4667439,1.0784863
2020-11-03,URRA1,Caribe,82.28,243510000.0,405740000.0,60.01626657465372,26.724884,0.9140816,0.3719368,1009.9448,21.594147,-1.2,0.008225441,0.14030933,0.00011920929,0.45526016,0.9868546
2020-11-04,URRA1,Caribe,82.28,254510000.0,405740000.0,62.72736235027357,26.389801,0.67095566,0.096019745,1010.89905,21.556091,-1.2,0.01013279,0.13267994,0.00011920929,0.45471033,0.6777915
2020-11-05,URRA1,Caribe,82.36,266940000.0,405740000.0,65.79090057672401,26.512177,0.43888092,0.34996796,1010.835,21.505096,-1.2,0.022530556,0.12588501,0.00029802322,0.47707856,0.56133235
2020-11-06,URRA1,Caribe,82.19,229560000.0,405740000.0,56.57810420466309,25.579498,0.78728867,0.51434326,1010.0045,21.361267,-1.2,0.018954277,0.12022257,0.00029802322,0.47442508,0.9404108
2020-11-07,URRA1,Caribe,81.85,205940000.0,405740000.0,50.75664218465027,25.88089,0.7646904,0.41044235,1009.9397,21.428986,-1.2,0.05197525,0.11485815,0.00071525574,0.46798712,0.8678792
2020-11-08,URRA1,Caribe,82.02000000000001,196750000.0,405740000.0,48.49164489574604,25.845184,0.14715195,-0.2591095,1010.943,21.369415,-1.2,0.123381615,0.11050701,0.0014901161,0.46173134,0.2979789
2020-11-09,URRA1,Caribe,82.08,186140000.0,405740000.0,45.87666978853453,24.954132,0.17442322,-0.11219025,1012.0553,21.342163,-1.2,0.310421,0.11098385,0.006914139,0.4763365,0.20738879
2020-11-10,URRA1,Caribe,82.33,214440000.0,405740000.0,52.851579829447424,25.479584,-0.16962051,0.11462784,1012.0989,21.658295,-1.2,0.27120113,0.10687113,0.0065267086,0.49654633,0.20472093
2020-11-11,URRA1,Caribe,82.49,360100000.0,405740000.0,88.75141716370089,24.933197,0.52075577,0.4480095,1012.79205,21.938965,-1.2,0.1912117,0.100791454,0.0037550926,0.48720568,0.6869491
2020-11-12,URRA1,Caribe,82.12,284420000.0,405740000.0,70.09907822743628,25.387177,0.83449554,-0.11966705,1011.7408,22.296143,-1.2,0.6439686,0.46473742,0.37050247,0.48878884,0.84303206
2020-11-13,URRA1,Caribe,81.41000000000001,243860000.0,405740000.0,60.1025287129689,25.598785,1.2558289,0.60762405,1011.6239,22.424591,-1.2,0.21493435,0.0949502,0.0029802322,0.4885453,1.3951032
2020-11-14,URRA1,Caribe,81.04,285040000.0,405740000.0,70.25188544388031,25.005463,2.7701683,2.3497353,1010.90173,22.308441,-1.2,0.07021427,0.09018183,0.0011920929,0.4795479,3.6325045
2020-11-15,URRA1,Caribe,80.80000000000001,229860000.0,405740000.0,56.65204318036181,25.240326,1.915657,1.3724785,1010.5481,22.059479,-1.2,0.007033348,0.08663535,0.00023841858,0.46740693,2.3565736
2020-11-16,URRA1,Caribe,80.38,203980000.0,405740000.0,50.27357421008528,25.485077,0.4953003,0.79113007,1011.0125,21.679932,-1.2,0.19311905,0.08863211,0.004351139,0.4891231,0.93338585
2020-11-17,URRA1,Caribe,80.94,260320000.0,405740000.0,64.15931384630552,24.69577,0.92368317,0.8058815,1012.0806,21.216064,-1.2,0.36990643,0.104665756,0.022232533,0.49379626,1.2258204
2020-11-18,URRA1,Caribe,81.66,274350000.0,405740000.0,67.61719327648248,25.025238,0.28845978,0.45003128,1012.21375,20.898224,-1.2,0.9880066,0.3566742,0.27567148,0.5004802,0.53454393
2020-11-19,URRA1,Caribe,83.06,371490000.0,405740000.0,91.55863360772908,25.55185,-0.23854828,0.06554413,1011.7525,20.78006,-1.2,0.11456013,0.08255243,0.0022649765,0.49364015,0.24738899
2020-11-20,URRA1,Caribe,84.04,395810000.0,405740000.0,97.55261990437226,25.49704,0.7165909,-0.070941925,1011.1789,20.618347,-1.2,0.07045269,0.081539154,0.0017285347,0.49137655,0.7200939
2020-11-21,URRA1,Caribe,85.65,481630000.0,405740000.0,118.70409621925371,24.773163,1.3003502,0.96212006,1010.47485,20.537018,-1.2,0.58448315,0.14656782,0.04184246,0.49878448,1.6175864
2020-11-22,URRA1,Caribe,86.2,415550000.0,405740000.0,102.41780450534826,26.052948,0.06942749,0.13667679,1010.47626,20.764984,-1.2,0.06389618,0.08368492,0.0021457672,0.48578116,0.15329945
2020-11-23,URRA1,Caribe,86.3,436740000.0,405740000.0,107.64036082220142,26.134552,-0.62862015,-0.6405144,1010.5181,20.99533,-1.2,0.10073185,0.08356571,0.0020861626,0.4836433,0.897453
2020-11-24,URRA1,Caribe,86.7,393790000.0,405740000.0,97.05476413466752,26.213104,-0.05676651,-0.025783539,1010.16187,21.084686,-1.2,0.04506111,0.08189678,0.0012516975,0.48256296,0.062347636
2020-11-25,URRA1,Caribe,88.1,538070000.0,405740000.0,132.61448218070686,26.103973,0.8111191,0.43941498,1010.57263,21.117584,-1.2,0.16820431,0.08249283,0.002503395,0.4862059,0.92249644
2020-11-26,URRA1,Caribe,89.1,566620000.0,405740000.0,139.65100803470202,25.553131,0.69898224,-0.018379211,1009.7562,21.130981,-1.2,0.017762184,0.079631805,0.00035762787,0.48832768,0.6992238
2020-11-27,URRA1,Caribe,87.48,442100000.0,405740000.0,108.96140385468529,25.37033,0.7420213,-0.06862259,1010.1044,21.249817,-1.2,0.023007393,0.078976154,0.00047683716,0.48490927,0.7451877
2020-11-28,URRA1,Caribe,87.36,478750000.0,405740000.0,117.99428205254596,25.335358,0.30060577,-0.04975891,1010.92737,21.442291,-1.2,0.14698505,0.084102154,0.004053116,0.4870952,0.3046962
2020-11-29,URRA1,Caribe,88.62,521040000.0,405740000.0,128.41721299354268,25.779327,-0.12836075,-0.13751984,1010.3575,21.573212,-1.2,0.08499622,0.08696318,0.0022053719,0.492999,0.18811747
2020-11-30,URRA1,Caribe,89.33,446970000.0,405740000.0,110.16167989352788,25.137726,0.6334076,0.41908264,1010.6116,21.639313,-1.2,0.4069805,0.13750792,0.021338463,0.50437903,0.75949687
2020-12-01,URRA1,Caribe,90.01,457940000.0,287130000.0,159.48873332636785,25.682587,0.72872543,0.6047478,1010.78424,21.813171,-1.08,0.1335144,0.10377169,0.007212162,0.49189842,0.94697446
2020-12-02,URRA1,Caribe,90.32,466440000.0,287130000.0,162.44906488350225,25.485382,0.49360657,0.2079277,1010.5639,22.021545,-1.08,0.0975132,0.10275841,0.0038146973,0.5031672,0.5356131
2020-12-03,URRA1,Caribe,90.34,513790000.0,287130000.0,178.93985302824504,24.888824,0.72145844,0.09589386,1011.063,22.179504,-1.08,0.036001205,0.103354454,0.0023543835,0.5009098,0.72780347
2020-12-04,URRA1,Caribe,90.21,486610000.0,287130000.0,169.47375753143174,25.766083,0.5717659,0.14634323,1011.10297,22.246338,-1.08,0.023245811,0.10436773,0.00071525574,0.4888875,0.5901971
2020-12-05,URRA1,Caribe,89.72,434840000.0,287130000.0,151.44359697697908,25.53775,0.3218689,-0.265419,1011.7036,22.515137,-1.08,0.040888786,0.10597706,0.000834465,0.47945303,0.4171892
2020-12-06,URRA1,Caribe,90.76,531110000.0,287130000.0,184.9719639187824,25.931366,0.26285553,-0.04840851,1010.6842,22.637878,-1.08,0.02503395,0.105559826,0.0012516975,0.4730525,0.2672759
2020-12-07,URRA1,Caribe,91.34,469840000.0,287130000.0,163.633197506356,25.874054,0.6049423,-0.114494324,1010.7689,22.659943,-1.08,0.108242035,0.10484457,0.00166893,0.47000927,0.6156818
2020-12-08,URRA1,Caribe,92.66,574410000.0,287130000.0,200.0522411451259,25.792206,0.30691147,0.19337845,1012.5842,22.60913,-1.08,0.014901161,0.10198355,0.00029802322,0.4728395,0.36275318
2020-12-09,URRA1,Caribe,93.14,566760000.0,287130000.0,197.3879427437049,25.339752,0.41949463,0.003917694,1013.33844,22.799805,-1.08,0.03838539,0.10180473,0.0010728836,0.47195512,0.41951293
2020-12-10,URRA1,Caribe,92.75,451860000.0,287130000.0,157.37122557726465,26.192413,0.60198593,-0.32209778,1011.6219,22.965698,-1.08,0.017762184,0.099658966,0.00059604645,0.47171602,0.6827401
2020-12-11,URRA1,Caribe,91.21,474530000.0,287130000.0,165.2666039772925,25.67154,0.29802704,-0.071956635,1010.28674,22.902557,-1.08,0.11384487,0.09956956,0.0022351742,0.47224748,0.30659074
2020-12-12,URRA1,Caribe,90.16,362090000.0,287130000.0,126.106641590917,25.388702,0.68976593,0.092041016,1010.39655,22.763885,-1.08,0.08165836,0.096678734,0.0017285347,0.47190163,0.6958797
2020-12-13,URRA1,Caribe,89.89,306900000.0,287130000.0,106.88538292759378,26.448029,-0.50090027,-0.16970062,1010.6923,22.53189,-1.08,0.006556511,0.093758106,0.00017881393,0.46255827,0.5288661
2020-12-14,URRA1,Caribe,89.82,266780000.0,287130000.0,92.9126179779194,25.44394,0.26132965,-0.19198227,1011.20734,22.274628,-1.08,0.093221664,0.09405613,0.0023841858,0.45178416,0.32426897
2020-12-15,URRA1,Caribe,90.08,250920000.0,287130000.0,87.38898756660745,25.826447,0.13985062,0.1622734,1010.6086,22.154907,-1.08,0.032544136,0.090777874,0.0011920929,0.4468364,0.2142215
2020-12-16,URRA1,Caribe,90.45,220220000.0,287130000.0,76.69696653083969,25.839386,0.3350067,0.21016312,1009.9275,22.280487,-1.08,0.04374981,0.08827448,0.00071525574,0.4416949,0.3954719
2020-12-17,URRA1,Caribe,91.07,262490000.0,287130000.0,91.41852122731864,25.605865,0.11285782,-0.049030304,1010.3583,22.407867,-1.08,0.11205673,0.08618832,0.0011920929,0.43925524,0.123048194
2020-12-18,URRA1,Caribe,92.58,388750000.0,287130000.0,135.39163445129384,25.879608,0.48171997,-0.1757164,1010.77014,22.457184,-1.08,0.04351139,0.082850456,0.00047683716,0.44162488,0.5127674
2020-12-19,URRA1,Caribe,93.79,345400000.0,287130000.0,120.2939435099084,25.463959,0.46198273,-0.09057617,1009.8528,22.360962,-1.08,0.21767616,0.084102154,0.004172325,0.4426561,0.47077817
2020-12-20,URRA1,Caribe,94.41,344560000.0,287130000.0,120.00139309720336,26.030487,0.13733292,0.035461426,1009.3867,22.205597,-1.08,0.055789948,0.07891655,0.0010728836,0.4398059,0.14183739
2020-12-21,URRA1,Caribe,94.72,301120000.0,287130000.0,104.87235746874236,26.006256,0.24676895,-0.72794724,1010.8789,22.091156,-1.08,0.049114227,0.075638294,0.00059604645,0.44802797,0.7686365
2020-12-22,URRA1,Caribe,94.19,267480000.0,287130000.0,93.15640998850697,26.465973,0.01682663,-0.36701584,1010.8247,22.089111,-1.08,0.10597706,0.07754564,0.004887581,0.46794364,0.36740136
2020-12-23,URRA1,Caribe,94.06,240470000.0,287130000.0,83.74952112283634,26.243744,0.21572876,-0.15589905,1010.34125,21.86673,-1.08,0.06651878,0.0718832,0.0015497208,0.45651096,0.26616427
2020-12-24,URRA1,Caribe,93.85,228000000.0,287130000.0,79.40654059136976,26.068329,0.45240402,0.2711792,1009.59265,21.650238,-1.08,0.106453896,0.069499016,0.0015497208,0.4674394,0.52745384
2020-12-25,URRA1,Caribe,93.53,212050000.0,287130000.0,73.85156549298227,25.305817,1.4027634,-0.11725235,1010.6453,21.496002,-1.08,0.02849102,0.0667572,0.00071525574,0.47588563,1.4076552
2020-12-26,URRA1,Caribe,93.57,264880000.0,287130000.0,92.25089680632466,24.859161,1.289547,-0.2710991,1010.52576,21.275116,-1.08,0.13911724,0.06878376,0.0041127205,0.48360166,1.3177352
2020-12-27,URRA1,Caribe,94.08,288800000.0,287130000.0,100.58161808240168,24.707794,1.2027702,-0.11407089,1010.7547,21.287537,-1.08,0.056147575,0.06407499,0.0013113022,0.4738897,1.2081673
2020-12-28,URRA1,Caribe,94.46,268690000.0,287130000.0,93.57782189252256,24.556366,0.64959335,-0.09580612,1011.7572,21.349213,-1.08,0.017762184,0.061154366,0.00029802322,0.4615824,0.6566204
2020-12-29,URRA1,Caribe,94.19,219840000.0,287130000.0,76.56462229652074,24.708405,0.55646133,-0.3901863,1011.09,21.365509,-1.08,0.008821487,0.059068203,0.00017881393,0.4473516,0.67962825
2020-12-30,URRA1,Caribe,93.77,199150000.0,287130000.0,69.35882701215478,25.368317,0.9384575,0.30313873,1011.0019,21.393646,-1.08,0.042319298,0.058054924,0.0011324883,0.44082868,0.9862026
2020-12-31,URRA1,Caribe,94.14,224450000.0,287130000.0,78.17016682339009,25.575592,0.5559082,0.06405258,1010.97455,21.516815,-1.08,0.004172325,0.055253506,0.0,0.43816108,0.55958617
2021-01-01,URRA1,Caribe,94.22,178860000.0,166430000.0,107.46860541969596,25.889313,-0.5984192,-0.39281845,1011.3191,21.705109,-0.91,0.006914139,0.053584576,0.00011920929,0.42823526,0.7158295
2021-01-02,URRA1,Caribe,94.21,168220000.0,166430000.0,101.07552724869316,25.600555,0.18624878,-0.15852737,1010.9161,21.955261,-0.91,0.06186962,0.052690506,0.001013279,0.41743013,0.24458033
2021-01-03,URRA1,Caribe,94.24,173440000.0,166430000.0,104.21198101303852,26.504486,1.0051918,0.054775238,1010.77686,22.04538,-0.91,0.07760525,0.050783157,0.00071525574,0.4146917,1.0066831
2021-01-04,URRA1,Caribe,94.18,160440000.0,166430000.0,96.40088926275313,25.608429,0.87783813,-0.13928604,1010.5108,22.169739,-0.91,0.02026558,0.048995018,0.0005364418,0.40963227,0.88881963
2021-01-05,URRA1,Caribe,94.09,155860000.0,166430000.0,93.6489815538064,25.095184,0.44688797,0.04172516,1010.5625,22.54367,-0.91,0.06759167,0.049114227,0.0020861626,0.41516435,0.44883165
2021-01-06,URRA1,Caribe,94.25,192000000.0,166430000.0,115.36381661959982,25.145233,0.8247299,0.15477753,1011.6086,22.965546,-0.91,0.030875206,0.04696846,0.0010430813,0.41377515,0.8391278
2021-01-07,URRA1,Caribe,94.12,149680000.0,166430000.0,89.93570870636304,25.074066,0.86369324,-0.07872391,1012.2569,23.291656,-0.91,0.026583672,0.04464388,0.00047683716,0.4242835,0.86727357
2021-01-08,URRA1,Caribe,94.29,192720000.0,166430000.0,115.79643093192334,25.542267,0.17458344,-0.13396835,1012.32764,23.502167,-0.91,0.12409687,0.045239925,0.0019669533,0.47077683,0.22006112
2021-01-09,URRA1,Caribe,94.35,177080000.0,166430000.0,106.3990867031184,25.460968,0.7836113,0.35972977,1011.65564,23.60379,-0.91,0.177145,0.043988228,0.0022053719,0.46246478,0.86223674
2021-01-10,URRA1,Caribe,94.58,201280000.0,166430000.0,120.93973442288048,25.885895,-0.033699036,-0.005092621,1010.64514,23.685242,-0.91,0.059247017,0.04184246,0.0011920929,0.46386525,0.034081664
2021-01-11,URRA1,Caribe,94.76,280970000.0,166430000.0,168.82172685213,26.115326,0.09538269,0.045780182,1011.1328,23.757538,-0.91,0.14531612,0.044703484,0.005066395,0.4655965,0.105800204
2021-01-12,URRA1,Caribe,92.72,226520000.0,166430000.0,136.1052694826654,26.338776,0.45407867,0.043720245,1010.3914,23.760956,-0.91,0.05543232,0.04118681,0.0025629997,0.4661491,0.45617858
2021-01-13,URRA1,Caribe,91.89,223680000.0,166430000.0,134.39884636183382,26.301239,0.49353027,-0.17064667,1009.8688,23.744293,-0.91,0.030875206,0.0385046,0.0007748604,0.45831776,0.5221996
2021-01-14,URRA1,Caribe,91.42,190730000.0,166430000.0,114.60073304091812,26.589752,0.6293373,-0.22915268,1009.5003,23.605652,-0.91,0.017881393,0.037252903,0.00023841858,0.45077267,0.66975844
2021-01-15,URRA1,Caribe,90.94,190430000.0,166430000.0,114.42047707744996,26.694855,0.65226364,-0.036956787,1010.20844,23.403412,-0.91,0.08952618,0.038146973,0.002503395,0.4433641,0.65330976
2021-01-16,URRA1,Caribe,90.42,167470000.0,166430000.0,100.62488734002284,25.776398,1.2700729,-0.30236816,1011.0645,23.446564,-0.91,0.06651878,0.03629923,0.0015497208,0.43703747,1.3055695
2021-01-17,URRA1,Caribe,89.78,151050000.0,166430000.0,90.7588776062008,26.202057,0.6051674,-0.21202469,1010.5397,23.657745,-0.91,0.004887581,0.034213066,0.00011920929,0.4272091,0.64123476
2021-01-18,URRA1,Caribe,89.07000000000001,141900000.0,166430000.0,85.261070720423,26.08664,0.3093605,-0.5161247,1010.72095,23.73462,-0.91,0.021457672,0.033557415,0.00029802322,0.41773432,0.60173804
2021-01-19,URRA1,Caribe,88.3,131280000.0,166430000.0,78.88000961365138,26.625214,-0.22534943,-0.6992645,1009.73065,23.83487,-0.91,0.010251999,0.032663345,0.00035762787,0.40627238,0.73467904
2021-01-20,URRA1,Caribe,87.48,125430000.0,166430000.0,75.36501832602295,26.639862,0.03483963,-0.54283524,1009.4498,24.034637,-0.91,0.0009536743,0.031232834,0.0,0.3922968,0.5439521
2021-01-21,URRA1,Caribe,86.64,122620000.0,166430000.0,73.67662080153818,27.097504,0.007030487,-0.4678917,1009.47876,24.295258,-0.91,0.0021457672,0.030428171,0.0,0.3797405,0.4679445
2021-01-22,URRA1,Caribe,85.74000000000001,114070000.0,166430000.0,68.53932584269663,26.679169,0.85445786,-0.06725693,1010.17,24.554596,-0.91,0.036597252,0.03015995,0.00017881393,0.37224844,0.8571008
2021-01-23,URRA1,Caribe,84.84,114060000.0,166430000.0,68.53331731058103,25.698944,0.8926697,-0.25416946,1010.5711,24.759888,-0.91,0.0371933,0.02926588,0.0005662441,0.37527898,0.9281494
2021-01-24,URRA1,Caribe,84.48,110900000.0,166430000.0,66.63462116205011,26.510406,0.3147583,-0.36354828,1009.7548,24.980316,-0.91,0.00846386,0.028431416,0.00023841858,0.38002613,0.48087436
2021-01-25,URRA1,Caribe,84.04,106160000.0,166430000.0,63.786576939253735,27.336761,0.34241486,-0.29639053,1008.5158,25.278595,-0.91,0.014543533,0.027418137,0.00023841858,0.37076962,0.45287448
2021-01-26,URRA1,Caribe,83.54,98620000.0,166430000.0,59.25614372408821,27.152313,0.4679718,-0.16051865,1008.72064,25.57837,-0.91,0.002861023,0.026404858,0.00011920929,0.36150703,0.49473614
2021-01-27,URRA1,Caribe,83.04,98510000.0,166430000.0,59.190049870816566,26.999908,0.8709564,-0.297657,1009.5036,25.629059,-0.91,0.032544136,0.026524067,0.0006556511,0.3542626,0.9204155
2021-01-28,URRA1,Caribe,82.57,101770000.0,166430000.0,61.14883134050352,26.668793,0.78477097,-0.8806076,1010.6678,25.69989,-0.91,0.022649765,0.025629997,0.0006556511,0.3533215,1.1795487
2021-01-29,URRA1,Caribe,82.09,98940000.0,166430000.0,59.44841675178753,26.658844,0.37652206,-0.93801117,1009.66797,25.937408,-0.91,0.0026226044,0.02425909,5.9604645e-05,0.34492055,1.010759
2021-01-30,URRA1,Caribe,81.55,91270000.0,166430000.0,54.83987261911915,26.962067,-0.22660828,-0.43634415,1008.9572,26.012268,-0.91,0.0009536743,0.023424625,0.0,0.33649608,0.49167827
2021-01-31,URRA1,Caribe,80.96,84800000.0,166430000.0,50.95235234032326,26.485748,0.65948105,-0.230999,1008.2033,25.95047,-0.91,0.0009536743,0.022768974,0.0,0.32789212,0.6987673
2021-02-01,URRA1,Caribe,80.33,84780000.0,121910000.0,69.54310556968255,26.80722,0.87029266,-0.6059532,1009.1736,25.798218,-0.79,0.00500679,0.022292137,0.00011920929,0.32213607,1.0604662
2021-02-02,URRA1,Caribe,79.75999999999999,94380000.0,121910000.0,77.4177672053154,26.048187,1.1154823,-0.7600403,1009.85986,25.814453,-0.79,0.02169609,0.021755695,5.9604645e-05,0.32537007,1.3498008
2021-02-03,URRA1,Caribe,79.16,90310000.0,121910000.0,74.07923878270856,26.888092,0.0075187683,-1.2157936,1009.7424,25.827301,-0.79,0.037789345,0.021398067,0.0005364418,0.33055422,1.2158169
2021-02-04,URRA1,Caribe,78.58000000000001,91000000.0,121910000.0,74.64523008776966,27.151886,0.52272797,-1.1000061,1010.5619,25.660065,-0.79,0.012278557,0.020623207,0.00017881393,0.32507038,1.2178907
2021-02-05,URRA1,Caribe,78.08,90370000.0,121910000.0,74.12845541793126,26.57779,0.98592377,-0.24889374,1010.0673,25.700714,-0.79,0.007867813,0.019907951,0.00011920929,0.3215634,1.0168548
2021-02-06,URRA1,Caribe,77.58,89910000.0,121910000.0,73.75112788122385,27.137482,0.6711998,-0.5411453,1009.85187,25.553589,-0.79,0.004887581,0.01937151,0.00011920929,0.31799433,0.862176
2021-02-07,URRA1,Caribe,77.03999999999999,84690000.0,121910000.0,69.4692806168485,27.465668,0.9201584,-0.3230896,1009.4391,25.45163,-0.79,0.023245811,0.019133091,0.00035762787,0.31411424,0.9752324
2021-02-08,URRA1,Caribe,76.48,81110000.0,121910000.0,66.53268804856042,27.147919,0.51114655,-0.8360405,1010.39685,25.24472,-0.79,0.005722046,0.018417835,0.0,0.31308883,0.97991556
2021-02-09,URRA1,Caribe,75.9,79750000.0,121910000.0,65.41711098351243,26.505768,1.0266304,-0.08338547,1010.6139,25.168121,-0.79,0.06985664,0.018119812,0.00035762787,0.3177244,1.0300112
2021-02-10,URRA1,Caribe,75.31,76070000.0,121910000.0,62.39849068985317,26.01773,1.1980515,-0.3100853,1010.4986,25.278656,-0.79,0.21970272,0.01937151,0.0020861626,0.3329626,1.2375299
2021-02-11,URRA1,Caribe,74.67,74510000.0,121910000.0,61.11885817406283,26.932587,0.52934265,-0.37089157,1009.3375,25.337463,-0.79,0.060915947,0.017523766,0.00071525574,0.3311937,0.6463468
2021-02-12,URRA1,Caribe,74.05000000000001,72670000.0,121910000.0,59.6095480272332,27.15506,1.1093025,-0.16175461,1009.08813,25.456818,-0.79,0.004172325,0.016272068,0.0,0.32727444,1.1210337
2021-02-13,URRA1,Caribe,73.44000000000001,73270000.0,121910000.0,60.10171437946026,25.990509,0.8150406,0.059123993,1009.9564,25.412079,-0.79,0.096321106,0.016748905,0.000834465,0.36961326,0.81718224
2021-02-14,URRA1,Caribe,72.83,74140000.0,121910000.0,60.81535559018948,25.93045,0.13980484,0.008960724,1011.7103,25.613892,-0.79,0.0056028366,0.015616417,5.9604645e-05,0.42574126,0.14009172
2021-02-15,URRA1,Caribe,72.23,74390000.0,121910000.0,61.02042490361742,26.636505,0.7581024,-0.33871078,1011.7456,25.755463,-0.79,0.028729439,0.015497208,0.00023841858,0.4076653,0.8303278
2021-02-16,URRA1,Caribe,71.6,69680000.0,121910000.0,57.15691903863506,26.039215,0.9173126,0.18647003,1012.4503,25.684692,-0.79,0.020980835,0.0150203705,0.0002682209,0.3973314,0.9360735
2021-02-17,URRA1,Caribe,70.97,70020000.0,121910000.0,57.43581330489705,25.249054,0.45054245,0.16321564,1012.21014,25.41388,-0.79,0.44810772,0.019550323,0.0053048134,0.4216612,0.479195
2021-02-18,URRA1,Caribe,70.37,75980000.0,121910000.0,62.32466573701912,25.934906,0.9474602,0.12264252,1011.8142,25.284424,-0.79,0.13744831,0.015556812,0.00166893,0.426938,0.9553648
2021-02-19,URRA1,Caribe,69.74000000000001,71190000.0,121910000.0,58.39553769173981,26.381256,0.9248276,0.19091415,1012.4856,25.166199,-0.79,0.048160553,0.014543533,0.0006854534,0.40883687,0.9443274
2021-02-20,URRA1,Caribe,69.17,78710000.0,121910000.0,64.56402263965221,25.741058,0.9097023,-0.0954895,1012.1361,25.145172,-0.79,0.076532364,0.014603138,0.0011920929,0.42212662,0.91470027
2021-02-21,URRA1,Caribe,68.65,84260000.0,121910000.0,69.11656139775243,26.227325,0.80088043,-0.076358795,1012.1887,24.947296,-0.79,0.037431717,0.01347065,0.00047683716,0.4246456,0.8045123
2021-02-22,URRA1,Caribe,68.02,69770000.0,121910000.0,57.23074399146911,26.03836,1.0351486,-0.41924667,1010.82263,24.890778,-0.79,0.027894974,0.012993813,0.00011920929,0.4045186,1.116826
2021-02-23,URRA1,Caribe,67.74,120120000.0,121910000.0,98.53170371585595,25.816315,1.0310745,-0.13909912,1010.6206,24.689087,-0.79,0.14793873,0.013768673,0.0013113022,0.3918439,1.0404149
2021-02-24,URRA1,Caribe,67.14,74820000.0,121910000.0,61.37314412271348,27.19101,0.24160385,-0.68818665,1009.4392,24.59143,-0.79,0.027060509,0.012278557,0.00017881393,0.37993422,0.729365
2021-02-25,URRA1,Caribe,66.5,69290000.0,121910000.0,56.83701090968748,27.529572,0.83670807,-0.6540756,1008.5581,24.540283,-0.79,0.019431114,0.012099743,0.00017881393,0.3655855,1.0620242
2021-02-26,URRA1,Caribe,66.75999999999999,196300000.0,121910000.0,161.02042490361742,27.757233,0.6619797,-0.15522385,1008.09155,24.39505,-0.79,0.004172325,0.011742115,5.9604645e-05,0.37717652,0.679935
2021-02-27,URRA1,Caribe,66.51,122460000.0,121910000.0,100.45115248954146,27.285309,0.3390236,-0.003364563,1008.5469,24.585144,-0.79,0.13899803,0.013887882,0.0022649765,0.38822663,0.33904028
2021-02-28,URRA1,Caribe,66.10000000000001,100520000.0,121910000.0,82.45426954310557,27.42575,0.87291336,-0.28663635,1007.8803,24.726929,-0.79,0.09405613,0.012099743,0.000834465,0.39330348,0.9187699
2021-03-01,URRA1,Caribe,65.58,83840000.0,135690000.0,61.78789888716928,27.226715,1.0593567,-0.13492584,1007.7434,25.08435,-0.71,0.0014305115,0.010967255,5.9604645e-05,0.37639517,1.0679146
2021-03-02,URRA1,Caribe,65.0,76410000.0,135690000.0,56.31218217996905,26.696442,1.3008766,-0.53954697,1009.3569,25.636963,-0.71,0.013828278,0.010848045,0.00014901161,0.36043495,1.4083291
2021-03-03,URRA1,Caribe,64.38000000000001,71550000.0,135690000.0,52.73048861375194,26.805695,1.3816261,-0.23837662,1010.8806,26.247528,-0.71,0.00166893,0.010192394,0.0,0.34687865,1.4020393
2021-03-04,URRA1,Caribe,63.77,73980000.0,135690000.0,54.52133539686049,26.433807,0.9753685,-0.9020691,1012.2092,26.642395,-0.71,0.007748604,0.01001358,5.9604645e-05,0.3353777,1.3285602
2021-03-05,URRA1,Caribe,63.11,73310000.0,135690000.0,54.027562827032206,26.252655,0.6915512,-0.8313141,1011.3061,26.922546,-0.71,0.010848045,0.009894371,5.9604645e-05,0.32763663,1.0813539
2021-03-06,URRA1,Caribe,62.44,67140000.0,135690000.0,49.48043334070307,26.805939,0.412014,-1.2183647,1010.5608,26.980713,-0.71,0.003695488,0.009655952,0.0,0.32527804,1.2861447
2021-03-07,URRA1,Caribe,61.88,79820000.0,135690000.0,58.82526346819957,27.053253,0.62529373,-1.1512222,1010.67377,26.957092,-0.71,0.05686283,0.010192394,0.0007748604,0.33449134,1.3100781
2021-03-08,URRA1,Caribe,63.690000000000005,418670000.0,135690000.0,308.5488982238927,26.170502,0.65555954,-0.12283325,1011.84595,26.935272,-0.71,0.4813671,0.014841557,0.005722046,0.3832498,0.666968
2021-03-09,URRA1,Caribe,64.92,332960000.0,135690000.0,245.38285798511316,25.965973,1.0025368,0.356781,1011.5425,26.84018,-0.71,0.05209446,0.009059906,0.00023841858,0.44178155,1.06413
2021-03-10,URRA1,Caribe,65.16,192300000.0,135690000.0,141.720097280566,25.739899,1.347229,0.40489578,1011.31,26.848114,-0.71,0.05710125,0.009357929,0.00059604645,0.45246464,1.4067575
2021-03-11,URRA1,Caribe,65.21000000000001,163420000.0,135690000.0,120.43628859901246,24.989838,1.405365,0.07701492,1012.54846,26.981812,-0.71,0.06067753,0.009119511,0.00047683716,0.44194743,1.4074737
2021-03-12,URRA1,Caribe,65.66,221230000.0,135690000.0,163.04075466136047,24.954681,0.9931183,0.27288437,1013.60565,27.200195,-0.71,0.024080276,0.0086426735,5.9604645e-05,0.4462154,1.0299271
2021-03-13,URRA1,Caribe,65.72,165710000.0,135690000.0,122.12395902424645,25.488556,0.8611183,-0.33781815,1012.91187,27.306396,-0.71,0.01335144,0.008285046,5.9604645e-05,0.43096817,0.9250113
2021-03-14,URRA1,Caribe,65.60000000000001,140760000.0,135690000.0,103.73645810302897,25.814178,0.557148,-0.4044037,1012.96857,27.330719,-0.71,0.062942505,0.008523464,0.0005364418,0.41474462,0.6884448
2021-03-15,URRA1,Caribe,65.32,121170000.0,135690000.0,89.29913774043776,25.898224,0.6383934,-0.5656929,1011.5739,27.378265,-0.71,0.1924038,0.009357929,0.0014305115,0.4181217,0.8529681
2021-03-16,URRA1,Caribe,64.53,124700000.0,135690000.0,91.90065590684648,25.65921,0.60456085,0.21097946,1010.86237,27.216583,-0.71,0.12362003,0.00923872,0.0014305115,0.43923044,0.64031726
2021-03-17,URRA1,Caribe,63.96,156500000.0,135690000.0,115.33642862406955,25.85434,0.5303421,0.47650528,1010.8839,26.68451,-0.71,0.28645992,0.010788441,0.0030398369,0.46252617,0.71296567
2021-03-18,URRA1,Caribe,62.94,165990000.0,135690000.0,122.33031173999558,25.793976,0.976799,0.5734482,1011.3783,26.299194,-0.71,0.13148785,0.009298325,0.0019073486,0.47671252,1.1326867
2021-03-19,URRA1,Caribe,62.3,143390000.0,135690000.0,105.6746996831012,25.387909,0.124679565,-0.22454071,1011.2612,25.790863,-0.71,0.13232231,0.011444092,0.0039339066,0.4674744,0.25683364
2021-03-20,URRA1,Caribe,61.53999999999999,128020000.0,135690000.0,94.34740953644337,25.079865,1.04076,0.08710098,1011.70953,25.305664,-0.71,0.5226135,0.017106533,0.009775162,0.48324758,1.0443984
2021-03-21,URRA1,Caribe,61.33,130430000.0,135690000.0,96.12351683985555,25.774384,0.33310318,-0.3658676,1010.5464,24.975677,-0.71,0.069618225,0.0078082085,0.0006556511,0.46959034,0.4947897
2021-03-22,URRA1,Caribe,61.370000000000005,165790000.0,135690000.0,122.18291694303193,24.771576,1.3059196,0.28931808,1011.3812,24.449127,-0.71,0.1385212,0.008583069,0.0014901161,0.47854063,1.337584
2021-03-23,URRA1,Caribe,60.7,141650000.0,135690000.0,104.39236494951729,25.042694,0.5030174,-0.378685,1012.1194,24.233124,-0.71,0.095665455,0.008165836,0.0012516975,0.48213094,0.629626
2021-03-24,URRA1,Caribe,60.07,150190000.0,135690000.0,110.68612277986588,26.3154,0.109233856,-0.052936554,1011.1877,23.943634,-0.71,0.004887581,0.0067949295,0.0,0.47192016,0.12138498
2021-03-25,URRA1,Caribe,58.81999999999999,135080000.0,135690000.0,99.5504458692608,26.423126,0.20986938,-0.24104309,1011.15906,23.638092,-0.71,0.016450882,0.007033348,0.00035762787,0.4547338,0.31960434
2021-03-26,URRA1,Caribe,57.77,160750000.0,135690000.0,118.46856805954752,26.410187,0.45428848,0.11580658,1010.4403,23.348724,-0.71,0.11909008,0.009179115,0.0027418137,0.45909935,0.4688168
2021-03-27,URRA1,Caribe,58.23,263320000.0,135690000.0,194.05998968236423,25.690948,-0.0725975,0.14688873,1010.2914,23.187103,-0.71,0.12099743,0.00756979,0.0010728836,0.48371094,0.16384962
2021-03-28,URRA1,Caribe,58.43000000000001,179510000.0,135690000.0,132.2942000147395,26.192902,0.13511276,-0.17178726,1008.822,23.121063,-0.71,0.010848045,0.006735325,0.00023841858,0.47062448,0.21855508
2021-03-29,URRA1,Caribe,57.88,156030000.0,135690000.0,114.99005085120496,27.175873,0.16869354,-0.29504776,1008.29956,23.064423,-0.71,0.0059604645,0.0064373016,0.00011920929,0.4508319,0.33986863
2021-03-30,URRA1,Caribe,56.88999999999999,137360000.0,135690000.0,101.2307465546466,26.53183,0.19580078,0.093486786,1008.2456,22.975952,-0.71,0.4413128,0.014543533,0.008285046,0.45712155,0.21697402
2021-03-31,URRA1,Caribe,57.28,214720000.0,135690000.0,158.24305402019309,26.661774,0.039222717,0.3567543,1007.3859,22.794067,-0.71,0.061273575,0.008702278,0.0027120113,0.48185742,0.35890397
2021-04-01,URRA1,Caribe,57.49,227480000.0,239530000.0,94.9693149083622,25.779816,1.0573654,0.36252975,1007.2536,22.739746,-0.55,0.7073879,0.03170967,0.025689602,0.49371228,1.1177877
2021-04-02,URRA1,Caribe,57.82000000000001,222800000.0,239530000.0,93.01548866530288,25.46518,1.0214729,0.16572571,1008.6373,22.894073,-0.55,0.54085255,0.014901161,0.008702278,0.49146402,1.0348294
2021-04-03,URRA1,Caribe,58.43000000000001,246370000.0,239530000.0,102.8555922013944,24.793427,0.79720306,-0.2540474,1010.11127,23.095428,-0.55,1.740098,0.13822317,0.1116395,0.5114379,0.83670354
2021-04-04,URRA1,Caribe,59.150000000000006,261330000.0,239530000.0,109.10115643134472,25.669281,-0.20994186,-0.04071045,1009.08453,23.091217,-0.55,0.13196468,0.008106232,0.0023841858,0.498409,0.21385258
2021-04-05,URRA1,Caribe,60.150000000000006,380550000.0,239530000.0,158.8736275205611,25.44339,0.91560745,0.1143837,1009.41766,23.165314,-0.55,0.47135353,0.01859665,0.012636185,0.50006986,0.92272455
2021-04-06,URRA1,Caribe,61.19,386830000.0,239530000.0,161.49542854757232,25.375519,1.1535683,0.2712288,1010.15717,23.36322,-0.55,0.11265278,0.008225441,0.0019073486,0.498435,1.1850252
2021-04-07,URRA1,Caribe,61.0,287410000.0,239530000.0,119.98914540976078,26.32663,0.3320694,0.6236305,1010.15393,23.48111,-0.55,0.20289421,0.017225742,0.010728836,0.49053314,0.70653033
2021-04-08,URRA1,Caribe,61.2,341880000.0,239530000.0,142.72951196092347,26.434845,0.19947815,0.2744484,1010.4391,23.4917,-0.55,0.22792816,0.013291836,0.0062584877,0.5001151,0.33928373
2021-04-09,URRA1,Caribe,62.05,436920000.0,239530000.0,182.40721412766663,24.366852,0.43677902,-0.179039,1012.0011,23.451324,-0.55,1.2954473,0.27626753,0.19448996,0.50508654,0.47204965
2021-04-10,URRA1,Caribe,61.99,309340000.0,239530000.0,129.1445747923016,25.43515,0.38716888,0.25441742,1011.0517,23.45401,-0.55,0.43201447,0.023305416,0.012457371,0.5039499,0.4632796
2021-04-11,URRA1,Caribe,61.9,303480000.0,239530000.0,126.69811714607772,26.090118,-0.3879547,0.076625824,1009.3831,23.337067,-0.55,0.020742416,0.012278557,0.0005066395,0.49182457,0.3954496
2021-04-12,URRA1,Caribe,61.63999999999999,276810000.0,239530000.0,115.5638124660794,26.216827,0.30533218,0.2168541,1008.4847,23.202484,-0.55,0.15830994,0.015258789,0.002682209,0.4917568,0.37450427
2021-04-13,URRA1,Caribe,60.17,257160000.0,239530000.0,107.36024715067003,26.935455,0.60097885,0.10867691,1009.0989,22.967224,-0.55,0.06020069,0.014722347,0.0011324883,0.49082518,0.610726
2021-04-14,URRA1,Caribe,59.16,314810000.0,239530000.0,131.42821358493717,26.42929,0.11305237,-0.20817184,1010.42126,22.930023,-0.55,0.12218952,0.01758337,0.0032484531,0.4931265,0.2368889
2021-04-15,URRA1,Caribe,57.47,227150000.0,239530000.0,94.83154510917214,26.768707,1.0383568,0.24884033,1009.1987,22.92041,-0.55,0.8496046,0.25099516,0.2361238,0.49650067,1.0677576
2021-04-16,URRA1,Caribe,56.05,272610000.0,239530000.0,113.81037865820564,25.725311,0.98210144,0.50803375,1010.23987,22.971039,-0.55,0.5027056,0.039577484,0.02360344,0.50086886,1.1057222
2021-04-17,URRA1,Caribe,55.28,355370000.0,239530000.0,148.36137435811798,26.308868,0.54964066,0.4235115,1010.6219,22.980927,-0.55,0.07891655,0.018537045,0.0013709068,0.4935205,0.6938781
2021-04-18,URRA1,Caribe,55.69,525600000.0,239530000.0,219.42971652820103,24.978302,0.52466583,0.826252,1011.665,23.058746,-0.55,1.1553764,0.16319752,0.04029274,0.5042146,0.9787577
2021-04-19,URRA1,Caribe,55.13,324400000.0,239530000.0,135.4318874462489,25.841644,0.29351425,-0.045394897,1012.0778,23.165985,-0.55,0.02837181,0.01937151,0.0006556511,0.49460706,0.2970039
2021-04-20,URRA1,Caribe,53.86,266960000.0,239530000.0,111.45159270237548,26.381378,0.16517258,0.12801361,1011.03625,23.196533,-0.55,0.1809597,0.04029274,0.020742416,0.4880827,0.20897241
2021-04-21,URRA1,Caribe,52.53,276860000.0,239530000.0,115.5846866780779,26.323212,0.66171265,0.083026886,1011.0275,23.209076,-0.55,0.052332878,0.020563602,0.0008940697,0.48189056,0.6669011
2021-04-22,URRA1,Caribe,52.190000000000005,263960000.0,239530000.0,110.19913998246568,25.904938,0.49557495,-0.050216675,1010.21674,23.130066,-0.55,0.38075447,0.028073788,0.008225441,0.4919507,0.49811268
2021-04-23,URRA1,Caribe,52.86,402800000.0,239530000.0,168.1626518598923,25.962555,0.9544411,0.50855637,1010.40173,23.091278,-0.55,0.37002563,0.047266483,0.027120113,0.49000514,1.0814747
2021-04-24,URRA1,Caribe,52.96999999999999,298390000.0,239530000.0,124.57312236463072,26.252167,1.03656,0.22660828,1010.79175,23.126343,-0.55,0.05054474,0.021338463,0.000834465,0.47919106,1.061041
2021-04-25,URRA1,Caribe,52.92,251200000.0,239530000.0,104.8720410804492,26.7294,0.79232407,-0.42552185,1010.52954,23.180603,-0.55,0.039577484,0.021338463,0.001013279,0.47048432,0.8993588
2021-04-26,URRA1,Caribe,52.42,243870000.0,239530000.0,101.81188160146957,26.326202,0.92036057,-0.24671555,1010.1174,23.20346,-0.55,0.036597252,0.021994114,0.0013113022,0.46391952,0.9528547
2021-04-27,URRA1,Caribe,54.56999999999999,623760000.0,239530000.0,260.4099695236505,25.324127,1.4335327,0.372612,1010.6786,23.179993,-0.55,0.8350611,0.043928623,0.023066998,0.4899119,1.4811671
2021-04-28,URRA1,Caribe,56.21000000000001,545400000.0,239530000.0,227.6959044796059,25.320404,1.7958832,-0.16431046,1011.9214,23.219818,-0.55,0.39851665,0.03296137,0.011980534,0.49366558,1.8033842
2021-04-29,URRA1,Caribe,55.52,377000000.0,239530000.0,157.39155846866782,25.384247,0.9182892,0.36814117,1012.3681,23.204529,-0.55,0.021338463,0.021576881,0.00023841858,0.47991687,0.9893346
2021-04-30,URRA1,Caribe,54.54,334460000.0,239530000.0,139.6317789003465,25.618256,0.66446304,0.30308914,1013.07654,23.253784,-0.55,0.13232231,0.025808811,0.004708767,0.4967121,0.7303247
2021-05-01,URRA1,Caribe,55.88999999999999,508710000.0,423970000.0,119.98726324975824,25.060455,0.69013596,0.038772583,1013.3627,23.500916,-0.39,0.3055334,0.029027462,0.007688999,0.4959936,0.6912242
2021-05-02,URRA1,Caribe,56.05,338310000.0,423970000.0,79.79574026464137,25.547394,0.9335594,0.1416359,1012.85065,23.602448,-0.39,0.17809868,0.029444695,0.00590086,0.49992186,0.94424254
2021-05-03,URRA1,Caribe,55.32,367290000.0,423970000.0,86.63112956105384,24.365997,0.5827446,0.75336456,1013.6117,23.585663,-0.39,1.0029078,0.14406443,0.06067753,0.5004812,0.9524439
2021-05-04,URRA1,Caribe,54.53,334320000.0,423970000.0,78.85463594122226,24.803864,0.0014076233,-0.039028168,1013.7725,23.493805,-0.39,0.5044937,0.057041645,0.02104044,0.5054253,0.039053544
2021-05-05,URRA1,Caribe,53.400000000000006,291240000.0,423970000.0,68.69353963723849,25.80368,0.23963547,-0.058330536,1013.40015,23.52539,-0.39,0.09846687,0.048995018,0.005066395,0.4909268,0.24663253
2021-05-06,URRA1,Caribe,52.11,261490000.0,423970000.0,61.67653371700828,25.457367,0.04296875,0.33604813,1012.60815,23.559357,-0.39,0.03325939,0.049054623,0.0006556511,0.49966663,0.3387841
2021-05-07,URRA1,Caribe,51.790000000000006,346740000.0,423970000.0,81.78408849682761,24.820526,0.40690994,-0.22902298,1012.2647,23.522186,-0.39,1.3297796,0.3117919,0.096321106,0.49854165,0.46693385
2021-05-08,URRA1,Caribe,51.790000000000006,369900000.0,423970000.0,87.24673915607237,25.997711,-0.13974762,-0.014335632,1012.52594,23.39862,-0.39,0.081539154,0.05310774,0.0019669533,0.49821973,0.14048098
2021-05-09,URRA1,Caribe,52.72,449690000.0,423970000.0,106.0664669670024,26.029144,0.17502594,0.13848495,1011.3608,23.309387,-0.39,0.23388863,0.061571598,0.008076429,0.49523407,0.22318637
2021-05-10,URRA1,Caribe,53.42,435930000.0,423970000.0,102.82095431280516,26.640228,0.24104309,0.17718124,1009.125,23.237,-0.39,0.06985664,0.056624413,0.0015497208,0.49508557,0.29915708
2021-05-11,URRA1,Caribe,53.56,444470000.0,423970000.0,104.83524777696536,27.40921,-0.13924408,0.07822037,1009.4736,23.108368,-0.39,0.013828278,0.055849552,0.00059604645,0.48731184,0.15971017
2021-05-12,URRA1,Caribe,53.86,464340000.0,423970000.0,109.52190013444348,26.526215,0.661438,0.35739136,1010.28,23.08963,-0.39,0.5452633,0.08499622,0.030457973,0.50124615,0.751817
2021-05-13,URRA1,Caribe,54.08,453710000.0,423970000.0,107.01464726277804,27.198334,0.14156342,0.2138443,1009.6997,23.100464,-0.39,0.078082085,0.055789948,0.0015497208,0.48755714,0.2564558
2021-05-14,URRA1,Caribe,53.35,319140000.0,423970000.0,75.27419392881572,27.150604,0.09483719,0.04730606,1009.85016,23.126678,-0.39,0.03552437,0.055015087,0.00059604645,0.4906609,0.10598092
2021-05-15,URRA1,Caribe,53.23,275130000.0,423970000.0,64.89374248177937,26.788544,0.7029381,-0.18359756,1009.97327,23.224823,-0.39,0.06389618,0.056147575,0.0011324883,0.4835011,0.7265191
2021-05-16,URRA1,Caribe,53.36,284640000.0,423970000.0,67.13682571880086,26.12613,1.2624245,0.3548622,1011.2414,23.27121,-0.39,0.089883804,0.060260296,0.004708767,0.4843978,1.3113515
2021-05-17,URRA1,Caribe,53.71,315270000.0,423970000.0,74.36139349482275,26.327606,1.3092766,0.6134987,1011.8833,23.15326,-0.39,0.077962875,0.057578087,0.00166893,0.49230996,1.4458858
2021-05-18,URRA1,Caribe,54.97,381120000.0,423970000.0,89.89315281741632,24.950348,0.6439667,0.65076447,1012.2497,23.174408,-0.39,0.44953823,0.06747246,0.011622906,0.4961063,0.9155258
2021-05-19,URRA1,Caribe,55.900000000000006,336670000.0,423970000.0,79.40892044248415,26.479645,-0.60704803,0.03939438,1010.8183,23.241425,-0.39,0.02360344,0.05722046,0.00059604645,0.48656338,0.60832494
2021-05-20,URRA1,Caribe,56.45,284210000.0,423970000.0,67.0354034483572,27.330536,0.24058151,-0.37944794,1009.8095,23.232513,-0.39,0.1796484,0.061035156,0.0034570694,0.48289207,0.44928855
2021-05-21,URRA1,Caribe,57.36,335380000.0,423970000.0,79.10465363115314,26.836395,0.47157288,0.646286,1009.77875,23.403992,-0.39,0.118494034,0.06252527,0.0042915344,0.48945478,0.8000416
2021-05-22,URRA1,Caribe,57.93000000000001,310030000.0,423970000.0,73.12545698988136,26.618134,1.0159264,0.5067177,1009.90576,23.38031,-0.39,0.2554655,0.06651878,0.007927418,0.49166614,1.1352837
2021-05-23,URRA1,Caribe,58.67,311080000.0,423970000.0,73.37311602236008,25.632233,0.5794449,0.16041183,1010.3755,23.37387,-0.39,0.37705898,0.0692606,0.009298325,0.49287283,0.60123897
2021-05-24,URRA1,Caribe,59.24,285400000.0,423970000.0,67.3160836851664,26.534698,0.7975464,0.21392822,1010.2014,23.253113,-0.39,0.13244152,0.0641942,0.0029802322,0.49645644,0.8257394
2021-05-25,URRA1,Caribe,61.25000000000001,495780000.0,423970000.0,116.9375191640918,26.833893,0.24356842,0.4728737,1011.2503,23.291779,-0.39,0.06353855,0.06270409,0.0013113022,0.49519497,0.53191644
2021-05-26,URRA1,Caribe,63.12,476680000.0,423970000.0,112.4324834304314,26.674347,0.7927971,0.2651024,1011.3561,23.420166,-0.39,0.07200241,0.065386295,0.002503395,0.4954522,0.8359465
2021-05-27,URRA1,Caribe,65.91,624560000.0,423970000.0,147.31230983324292,25.844757,1.1243706,0.07488251,1011.85706,23.330933,-0.39,0.063061714,0.06866455,0.0013113022,0.48924613,1.1268613
2021-05-28,URRA1,Caribe,70.8,1061520000.0,423970000.0,250.37620586362243,25.342743,1.0246468,0.9316139,1012.22076,23.450409,-0.39,0.41544437,0.3349781,0.04184246,0.49254945,1.3848485
2021-05-29,URRA1,Caribe,72.88,665130000.0,423970000.0,156.88138311672998,25.508942,1.2299042,0.3655815,1011.9897,23.486145,-0.39,0.14126301,0.086426735,0.004887581,0.493987,1.2830877
2021-05-30,URRA1,Caribe,73.72,492830000.0,423970000.0,116.24171521569922,26.153229,-0.11513901,0.101112366,1012.11096,23.64978,-0.39,0.89788437,0.46503544,0.3758073,0.50604326,0.15323414
2021-05-31,URRA1,Caribe,74.57000000000001,492750000.0,423970000.0,116.22284595608178,25.808746,0.50966644,0.10044479,1011.8022,23.770813,-0.39,0.95152855,0.21660328,0.1090765,0.48960108,0.51947
2021-06-01,URRA1,Caribe,74.31,436440000.0,482730000.0,90.4107886396122,26.215424,1.0093002,0.46741104,1011.2983,23.856934,-0.3,0.6070137,0.17976761,0.015497208,0.49375743,1.112277
2021-06-02,URRA1,Caribe,74.29,469290000.0,482730000.0,97.21583493878566,25.86026,0.13296509,0.0619545,1010.2562,23.744507,-0.3,1.4406443,0.5915165,0.1552701,0.50616777,0.1466904
2021-06-03,URRA1,Caribe,75.35,470520000.0,482730000.0,97.47063575912,26.374481,0.3339424,0.29325104,1010.3148,23.54602,-0.3,0.44941902,0.24145842,0.029742718,0.49482483,0.44442514
2021-06-04,URRA1,Caribe,76.2,438790000.0,482730000.0,90.89760321504777,26.459808,0.0037384033,0.2502823,1010.45734,23.647095,-0.3,0.051140785,0.18399954,0.001847744,0.49360296,0.2503102
2021-06-05,URRA1,Caribe,77.9,558460000.0,482730000.0,115.6878586373335,26.242401,0.69605255,0.42393112,1010.2444,23.469574,-0.3,0.13256073,0.18638372,0.002861023,0.49987203,0.8149888
2021-06-06,URRA1,Caribe,78.61,424010000.0,482730000.0,87.8358502682659,25.846893,0.11381149,0.2941513,1010.3067,23.82312,-0.3,1.842618,0.46396255,0.28026104,0.50059986,0.3154014
2021-06-07,URRA1,Caribe,79.73,480650000.0,482730000.0,99.56911731195493,24.548431,1.4327431,0.80669403,1011.17737,24.077118,-0.3,0.64337254,0.33414364,0.08189678,0.5000698,1.6442348
2021-06-08,URRA1,Caribe,81.22,541780000.0,482730000.0,112.23251092743357,25.006866,1.3305779,0.9501686,1013.2236,24.20752,-0.3,0.461936,0.22929907,0.020503998,0.5049081,1.63501
2021-06-09,URRA1,Caribe,83.13000000000001,676310000.0,482730000.0,140.1010917075798,24.940521,0.7975464,0.089767456,1014.003,24.079102,-0.3,0.08952618,0.19025803,0.0017881393,0.48911944,0.8025824
2021-06-10,URRA1,Caribe,83.05,543810000.0,482730000.0,112.65303585855446,25.820526,-0.21116638,0.43273544,1012.9625,24.112946,-0.3,0.07271767,0.1911521,0.0031590462,0.49495143,0.4815093
2021-06-11,URRA1,Caribe,85.13,873100000.0,482730000.0,180.8671514096907,25.428558,0.4266472,0.1577568,1011.78174,23.829224,-0.3,0.5083084,0.200212,0.015616417,0.49374625,0.45487913
2021-06-12,URRA1,Caribe,85.38,633960000.0,482730000.0,131.32807159281586,25.322784,0.33306503,0.34261703,1011.2034,23.559235,-0.3,0.74124336,0.21827221,0.026166439,0.4976732,0.4778271
2021-06-13,URRA1,Caribe,86.61,774450000.0,482730000.0,160.43129699832204,25.116974,0.59929657,0.38741302,1011.8166,23.444855,-0.3,0.14078617,0.19931793,0.00423193,0.50127584,0.71361417
2021-06-14,URRA1,Caribe,87.19,717800000.0,482730000.0,148.6959584032482,25.263397,1.2547493,0.6270523,1013.4219,23.317078,-0.3,0.01835823,0.2065301,0.0006556511,0.4940692,1.4027082
2021-06-15,URRA1,Caribe,87.33,655840000.0,482730000.0,135.86062602282848,25.509064,0.54161453,0.41959763,1014.1328,23.370728,-0.3,0.07164478,0.21100044,0.0023245811,0.47725844,0.68513393
2021-06-16,URRA1,Caribe,86.74,553470000.0,482730000.0,114.65415449630228,26.710663,-0.4179535,-0.39673615,1011.83984,23.48346,-0.3,0.09083748,0.20468235,0.0016093254,0.4702141,0.5762679
2021-06-17,URRA1,Caribe,85.83,546390000.0,482730000.0,113.18749611584116,26.385223,0.50795364,0.48407364,1010.3208,23.233429,-0.3,0.17273426,0.2039671,0.00756979,0.4788884,0.70167243
2021-06-18,URRA1,Caribe,84.57000000000001,498480000.0,482730000.0,103.26269343111056,26.051361,0.6151047,0.46728897,1011.3522,23.158447,-0.3,0.39482117,0.19717216,0.0064969063,0.48146158,0.77247185
2021-06-19,URRA1,Caribe,83.1,461630000.0,482730000.0,95.62902657800429,26.093536,0.18164825,-0.24264526,1012.23236,23.29242,-0.3,0.18954277,0.18668175,0.0039339066,0.48475575,0.3031053
2021-06-20,URRA1,Caribe,81.87,458540000.0,482730000.0,94.98891720009117,26.239105,0.3648224,0.15899277,1012.1722,23.378021,-0.3,0.07593632,0.1757741,0.0012516975,0.48755437,0.3979624
2021-06-21,URRA1,Caribe,83.02000000000001,719870000.0,482730000.0,149.12476953990844,26.194489,1.02145,0.49522018,1012.6919,23.350067,-0.3,0.029802322,0.16701221,0.0005364418,0.4929806,1.1351666
2021-06-22,URRA1,Caribe,82.17,512200000.0,482730000.0,106.1048619311002,26.330414,0.3722458,0.0069122314,1013.71686,23.41214,-0.3,0.018239021,0.159204,0.00029802322,0.48161733,0.37230995
2021-06-23,URRA1,Caribe,82.04,457460000.0,482730000.0,94.76518965052928,25.915436,0.06768799,-0.2743492,1013.3078,23.356598,-0.3,0.13899803,0.15491247,0.0038146973,0.48787478,0.28257594
2021-06-24,URRA1,Caribe,81.73,432830000.0,482730000.0,89.66295858968782,25.168732,0.29071045,0.44099426,1012.54297,23.227142,-0.3,0.2952814,0.15091896,0.006765127,0.48849675,0.5281936
2021-06-25,URRA1,Caribe,82.43,577500000.0,482730000.0,119.63209247405382,25.639374,0.39133835,0.03168869,1012.3117,22.951874,-0.3,0.1142025,0.14436245,0.005841255,0.50029963,0.39261925
2021-06-26,URRA1,Caribe,82.78,527820000.0,482730000.0,109.34062519420796,24.837433,0.4163742,-0.14412689,1012.1964,22.89154,-0.3,0.73456764,0.39434433,0.05337596,0.49619365,0.44061327
2021-06-27,URRA1,Caribe,82.93,501020000.0,482730000.0,103.78886748285792,25.032318,0.2442131,0.11481476,1012.0131,22.991425,-0.3,0.12302399,0.14853477,0.00333786,0.49247798,0.2698564
2021-06-28,URRA1,Caribe,83.03,493190000.0,482730000.0,102.16684274853438,25.747284,-0.27121735,0.09820938,1012.16626,23.07251,-0.3,0.037670135,0.14466047,0.0010728836,0.4904518,0.28845093
2021-06-29,URRA1,Caribe,82.46,397380000.0,482730000.0,82.31930893045802,26.821503,0.24142838,-0.038887024,1011.3786,23.029968,-0.3,0.14150143,0.14829636,0.008165836,0.48691046,0.2445401
2021-06-30,URRA1,Caribe,81.93,405780000.0,482730000.0,84.05941209371699,25.798553,0.65343094,0.50647354,1010.9941,22.926208,-0.3,0.056147575,0.13703108,0.0014305115,0.49135315,0.826733
2021-07-01,URRA1,Caribe,81.85,466380000.0,487920000.0,95.5853418593212,25.791595,1.0391159,0.19918823,1012.3386,22.933868,-0.35,0.089883804,0.13279915,0.0013113022,0.48649654,1.0580349
2021-07-02,URRA1,Caribe,81.45,419260000.0,487920000.0,85.92802098704706,25.851593,0.09714508,-0.41480255,1012.8064,22.986176,-0.35,0.12385845,0.12862682,0.0022649765,0.49242014,0.42602623
2021-07-03,URRA1,Caribe,81.12,352840000.0,487920000.0,72.31513362846368,26.1669,0.38383865,0.1640625,1012.7633,22.973297,-0.35,0.35619736,0.24980307,0.12791157,0.485498,0.41743097
2021-07-04,URRA1,Caribe,81.84,424290000.0,487920000.0,86.95892769306444,25.567535,0.20355606,0.45066452,1013.4331,22.722656,-0.35,0.6483793,0.2246499,0.10704994,0.48977214,0.49450335
2021-07-05,URRA1,Caribe,82.39999999999999,403650000.0,487920000.0,82.72872602065912,25.99765,-0.015258789,0.06298447,1013.26654,22.565582,-0.35,0.19729137,0.11909008,0.005543232,0.49094653,0.06480643
2021-07-06,URRA1,Caribe,83.05,410010000.0,487920000.0,84.03221839645843,26.856354,-0.4417305,-0.3824501,1012.1106,22.379059,-0.35,0.0104904175,0.10973215,0.00023841858,0.47760487,0.58428925
2021-07-07,URRA1,Caribe,83.54,387870000.0,487920000.0,79.49458927693065,27.121185,-0.21757126,0.15990448,1009.53076,22.289886,-0.35,0.010251999,0.10621548,0.00035762787,0.47143167,0.2700124
2021-07-08,URRA1,Caribe,84.0,381560000.0,487920000.0,78.20134448270208,26.493378,-0.10214615,-0.0966301,1009.1863,22.245056,-0.35,0.4733801,0.11694431,0.014603138,0.49251235,0.14061014
2021-07-09,URRA1,Caribe,85.17,483760000.0,487920000.0,99.14740121331366,26.429169,0.54779816,0.6276398,1010.26624,22.19989,-0.35,0.20575523,0.1026988,0.0037550926,0.48146442,0.83307534
2021-07-10,URRA1,Caribe,86.5,507760000.0,487920000.0,104.06624036727332,24.750275,1.119484,1.1211319,1011.15234,22.135223,-0.35,0.85389614,0.12886524,0.032424927,0.5054314,1.5843551
2021-07-11,URRA1,Caribe,88.03999999999999,539560000.0,487920000.0,110.58370224626988,25.786774,-0.5329361,0.20075607,1011.2558,22.118744,-0.35,0.108122826,0.09673834,0.0022649765,0.5008023,0.56949437
2021-07-12,URRA1,Caribe,88.11,489600000.0,487920000.0,100.34431874077718,25.723969,0.30877304,0.0442276,1010.83575,22.229218,-0.35,0.9095669,0.2618432,0.13929605,0.49697393,0.31192446
2021-07-13,URRA1,Caribe,89.01,809400000.0,487920000.0,165.88785046728972,25.82193,0.9143219,0.20737457,1011.48047,22.209473,-0.35,0.82314014,0.21958351,0.12588501,0.49647766,0.937544
2021-07-14,URRA1,Caribe,88.1,563990000.0,487920000.0,115.590670601738,26.786469,0.04125595,-0.07549286,1012.0661,22.250824,-0.35,0.40018559,0.103116035,0.01257658,0.4974864,0.08603037
2021-07-15,URRA1,Caribe,86.99,526010000.0,487920000.0,107.80660764059682,26.498627,0.6557617,0.102493286,1011.055,22.36731,-0.35,0.029444695,0.089764595,0.0008940697,0.48887306,0.66372305
2021-07-16,URRA1,Caribe,85.79,504660000.0,487920000.0,103.43089030988686,26.036224,0.8540306,0.39307404,1010.5577,22.380249,-0.35,0.21576881,0.092983246,0.0054240227,0.49235636,0.9401465
2021-07-17,URRA1,Caribe,84.32,469450000.0,487920000.0,96.2145433677652,26.249176,0.614254,0.28305054,1011.095,22.531067,-0.35,0.25629997,0.094890594,0.008583069,0.50226367,0.6763325
2021-07-18,URRA1,Caribe,83.31,490040000.0,487920000.0,100.43449745859978,26.35727,0.99946976,0.614521,1011.4924,22.688171,-0.35,0.25260448,0.09083748,0.004827976,0.4942459,1.1732757
2021-07-19,URRA1,Caribe,83.39999999999999,643350000.0,487920000.0,131.8556320708313,27.156097,-0.32269287,-0.1018219,1010.5811,22.79184,-0.35,0.00667572,0.08505583,0.00011920929,0.48289683,0.3383761
2021-07-20,URRA1,Caribe,82.72,502850000.0,487920000.0,103.05992785702574,27.731293,0.48908997,-0.30356216,1008.9981,22.855652,-0.35,0.13411045,0.08785725,0.004529953,0.4755897,0.5756379
2021-07-21,URRA1,Caribe,82.26,570040000.0,487920000.0,116.83062797179866,27.138397,0.514019,0.22063065,1009.0645,22.759705,-0.35,0.65732,0.09918213,0.017166138,0.47559884,0.5593688
2021-07-22,URRA1,Caribe,81.85,579180000.0,487920000.0,118.70388588293164,26.573761,0.21545029,0.50177765,1010.7914,22.653473,-0.35,0.72419643,0.10561943,0.02503395,0.48499295,0.5460766
2021-07-23,URRA1,Caribe,80.86,494690000.0,487920000.0,101.38752254467948,27.11557,0.52884674,0.6793442,1011.2436,22.45285,-0.35,0.07605553,0.082314014,0.0021457672,0.48697385,0.8609224
2021-07-24,URRA1,Caribe,80.43,413080000.0,487920000.0,84.66141990490244,24.726837,2.376545,1.2186699,1012.2478,22.407532,-0.35,0.31280518,0.08714199,0.0075101852,0.49057174,2.6707907
2021-07-25,URRA1,Caribe,80.39,472340000.0,487920000.0,96.80685358255452,23.432587,0.4416275,0.43907928,1013.40186,22.278046,-0.35,0.28169155,0.08833408,0.008940697,0.49878743,0.62275636
2021-07-26,URRA1,Caribe,79.0,433430000.0,487920000.0,88.8321856041974,25.596893,0.20098495,0.048770905,1013.6161,22.324402,-0.35,0.08368492,0.08165836,0.0016093254,0.48765084,0.20681767
2021-07-27,URRA1,Caribe,77.8,462850000.0,487920000.0,94.86186260042628,24.485687,0.2647705,0.3927002,1013.77075,22.268433,-0.35,0.5309582,0.101685524,0.018000603,0.49852645,0.473621
2021-07-28,URRA1,Caribe,75.92999999999999,394330000.0,487920000.0,80.81857681587145,25.574982,-1.1554756,0.069664,1010.8667,22.253326,-0.35,0.009179115,0.09024143,0.0004172325,0.48125887,1.1575738
2021-07-29,URRA1,Caribe,73.71,349850000.0,487920000.0,71.70232825053287,26.275238,0.85116196,0.6077614,1009.9981,22.310577,-0.35,0.30195713,0.094115734,0.004351139,0.49191803,1.0458732
2021-07-30,URRA1,Caribe,72.0,418160000.0,487920000.0,85.70257419249057,26.623566,0.0041923523,0.47707748,1011.4828,22.454742,-0.35,0.28896332,0.11193752,0.021576881,0.49951813,0.4770959
2021-07-31,URRA1,Caribe,71.15,358510000.0,487920000.0,73.47720937858665,27.345184,-0.6632538,0.071769714,1010.6297,22.698364,-0.35,0.057935715,0.08845329,0.0011920929,0.4816061,0.6671255
2021-08-01,URRA1,Caribe,71.45,358060000.0,446440000.0,80.2033867932981,26.555023,0.8455734,0.7806053,1010.83514,22.664337,-0.45,0.07069111,0.08678436,0.0014305115,0.4963814,1.1507994
2021-08-02,URRA1,Caribe,71.97,391460000.0,446440000.0,87.6847952692411,26.026459,-0.049690247,-0.27624893,1012.6764,22.584808,-0.45,0.09524822,0.08571148,0.001937151,0.48766822,0.28068238
2021-08-03,URRA1,Caribe,76.13,910230000.0,446440000.0,203.8863005107069,25.766937,0.052726746,-0.19646454,1013.3872,22.42685,-0.45,0.6220341,0.12117624,0.03015995,0.50404656,0.20341687
2021-08-04,URRA1,Caribe,76.59,633160000.0,446440000.0,141.8242093002419,26.56131,-1.1611023,-0.30381775,1012.9973,22.374603,-0.45,0.009894371,0.08159876,0.00035762787,0.48189732,1.2001933
2021-08-05,URRA1,Caribe,75.69,504480000.0,446440000.0,113.00062718394408,26.350555,-0.13359451,0.24215698,1012.5186,22.034576,-0.45,0.20813942,0.11920929,0.016868114,0.49740088,0.27656373
2021-08-06,URRA1,Caribe,75.88000000000001,501430000.0,446440000.0,112.31744467341636,26.162506,0.6278534,0.50548935,1012.91315,21.898987,-0.45,0.101447105,0.08112192,0.002026558,0.49895602,0.80605173
2021-08-07,URRA1,Caribe,76.07000000000001,427610000.0,446440000.0,95.7821879759878,25.642426,1.7283058,1.2370644,1013.265,21.589935,-0.45,0.18203259,0.09286404,0.008523464,0.4966941,2.1254103
2021-08-08,URRA1,Caribe,76.12,392870000.0,446440000.0,88.00062718394409,25.305328,0.42803192,-0.0990181,1013.4856,21.367218,-0.45,0.2952814,0.112354755,0.01180172,0.49236387,0.43933576
2021-08-09,URRA1,Caribe,76.48,449230000.0,446440000.0,100.62494400143356,26.201569,0.26647186,0.37991714,1012.1103,21.287537,-0.45,0.20134449,0.10693073,0.0071525574,0.4959178,0.46405205
2021-08-10,URRA1,Caribe,79.03999999999999,760330000.0,446440000.0,170.30956007526208,25.986298,0.7087364,0.2740326,1012.23987,21.260437,-0.45,0.1809597,0.10216236,0.0038146973,0.49926853,0.75986916
2021-08-11,URRA1,Caribe,78.75,518060000.0,446440000.0,116.04246931278558,24.786835,1.2974777,0.7068825,1012.8603,21.15445,-0.45,1.2661219,0.7523298,0.13554096,0.5020857,1.4775423
2021-08-12,URRA1,Caribe,79.35,643560000.0,446440000.0,144.1537496640086,25.99173,0.14743805,0.18244934,1013.10156,21.02353,-0.45,0.35309792,0.16707182,0.010669231,0.48901978,0.23457566
2021-08-13,URRA1,Caribe,79.43,566630000.0,446440000.0,126.92187080010753,25.62204,1.3175583,0.52010345,1013.5836,21.224915,-0.45,0.1989603,0.123500824,0.0047683716,0.49509948,1.4164983
2021-08-14,URRA1,Caribe,79.55,572280000.0,446440000.0,128.1874384015769,25.746857,0.70466614,0.2401619,1013.855,21.467255,-0.45,0.06556511,0.11372566,0.0016093254,0.4946377,0.7444677
2021-08-15,URRA1,Caribe,79.79,559160000.0,446440000.0,125.24863363497892,24.819672,0.33234024,0.19710922,1012.8136,21.4646,-0.45,0.46253204,0.12296438,0.0150203705,0.4977227,0.38639626
2021-08-16,URRA1,Caribe,79.01,464890000.0,446440000.0,104.1326942030284,24.74472,0.5473213,-0.13820267,1011.6923,21.50647,-0.45,0.06377697,0.111579895,0.00166893,0.49646926,0.56450033
2021-08-17,URRA1,Caribe,79.07,520880000.0,446440000.0,116.67413314219156,24.800812,0.683651,0.70347595,1012.45404,21.630219,-0.45,0.07092953,0.11408329,0.0015497208,0.496005,0.980947
2021-08-18,URRA1,Caribe,82.87,1074930000.0,446440000.0,240.7781560792044,25.733429,-0.1096344,-0.06496811,1012.77454,21.789154,-0.45,0.18393993,0.12290478,0.004172325,0.4884002,0.12743844
2021-08-19,URRA1,Caribe,83.41,730480000.0,446440000.0,163.62333124272018,25.058502,0.70007706,0.67017746,1012.35095,21.763489,-0.45,0.13744831,0.12594461,0.004529953,0.48569193,0.9691469
2021-08-20,URRA1,Caribe,83.09,619410000.0,446440000.0,138.74428814622345,24.484833,0.88591385,0.45391846,1010.84,21.789398,-0.45,0.07164478,0.12391806,0.0022053719,0.49136972,0.9954322
2021-08-21,URRA1,Caribe,83.39,705840000.0,446440000.0,158.10411253471912,26.231903,-0.101940155,-0.27908325,1009.802,21.65982,-0.45,0.80287457,0.14126301,0.020205975,0.47897673,0.29711825
2021-08-22,URRA1,Caribe,85.00999999999999,891970000.0,446440000.0,199.7961652181704,26.252228,-0.019889832,-0.4383011,1009.8325,21.67334,-0.45,0.42760372,0.1295805,0.010967255,0.4942885,0.43875214
2021-08-23,URRA1,Caribe,84.78999999999999,637810000.0,446440000.0,142.86578263596454,25.798676,0.84373474,0.41158295,1008.7922,21.416656,-0.45,0.40590763,0.1257062,0.009059906,0.4825531,0.9387699
2021-08-24,URRA1,Caribe,84.96000000000001,693870000.0,446440000.0,155.42290117372994,25.518036,2.0209312,1.6180267,1008.94,21.02652,-0.45,0.069618225,0.11610985,0.0022053719,0.4860109,2.5888557
2021-08-25,URRA1,Caribe,84.24000000000001,567580000.0,446440000.0,127.13466535256696,24.368256,1.5218964,1.2274129,1009.9841,20.767242,-0.45,0.590086,0.12993813,0.01835823,0.495849,1.9551754
2021-08-26,URRA1,Caribe,82.82000000000001,470440000.0,446440000.0,105.37586237792314,25.647125,0.49415588,0.9635315,1011.0034,20.5195,-0.45,0.030875206,0.11086464,0.00071525574,0.49775726,1.0828587
2021-08-27,URRA1,Caribe,81.75,525810000.0,446440000.0,117.77842487232326,25.652191,-0.07818222,-0.08610535,1011.312,20.518097,-0.45,1.1390448,0.33420324,0.19973516,0.5029214,0.11630387
2021-08-28,URRA1,Caribe,80.36,470960000.0,446440000.0,105.49233939611146,25.748077,-0.042556763,0.11562729,1011.46313,20.4458,-0.45,0.07927418,0.10794401,0.0016093254,0.4921998,0.12321018
2021-08-29,URRA1,Caribe,78.52,412040000.0,446440000.0,92.2945972583102,26.147552,0.8465233,0.078884125,1010.813,20.725067,-0.45,0.73218346,0.2156496,0.09685755,0.4892435,0.8501908
2021-08-30,URRA1,Caribe,78.02,423700000.0,446440000.0,94.90637039691784,24.487274,1.4301872,1.1545525,1011.4786,21.018036,-0.45,3.024578,1.5009642,0.63991547,0.50295687,1.8380498
2021-08-31,URRA1,Caribe,77.24,385030000.0,446440000.0,86.2445121404892,24.451202,0.7662697,0.3579712,1012.58484,21.122284,-0.45,0.047922134,0.15687943,0.0011324883,0.495232,0.84576154
2021-09-01,URRA1,Caribe,76.31,374950000.0,428900000.0,87.42131032874796,25.881561,-0.15465927,0.20810318,1012.15173,21.538055,-0.63,0.051617622,0.16909838,0.0015497208,0.4749757,0.2592806
2021-09-02,URRA1,Caribe,76.08,390160000.0,428900000.0,90.96759151317325,27.342804,-0.36088943,-0.41263962,1011.97296,21.939056,-0.63,0.017404556,0.16570091,0.0007748604,0.45902097,0.54819036
2021-09-03,URRA1,Caribe,75.35,318150000.0,428900000.0,74.17813010025647,26.768402,0.32343292,0.10956192,1011.0527,22.349243,-0.63,0.04684925,0.16194582,0.0014901161,0.4691468,0.34148598
2021-09-04,URRA1,Caribe,76.55,494310000.0,428900000.0,115.25064117509908,26.105072,0.7027855,0.5199051,1010.51404,22.36853,-0.63,0.071406364,0.15676022,0.0010728836,0.47796738,0.8741904
2021-09-05,URRA1,Caribe,74.24,335230000.0,428900000.0,78.16041035206341,25.859344,0.6667824,0.42375946,1011.1824,22.482147,-0.63,0.21636486,0.15562773,0.0046491623,0.47854787,0.7900448
2021-09-06,URRA1,Caribe,73.38,367310000.0,428900000.0,85.64000932618326,25.933502,0.7660103,0.27411652,1011.34644,22.557129,-0.63,0.40531158,0.15765429,0.011205673,0.48957172,0.8135795
2021-09-07,URRA1,Caribe,73.72,449680000.0,428900000.0,104.8449522033108,24.758942,0.41478348,0.36871338,1011.97327,22.376465,-0.63,0.20670891,0.15115738,0.008225441,0.5008502,0.5549729
2021-09-08,URRA1,Caribe,74.35000000000001,449630000.0,428900000.0,104.8332944742364,25.300568,0.1338234,0.18028641,1011.90686,22.123138,-0.63,0.18846989,0.14913082,0.008404255,0.50018066,0.22452591
2021-09-09,URRA1,Caribe,74.57000000000001,431370000.0,428900000.0,100.5758918162742,25.706512,0.18267822,0.105895996,1011.3803,21.838196,-0.63,0.060081482,0.14346838,0.0014305115,0.4943279,0.2111523
2021-09-10,URRA1,Caribe,74.14,338870000.0,428900000.0,79.00909302867801,27.145538,0.2608528,0.2368393,1010.4561,21.560059,-0.63,0.0654459,0.14674664,0.0013113022,0.48703444,0.35233086
2021-09-11,URRA1,Caribe,75.56,521600000.0,428900000.0,121.61342970389369,24.480865,1.0350494,0.42204666,1012.3805,21.431854,-0.63,0.4415512,0.18823147,0.018417835,0.50501704,1.1177883
2021-09-12,URRA1,Caribe,75.2,425410000.0,428900000.0,99.18629051060852,25.516327,0.5517311,0.33942413,1013.5414,21.385712,-0.63,0.29551983,0.18846989,0.017285347,0.49898407,0.6477777
2021-09-13,URRA1,Caribe,76.11,449900000.0,428900000.0,104.89624621123804,24.954376,1.041565,0.11507034,1014.0745,21.436005,-0.63,0.3656149,0.36615133,0.015199184,0.49777043,1.0479021
2021-09-14,URRA1,Caribe,77.14,467190000.0,428900000.0,108.92748892515738,24.939362,0.47019958,0.04447937,1013.15405,21.524384,-0.63,0.38659573,0.1860261,0.014543533,0.4934716,0.4722987
2021-09-15,URRA1,Caribe,77.92,582330000.0,428900000.0,135.77290743763115,24.958221,0.27153015,0.32631302,1012.26953,21.60672,-0.63,0.079512596,0.17529726,0.0031590462,0.49670726,0.42451006
2021-09-16,URRA1,Caribe,77.82,457000000.0,428900000.0,106.55164373979947,25.762054,-0.36193466,0.15731049,1012.4267,21.598206,-0.63,0.018715858,0.1693368,0.0006556511,0.48531485,0.39464325
2021-09-17,URRA1,Caribe,77.69,457770000.0,428900000.0,106.73117276754488,27.09665,-0.38767624,0.15684891,1011.59906,22.044098,-0.63,0.2952814,0.172019,0.008165836,0.47238532,0.41820383
2021-09-18,URRA1,Caribe,78.14,544150000.0,428900000.0,126.8710655164374,26.730011,1.0094452,0.42160034,1010.59546,22.243652,-0.63,0.05376339,0.15890598,0.001013279,0.4670137,1.0939499
2021-09-19,URRA1,Caribe,78.44,558200000.0,428900000.0,130.14688738633714,26.119415,0.766407,0.24360275,1010.6078,22.476074,-0.63,0.2104044,0.15473366,0.002503395,0.4724198,0.8041903
2021-09-20,URRA1,Caribe,77.86,471600000.0,428900000.0,109.95570062951737,25.867218,0.06521225,0.24398804,1010.6425,22.050629,-0.63,0.05197525,0.14793873,0.0010728836,0.47364545,0.25255257
2021-09-21,URRA1,Caribe,77.83,550970000.0,428900000.0,128.46117976218233,25.753265,0.2167778,0.2994995,1010.8784,21.826996,-0.63,0.25177002,0.14984608,0.0074505806,0.49127457,0.3697196
2021-09-22,URRA1,Caribe,78.14999999999999,613150000.0,428900000.0,142.95873163907672,24.828094,0.97081757,0.6181984,1010.9955,21.632904,-0.63,0.09787083,0.14126301,0.0027418137,0.49516863,1.150937
2021-09-23,URRA1,Caribe,80.7,925520000.0,428900000.0,215.78922825833527,24.678131,1.2564926,0.38320923,1011.46954,21.312073,-0.63,0.040888786,0.13697147,0.0013709068,0.4894966,1.3136297
2021-09-24,URRA1,Caribe,81.23,735090000.0,428900000.0,171.38960130566565,25.979034,-0.20059586,0.1296997,1011.6223,21.279572,-0.63,0.2708435,0.14233589,0.009715557,0.49564248,0.23887384
2021-09-25,URRA1,Caribe,81.39999999999999,695200000.0,428900000.0,162.08906505012823,26.64981,0.43107605,-0.23240662,1010.6864,21.140106,-0.63,0.12648106,0.13196468,0.0022649765,0.48950666,0.489734
2021-09-26,URRA1,Caribe,82.57,753080000.0,428900000.0,175.58405222662626,26.664764,0.11476898,0.31248856,1011.34766,21.181885,-0.63,0.044941902,0.12791157,0.0019073486,0.47999853,0.3328979
2021-09-27,URRA1,Caribe,81.69999999999999,543070000.0,428900000.0,126.61925856843088,26.155914,-0.22675323,0.12244034,1011.21906,21.115814,-0.63,0.012993813,0.12105703,0.00029802322,0.47906607,0.25769877
2021-09-28,URRA1,Caribe,81.08999999999999,580740000.0,428900000.0,135.40219165306598,25.652985,1.1210556,0.2707672,1011.2525,21.098358,-0.63,0.26094913,0.1219511,0.0059604645,0.4936527,1.1532912
2021-09-29,URRA1,Caribe,79.53,447540000.0,428900000.0,104.34600139892748,25.280304,0.7290001,0.35151672,1011.8311,21.15689,-0.63,0.07367134,0.113248825,0.0011920929,0.48963517,0.8093239
2021-09-30,URRA1,Caribe,78.06,454530000.0,428900000.0,105.97575192352532,25.063446,0.25247955,0.1744194,1011.675,21.215546,-0.63,0.39482117,0.17911196,0.070631504,0.5020063,0.30686814
2021-10-01,URRA1,Caribe,76.64999999999999,461990000.0,447800000.0,103.16882536846808,25.27304,-0.39170837,-0.09558487,1011.07764,21.485443,-0.76,0.056624413,0.107228756,0.0016093254,0.49801388,0.4032021
2021-10-02,URRA1,Caribe,75.92999999999999,446640000.0,447800000.0,99.74095578383206,26.2081,-0.047439575,0.52293015,1009.9983,21.489136,-0.76,0.047802925,0.106692314,0.0030994415,0.49369344,0.5250776
2021-10-03,URRA1,Caribe,75.12,508280000.0,447800000.0,113.50602947744528,26.343475,1.0492668,0.68666077,1008.4347,21.681946,-0.76,0.076174736,0.10287762,0.0017881393,0.48903418,1.2539792
2021-10-04,URRA1,Caribe,75.13,658230000.0,447800000.0,146.9919606967396,26.46994,0.83177567,0.17171478,1008.4412,21.3721,-0.76,0.039458275,0.09942055,0.00071525574,0.4901266,0.84931546
2021-10-05,URRA1,Caribe,74.2,527060000.0,447800000.0,117.69986601161231,25.959808,0.57642746,0.19927597,1009.2239,20.697144,-0.76,0.07712841,0.09787083,0.0011920929,0.4948228,0.60990125
2021-10-06,URRA1,Caribe,75.39,528790000.0,447800000.0,118.08619919606966,25.702911,0.96131897,0.22806168,1009.9161,20.396698,-0.76,0.44345856,0.10573864,0.010967255,0.49608675,0.98800117
2021-10-07,URRA1,Caribe,76.07000000000001,452400000.0,447800000.0,101.02724430549353,25.824493,0.55553436,0.1454277,1009.2661,20.076874,-0.76,0.098347664,0.094771385,0.001758337,0.48729178,0.574254
2021-10-08,URRA1,Caribe,76.58,428840000.0,447800000.0,95.76596694953103,25.418488,0.6863251,0.37692642,1009.78564,19.71637,-0.76,0.5502701,0.21457672,0.084877014,0.4997899,0.783017
2021-10-09,URRA1,Caribe,77.2,490380000.0,447800000.0,109.50870924519876,25.747955,1.1656723,0.54306793,1010.72015,19.530304,-0.76,0.15127659,0.09346008,0.0038146973,0.4895421,1.2859684
2021-10-10,URRA1,Caribe,76.78,437780000.0,447800000.0,97.76239392585975,25.303864,0.5418472,0.32879257,1011.1951,19.303375,-0.76,0.43082237,0.10049343,0.010251999,0.49855322,0.63380045
2021-10-11,URRA1,Caribe,76.11,403450000.0,447800000.0,90.09602501116572,25.586884,0.5216141,0.12279129,1011.5853,19.273102,-0.76,0.04863739,0.09286404,0.0011324883,0.4937513,0.53587216
2021-10-12,URRA1,Caribe,75.8,341400000.0,447800000.0,76.23939258597588,25.740509,0.39193344,-0.1151886,1010.96533,19.34085,-0.76,0.14805794,0.0987649,0.0053048134,0.49371937,0.40850976
2021-10-13,URRA1,Caribe,76.58,419850000.0,447800000.0,93.75837427422957,25.398224,0.43395615,0.07910919,1010.7434,19.661346,-0.76,0.2593994,0.22345781,0.12618303,0.4980759,0.44110793
2021-10-14,URRA1,Caribe,77.9,506170000.0,447800000.0,113.034836980795,26.236359,0.17045593,-0.01908493,1010.0878,19.952728,-0.76,0.03027916,0.10186434,0.0011920929,0.49663055,0.17152102
2021-10-15,URRA1,Caribe,78.56,409390000.0,447800000.0,91.42251004912907,26.470428,0.61224365,0.6240425,1010.04456,20.189697,-0.76,0.03027916,0.10281801,0.0006556511,0.4910054,0.87422615
2021-10-16,URRA1,Caribe,79.97,516210000.0,447800000.0,115.27690933452436,25.207733,1.4688911,0.2989502,1012.488,20.226776,-0.76,0.30303,0.11193752,0.009000301,0.49689585,1.4990038
2021-10-17,URRA1,Caribe,80.12,420920000.0,447800000.0,93.99732023224654,25.471344,0.75938797,0.18192291,1013.3052,20.373352,-0.76,0.10633469,0.10448694,0.0023245811,0.48769307,0.7808752
2021-10-18,URRA1,Caribe,80.17999999999999,409940000.0,447800000.0,91.54533273782938,25.71109,0.15860367,0.20264435,1011.9989,20.420807,-0.76,0.046372414,0.10430813,0.0010728836,0.49558803,0.25733218
2021-10-19,URRA1,Caribe,81.67,535480000.0,447800000.0,119.5801697186244,26.053131,-0.10633469,-0.15833664,1011.8842,20.75528,-0.76,0.01835823,0.10377169,0.0006556511,0.49391192,0.190729
2021-10-20,URRA1,Caribe,83.7,608850000.0,447800000.0,135.9647163912461,26.305145,1.1235733,0.37613678,1012.9225,20.981293,-0.76,0.2156496,0.10842085,0.0066161156,0.49271095,1.1848611
2021-10-21,URRA1,Caribe,84.02,447460000.0,447800000.0,99.92407324698526,25.45993,0.9739418,0.48565674,1012.3783,21.397705,-0.76,0.28836727,0.12856722,0.028133392,0.48738998,1.088313
2021-10-22,URRA1,Caribe,84.67,410630000.0,447800000.0,91.6994193836534,25.763275,0.393795,-0.049007416,1011.79047,21.635956,-0.76,0.92732906,0.4323125,0.331223,0.49551123,0.39683276
2021-10-23,URRA1,Caribe,85.03,371560000.0,447800000.0,82.97454220634212,25.705292,0.7612457,0.22334671,1011.4327,21.834137,-0.76,0.18680096,0.12528896,0.006020069,0.49815357,0.79333395
2021-10-24,URRA1,Caribe,85.17,344080000.0,447800000.0,76.83787405091559,25.404694,0.46008682,0.253891,1012.28436,22.111664,-0.76,0.0487566,0.14668703,0.0009536743,0.4869506,0.52549076
2021-10-25,URRA1,Caribe,84.99,298230000.0,447800000.0,66.59892809289862,25.399445,0.09215164,0.4304695,1012.738,22.266693,-0.76,0.03373623,0.15985966,0.0009536743,0.4869133,0.4402226
2021-10-26,URRA1,Caribe,84.19,290890000.0,447800000.0,64.95980348369808,26.097504,1.4941063,0.3752098,1011.6127,22.423615,-0.76,0.031471252,0.15884638,0.00047683716,0.487235,1.5404986
2021-10-27,URRA1,Caribe,83.55,315880000.0,447800000.0,70.54041983028138,25.014923,0.4541359,0.31638718,1011.44904,22.397125,-0.76,1.7063618,0.59336424,0.39374828,0.49783054,0.55348015
2021-10-28,URRA1,Caribe,83.37,299490000.0,447800000.0,66.88030370701206,26.38974,0.4907074,0.2184143,1011.6858,22.472168,-0.76,0.54097176,0.20503998,0.020623207,0.4985187,0.53712064
2021-10-29,URRA1,Caribe,83.81,387890000.0,447800000.0,86.62125949084412,24.121735,-0.11974335,0.6312866,1012.252,22.45523,-0.76,0.7362366,0.5155802,0.028073788,0.50209963,0.6425428
2021-10-30,URRA1,Caribe,83.86,332140000.0,447800000.0,74.17150513622153,25.115997,0.66594315,0.56814194,1011.7653,22.158447,-0.76,0.113248825,0.73611736,0.00333786,0.4982538,0.8753659
2021-10-31,URRA1,Caribe,83.94,335710000.0,447800000.0,74.96873604287629,25.023956,0.71040726,0.6712494,1012.1898,21.951721,-0.76,0.66673756,0.6920099,0.03159046,0.5027028,0.97737104
2021-11-01,URRA1,Caribe,83.91999999999999,321020000.0,404550000.0,79.35236682733901,25.186493,-0.06630707,0.078502655,1013.0106,22.015564,-0.91,0.33080578,0.44506788,0.010073185,0.50361776,0.10275843
2021-11-02,URRA1,Caribe,84.17,356170000.0,404550000.0,88.04103324681745,24.904755,0.36367798,0.4085045,1012.27313,22.226624,-0.91,0.9179115,0.49442053,0.077068806,0.4949256,0.5469347
2021-11-03,URRA1,Caribe,85.52,513830000.0,404550000.0,127.01273019404276,25.139679,1.0918579,0.59720993,1012.183,22.051483,-0.91,0.044703484,0.41002035,0.0009536743,0.49128002,1.2445133
2021-11-04,URRA1,Caribe,85.13,366540000.0,404550000.0,90.60437523173896,25.174774,0.968071,0.23107529,1011.7508,22.04535,-0.91,0.11348724,0.3799796,0.0044703484,0.49761495,0.99526745
2021-11-05,URRA1,Caribe,85.85000000000001,422710000.0,404550000.0,104.48893832653565,25.193085,0.7305336,0.29964066,1011.3228,22.067291,-0.91,0.35059452,0.35071373,0.015079975,0.508458,0.7895973
2021-11-06,URRA1,Caribe,86.02,350250000.0,404550000.0,86.57767890248425,25.761139,0.32873917,0.17022324,1011.105,22.12857,-0.91,0.083088875,0.3093481,0.0019073486,0.4949321,0.37019643
2021-11-07,URRA1,Caribe,86.13,342090000.0,404550000.0,84.56062291434928,26.320587,0.60554886,-0.21773529,1011.3297,21.96045,-0.91,0.049829483,0.2834797,0.0010728836,0.48796555,0.64350456
2021-11-08,URRA1,Caribe,86.55000000000001,380270000.0,404550000.0,93.99826968236312,24.961823,0.5523758,0.5622711,1012.3725,21.6315,-0.91,1.5370846,0.81783533,0.213027,0.49606174,0.78820544
2021-11-09,URRA1,Caribe,87.28,426190000.0,404550000.0,105.34915338029909,25.077179,1.1432686,0.3098259,1011.7381,21.58374,-0.91,0.06270409,0.43427944,0.0011324883,0.47530818,1.1845063
2021-11-10,URRA1,Caribe,88.19,454220000.0,404550000.0,112.27783957483624,25.501984,1.2440681,0.3651123,1011.1178,21.251953,-0.91,0.05698204,0.4028678,0.0010728836,0.46860132,1.2965387
2021-11-11,URRA1,Caribe,87.98,340970000.0,404550000.0,84.2837720924484,25.962555,0.3198471,0.17546463,1011.03156,20.986359,-0.91,0.024318695,0.3569126,0.0004172325,0.462105,0.36481503
2021-11-12,URRA1,Caribe,87.45,287250000.0,404550000.0,71.00482017055988,25.509125,0.3665924,-0.020923615,1010.7347,20.669067,-0.91,0.04887581,0.31286478,0.0013113022,0.45649102,0.36718905
2021-11-13,URRA1,Caribe,87.39,314550000.0,404550000.0,77.75305895439377,25.864044,0.68125916,0.19023132,1010.2339,20.375458,-0.91,0.017166138,0.27513504,0.00023841858,0.4557197,0.70732033
2021-11-14,URRA1,Caribe,87.33,314850000.0,404550000.0,77.8272154245458,26.146881,1.0118599,0.46679688,1010.1811,20.12918,-0.91,0.022053719,0.24425983,0.00035762787,0.45482326,1.1143428
2021-11-15,URRA1,Caribe,87.24,311390000.0,404550000.0,76.97194413545915,25.89981,0.7323265,0.32011032,1010.53094,20.008392,-0.91,0.020980835,0.21743774,0.00029802322,0.47185898,0.7992326
2021-11-16,URRA1,Caribe,86.91,275640000.0,404550000.0,68.13496477567668,26.000336,0.97286224,0.63733673,1009.6078,19.96637,-0.91,0.04041195,0.19598007,0.00059604645,0.4753699,1.1630387
2021-11-17,URRA1,Caribe,86.47,262090000.0,404550000.0,64.78556420714374,26.239716,0.9619293,0.42212296,1010.3522,20.043457,-0.91,0.076293945,0.177145,0.0009536743,0.46584615,1.050474
2021-11-18,URRA1,Caribe,86.41,236150000.0,404550000.0,58.37350142133234,25.59549,1.1694946,0.1556778,1010.71216,20.099823,-0.91,0.016450882,0.15938282,0.00035762787,0.4563437,1.1798108
2021-11-19,URRA1,Caribe,86.11999999999999,219030000.0,404550000.0,54.14163885799036,25.462006,1.1075172,0.43091583,1010.7342,20.174988,-0.91,0.027418137,0.14489889,0.00029802322,0.45618212,1.1883951
2021-11-20,URRA1,Caribe,85.94000000000001,220920000.0,404550000.0,54.608824619948095,25.542389,1.0847778,0.600544,1010.29297,20.209167,-0.91,0.03492832,0.13285875,0.00047683716,0.46838,1.2399178
2021-11-21,URRA1,Caribe,85.89,239010000.0,404550000.0,59.08045977011495,25.942596,0.87503433,0.228199,1010.7275,20.528473,-0.91,0.008225441,0.12254715,0.00011920929,0.4715353,0.90430075
2021-11-22,URRA1,Caribe,86.36,333760000.0,404550000.0,82.5015449264615,25.492218,0.86471176,0.15652466,1010.88403,20.794922,-0.91,0.11301041,0.1154542,0.0014901161,0.49614242,0.87876415
2021-11-23,URRA1,Caribe,87.56,418960000.0,404550000.0,103.5619824496354,25.03598,1.2118187,0.45901108,1011.2991,21.161987,-0.91,1.0197163,0.15944242,0.052809715,0.50167054,1.2958379
2021-11-24,URRA1,Caribe,89.12,463730000.0,404550000.0,114.62859967865528,24.702911,1.0198059,0.20118332,1012.4317,21.5289,-0.91,0.61643124,0.11563301,0.01424551,0.5027343,1.0394609
2021-11-25,URRA1,Caribe,90.33,574240000.0,404550000.0,141.94537140032136,25.28598,0.23461914,0.20402145,1011.757,21.782623,-0.91,0.500679,0.1129508,0.015616417,0.5067132,0.31091943
2021-11-26,URRA1,Caribe,92.12,654000000.0,404550000.0,161.66110493140528,24.529205,0.6016846,0.30878448,1011.77374,21.78659,-0.91,1.3062954,0.26625395,0.17216802,0.5038122,0.67629296
2021-11-27,URRA1,Caribe,94.52,594360000.0,404550000.0,146.91879866518354,25.424713,0.06371689,0.2044754,1011.52515,21.802795,-0.91,0.3004074,0.10198355,0.010669231,0.499941,0.21417291
2021-11-28,URRA1,Caribe,94.89,462170000.0,404550000.0,114.24298603386478,26.08316,-0.21754074,-0.16849136,1010.3644,21.788239,-0.91,0.09906292,0.092089176,0.0032782555,0.48900172,0.27516052
2021-11-29,URRA1,Caribe,93.04,422360000.0,404550000.0,104.40242244469162,26.15567,0.42157745,0.19213486,1009.3253,21.83902,-0.91,0.11253357,0.09292364,0.006377697,0.49302402,0.46329618
2021-11-30,URRA1,Caribe,91.81,416460000.0,404550000.0,102.94401186503524,25.389801,1.5143013,0.95422745,1010.7517,21.729065,-0.91,0.04553795,0.08636713,0.001013279,0.4897282,1.7898767
2021-12-01,URRA1,Caribe,90.79,335350000.0,288180000.0,116.36824207092788,25.466644,0.9563179,0.13162613,1012.20483,21.602509,-0.87,0.023961067,0.08451939,0.00047683716,0.48409855,0.9653338
2021-12-02,URRA1,Caribe,90.87,335990000.0,288180000.0,116.59032549101256,25.584808,-0.10853958,-0.39531326,1010.8686,21.765808,-0.87,0.06723404,0.083863735,0.00166893,0.48379916,0.4099432
2021-12-03,URRA1,Caribe,90.64,292500000.0,288180000.0,101.49906308557152,26.05539,0.048732758,-0.06404877,1009.2972,21.882843,-0.87,0.048279762,0.08159876,0.0012516975,0.48073584,0.08048059
2021-12-04,URRA1,Caribe,91.6,301620000.0,288180000.0,104.66375182177804,25.709076,0.5287323,0.15426254,1009.6394,21.87796,-0.87,0.066161156,0.07998943,0.0010728836,0.4781997,0.55077654
2021-12-05,URRA1,Caribe,92.32,268810000.0,288180000.0,93.27850648899994,26.140839,0.5147209,0.4812584,1010.22076,21.893585,-0.87,0.05054474,0.07814169,0.001013279,0.47733715,0.7046611
2021-12-06,URRA1,Caribe,92.36,254190000.0,288180000.0,88.20528836144076,26.338898,0.72024155,0.13808823,1010.90515,21.760406,-0.87,0.048041344,0.07665157,0.000834465,0.47908086,0.7333596
2021-12-07,URRA1,Caribe,92.86,236700000.0,288180000.0,82.1361648969394,26.75998,-0.2936859,-0.26259232,1009.8144,21.83255,-0.87,0.066280365,0.07510185,0.0011324883,0.47032943,0.39396212
2021-12-08,URRA1,Caribe,93.28,224790000.0,288180000.0,78.00333125130126,26.70578,0.17712402,0.08515549,1010.15656,21.958038,-0.87,0.13637543,0.07480383,0.0027120113,0.4770298,0.19653085
2021-12-09,URRA1,Caribe,93.62,213350000.0,288180000.0,74.0335901172878,27.011444,0.2667961,-0.34905624,1010.09,21.86502,-0.87,0.101447105,0.07146597,0.0012516975,0.46657988,0.43934092
2021-12-10,URRA1,Caribe,92.76,199890000.0,288180000.0,69.3628981886321,26.715424,0.16722488,0.06613159,1009.0034,21.873718,-0.87,0.08881092,0.07081032,0.0021457672,0.45701483,0.17982644
2021-12-11,URRA1,Caribe,92.05,220580000.0,288180000.0,76.54243875355681,26.106842,0.44218063,0.39499283,1009.54346,21.976562,-0.87,0.08618832,0.06818771,0.0014901161,0.4536711,0.59291065
2021-12-12,URRA1,Caribe,92.22,189990000.0,288180000.0,65.92754528419738,25.306793,1.2847023,0.39781952,1011.33154,21.790497,-0.87,0.118136406,0.0667572,0.0015497208,0.4480288,1.3448868
2021-12-13,URRA1,Caribe,91.69,179480000.0,288180000.0,62.28051911999445,25.096832,0.39055634,0.016456604,1011.4439,21.748993,-0.87,0.007987022,0.063598156,0.00011920929,0.44216374,0.39090288
2021-12-14,URRA1,Caribe,90.64,172440000.0,288180000.0,59.83760149906309,25.622894,0.4622841,0.42984772,1011.4483,21.704071,-0.87,0.12981892,0.06365776,0.0019669533,0.45757288,0.63124925
2021-12-15,URRA1,Caribe,89.53,165380000.0,288180000.0,57.38774377125407,26.312897,0.42576218,0.30213547,1010.7505,21.633667,-0.87,0.049352646,0.06055832,0.00059604645,0.45406005,0.52207214
2021-12-16,URRA1,Caribe,88.69,203870000.0,288180000.0,70.74397945728364,26.459137,0.33898926,0.42420197,1009.22296,21.701904,-0.87,0.07665157,0.05942583,0.001013279,0.4520239,0.54301107
2021-12-17,URRA1,Caribe,88.0,226920000.0,288180000.0,78.74245263377057,26.330902,0.2347641,0.47922516,1009.7344,21.749084,-0.87,0.12779236,0.059843063,0.002682209,0.4681126,0.5336393
2021-12-18,URRA1,Caribe,88.2,190610000.0,288180000.0,66.1426885974044,25.451996,0.65587234,0.77292633,1010.34845,21.944977,-0.87,0.27382374,0.060796738,0.0047683716,0.46235737,1.013698
2021-12-19,URRA1,Caribe,87.14,169540000.0,288180000.0,58.83128600180443,25.701447,0.9078026,0.61068726,1010.4878,22.134277,-0.87,0.13697147,0.057280064,0.002682209,0.46459514,1.0940952
2021-12-20,URRA1,Caribe,85.06,181560000.0,288180000.0,63.00229023526962,26.354767,0.98174286,0.3366089,1010.3322,22.321472,-0.87,0.014185905,0.053703785,0.00029802322,0.4720963,1.0378461
2021-12-21,URRA1,Caribe,82.87,169060000.0,288180000.0,58.66472343674093,26.043121,1.743763,0.72211075,1010.6928,22.28946,-0.87,0.047326088,0.0526309,0.0005066395,0.46380615,1.8873667
2021-12-22,URRA1,Caribe,81.21000000000001,160750000.0,288180000.0,55.78110902907905,25.449982,1.165371,0.063201904,1012.1783,22.287384,-0.87,0.03516674,0.050723553,0.00035762787,0.47081226,1.1670835
2021-12-23,URRA1,Caribe,80.17999999999999,168020000.0,288180000.0,58.30383787910334,25.82492,0.7127571,-0.20158768,1012.96704,22.42691,-0.87,0.04053116,0.04941225,0.00059604645,0.46674168,0.7407161
2021-12-24,URRA1,Caribe,80.23,173220000.0,288180000.0,60.10826566729127,25.829926,0.018547058,-0.90073013,1012.27124,22.555725,-0.87,0.05376339,0.04810095,0.00071525574,0.4754848,0.90092105
2021-12-25,URRA1,Caribe,80.27,165460000.0,288180000.0,57.415504198764665,26.058868,0.3667221,-0.086875916,1010.96094,22.556,-0.87,0.054359436,0.048041344,0.0019073486,0.47021943,0.37687203
2021-12-26,URRA1,Caribe,82.54,485050000.0,288180000.0,168.31494205010756,26.334808,0.7051697,0.32315826,1011.4458,22.552582,-0.87,0.1487732,0.046908855,0.0019073486,0.46696916,0.7756904
2021-12-27,URRA1,Caribe,83.76,339130000.0,288180000.0,117.67992227080298,25.905426,0.93307495,0.027656555,1011.10297,22.842804,-0.87,0.0551939,0.044345856,0.0006556511,0.46960586,0.93348473
2021-12-28,URRA1,Caribe,85.24000000000001,376040000.0,288180000.0,130.4878895134985,25.868988,0.6499138,0.26107025,1010.8098,22.882904,-0.87,0.046610832,0.043153763,0.00047683716,0.47534388,0.7003896
2021-12-29,URRA1,Caribe,85.63,295820000.0,288180000.0,102.65112082726074,26.33603,0.8835602,-0.008975983,1011.41595,22.678192,-0.87,0.079751015,0.04249811,0.0009834766,0.45876586,0.8836058
2021-12-30,URRA1,Caribe,85.34,250620000.0,288180000.0,86.96647928378097,25.46811,0.3237915,-0.1527214,1011.485,22.49353,-0.87,0.019073486,0.041007996,0.00035762787,0.45459166,0.35800108
2021-12-31,URRA1,Caribe,85.27,223510000.0,288180000.0,77.55916441113193,25.974152,0.28073883,-0.19628143,1010.115,22.382294,-0.87,0.043988228,0.039935112,0.00059604645,0.4576773,0.34255028
2022-01-01,URRA1,Caribe,85.63,213590000.0,165910000.0,128.7384726659032,26.432709,0.20013809,-0.024219513,1010.3195,22.331207,-0.82,0.029087067,0.038683414,0.00047683716,0.45069143,0.20159821
2022-01-02,URRA1,Caribe,85.85000000000001,192580000.0,165910000.0,116.07498041106624,26.286224,0.92928314,0.16586304,1011.40643,22.659973,-0.82,0.051021576,0.037670135,0.0007748604,0.43983832,0.94396913
2022-01-03,URRA1,Caribe,85.91,170350000.0,165910000.0,102.67614971972756,26.2612,0.56679535,-0.33538437,1012.3194,22.838806,-0.82,0.062942505,0.036478043,0.00071525574,0.43200767,0.6585891
2022-01-04,URRA1,Caribe,85.89,157070000.0,165910000.0,94.67181001747934,25.954865,0.21698761,-0.2837715,1011.1898,22.849915,-0.82,0.04184246,0.035226345,0.0005364418,0.426933,0.35722527
2022-01-05,URRA1,Caribe,85.79,147800000.0,165910000.0,89.08444337291303,26.194061,0.31341553,-0.44924927,1009.58685,22.920197,-0.82,0.06055832,0.03427267,0.00059604645,0.41729394,0.54777205
2022-01-06,URRA1,Caribe,85.81,162640000.0,165910000.0,98.02905189560606,25.817902,0.5538864,0.06803131,1009.8778,23.21637,-0.82,0.009179115,0.032782555,0.00017881393,0.40850228,0.5580488
2022-01-07,URRA1,Caribe,85.7,145320000.0,165910000.0,87.5896570429751,25.257355,0.7603073,0.2950592,1011.8256,23.524261,-0.82,0.03874302,0.0320673,0.00047683716,0.41439253,0.81555325
2022-01-08,URRA1,Caribe,85.71,162790000.0,165910000.0,98.11946235911036,25.808258,0.5645294,-0.01682663,1013.2081,23.739746,-0.82,0.057816505,0.03117323,0.0006556511,0.44429952,0.5647801
2022-01-09,URRA1,Caribe,85.67,156100000.0,165910000.0,94.08715568681816,26.084686,0.46745682,-0.10087967,1013.0475,24.118835,-0.82,0.018239021,0.030100346,0.0004172325,0.43100777,0.47821814
2022-01-10,URRA1,Caribe,85.6,151220000.0,165910000.0,91.14580194081128,25.559784,0.8281822,-0.09427261,1012.448,24.048248,-0.82,0.03015995,0.029087067,0.00035762787,0.41595018,0.83353055
2022-01-11,URRA1,Caribe,85.46000000000001,141290000.0,165910000.0,85.160629256826,24.496918,1.2421913,0.031715393,1013.33044,23.878357,-0.82,0.10693073,0.029146671,0.0013709068,0.41630134,1.2425961
2022-01-12,URRA1,Caribe,85.39,151200000.0,165910000.0,91.13374721234403,25.41806,0.7759781,0.23965836,1012.8675,23.712585,-0.82,0.016570091,0.027358532,0.00023841858,0.42803305,0.8121441
2022-01-13,URRA1,Caribe,85.25,139780000.0,165910000.0,84.25049725754927,23.662018,0.95059204,-0.39643097,1013.9291,23.598175,-0.82,0.23722649,0.038146973,0.012040138,0.4676349,1.0299431
2022-01-14,URRA1,Caribe,84.99,131160000.0,165910000.0,79.05490928816829,25.061493,-0.21687317,-0.52059937,1014.09375,23.494812,-0.82,0.0015497208,0.025749207,5.9604645e-05,0.47337934,0.56396604
2022-01-15,URRA1,Caribe,84.66,122290000.0,165910000.0,73.70863721294678,25.088165,-0.44578934,-1.0949135,1013.33435,23.366302,-0.82,0.015854836,0.025242567,0.00029802322,0.4533068,1.1821859
2022-01-16,URRA1,Caribe,84.3,116230000.0,165910000.0,70.05605448737268,25.19693,0.33104324,-0.11765289,1012.77094,23.262482,-0.82,0.07092953,0.024944544,0.000834465,0.44202662,0.35132867
2022-01-17,URRA1,Caribe,83.98,122120000.0,165910000.0,73.60617202097522,25.894318,0.46385193,-0.48376083,1012.53296,23.258087,-0.82,0.10967255,0.025212765,0.0016391277,0.4448107,0.67021126
2022-01-18,URRA1,Caribe,83.99,169610000.0,165910000.0,102.23012476643964,25.484894,0.3768959,-0.08985901,1011.95435,23.309174,-0.82,0.074863434,0.023841858,0.0010728836,0.4482435,0.38745987
2022-01-19,URRA1,Caribe,83.56,131170000.0,165910000.0,79.0609366524019,25.991425,0.087436676,-0.45190048,1010.552,23.496613,-0.82,0.09894371,0.023663044,0.0014305115,0.45855933,0.46028167
2022-01-20,URRA1,Caribe,83.04,119500000.0,165910000.0,72.02700259176662,26.663177,0.31541443,-0.11613083,1009.28564,23.43985,-0.82,0.032305717,0.021874905,0.00029802322,0.44285053,0.33611402
2022-01-21,URRA1,Caribe,82.73,135890000.0,165910000.0,81.90585257067085,26.497955,1.1657906,0.10466385,1010.15796,23.471619,-0.82,0.028967857,0.021278858,0.00023841858,0.43429756,1.1704794
2022-01-22,URRA1,Caribe,82.35,119340000.0,165910000.0,71.93056476402869,26.401703,1.1474152,-0.29368973,1010.8212,23.561615,-0.82,0.0320673,0.02092123,0.0004172325,0.4275337,1.184405
2022-01-23,URRA1,Caribe,81.89,109080000.0,165910000.0,65.74648906033391,26.253998,1.0963135,-0.5809288,1010.1372,23.740082,-0.82,0.048160553,0.020623207,0.00059604645,0.41731232,1.2407181
2022-01-24,URRA1,Caribe,81.41000000000001,105520000.0,165910000.0,63.600747393164966,26.119537,0.8146477,-0.56749344,1009.66174,23.861298,-0.82,0.036239624,0.019907951,0.0005364418,0.41217178,0.9928241
2022-01-25,URRA1,Caribe,81.05,123460000.0,165910000.0,74.41383882828039,25.845673,0.69483566,-0.18429565,1010.77826,23.992462,-0.82,0.035762787,0.019073486,0.00023841858,0.4158463,0.7188612
2022-01-26,URRA1,Caribe,80.62,110740000.0,165910000.0,66.74703152311494,25.578583,0.98833466,-0.30519104,1011.47797,24.158295,-0.82,0.074863434,0.019013882,0.0007748604,0.42129138,1.0343825
2022-01-27,URRA1,Caribe,80.16,106970000.0,165910000.0,64.47471520703996,25.43808,1.1199341,-0.2917862,1011.7114,24.235016,-0.82,0.07259846,0.019073486,0.0011324883,0.42594644,1.1573209
2022-01-28,URRA1,Caribe,79.66,98480000.0,165910000.0,59.35748297269604,25.417328,1.379612,-0.13452148,1011.8114,24.587402,-0.82,0.030875206,0.017821789,0.00035762787,0.4382441,1.3861548
2022-01-29,URRA1,Caribe,79.08,92490000.0,165910000.0,55.74709179675728,24.83957,0.73992157,-1.145855,1012.8783,24.77597,-0.82,0.054597855,0.01758337,0.00071525574,0.45533317,1.3639895
2022-01-30,URRA1,Caribe,78.53,95170000.0,165910000.0,57.36242541136761,25.004303,0.25975037,-1.3768005,1013.33014,24.850555,-0.82,0.016331673,0.016987324,0.00023841858,0.43481982,1.4010888
2022-01-31,URRA1,Caribe,77.92999999999999,87870000.0,165910000.0,52.96244952082454,25.05832,0.4088936,-0.9602814,1012.4519,24.822052,-0.82,0.0075101852,0.016272068,0.00011920929,0.41506633,1.0437118
2022-02-01,URRA1,Caribe,77.35,99140000.0,120850000.0,82.03558129913115,25.342865,0.5129471,-0.5340309,1011.38763,24.969055,-0.79,0.012874603,0.015854836,0.00023841858,0.40042037,0.74047536
2022-02-02,URRA1,Caribe,76.67,84310000.0,120850000.0,69.764170459247,26.290497,0.21642685,-0.27555466,1010.1197,24.953278,-0.79,0.02861023,0.015586615,0.00029802322,0.38746613,0.35038686
2022-02-03,URRA1,Caribe,75.98,84230000.0,120850000.0,69.69797269342159,26.476715,0.7059517,-0.18412781,1010.53455,24.826813,-0.79,0.07247925,0.015318394,0.00047683716,0.3768886,0.72956896
2022-02-04,URRA1,Caribe,75.47,111230000.0,120850000.0,92.03971865949524,26.597992,1.1183281,0.040805817,1012.0527,24.676025,-0.79,0.018000603,0.014841557,0.00035762787,0.37913647,1.1190723
2022-02-05,URRA1,Caribe,74.91,104110000.0,120850000.0,86.14811750103433,25.917816,1.5458374,-0.4659462,1012.1136,24.462616,-0.79,0.044941902,0.014364719,0.00035762787,0.395278,1.6145338
2022-02-06,URRA1,Caribe,74.27,92250000.0,120850000.0,76.33429871741829,25.748444,0.9478226,-0.4066391,1011.40515,24.441315,-0.79,0.00500679,0.013887882,5.9604645e-05,0.38584244,1.0313694
2022-02-07,URRA1,Caribe,73.79,116960000.0,120850000.0,96.78113363673975,25.457672,0.8929596,-0.749115,1012.0005,24.32669,-0.79,0.18143654,0.014483929,0.0010728836,0.38628256,1.1655686
2022-02-08,URRA1,Caribe,73.24000000000001,106900000.0,120850000.0,88.45676458419528,25.187897,0.9431076,-0.09244537,1011.9395,24.186676,-0.79,0.4377365,0.02092123,0.007897615,0.4292729,0.94762766
2022-02-09,URRA1,Caribe,74.65,400550000.0,120850000.0,331.4439387670666,24.918488,0.59804916,0.4350319,1011.40875,24.096222,-0.79,0.5347729,0.025451183,0.012874603,0.47701204,0.73953736
2022-02-10,URRA1,Caribe,74.75,247670000.0,120850000.0,204.94000827472075,26.180573,0.3792343,-0.023426056,1010.2969,24.02597,-0.79,0.14543533,0.01513958,0.0026226044,0.4744132,0.37995717
2022-02-11,URRA1,Caribe,74.25,168510000.0,120850000.0,139.43731899048407,25.792694,1.1295967,0.10227203,1009.315,23.996979,-0.79,0.07355213,0.014066696,0.0017881393,0.47933027,1.134217
2022-02-12,URRA1,Caribe,74.07000000000001,137170000.0,120850000.0,113.5043442283823,25.97171,0.93193436,-0.016967773,1009.4981,23.904755,-0.79,0.030517578,0.012636185,0.00059604645,0.46764785,0.9320888
2022-02-13,URRA1,Caribe,73.87,132960000.0,120850000.0,110.02068680182045,25.920319,1.1737595,-0.01733017,1009.82764,23.899231,-0.79,0.081419945,0.012397766,0.0006854534,0.45386973,1.1738874
2022-02-14,URRA1,Caribe,74.07000000000001,254500000.0,120850000.0,210.59164253206453,25.926239,1.4121666,0.23579025,1011.0469,23.840485,-0.79,0.10848045,0.012934208,0.0014305115,0.44465074,1.4317163
2022-02-15,URRA1,Caribe,73.82,189790000.0,120850000.0,157.04592470004138,25.958588,0.84191513,-0.011169434,1011.2014,23.61856,-0.79,0.0743866,0.012636185,0.0013113022,0.45491898,0.8419892
2022-02-16,URRA1,Caribe,73.3,165480000.0,120850000.0,136.93007860984693,26.163116,0.6995125,-0.42970657,1011.35095,23.507416,-0.79,0.0104904175,0.011205673,0.00017881393,0.44766718,0.82095397
2022-02-17,URRA1,Caribe,72.66,147630000.0,120850000.0,122.1597021100538,26.612885,0.7074623,-0.22192383,1010.90533,23.398224,-0.79,0.000834465,0.010609627,0.0,0.42921108,0.7414534
2022-02-18,URRA1,Caribe,72.15,166250000.0,120850000.0,137.56723210591642,26.299347,1.1621895,-0.046489716,1010.5055,23.45166,-0.79,0.00667572,0.010788441,0.00011920929,0.41422483,1.163119
2022-02-19,URRA1,Caribe,71.86,144700000.0,120850000.0,119.73520893669838,25.487396,1.6018372,-0.20342255,1011.5097,23.677612,-0.79,0.036239624,0.010669231,0.00023841858,0.41625813,1.6147021
2022-02-20,URRA1,Caribe,71.45,127250000.0,120850000.0,105.29582126603228,25.62674,0.6552849,-0.1567421,1011.40356,23.632599,-0.79,0.031113625,0.010550022,0.00035762787,0.42702612,0.67377025
2022-02-21,URRA1,Caribe,70.82000000000001,122660000.0,120850000.0,101.49772445179974,26.349823,0.58857346,-0.40076828,1011.0419,23.853577,-0.79,0.0023841858,0.009953976,5.9604645e-05,0.42980525,0.71206313
2022-02-22,URRA1,Caribe,70.12,111410000.0,120850000.0,92.1886636326024,26.155853,0.8756256,-0.6790085,1010.70013,24.102264,-0.79,0.00047683716,0.009715557,0.0,0.40818393,1.108049
2022-02-23,URRA1,Caribe,69.36,104480000.0,120850000.0,86.45428216797683,26.535614,1.4607887,-0.25200653,1011.1805,24.346008,-0.79,0.002026558,0.009536743,2.9802322e-05,0.39200613,1.4823667
2022-02-24,URRA1,Caribe,68.55,97260000.0,120850000.0,80.47993380223417,26.47586,0.8843689,-0.5255966,1010.7537,24.832733,-0.79,0.0218153,0.009715557,0.00035762787,0.38280228,1.0287663
2022-02-25,URRA1,Caribe,67.71000000000001,95590000.0,120850000.0,79.09805544062888,26.337555,1.2904739,-0.23518372,1011.51294,25.165802,-0.79,0.04684925,0.009417534,0.00047683716,0.3797989,1.3117296
2022-02-26,URRA1,Caribe,67.11,103310000.0,120850000.0,85.4861398427803,25.94217,1.1973648,-0.3944893,1012.6039,25.431244,-0.79,0.060081482,0.009536743,0.00059604645,0.4039011,1.2606761
2022-02-27,URRA1,Caribe,66.55,108800000.0,120850000.0,90.02896152254861,24.815155,0.9158859,0.08545685,1012.49097,25.712738,-0.79,0.25737286,0.014960766,0.0062286854,0.47442532,0.91986406
2022-02-28,URRA1,Caribe,66.7,232290000.0,120850000.0,192.21348779478691,24.604767,1.1547813,0.37642288,1012.16187,25.807465,-0.79,0.38290024,0.019431114,0.010728836,0.49619,1.2145839
2022-03-01,URRA1,Caribe,66.75,216320000.0,134770000.0,160.51049936929584,25.467316,1.0284996,0.06840515,1011.40155,25.96457,-0.86,0.7954836,0.042438507,0.019967556,0.5072133,1.0307719
2022-03-02,URRA1,Caribe,66.95,241310000.0,134770000.0,179.05320175113155,25.481415,0.5823326,-0.09405136,1011.3886,25.915833,-0.86,0.1270771,0.010788441,0.002503395,0.5020405,0.58987874
2022-03-03,URRA1,Caribe,66.84,196160000.0,134770000.0,145.55168064109222,25.167511,0.64611816,0.08332062,1011.617,26.0878,-0.86,0.4094839,0.023841858,0.015377998,0.49455664,0.65146834
2022-03-04,URRA1,Caribe,67.10000000000001,247330000.0,134770000.0,183.52007123247012,25.634064,0.69369507,0.17572021,1011.8702,26.388824,-0.86,0.06401539,0.01090765,0.002592802,0.50278556,0.71560496
2022-03-05,URRA1,Caribe,67.77,279420000.0,134770000.0,207.33100838465532,25.164093,1.1706886,-0.13940811,1011.8812,26.391327,-0.86,0.19741058,0.01603365,0.007927418,0.50050586,1.17896
2022-03-06,URRA1,Caribe,71.94,781860000.0,134770000.0,580.1439489500631,25.38675,1.6719398,0.4160118,1012.02844,26.498749,-0.86,0.069618225,0.009059906,0.0009536743,0.49351406,1.7229187
2022-03-07,URRA1,Caribe,73.63,452180000.0,134770000.0,335.51977443051123,25.257538,1.1860008,0.08079147,1011.4966,26.75177,-0.86,0.21851063,0.010550022,0.0025629997,0.48265344,1.1887494
2022-03-08,URRA1,Caribe,73.6,306100000.0,134770000.0,227.12769904281367,25.565765,0.6700096,0.31279755,1010.9461,26.848206,-0.86,0.055789948,0.008940697,0.0011026859,0.48147923,0.73942894
2022-03-09,URRA1,Caribe,73.15,245660000.0,134770000.0,182.28092305409217,25.40738,0.6360092,0.2777481,1010.9572,26.8992,-0.86,0.23889542,0.012636185,0.004887581,0.48047808,0.69401133
2022-03-10,URRA1,Caribe,72.67,250850000.0,134770000.0,186.1319284707279,25.818573,0.7192154,0.080387115,1011.84094,26.901672,-0.86,0.53703785,0.017046928,0.009417534,0.4829926,0.7236939
2022-03-11,URRA1,Caribe,71.98,204470000.0,134770000.0,151.7177413370928,26.467926,0.5562477,-0.16309357,1011.7333,27.332397,-0.86,0.038981438,0.008165836,0.00059604645,0.47353518,0.5796646
2022-03-12,URRA1,Caribe,71.11,177920000.0,134770000.0,132.0175113155747,26.436493,0.6365776,-0.1906662,1011.42236,27.31955,-0.86,0.05340576,0.008165836,0.00059604645,0.46711254,0.66451836
2022-03-13,URRA1,Caribe,70.19999999999999,173710000.0,134770000.0,128.89367069822663,26.221771,0.43675995,-0.060562134,1012.21265,27.350067,-0.86,0.074744225,0.010073185,0.002503395,0.4888969,0.4409388
2022-03-14,URRA1,Caribe,69.31,174890000.0,134770000.0,129.76923647696074,26.245392,0.5741043,0.016609192,1011.23016,27.580658,-0.86,0.5456209,0.01847744,0.010967255,0.4836288,0.5743445
2022-03-15,URRA1,Caribe,68.23,150380000.0,134770000.0,111.58269644579654,26.460175,1.043499,0.2787285,1011.78125,27.649872,-0.86,0.2835989,0.011563301,0.004172325,0.4857189,1.0800833
2022-03-16,URRA1,Caribe,67.49000000000001,196780000.0,134770000.0,146.01172367737627,26.408295,1.3112488,-0.031230927,1011.2411,27.653412,-0.86,0.07259846,0.00834465,0.001013279,0.47946674,1.3116206
2022-03-17,URRA1,Caribe,66.9,217930000.0,134770000.0,161.70512725383986,26.213348,0.94321823,0.20207977,1011.02515,27.609436,-0.86,0.09858608,0.009179115,0.001847744,0.4880674,0.9646227
2022-03-18,URRA1,Caribe,65.88000000000001,158510000.0,134770000.0,117.6151962602953,26.423065,0.8364029,0.05090332,1010.818,27.304657,-0.86,0.012755394,0.007390976,0.00017881393,0.48130256,0.83795047
2022-03-19,URRA1,Caribe,65.49000000000001,138220000.0,134770000.0,102.55991689545152,26.803253,1.0263138,0.1275177,1010.5831,26.995178,-0.86,0.015854836,0.007390976,0.0,0.47469673,1.0342053
2022-03-20,URRA1,Caribe,65.13,140410000.0,134770000.0,104.1849076203903,26.373505,1.2170143,0.23555756,1010.78424,26.99472,-0.86,0.14603138,0.0086426735,0.0017285347,0.4659349,1.2396013
2022-03-21,URRA1,Caribe,64.68,127800000.0,134770000.0,94.82822586629072,26.362885,0.77119064,-0.20820999,1009.6767,26.851624,-0.86,0.06496906,0.007688999,0.00071525574,0.45946303,0.79880315
2022-03-22,URRA1,Caribe,63.48,117400000.0,134770000.0,87.11137493507456,26.76242,0.90652466,0.13866043,1009.03796,26.801453,-0.86,0.019311905,0.0074505806,0.00047683716,0.45403856,0.91706795
2022-03-23,URRA1,Caribe,62.33,122080000.0,134770000.0,90.58395785412183,26.939728,0.7481384,-0.23617554,1009.58795,26.664948,-0.86,0.042557716,0.007390976,0.00047683716,0.45479894,0.78453165
2022-03-24,URRA1,Caribe,61.85000000000001,167850000.0,134770000.0,124.5455220004452,26.494171,0.9961014,-0.37770844,1009.67487,26.463074,-0.86,0.05555153,0.00756979,0.00071525574,0.45786363,1.0653082
2022-03-25,URRA1,Caribe,61.18,143250000.0,134770000.0,106.2922015285301,26.296051,1.637394,-0.30990982,1010.1647,26.284607,-0.86,0.00071525574,0.00667572,0.0,0.4446618,1.6664642
2022-03-26,URRA1,Caribe,60.75000000000001,131030000.0,134770000.0,97.22490168435112,25.77652,1.1034241,-0.23860168,1010.32654,26.196594,-0.86,0.036478043,0.0071525574,0.0005364418,0.449507,1.1289266
2022-03-27,URRA1,Caribe,63.49,582500000.0,134770000.0,432.2178526378274,25.323944,1.2513695,0.17612839,1011.10626,26.062042,-0.86,0.22852421,0.012218952,0.0056624413,0.4927575,1.2637036
2022-03-28,URRA1,Caribe,65.61,537210000.0,134770000.0,398.6124508421756,25.872467,0.46763992,0.2515831,1010.91095,26.28543,-0.86,0.7327795,0.03874302,0.0320673,0.49749288,0.531019
2022-03-29,URRA1,Caribe,66.23,388160000.0,134770000.0,288.016620909698,25.236725,0.93912125,0.06549835,1011.36,26.146881,-0.86,1.1755228,0.25367737,0.24724007,0.5010556,0.94140255
2022-03-30,URRA1,Caribe,67.34,460470000.0,134770000.0,341.6709950285672,25.949005,0.894619,0.032878876,1010.08624,25.760834,-0.86,0.53858757,0.01692772,0.010371208,0.4935813,0.895223
2022-03-31,URRA1,Caribe,67.95,389580000.0,134770000.0,289.0702678637679,25.333527,0.6265335,0.09262085,1009.70685,25.798126,-0.86,1.376152,0.5129576,0.50634146,0.49231258,0.6333426
2022-04-01,URRA1,Caribe,68.07,478140000.0,239120000.0,199.9581799933088,24.90512,0.8901062,-0.15134048,1011.1177,25.53357,-0.95,0.71024895,0.02592802,0.019490719,0.5022749,0.9028804
2022-04-02,URRA1,Caribe,68.89,433600000.0,239120000.0,181.33154901304783,26.35196,0.52646255,0.08573532,1011.09784,25.401459,-0.95,0.08261204,0.012993813,0.005841255,0.49671924,0.5333979
2022-04-03,URRA1,Caribe,69.8,378800000.0,239120000.0,158.41418534626965,25.922516,0.777153,0.109241486,1009.97845,25.197937,-0.95,0.14054775,0.010192394,0.0029206276,0.49428514,0.7847933
2022-04-04,URRA1,Caribe,70.89,393410000.0,239120000.0,164.52408832385413,25.706146,0.87820816,-0.07102966,1010.2711,25.051453,-0.95,0.20956993,0.013232231,0.0051259995,0.500106,0.881076
2022-04-05,URRA1,Caribe,71.43,386580000.0,239120000.0,161.6677818668451,25.66745,-0.19937134,-0.17100525,1010.23206,24.814941,-0.95,0.50640106,0.15568733,0.023066998,0.5028454,0.26266274
2022-04-06,URRA1,Caribe,70.59,346810000.0,239120000.0,145.03596520575442,26.587372,0.65688324,-0.1536789,1009.4014,24.625763,-0.95,0.156641,0.024855137,0.015437603,0.49524075,0.67462045
2022-04-07,URRA1,Caribe,70.65,478080000.0,239120000.0,199.93308798929408,26.292633,0.7386894,0.6781235,1009.91565,24.371552,-0.95,0.59711933,0.048935413,0.0385046,0.49346083,1.0027529
2022-04-08,URRA1,Caribe,70.74000000000001,485610000.0,239120000.0,203.0821344931415,25.56131,0.48031998,0.3384819,1010.8105,24.161896,-0.95,1.095295,0.36263466,0.34970045,0.50153863,0.587603
2022-04-09,URRA1,Caribe,71.07,520490000.0,239120000.0,217.66895282703248,26.438324,0.3543625,-0.15037918,1010.6753,23.983185,-0.95,0.31614304,0.027418137,0.01180172,0.49555445,0.38495022
2022-04-10,URRA1,Caribe,71.65,555520000.0,239120000.0,232.3185011709602,26.355011,0.9955864,0.40878677,1010.3839,23.943298,-0.95,0.21076202,0.040650368,0.022172928,0.50182503,1.076243
2022-04-11,URRA1,Caribe,71.38,434630000.0,239120000.0,181.7622950819672,26.469513,0.943203,-0.2350769,1009.77704,23.766205,-0.95,0.39470196,0.03606081,0.014841557,0.4977284,0.9720561
2022-04-12,URRA1,Caribe,71.26,457290000.0,239120000.0,191.2387085981934,26.964325,0.30823135,0.14186478,1008.6978,23.491455,-0.95,0.16820431,0.031769276,0.008225441,0.49638054,0.33931133
2022-04-13,URRA1,Caribe,72.55,656550000.0,239120000.0,274.56925393108065,26.893219,0.9751091,0.45795822,1008.9367,23.094757,-0.95,0.016093254,0.025629997,0.00035762787,0.49059665,1.0772945
2022-04-14,URRA1,Caribe,73.46000000000001,449690000.0,239120000.0,188.0603880896621,26.84378,0.67162704,0.38560104,1008.66705,22.993744,-0.95,0.074625015,0.028550625,0.0021457672,0.49353576,0.7744489
2022-04-15,URRA1,Caribe,75.27000000000001,571790000.0,239120000.0,239.12261625961855,27.373688,0.18798447,-0.02802658,1009.3674,22.63623,-0.95,0.39625168,0.038266182,0.010728836,0.49141604,0.19006222
2022-04-16,URRA1,Caribe,76.99000000000001,640720000.0,239120000.0,267.9491468718635,25.93631,0.7902603,0.45582962,1009.7078,22.369781,-0.95,0.202775,0.22906065,0.022172928,0.48942727,0.9123004
2022-04-17,URRA1,Caribe,77.42999999999999,557650000.0,239120000.0,233.2092673134828,25.291534,0.74892807,0.12041092,1009.8709,22.259094,-0.95,1.0229349,0.6092787,0.57446957,0.48867705,0.758546
2022-04-18,URRA1,Caribe,78.72,685870000.0,239120000.0,286.8308798929408,25.43277,0.49143982,0.33224487,1011.0617,22.28543,-0.95,0.11253357,0.04863739,0.009655952,0.49753854,0.59321135
2022-04-19,URRA1,Caribe,81.53,899650000.0,239120000.0,376.2336901973904,24.711212,0.7353935,0.6444702,1012.90485,22.457031,-0.95,1.950264,0.7086992,0.64247847,0.5069523,0.9778269
2022-04-20,URRA1,Caribe,83.05,869390000.0,239120000.0,363.57895617263296,25.268585,0.9457512,0.20890045,1013.08185,22.55368,-0.95,0.14674664,0.08612871,0.0051259995,0.49568367,0.96854776
2022-04-21,URRA1,Caribe,84.56,768930000.0,239120000.0,321.5665774506524,25.618927,0.2348671,-0.2559166,1013.3834,22.78421,-0.95,0.30374527,0.10424852,0.010371208,0.49433258,0.3473555
2022-04-22,URRA1,Caribe,86.88,844010000.0,239120000.0,352.9650384744062,25.306854,0.62332535,0.014316559,1013.0433,23.045105,-0.95,0.35858154,0.116825104,0.013291836,0.50338405,0.62348974
2022-04-23,URRA1,Caribe,88.85,786460000.0,239120000.0,328.89762462361995,26.072906,0.108421326,-0.28189468,1011.6775,23.083344,-0.95,0.022292137,0.11187792,0.0006556511,0.49858052,0.30202615
2022-04-24,URRA1,Caribe,89.61,617780000.0,239120000.0,258.355637336902,26.048798,0.8747444,0.12395477,1010.0878,23.117462,-0.95,0.25498867,0.14293194,0.02849102,0.4892733,0.8834832
2022-04-25,URRA1,Caribe,89.77000000000001,590260000.0,239120000.0,246.84677149548344,25.984467,0.6384964,0.9560127,1010.76904,23.471771,-0.95,0.233531,0.12505054,0.00834465,0.49475533,1.1496252
2022-04-26,URRA1,Caribe,89.47,628740000.0,239120000.0,262.9391100702576,25.789642,0.006099701,-0.4522705,1011.09595,23.724274,-0.95,0.2002716,0.12874603,0.007927418,0.50003743,0.45231164
2022-04-27,URRA1,Caribe,88.47,512300000.0,239120000.0,214.2438942790231,26.19278,0.6118851,-0.025161743,1010.02875,23.697052,-0.95,0.20265579,0.13393164,0.008523464,0.4943651,0.6124022
2022-04-28,URRA1,Caribe,89.69,833210000.0,239120000.0,348.4484777517564,25.510223,1.0136948,0.23070908,1010.3028,23.4599,-0.95,0.3221035,0.15878677,0.00846386,0.49843484,1.0396171
2022-04-29,URRA1,Caribe,91.43,926580000.0,239120000.0,387.4958179993309,25.96762,-0.031455994,-0.007293701,1009.9842,23.325317,-0.95,0.39935112,0.19443035,0.017940998,0.5020258,0.03229052
2022-04-30,URRA1,Caribe,92.56,843180000.0,239120000.0,352.6179324188692,26.678131,0.6842232,-0.048870087,1009.28375,23.07669,-0.95,0.063061714,0.2066493,0.0021457672,0.49152064,0.6859662
2022-05-01,URRA1,Caribe,92.73,708440000.0,421940000.0,167.90064938142862,26.278778,0.15356445,-0.007797241,1009.97174,22.816772,-0.9,0.51760674,0.29724836,0.019609928,0.50071865,0.15376228
2022-05-02,URRA1,Caribe,92.78,689930000.0,421940000.0,163.5137697302934,26.414948,-0.12478638,-0.09371567,1010.8989,22.755432,-0.9,0.09894371,0.27889013,0.0057816505,0.4944942,0.15605853
2022-05-03,URRA1,Caribe,91.66,516960000.0,421940000.0,122.519789543537,28.055573,0.37458038,-0.38412476,1010.0084,22.564148,-0.9,0.05888939,0.26762486,0.0019669533,0.4778062,0.536528
2022-05-04,URRA1,Caribe,91.15,602300000.0,421940000.0,142.74541403991088,27.409088,0.9860039,0.60476303,1009.9528,22.470367,-0.9,0.2259016,0.2629161,0.009298325,0.4912948,1.1566944
2022-05-05,URRA1,Caribe,91.47,720780000.0,421940000.0,170.8252358155188,26.485382,1.3327904,0.4864998,1011.8139,22.539703,-0.9,0.6092787,0.29695034,0.05507469,0.499783,1.4188066
2022-05-06,URRA1,Caribe,90.85,586150000.0,421940000.0,138.91785561928236,25.512177,1.1081772,0.74500656,1013.4817,22.389984,-0.9,0.16915798,0.23972988,0.008285046,0.50003755,1.3353244
2022-05-07,URRA1,Caribe,89.82,528840000.0,421940000.0,125.33535573778263,26.667572,-0.9864731,-0.20254517,1012.40967,22.312958,-0.9,0.012874603,0.22250414,0.00035762787,0.48329273,1.007052
2022-05-08,URRA1,Caribe,88.23,442520000.0,421940000.0,104.8774707304356,27.263458,0.79637146,-0.45760345,1011.2058,22.207062,-0.9,0.80001354,0.30767918,0.09286404,0.4948612,0.9184816
2022-05-09,URRA1,Caribe,87.68,567030000.0,421940000.0,134.38640565009243,26.564667,0.31105423,0.27316284,1010.2975,22.100922,-0.9,0.34308434,0.2297163,0.013589859,0.49969128,0.41397184
2022-05-10,URRA1,Caribe,88.27000000000001,745510000.0,421940000.0,176.68625870976916,25.750702,0.7593498,0.4008484,1011.0084,22.14148,-0.9,1.1724234,0.49573183,0.2722144,0.5084031,0.8586568
2022-05-11,URRA1,Caribe,87.03,469840000.0,421940000.0,111.35232497511494,26.426422,0.5067482,-0.03604126,1010.5703,22.244537,-0.9,0.07867813,0.28198957,0.0017285347,0.4972716,0.50802827
2022-05-12,URRA1,Caribe,85.52,403730000.0,421940000.0,95.68422050528513,26.861115,-0.1967392,0.35871506,1009.8956,22.36377,-0.9,0.53203106,0.6557107,0.040352345,0.50020826,0.40912443
2022-05-13,URRA1,Caribe,87.71,958240000.0,421940000.0,227.1033796274352,26.504913,0.33911514,-0.1619339,1009.91156,22.778229,-0.9,0.5874634,0.35268068,0.029087067,0.4917487,0.3757947
2022-05-14,URRA1,Caribe,88.34,744750000.0,421940000.0,176.50613831350427,26.129364,0.34952545,0.026046753,1010.5089,22.939453,-0.9,0.055909157,0.29468536,0.0017285347,0.48798183,0.35049462
2022-05-15,URRA1,Caribe,88.17,640040000.0,421940000.0,151.68981371759017,27.512054,0.29489136,-0.13982391,1010.5051,23.116333,-0.9,0.38552284,0.35315752,0.09024143,0.4858351,0.3263612
2022-05-16,URRA1,Caribe,88.24,672000000.0,421940000.0,159.26435038157084,26.507538,0.33031082,-0.058559418,1010.8038,22.904877,-0.9,0.38957596,0.28336048,0.04673004,0.4944579,0.33546153
2022-05-17,URRA1,Caribe,88.82,751910000.0,421940000.0,178.2030620467365,26.05252,1.646759,1.6619911,1013.03467,23.272797,-0.9,2.8853416,1.645863,0.5791187,0.5074293,2.3396645
2022-05-18,URRA1,Caribe,89.42,760510000.0,421940000.0,180.2412665307864,26.147247,0.76675415,0.7756958,1013.96204,23.433228,-0.9,1.0536909,0.39088726,0.13411045,0.5001171,1.0906951
2022-05-19,URRA1,Caribe,90.05,772630000.0,421940000.0,183.11371285016827,26.213165,0.2036438,0.09585953,1012.96185,23.46341,-0.9,0.38421154,0.25099516,0.013947487,0.4981594,0.22507742
2022-05-20,URRA1,Caribe,90.3,713320000.0,421940000.0,169.05721192586626,26.055206,0.2725258,0.3179474,1013.64575,23.510223,-0.9,0.3285408,0.31995773,0.08022785,0.49211127,0.4187611
2022-05-21,URRA1,Caribe,89.71000000000001,583100000.0,421940000.0,138.19500402900886,27.325653,-0.6624603,-0.16899109,1014.0275,23.47818,-0.9,0.026226044,0.24205446,0.0005364418,0.48527417,0.6836751
2022-05-22,URRA1,Caribe,88.75,518530000.0,421940000.0,122.8918803621368,26.676361,0.3462944,-0.12714767,1013.02295,23.526794,-0.9,0.018715858,0.23174286,0.00035762787,0.47244373,0.36889884
2022-05-23,URRA1,Caribe,88.13,545140000.0,421940000.0,129.1984642366213,26.603973,1.170517,0.76088715,1011.41296,23.209656,-0.9,0.031113625,0.2219677,0.0005364418,0.47387943,1.3960872
2022-05-24,URRA1,Caribe,87.1,475450000.0,421940000.0,112.68189790017536,26.321808,0.32268906,0.28056335,1010.3203,23.151947,-0.9,0.28288364,0.2129674,0.003993511,0.4847982,0.42760265
2022-05-25,URRA1,Caribe,87.45,669550000.0,421940000.0,158.683699104138,26.36148,-0.32658386,0.24287796,1011.21545,22.927826,-0.9,0.46515465,0.21976233,0.024020672,0.49387833,0.4069972
2022-05-26,URRA1,Caribe,88.21,738490000.0,421940000.0,175.0225150495331,25.553131,0.070575714,0.18622208,1012.2455,23.141632,-0.9,0.6053448,0.205338,0.020682812,0.50116843,0.19914716
2022-05-27,URRA1,Caribe,88.23,635470000.0,421940000.0,150.60672133478695,25.99826,0.11613083,-0.17741776,1011.3378,23.121948,-0.9,0.05567074,0.177145,0.0009536743,0.4976407,0.21204582
2022-05-28,URRA1,Caribe,88.39,657580000.0,421940000.0,155.8468028629663,26.255157,0.58976364,0.6177864,1010.6881,22.839142,-0.9,0.8016825,0.18966198,0.020980835,0.50069064,0.8540967
2022-05-29,URRA1,Caribe,88.58,664510000.0,421940000.0,157.48921647627623,25.443085,0.7919159,0.2604065,1010.15454,22.504547,-0.9,0.48863888,0.1745224,0.011444092,0.4883549,0.83363205
2022-05-30,URRA1,Caribe,88.18,580560000.0,421940000.0,137.59302270464994,26.27658,1.083725,-0.057792664,1010.0084,22.382904,-0.9,0.177145,0.16397238,0.006914139,0.49661458,1.0852649
2022-05-31,URRA1,Caribe,87.99,604460000.0,421940000.0,143.25733516613738,26.198029,0.8761406,0.56326294,1011.27814,22.405365,-0.9,0.09691715,0.15425682,0.0017881393,0.49814606,1.0415794
2022-06-01,URRA1,Caribe,87.13,500240000.0,479860000.0,104.24707206268496,26.696991,0.9663124,0.13236237,1010.90533,22.151764,-0.78,0.011563301,0.14865398,0.0002682209,0.49214613,0.97533554
2022-06-02,URRA1,Caribe,86.5,495160000.0,479860000.0,103.18842995873796,26.460419,1.8459587,0.9213753,1011.95544,21.830719,-0.78,1.5699863,0.8394122,0.1155138,0.49999577,2.0631278
2022-06-03,URRA1,Caribe,85.7,411100000.0,479860000.0,85.67082065602467,25.849274,0.115226746,0.6403885,1012.3816,21.702087,-0.78,0.10383129,0.16087294,0.0034570694,0.49018,0.65067244
2022-06-04,URRA1,Caribe,84.07,356590000.0,479860000.0,74.31125745008961,25.403778,-0.25982285,0.2881775,1011.89233,21.81308,-0.78,0.35119057,0.16838312,0.007927418,0.48600566,0.38801312
2022-06-05,URRA1,Caribe,84.32,541410000.0,479860000.0,112.82665777518444,25.290863,0.20465088,0.37340927,1011.5764,21.798706,-0.78,0.022888184,0.15872717,0.0007748604,0.48245844,0.42581272
2022-06-06,URRA1,Caribe,86.44,547420000.0,479860000.0,114.0791064060351,25.81961,0.67887115,0.42408752,1011.1819,21.917633,-0.78,0.1090765,0.15693903,0.0020861626,0.4898159,0.8004475
2022-06-07,URRA1,Caribe,84.7,608280000.0,479860000.0,126.76197224190388,24.966583,1.6464767,0.68250656,1012.1122,22.095703,-0.78,0.14579296,0.15515089,0.00333786,0.49473855,1.7823303
2022-06-08,URRA1,Caribe,84.61,561400000.0,479860000.0,116.9924561330388,25.48648,0.4857483,0.32682037,1012.2511,22.37677,-0.78,0.28932095,0.15479326,0.0062286854,0.49250326,0.5854596
2022-06-09,URRA1,Caribe,83.34,482290000.0,479860000.0,100.50639769932896,25.261993,0.5154114,-0.028526306,1012.2058,22.555695,-0.78,0.26381016,0.15097857,0.0075101852,0.4974119,0.5162002
2022-06-10,URRA1,Caribe,82.50999999999999,511760000.0,479860000.0,106.64777226691118,25.681976,0.3362236,0.31681824,1011.2236,22.649109,-0.78,0.11062622,0.14269352,0.0038444996,0.49828735,0.46197414
2022-06-11,URRA1,Caribe,82.45,483360000.0,479860000.0,100.72937940232566,25.582611,0.9428787,0.49499893,1011.7686,22.7836,-0.78,0.14472008,0.13661385,0.0028014183,0.49386063,1.0649151
2022-06-12,URRA1,Caribe,83.89999999999999,703580000.0,479860000.0,146.62193139665737,25.283722,0.06818771,0.4473381,1012.27716,22.700684,-0.78,0.05722046,0.13053417,0.0007748604,0.4904254,0.45250517
2022-06-13,URRA1,Caribe,86.72,891980000.0,479860000.0,185.88338265327383,25.268951,0.026447296,0.2345314,1011.9153,22.61383,-0.78,1.167655,0.6469488,0.26643276,0.4979441,0.23601788
2022-06-14,URRA1,Caribe,88.2,776070000.0,479860000.0,161.72842078939692,24.779633,0.85486984,0.27795792,1011.9842,22.43991,-0.78,0.79607964,0.27924776,0.15771389,0.5065284,0.8989233
2022-06-15,URRA1,Caribe,89.83,729430000.0,479860000.0,152.00891926811985,25.4628,0.15724564,0.2902298,1011.82513,22.052734,-0.78,0.07236004,0.12087822,0.0012516975,0.49491233,0.33009017
2022-06-16,URRA1,Caribe,90.45,756300000.0,479860000.0,157.6084691368316,25.771637,0.73163605,0.19366837,1012.0128,21.747772,-0.78,0.079512596,0.11956692,0.0022649765,0.49126983,0.7568347
2022-06-17,URRA1,Caribe,92.01,881690000.0,479860000.0,183.7390072104364,24.2471,0.87208176,0.49872208,1012.3622,21.496552,-0.78,0.5977154,0.40245056,0.08404255,0.50319797,1.0046145
2022-06-18,URRA1,Caribe,92.07,680550000.0,479860000.0,141.8226149293544,25.162506,1.6895409,0.8397064,1011.65094,21.392517,-0.78,0.042796135,0.21064281,0.0020563602,0.49692452,1.8867048
2022-06-19,URRA1,Caribe,91.78,629100000.0,479860000.0,131.10073771516693,25.275238,0.49300766,0.5249405,1012.3978,21.513947,-0.78,0.18596649,0.21845102,0.0060796738,0.4990226,0.7201521
2022-06-20,URRA1,Caribe,91.07,569820000.0,479860000.0,118.74713458091944,25.962067,-0.42855453,-0.17282104,1012.66266,21.429077,-0.78,0.064730644,0.21141768,0.0014007092,0.48662126,0.46208885
2022-06-21,URRA1,Caribe,89.89,508330000.0,479860000.0,105.93298045263202,25.17569,-0.0036849976,-0.42613983,1011.59033,21.253906,-0.78,1.2360811,0.35351515,0.13917685,0.4972089,0.42615578
2022-06-22,URRA1,Caribe,88.53999999999999,485480000.0,479860000.0,101.17117492602009,26.594452,0.33020782,-0.06021881,1010.0425,21.363708,-0.78,0.07593632,0.20009279,0.002026558,0.49253458,0.33565384
2022-06-23,URRA1,Caribe,86.99,453600000.0,479860000.0,94.52757054140793,26.559113,0.5214577,0.19107819,1009.53796,21.401398,-0.78,0.3181696,0.19931793,0.00846386,0.49811906,0.55536383
2022-06-24,URRA1,Caribe,85.9,510070000.0,479860000.0,106.29558621264536,25.608917,1.10849,0.20180893,1011.11206,21.450592,-0.78,0.3979206,0.20480156,0.019311905,0.50105476,1.1267107
2022-06-25,URRA1,Caribe,84.39999999999999,456240000.0,479860000.0,95.07773100487644,25.112213,1.4349403,1.0049286,1012.4233,21.591156,-0.78,0.04374981,0.18036366,0.000834465,0.48752046,1.7518376
2022-06-26,URRA1,Caribe,82.75,440660000.0,479860000.0,91.8309506939524,24.407013,0.16174698,0.12351608,1012.91766,21.698395,-0.78,0.16582012,0.17631054,0.0032186508,0.4876214,0.20351487
2022-06-27,URRA1,Caribe,81.6,503760000.0,479860000.0,104.98061934730964,24.81369,0.8712311,0.22886276,1013.65283,21.753662,-0.78,0.17309189,0.17380714,0.0064373016,0.49994573,0.9007895
2022-06-28,URRA1,Caribe,81.73,674620000.0,479860000.0,140.58683782769975,25.197845,0.43743134,0.08893204,1013.71967,21.75534,-0.78,0.07927418,0.16593933,0.0032186508,0.4936321,0.44637996
2022-06-29,URRA1,Caribe,82.92,669690000.0,479860000.0,139.5594548409953,25.528473,0.23085403,0.42874146,1013.1292,21.812042,-0.78,0.8262396,0.43308735,0.2682209,0.5031179,0.48694232
2022-06-30,URRA1,Caribe,84.57000000000001,728860000.0,479860000.0,151.89013462259825,25.425812,1.4030037,0.60697556,1011.33575,21.727325,-0.78,0.5079508,0.18393993,0.013947487,0.49814087,1.5286722
2022-07-01,URRA1,Caribe,84.64,670110000.0,488600000.0,137.14899713467048,26.275665,0.5214653,0.43987656,1010.1231,21.737488,-0.76,0.15544891,0.17040968,0.0035762787,0.49142572,0.6822151
2022-07-02,URRA1,Caribe,86.72,867950000.0,488600000.0,177.64019647973802,26.259247,0.47018433,0.3773842,1010.51624,21.871246,-0.76,0.12516975,0.16570091,0.0041127205,0.50020534,0.60290307
2022-07-03,URRA1,Caribe,86.42,620790000.0,488600000.0,127.05485059353254,26.814484,0.14859772,0.09270859,1011.0778,21.874329,-0.76,0.100016594,0.15795231,0.0017881393,0.49222735,0.17514612
2022-07-04,URRA1,Caribe,88.37,945430000.0,488600000.0,193.49774866966845,25.879425,0.77336884,0.2998047,1011.1461,21.857697,-0.76,0.2822876,0.1861453,0.034809113,0.5052419,0.8294469
2022-07-05,URRA1,Caribe,89.19,772860000.0,488600000.0,158.17846909537454,26.363983,0.7146683,0.5185051,1011.3711,21.860321,-0.76,0.07510185,0.15127659,0.0032782555,0.4972589,0.88294864
2022-07-06,URRA1,Caribe,89.25,651010000.0,488600000.0,133.23986901350798,26.112518,0.62169266,-0.06544495,1010.7714,21.684784,-0.76,0.061392784,0.14591217,0.0013113022,0.4830921,0.62512785
2022-07-07,URRA1,Caribe,90.27,595390000.0,488600000.0,121.85632419156777,26.881989,0.24375153,-0.010799408,1009.72406,21.586823,-0.76,0.14197826,0.14340878,0.0029802322,0.48563597,0.24399064
2022-07-08,URRA1,Caribe,90.05,643350000.0,488600000.0,131.67212443716744,26.3945,0.53435135,0.7043991,1010.9503,21.537262,-0.76,0.21517277,0.14978647,0.013232231,0.4967045,0.88414335
2022-07-09,URRA1,Caribe,90.11,683550000.0,488600000.0,139.8997134670487,27.05069,0.22399902,0.35889816,1011.91766,21.485535,-0.76,0.02026558,0.13542175,0.0011324883,0.49363017,0.42306435
2022-07-10,URRA1,Caribe,90.03,663000000.0,488600000.0,135.6938190749079,26.561554,1.4221725,0.54838943,1012.2975,21.479279,-0.76,0.048160553,0.1322627,0.0009536743,0.4977312,1.5242393
2022-07-11,URRA1,Caribe,89.52,603670000.0,488600000.0,123.55096193205075,25.73288,1.3712196,0.7024307,1011.64,21.475067,-0.76,0.12767315,0.13184547,0.0023841858,0.49091274,1.5406661
2022-07-12,URRA1,Caribe,89.96,739020000.0,488600000.0,151.25255832992224,25.84793,0.27194595,-0.006290436,1011.71655,21.498535,-0.76,0.04684925,0.12868643,0.001013279,0.48248157,0.2720187
2022-07-13,URRA1,Caribe,90.19,706250000.0,488600000.0,144.5456406058125,25.430878,0.7263336,0.034770966,1012.22266,21.646576,-0.76,0.20754337,0.12892485,0.0039339066,0.49142325,0.7271654
2022-07-14,URRA1,Caribe,89.73,609410000.0,488600000.0,124.7257470323373,26.727448,1.1919289,0.33060837,1012.6142,21.422394,-0.76,0.029087067,0.123262405,0.00059604645,0.4858809,1.2369303
2022-07-15,URRA1,Caribe,89.24,606710000.0,488600000.0,124.1731477691363,26.749725,1.2038116,0.2323227,1012.5027,21.423157,-0.76,0.021576881,0.120699406,0.00059604645,0.47218785,1.2260246
2022-07-16,URRA1,Caribe,87.91,492930000.0,488600000.0,100.88620548505936,26.097565,0.62043,-0.26712036,1011.15704,21.300934,-0.76,0.2514124,0.1218915,0.004529953,0.4625396,0.67548996
2022-07-17,URRA1,Caribe,87.36,592650000.0,488600000.0,121.29553827261564,26.389435,0.9225502,0.6596489,1010.5123,21.21994,-0.76,0.022530556,0.11622906,0.0014305115,0.46494552,1.1341232
2022-07-18,URRA1,Caribe,86.57000000000001,560750000.0,488600000.0,114.76668031109293,26.743011,-0.14208221,0.010593414,1011.2586,21.317383,-0.76,0.054240227,0.11318922,0.0008940697,0.46999282,0.14247659
2022-07-19,URRA1,Caribe,85.21,473260000.0,488600000.0,96.8604175194433,27.250153,0.15381622,-0.18156052,1010.84076,21.325348,-0.76,0.23293495,0.116825104,0.007748604,0.46333432,0.23795725
2022-07-20,URRA1,Caribe,84.22,527320000.0,488600000.0,107.92468276708964,25.740204,1.037777,0.08131409,1010.1144,21.421326,-0.76,0.06532669,0.107467175,0.001013279,0.46665207,1.0409577
2022-07-21,URRA1,Caribe,83.71,598620000.0,488600000.0,122.51739664347114,25.681976,0.8144493,1.02911,1010.8194,21.31482,-0.76,0.9251833,0.13184547,0.028192997,0.4917569,1.3124005
2022-07-22,URRA1,Caribe,83.81,685030000.0,488600000.0,140.20261972984036,25.811493,1.1412125,0.5507393,1011.7136,21.229126,-0.76,0.26261806,0.106692314,0.0054836273,0.49000788,1.2671541
2022-07-23,URRA1,Caribe,84.84,803590000.0,488600000.0,164.46786737617683,25.938324,1.251133,0.59653854,1011.9366,21.374176,-0.76,0.10895729,0.100553036,0.0016987324,0.49256352,1.3860707
2022-07-24,URRA1,Caribe,84.87,660710000.0,488600000.0,135.22513303315594,25.32779,1.0188065,0.045711517,1011.5086,21.416168,-0.76,0.042438507,0.09649992,0.00071525574,0.4884307,1.0198314
2022-07-25,URRA1,Caribe,86.72999999999999,926500000.0,488600000.0,189.62341383544825,25.188385,1.2129784,0.81775284,1012.02686,21.323242,-0.76,0.071167946,0.09608269,0.0030398369,0.48570186,1.4628862
2022-07-26,URRA1,Caribe,88.13,801180000.0,488600000.0,163.97462136717152,25.084503,0.54003525,-0.1991005,1012.7566,21.38211,-0.76,0.30434132,0.09715557,0.0061392784,0.47891584,0.5755685
2022-07-27,URRA1,Caribe,89.86,885570000.0,488600000.0,181.2464183381089,25.361053,1.181778,0.47893143,1012.78314,21.531952,-0.76,0.1924038,0.09393692,0.0052154064,0.48644796,1.2751371
2022-07-28,URRA1,Caribe,90.87,792270000.0,488600000.0,162.15104379860827,25.005035,0.8724251,0.54330826,1012.82513,21.741058,-0.76,0.23150444,0.095665455,0.008106232,0.50241935,1.0277691
2022-07-29,URRA1,Caribe,90.74,617640000.0,488600000.0,126.4101514531314,25.795746,-1.7233734,-0.34869766,1011.6125,21.748138,-0.76,0.028848648,0.08946657,0.002682209,0.48963335,1.7582964
2022-07-30,URRA1,Caribe,90.03,511630000.0,488600000.0,104.7134670487106,26.914154,0.05948639,-0.20269012,1010.4263,21.628906,-0.76,0.027656555,0.08583069,0.000834465,0.47473037,0.21123901
2022-07-31,URRA1,Caribe,88.86,512300000.0,488600000.0,104.85059353254196,25.581635,0.8400574,0.32725906,1011.0544,21.706512,-0.76,0.22017956,0.08928776,0.0056028366,0.48913723,0.9015514
2022-08-01,URRA1,Caribe,87.07000000000001,426060000.0,450170000.0,94.6442455072528,25.537811,0.75045395,0.057044983,1011.0039,21.582275,-0.87,0.049710274,0.08380413,0.0013709068,0.49835336,0.7526189
2022-08-02,URRA1,Caribe,85.46000000000001,448610000.0,450170000.0,99.65346424684007,25.674103,0.5413475,0.060638428,1010.9394,21.446747,-0.87,0.05853176,0.082314014,0.0010728836,0.49056515,0.54473305
2022-08-03,URRA1,Caribe,85.42999999999999,662080000.0,450170000.0,147.07332785392185,25.4216,0.51537704,-0.04210663,1010.8608,21.471222,-0.87,0.15902519,0.08523464,0.0053048134,0.50598466,0.51709425
2022-08-04,URRA1,Caribe,87.52,957360000.0,450170000.0,212.6663260546016,26.299957,0.5859184,0.16091537,1010.26874,21.360992,-0.87,0.06365776,0.081539154,0.0014305115,0.48931593,0.6076135
2022-08-05,URRA1,Caribe,87.72999999999999,690860000.0,450170000.0,153.46646822311573,25.477081,0.8863869,0.11211395,1010.14935,21.500458,-0.87,0.11467934,0.082075596,0.0019669533,0.4873706,0.89344907
2022-08-06,URRA1,Caribe,87.58,651410000.0,450170000.0,144.7031121576293,24.817719,0.975132,0.24975586,1010.83936,21.553955,-0.87,0.16403198,0.08511543,0.0052452087,0.4986474,1.0066084
2022-08-07,URRA1,Caribe,87.48,657990000.0,450170000.0,146.16478219339362,25.8732,0.7873192,0.1145134,1011.1044,21.520538,-0.87,0.05853176,0.08124113,0.0019073486,0.49213168,0.79560345
2022-08-08,URRA1,Caribe,87.13,621440000.0,450170000.0,138.0456272074994,26.707184,0.30534744,-0.07917404,1009.4216,21.443634,-0.87,0.073075294,0.081300735,0.002026558,0.48832312,0.31544507
2022-08-09,URRA1,Caribe,87.72999999999999,754660000.0,450170000.0,167.6388919741431,26.873444,0.5947571,0.47109604,1009.9825,21.30777,-0.87,0.76174736,0.09906292,0.019729137,0.4832743,0.7587275
2022-08-10,URRA1,Caribe,89.08,857990000.0,450170000.0,190.59244285492147,25.841461,0.48859406,-0.025501251,1011.7494,21.308289,-0.87,0.39720535,0.08755922,0.009059906,0.4904688,0.4892591
2022-08-11,URRA1,Caribe,90.17,829940000.0,450170000.0,184.3614634471422,26.024384,0.7652397,0.43442535,1012.22766,21.51593,-0.87,0.044107437,0.0783205,0.001013279,0.4880846,0.8799529
2022-08-12,URRA1,Caribe,90.05,658590000.0,450170000.0,146.2980651753782,25.826202,1.2207642,0.69641113,1013.2495,21.526123,-0.87,0.12302399,0.08255243,0.0064373016,0.4926914,1.4054371
2022-08-13,URRA1,Caribe,89.77000000000001,635560000.0,450170000.0,141.18222005020326,25.422577,0.6884575,-0.16970062,1014.0566,21.400452,-0.87,0.0936985,0.078082085,0.0033974648,0.5032643,0.7090642
2022-08-14,URRA1,Caribe,89.46,634370000.0,450170000.0,140.9178754692672,25.545074,0.06839752,0.105075836,1013.08826,21.484283,-0.87,0.081539154,0.07510185,0.0014305115,0.49427322,0.12537605
2022-08-15,URRA1,Caribe,96.17,1613210000.0,450170000.0,358.3557322789169,25.153778,1.2250023,0.85492706,1012.2512,21.468048,-0.87,1.2811422,0.24712086,0.14942884,0.507683,1.4938309
2022-08-16,URRA1,Caribe,97.89,919270000.0,450170000.0,204.20507808161364,25.888458,-0.56111526,-0.06834793,1013.0719,21.249237,-0.87,0.002026558,0.07712841,5.9604645e-05,0.48420748,0.56526256
2022-08-17,URRA1,Caribe,98.05,706420000.0,450170000.0,156.92294022258258,27.412811,-0.074531555,-0.52259445,1011.28186,21.140045,-0.87,0.08606911,0.07855892,0.00166893,0.4735417,0.52788246
2022-08-18,URRA1,Caribe,97.18,563670000.0,450170000.0,125.21269742541708,26.812653,0.4003601,0.13345337,1010.22,20.938782,-0.87,0.30434132,0.08505583,0.009655952,0.4851027,0.42201662
2022-08-19,URRA1,Caribe,95.63,467190000.0,450170000.0,103.78079392229604,27.059662,0.30010605,0.45166016,1009.6075,20.903778,-0.87,0.017404556,0.0744462,0.00035762787,0.4780966,0.54227346
2022-08-20,URRA1,Caribe,93.79,427390000.0,450170000.0,94.93968945065198,26.756134,1.1124687,0.92998505,1011.4122,20.854889,-0.87,0.13303757,0.074505806,0.0017881393,0.46857017,1.4499857
2022-08-21,URRA1,Caribe,92.1,444680000.0,450170000.0,98.78046071484106,25.254059,0.74329376,-0.08792877,1011.54346,20.809052,-0.87,0.14340878,0.07492304,0.00333786,0.4698079,0.74847656
2022-08-22,URRA1,Caribe,90.12,404060000.0,450170000.0,89.75720283448474,24.97287,0.6290779,0.40912628,1011.8942,21.112762,-0.87,0.37503242,0.08070469,0.010251999,0.5029367,0.75041544
2022-08-23,URRA1,Caribe,87.83,360200000.0,450170000.0,80.01421685141169,25.270416,-0.3009987,0.33680725,1010.97437,21.310486,-0.87,0.052571297,0.07033348,0.0010728836,0.4911488,0.45170712
2022-08-24,URRA1,Caribe,86.18,441940000.0,450170000.0,98.17180176377812,25.919586,-0.060642242,0.117679596,1011.2583,21.292664,-0.87,0.64730644,0.08791685,0.020205975,0.48332986,0.13238569
2022-08-25,URRA1,Caribe,86.39,572990000.0,450170000.0,127.28302641224428,25.049835,0.11563873,0.31964874,1013.07153,21.399933,-0.87,0.35071373,0.079751015,0.013589859,0.49882486,0.339923
2022-08-26,URRA1,Caribe,85.67,575290000.0,450170000.0,127.79394450985184,25.724762,0.23098755,0.081092834,1012.6722,21.714447,-0.87,0.06484985,0.067949295,0.00333786,0.4841187,0.24480869
2022-08-27,URRA1,Caribe,84.26,471510000.0,450170000.0,104.74043139258502,25.955658,0.21239853,-0.12822342,1011.59015,21.569733,-0.87,0.07236004,0.06484985,0.0016093254,0.48233426,0.24810155
2022-08-28,URRA1,Caribe,82.73,458860000.0,450170000.0,101.9303818557434,26.09488,0.94485855,0.8478241,1011.54095,21.617218,-0.87,0.056624413,0.06389618,0.0011920929,0.49355945,1.2694737
2022-08-29,URRA1,Caribe,81.21000000000001,453050000.0,450170000.0,100.639758313526,25.69638,-0.490139,0.15073776,1012.20984,21.493439,-0.87,0.08022785,0.06353855,0.002026558,0.4888654,0.51279444
2022-08-30,URRA1,Caribe,79.60000000000001,444460000.0,450170000.0,98.73159028811338,27.172882,-0.24028015,-0.08892822,1011.52856,21.591522,-0.87,0.12505054,0.065386295,0.00500679,0.47518474,0.25620848
2022-08-31,URRA1,Caribe,79.83,567470000.0,450170000.0,126.0568229779861,25.830353,0.15946579,0.3985939,1012.0098,21.361572,-0.87,0.019669533,0.059723854,0.00047683716,0.49520245,0.42930925
2022-09-01,URRA1,Caribe,78.2,435220000.0,430150000.0,101.17865860746252,25.84848,1.2982903,0.63422394,1011.15436,21.020844,-0.97,0.056385994,0.05888939,0.0007748604,0.4871194,1.4449214
2022-09-02,URRA1,Caribe,77.55,405030000.0,430150000.0,94.1601766825526,25.8107,0.02122116,-0.05924225,1010.46326,20.846588,-0.97,0.076293945,0.059187412,0.002026558,0.4907863,0.062928386
2022-09-03,URRA1,Caribe,78.44,540730000.0,430150000.0,125.70731140299895,26.11618,0.12159729,0.116111755,1010.1333,20.754944,-0.97,0.17678738,0.06455183,0.008404255,0.49579123,0.16813043
2022-09-04,URRA1,Caribe,79.47,559120000.0,430150000.0,129.9825642217831,25.439545,0.13840103,0.38258362,1010.28394,20.798798,-0.97,0.33950806,0.06723404,0.012040138,0.50352526,0.40684775
2022-09-05,URRA1,Caribe,80.34,540040000.0,430150000.0,125.54690224340344,26.097687,0.010631561,-0.105106354,1011.91846,20.634583,-0.97,0.03695488,0.055134296,0.00071525574,0.48537135,0.10564268
2022-09-06,URRA1,Caribe,84.24000000000001,960570000.0,430150000.0,223.31047309078227,26.272736,-0.124938965,-0.06002426,1012.76794,20.677765,-0.97,0.4684925,0.066936016,0.013589859,0.4826507,0.13860974
2022-09-07,URRA1,Caribe,85.42999999999999,737320000.0,430150000.0,171.40997326514008,26.205536,0.06294632,0.32801056,1012.9497,20.712463,-0.97,0.70774555,0.08428097,0.027239323,0.5013946,0.33399576
2022-09-08,URRA1,Caribe,86.88,778980000.0,430150000.0,181.0949668720214,25.595367,1.1331367,0.77570724,1011.1311,20.619446,-0.97,0.18334389,0.069499016,0.009298325,0.49437666,1.3732154
2022-09-09,URRA1,Caribe,86.79,663660000.0,430150000.0,154.2857142857143,25.939789,0.047607422,0.12782288,1010.71045,20.365265,-0.97,0.19049644,0.071287155,0.013589859,0.49064255,0.13640071
2022-09-10,URRA1,Caribe,86.95,697580000.0,430150000.0,162.1713355806114,26.165314,0.18453598,-0.14495087,1011.9341,20.200989,-0.97,0.13017654,0.057518482,0.0057816505,0.49738318,0.2346578
2022-09-11,URRA1,Caribe,87.71,779240000.0,430150000.0,181.1554109031733,26.142975,0.9395714,0.6040764,1013.14294,19.924286,-0.97,0.33783913,0.06568432,0.012457371,0.5001292,1.1170061
2022-09-12,URRA1,Caribe,87.85,691240000.0,430150000.0,160.69743112867604,26.266266,0.7973213,0.25303268,1012.46185,19.592499,-0.97,0.027060509,0.0551939,0.00047683716,0.4896955,0.8365087
2022-09-13,URRA1,Caribe,88.46000000000001,757390000.0,430150000.0,176.0757875159828,26.12851,0.90418625,0.30797958,1011.2372,19.066193,-0.97,0.03886223,0.05555153,0.0011324883,0.49457955,0.9551985
2022-09-14,URRA1,Caribe,88.46000000000001,668210000.0,430150000.0,155.34348483087294,25.235504,0.45885086,0.5094223,1011.5605,18.877472,-0.97,0.20074844,0.05942583,0.0051259995,0.49952146,0.6856057
2022-09-15,URRA1,Caribe,88.06,560450000.0,430150000.0,130.29175868882947,25.976349,0.64247894,0.075431824,1011.91876,18.900879,-0.97,0.50985813,0.0988245,0.04464388,0.49048674,0.6468919
2022-09-16,URRA1,Caribe,87.63,611420000.0,430150000.0,142.14111356503545,25.65213,0.39157867,0.35879135,1011.5089,19.143097,-0.97,0.24986267,0.10383129,0.049829483,0.49101996,0.531098
2022-09-17,URRA1,Caribe,86.72,545930000.0,430150000.0,126.91619202603744,25.975616,0.5977745,0.22990417,1011.83203,19.47699,-0.97,0.0705719,0.055909157,0.0015497208,0.49018708,0.64046097
2022-09-18,URRA1,Caribe,85.85000000000001,555490000.0,430150000.0,129.13867255608508,25.833466,1.5186768,0.9765701,1011.58905,19.77182,-0.97,0.09512901,0.05733967,0.0022649765,0.493464,1.805566
2022-09-19,URRA1,Caribe,84.88,542550000.0,430150000.0,126.13041962106242,24.955292,0.8620262,0.11246872,1012.5048,19.943573,-0.97,0.8057356,0.35858154,0.06765127,0.49966747,0.8693322
2022-09-20,URRA1,Caribe,83.23,440320000.0,430150000.0,102.3642915262118,25.62204,0.9830017,-0.018753052,1012.1897,20.286285,-0.97,0.3142357,0.08010864,0.0060796738,0.49072248,0.9831806
2022-09-21,URRA1,Caribe,81.63,412750000.0,430150000.0,95.95489945367896,25.944305,0.15514374,0.28947067,1011.71875,20.261353,-0.97,0.039577484,0.08165836,0.0008940697,0.48517606,0.32842478
2022-09-22,URRA1,Caribe,80.08999999999999,423690000.0,430150000.0,98.4981983029176,25.525116,0.22434998,0.17794037,1012.08575,20.245392,-0.97,0.106453896,0.08422136,0.0019669533,0.49122658,0.28634888
2022-09-23,URRA1,Caribe,79.32000000000001,534400000.0,430150000.0,124.2357317214925,25.596344,-0.003276825,-0.14332962,1012.0739,20.437561,-0.97,0.039339066,0.08434057,0.00071525574,0.48382398,0.14336707
2022-09-24,URRA1,Caribe,78.32000000000001,495810000.0,430150000.0,115.26444263628969,26.11441,1.3445778,0.62171936,1010.8206,20.252594,-0.97,0.021576881,0.08457899,0.00047683716,0.47378212,1.481359
2022-09-25,URRA1,Caribe,77.86,462120000.0,430150000.0,107.43229106125769,25.912567,0.096897125,0.03792572,1009.9914,20.046295,-0.97,0.19323826,0.08606911,0.0030994415,0.4713451,0.10405485
2022-09-26,URRA1,Caribe,78.93,626200000.0,430150000.0,145.5771242589794,26.615814,0.59313583,0.46429062,1010.48065,19.792328,-0.97,0.1244545,0.08493662,0.002861023,0.47979558,0.75324357
2022-09-27,URRA1,Caribe,78.57,426130000.0,430150000.0,99.0654422875741,25.904755,0.20866013,0.26345062,1011.1964,19.543121,-0.97,0.06341934,0.08189678,0.0010728836,0.47293425,0.33607334
2022-09-28,URRA1,Caribe,79.74,537070000.0,430150000.0,124.85644542601418,25.805817,0.113471985,-0.30361176,1011.9875,19.425446,-0.97,0.029206276,0.08022785,0.0006556511,0.4723087,0.3241234
2022-09-29,URRA1,Caribe,80.47,469270000.0,430150000.0,109.0945019179356,26.230255,1.1705704,0.5124054,1011.03534,19.710083,-0.97,0.020503998,0.07843971,0.00017881393,0.4824335,1.2778084
2022-09-30,URRA1,Caribe,81.22,474150000.0,430150000.0,110.22898988724864,26.069855,0.3263588,0.22156525,1009.9955,19.713043,-0.97,0.295043,0.08302927,0.006198883,0.49318963,0.3944632
2022-10-01,URRA1,Caribe,81.93,467760000.0,447520000.0,104.52270289595997,25.386139,0.45767212,0.62470245,1011.545,19.77475,-0.94,0.09250641,0.07921457,0.0020861626,0.48773757,0.7744139
2022-10-02,URRA1,Caribe,82.61,465030000.0,447520000.0,103.91267429388633,26.713043,-0.8714981,-0.29071045,1012.5648,20.034882,-0.94,0.007867813,0.07855892,0.0004172325,0.48017994,0.9187065
2022-10-03,URRA1,Caribe,82.73,386490000.0,447520000.0,86.36262066499822,27.001617,-0.056632996,-0.4720497,1011.66046,20.411652,-0.94,0.13649464,0.08177757,0.004172325,0.47941676,0.47543478
2022-10-04,URRA1,Caribe,85.33,739500000.0,447520000.0,165.24401144082944,26.396698,0.549984,0.673275,1010.5006,20.425507,-0.94,0.08499622,0.08177757,0.0047683716,0.4869061,0.869357
2022-10-05,URRA1,Caribe,86.08,476500000.0,447520000.0,106.4756882373972,25.587494,1.6132317,0.7325821,1010.7897,20.184479,-0.94,0.7840395,0.12373924,0.047802925,0.4872658,1.7717768
2022-10-06,URRA1,Caribe,86.21,390010000.0,447520000.0,87.14917769038254,26.176422,0.66646194,-0.08818054,1010.96826,19.972473,-0.94,0.4413128,0.103354454,0.02861023,0.48581976,0.6722703
2022-10-07,URRA1,Caribe,87.87,603400000.0,447520000.0,134.83196281730426,25.629303,1.3239899,0.7408333,1009.6783,19.812653,-0.94,0.3117323,0.23430586,0.06902218,0.49306732,1.5171628
2022-10-08,URRA1,Caribe,88.23,434430000.0,447520000.0,97.074991061852,25.006073,1.4293938,1.3542328,1009.5422,19.652283,-0.94,0.35524368,0.111460686,0.014066696,0.5007776,1.9690386
2022-10-09,URRA1,Caribe,88.35,401080000.0,447520000.0,89.62281015373614,24.845734,0.31089783,0.4390564,1011.08484,19.413513,-0.94,0.3068447,0.08422136,0.008523464,0.49955177,0.53798515
2022-10-10,URRA1,Caribe,88.32,379610000.0,447520000.0,84.82525920629246,25.60141,0.35836792,-0.084171295,1011.70123,19.365112,-0.94,0.2590418,0.098228455,0.006914139,0.50009835,0.36812004
2022-10-11,URRA1,Caribe,88.05,346620000.0,447520000.0,77.4535216303182,26.731659,-0.06181717,-0.4246788,1011.7623,19.421906,-0.94,0.034689903,0.10514259,0.0007748604,0.48600042,0.42915434
2022-10-12,URRA1,Caribe,89.0,515100000.0,447520000.0,115.10100107257776,26.07608,0.7209358,0.15981293,1011.6436,19.529022,-0.94,0.4862547,0.12564659,0.015258789,0.4938336,0.7384366
2022-10-13,URRA1,Caribe,89.89,510180000.0,447520000.0,114.00160886664284,25.838898,0.9884224,0.8546562,1011.60266,19.476898,-0.94,0.15175343,0.12087822,0.0060796738,0.49461582,1.3066813
2022-10-14,URRA1,Caribe,90.05,406990000.0,447520000.0,90.94342152306042,25.513947,0.093761444,0.29818726,1011.948,19.446808,-0.94,0.40960312,0.13029575,0.013113022,0.4997712,0.31258094
2022-10-15,URRA1,Caribe,90.42,436480000.0,447520000.0,97.5330711476582,26.25467,0.49220276,0.07987213,1011.6408,19.715363,-0.94,0.046133995,0.14305115,0.0007748604,0.48760697,0.49864128
2022-10-16,URRA1,Caribe,90.44,367680000.0,447520000.0,82.15945656060065,26.197357,0.80979156,0.59552383,1010.85205,19.951447,-0.94,0.020503998,0.16850233,0.00029802322,0.49850607,1.005192
2022-10-17,URRA1,Caribe,90.71,424030000.0,447520000.0,94.75107257776187,25.864532,1.5835037,1.0798912,1010.5658,20.048859,-0.94,0.16999245,0.24497509,0.002503395,0.48036888,1.9166765
2022-10-18,URRA1,Caribe,91.12,441370000.0,447520000.0,98.62575974258134,25.402252,1.2898064,1.5187302,1011.0027,20.211853,-0.94,0.86021423,0.27668476,0.03248453,0.49730822,1.9925214
2022-10-19,URRA1,Caribe,91.25,388060000.0,447520000.0,86.71344297461566,25.611359,0.4886055,0.61397934,1011.9408,20.468414,-0.94,0.035881996,0.23770332,0.0005364418,0.4876207,0.78466934
2022-10-20,URRA1,Caribe,91.82,448360000.0,447520000.0,100.18770110833034,25.739532,1.0224838,0.4993782,1011.77454,20.373047,-0.94,0.06318092,0.2296567,0.0013113022,0.48642236,1.1379155
2022-10-21,URRA1,Caribe,91.94,401580000.0,447520000.0,89.73453700393279,25.53891,0.846035,0.6458397,1011.0781,20.280823,-0.94,0.20503998,0.23508072,0.015497208,0.484379,1.0643703
2022-10-22,URRA1,Caribe,91.9,378570000.0,447520000.0,84.59286735788345,26.013153,1.4415894,0.7393379,1010.84985,20.35785,-0.94,0.18835068,0.21624565,0.0044107437,0.49210435,1.6201236
2022-10-23,URRA1,Caribe,91.7,357840000.0,447520000.0,79.96067214873078,25.633514,0.9037018,0.70508575,1010.9455,20.348572,-0.94,0.18668175,0.20855665,0.005185604,0.49021432,1.1462212
2022-10-24,URRA1,Caribe,91.44,349380000.0,447520000.0,78.07025384340365,25.454803,1.0732002,0.33052826,1011.7067,20.45755,-0.94,0.7138252,0.25001168,0.055760145,0.498018,1.1229459
2022-10-25,URRA1,Caribe,91.29,363770000.0,447520000.0,81.28575259206292,25.788055,1.603775,0.37046432,1011.5878,20.454285,-0.94,0.042796135,0.18972158,0.0015497208,0.49902263,1.6460067
2022-10-26,URRA1,Caribe,90.9,325170000.0,447520000.0,72.66043975688238,25.871552,0.65104675,-0.100673676,1011.03705,20.4646,-0.94,0.037908554,0.18459558,0.0011324883,0.488203,0.6587845
2022-10-27,URRA1,Caribe,90.77,363110000.0,447520000.0,81.13827314980337,26.11972,1.2230377,-0.22520447,1010.84515,20.418182,-0.94,0.01847744,0.17857552,0.00029802322,0.48269433,1.2435989
2022-10-28,URRA1,Caribe,90.35,324720000.0,447520000.0,72.5598855917054,25.525726,0.8760605,-0.22135544,1012.34015,20.254883,-0.94,0.08916855,0.17130375,0.0014305115,0.47568974,0.90359294
2022-10-29,URRA1,Caribe,89.56,274610000.0,447520000.0,61.36262066499821,25.319244,1.1692047,-0.18884277,1012.6138,20.225769,-0.94,0.00667572,0.16182661,0.00017881393,0.46876794,1.1843569
2022-10-30,URRA1,Caribe,88.55,242690000.0,447520000.0,54.22997854844476,25.01242,0.8637428,-0.111328125,1011.113,20.131622,-0.94,0.015497208,0.15336275,0.00023841858,0.45418358,0.8708878
2022-10-31,URRA1,Caribe,87.39,221580000.0,447520000.0,49.51287093314266,26.27353,0.71912,0.1453743,1010.0586,20.110199,-0.94,0.00047683716,0.14430285,0.0,0.4428796,0.733667
2022-11-01,URRA1,Caribe,86.19,216500000.0,404100000.0,53.57584756248453,25.612152,-0.537838,-0.30217743,1011.2089,20.18631,-0.85,0.033974648,0.13673306,0.00059604645,0.4332067,0.61691236
2022-11-02,URRA1,Caribe,86.03,215450000.0,404100000.0,53.31601088839396,26.325165,0.0792923,-0.39514923,1011.4486,20.580627,-0.85,0.4285574,0.13458729,0.006020069,0.42995158,0.40302628
2022-11-03,URRA1,Caribe,86.89,359640000.0,404100000.0,88.99777282850779,26.27121,1.2039757,0.50845337,1010.8805,20.644318,-0.85,0.37050247,0.12731552,0.005364418,0.47520298,1.3069361
2022-11-04,URRA1,Caribe,87.48,319740000.0,404100000.0,79.12397921306608,24.97696,1.9233322,1.3673363,1011.4994,20.641876,-0.85,0.91671944,0.28556585,0.16891956,0.5010563,2.3598337
2022-11-05,URRA1,Caribe,87.7,267700000.0,404100000.0,66.24597871813907,25.3815,1.7166214,1.1811867,1011.23047,20.456818,-0.85,0.079631805,0.11467934,0.0026226044,0.4942784,2.0837445
2022-11-06,URRA1,Caribe,87.88,263660000.0,404100000.0,65.2462261816382,25.483917,1.5239143,0.97756577,1011.55096,20.322845,-0.85,0.047326088,0.10842085,0.00059604645,0.47982222,1.8105109
2022-11-07,URRA1,Caribe,87.94999999999999,248300000.0,404100000.0,61.44518683494184,25.493988,1.0220909,0.44278717,1011.8839,20.423492,-0.85,0.19967556,0.10663271,0.002682209,0.48186764,1.1138808
2022-11-08,URRA1,Caribe,87.94,236520000.0,404100000.0,58.53006681514477,25.749054,0.53965807,0.08658981,1012.2947,20.464783,-0.85,0.039577484,0.1001358,0.00047683716,0.47535202,0.5465607
2022-11-09,URRA1,Caribe,88.0,246630000.0,404100000.0,61.03192279138827,25.166107,0.55365753,0.21979141,1012.8761,20.715271,-0.85,0.492692,0.10603666,0.009953976,0.4868257,0.59568864
2022-11-10,URRA1,Caribe,88.08,250340000.0,404100000.0,61.95001237317496,25.326569,0.34012222,0.54045105,1012.6692,21.072144,-0.85,0.020861626,0.09351969,0.00029802322,0.4808449,0.63856906
2022-11-11,URRA1,Caribe,88.24,260180000.0,404100000.0,64.38505320465231,25.44748,-0.09804535,0.03573227,1012.32935,21.209595,-0.85,0.13542175,0.092446804,0.0025629997,0.4876692,0.10435366
2022-11-12,URRA1,Caribe,88.74,310120000.0,404100000.0,76.74338035139817,24.968353,0.75871277,-0.06832886,1011.8892,21.188202,-0.85,0.06043911,0.0885129,0.0017881393,0.4863887,0.76178336
2022-11-13,URRA1,Caribe,89.37,326090000.0,404100000.0,80.69537243256619,24.456757,1.5283318,0.6304245,1011.1856,21.494507,-0.85,1.163125,0.3001094,0.060856342,0.49707678,1.6532493
2022-11-14,URRA1,Caribe,90.24,362150000.0,404100000.0,89.61890621133382,25.488678,0.14105225,-0.039482117,1010.9261,21.611237,-0.85,0.103235245,0.08404255,0.0017881393,0.4913585,0.1464738
2022-11-15,URRA1,Caribe,91.64,439170000.0,404100000.0,108.67854491462508,26.127594,0.371006,0.11272812,1010.89233,21.244904,-0.85,0.098228455,0.083208084,0.0024437904,0.49447808,0.38775393
2022-11-16,URRA1,Caribe,92.66,464060000.0,404100000.0,114.83791140806731,25.583954,0.17424774,-0.28440475,1011.21094,20.97409,-0.85,0.12648106,0.081300735,0.0021457672,0.49450493,0.33353913
2022-11-17,URRA1,Caribe,93.26,471240000.0,404100000.0,116.61469933184856,25.422699,1.0398445,0.37504196,1010.3675,20.554901,-0.85,0.07855892,0.07921457,0.0015497208,0.48925126,1.1054108
2022-11-18,URRA1,Caribe,93.1,459120000.0,404100000.0,113.61544172234596,24.821808,0.4046631,0.74176025,1010.90875,20.24405,-0.85,0.24354458,0.08243322,0.0062286854,0.50235736,0.8449618
2022-11-19,URRA1,Caribe,93.27,412370000.0,404100000.0,102.04652313783716,25.824799,0.0005569458,-0.21225739,1009.4269,19.961304,-0.85,0.018954277,0.075638294,0.0004172325,0.4863075,0.21225812
2022-11-20,URRA1,Caribe,95.68,659850000.0,404100000.0,163.28878990348923,25.997162,0.28805923,0.24046326,1009.0027,19.631378,-0.85,0.042676926,0.07468462,0.00071525574,0.485603,0.3752342
2022-11-21,URRA1,Caribe,95.53,462650000.0,404100000.0,114.48898787428854,25.054657,0.49706268,0.78993607,1009.96606,19.591003,-0.85,1.6412735,0.32311678,0.2501011,0.4975475,0.93331146
2022-11-22,URRA1,Caribe,94.4,481330000.0,404100000.0,119.11160603810936,25.551971,1.5084,0.6714859,1010.60187,19.837036,-0.85,0.024795532,0.07259846,0.00059604645,0.49637428,1.6511099
2022-11-23,URRA1,Caribe,93.26,402450000.0,404100000.0,99.5916852264291,26.04831,1.2071953,0.94742966,1010.6356,19.888153,-0.85,0.015497208,0.07164478,0.00029802322,0.48134533,1.5345825
2022-11-24,URRA1,Caribe,93.04,423430000.0,404100000.0,104.78346943825784,25.738922,0.38031006,0.37317657,1010.6475,19.958527,-0.85,0.023961067,0.07069111,0.00035762787,0.47565714,0.5328194
2022-11-25,URRA1,Caribe,93.65,384890000.0,404100000.0,95.2462261816382,25.4794,-0.0895462,0.3607788,1010.8578,20.341583,-0.85,0.15306473,0.073075294,0.0034570694,0.49315476,0.37172553
2022-11-26,URRA1,Caribe,95.53,501910000.0,404100000.0,124.2044048502846,25.541412,0.23310852,0.2904663,1012.2872,20.952148,-0.85,0.05710125,0.06997585,0.0009536743,0.49337518,0.37243825
2022-11-27,URRA1,Caribe,97.61,529790000.0,404100000.0,131.1036872061371,24.911285,0.12155914,0.07453537,1012.10297,21.336884,-0.85,0.35238266,0.08043647,0.012099743,0.49381208,0.14259084
2022-11-28,URRA1,Caribe,99.63,863080000.0,404100000.0,213.58079683246723,24.101105,1.0032806,0.3697586,1011.6788,21.821228,-0.85,0.30755997,0.079631805,0.011026859,0.5010587,1.069249
2022-11-29,URRA1,Caribe,99.72,701770000.0,404100000.0,173.6624597871814,24.828339,0.7922554,0.6927223,1010.78046,22.031647,-0.85,0.5736351,0.09715557,0.02270937,0.50603604,1.0523939
2022-11-30,URRA1,Caribe,98.93,582390000.0,404100000.0,144.12026726057908,24.562347,0.1813469,0.040088654,1010.517,21.963104,-0.85,0.16224384,0.09447336,0.0032782555,0.49509197,0.18572506
2022-12-01,URRA1,Caribe,97.57,496270000.0,287370000.0,172.69373977798656,24.812347,0.027381897,0.12321472,1010.0656,21.826569,-0.71,0.042676926,0.10573864,0.0008940697,0.4855094,0.12622058
2022-12-02,URRA1,Caribe,95.89,443850000.0,287370000.0,154.4524480634722,25.105865,-0.15069199,-0.23898697,1009.86127,21.879547,-0.71,0.08773804,0.110805035,0.0012516975,0.47557777,0.28252938
2022-12-03,URRA1,Caribe,94.61,343380000.0,287370000.0,119.49055224971292,25.67746,0.57411575,-0.040763855,1010.91425,21.767487,-0.71,0.1335144,0.11128187,0.0026226044,0.46886015,0.5755611
2022-12-04,URRA1,Caribe,94.37,367230000.0,287370000.0,127.78995719803736,24.814606,0.74588704,0.3189659,1010.59344,21.814362,-0.71,0.0333786,0.1090765,0.0017285347,0.47874424,0.8112254
2022-12-05,URRA1,Caribe,94.1,287370000.0,287370000.0,100.0,24.217987,0.6038475,0.37312698,1010.4916,21.783966,-0.71,0.024795532,0.105798244,0.00035762787,0.47350442,0.70982784
2022-12-06,URRA1,Caribe,95.21,386210000.0,287370000.0,134.3946828130981,24.580658,0.19049835,0.04135132,1011.4292,21.816498,-0.71,0.02193451,0.10383129,0.00071525574,0.47307855,0.19493474
2022-12-07,URRA1,Caribe,95.77,307580000.0,287370000.0,107.03274524132652,24.645172,-0.13552856,-0.70764923,1012.20764,21.966888,-0.71,0.046253204,0.101447105,0.0009834766,0.4696346,0.72051054
2022-12-08,URRA1,Caribe,96.1,279840000.0,287370000.0,97.379684727007,24.688202,-0.63568497,-0.24827576,1011.3017,21.977509,-0.71,0.012040138,0.097453594,0.00020861626,0.45453155,0.6824487
2022-12-09,URRA1,Caribe,96.21,248580000.0,287370000.0,86.50172251800814,24.53891,-0.6580086,-0.3286209,1010.59985,22.00351,-0.71,0.009298325,0.094383955,0.00029802322,0.44057527,0.73550457
2022-12-10,URRA1,Caribe,96.15,225930000.0,287370000.0,78.61989769286983,25.144012,-0.0526886,-0.16543579,1011.4183,21.967499,-0.71,0.044226646,0.09179115,0.000923872,0.4348321,0.17362341
2022-12-11,URRA1,Caribe,96.06,220830000.0,287370000.0,76.84518216932874,25.442719,0.23887253,-0.20817947,1011.57153,21.98883,-0.71,0.05555153,0.08940697,0.0012516975,0.44501752,0.31685767
2022-12-12,URRA1,Caribe,97.33,411300000.0,287370000.0,143.1255872220482,24.521088,0.4297943,0.25440216,1011.5036,22.084564,-0.71,0.043153763,0.086545944,0.0012218952,0.47629672,0.49944332
2022-12-13,URRA1,Caribe,96.37,255850000.0,287370000.0,89.03156209764416,24.998505,0.22410965,-0.028125763,1010.47797,22.014557,-0.71,0.26392937,0.08779764,0.00500679,0.48447824,0.22586764
2022-12-14,URRA1,Caribe,95.19,226750000.0,287370000.0,78.90524411038035,25.835052,-0.10984039,-0.070827484,1010.0659,22.249939,-0.71,0.042796135,0.08094311,0.0006556511,0.4792511,0.130696
2022-12-15,URRA1,Caribe,95.31,253940000.0,287370000.0,88.36691373490622,26.204681,0.34840775,-0.39918518,1009.96375,22.30722,-0.71,0.04518032,0.07849932,0.00071525574,0.47024712,0.529846
2022-12-16,URRA1,Caribe,95.18,218330000.0,287370000.0,75.97522357935762,26.259796,0.059345245,0.33158875,1009.14233,22.324158,-0.71,0.036358833,0.07623434,0.0008940697,0.46705583,0.33685747
2022-12-17,URRA1,Caribe,95.29,210480000.0,287370000.0,73.24355360684831,26.02359,0.36792374,-0.016960144,1008.5034,22.328339,-0.71,0.074863434,0.073730946,0.000834465,0.46127668,0.36831445
2022-12-18,URRA1,Caribe,95.59,227300000.0,287370000.0,79.09663500017399,25.538483,1.054039,0.38318634,1010.09235,22.426361,-0.71,0.0029802322,0.07045269,5.9604645e-05,0.45400476,1.1215302
2022-12-19,URRA1,Caribe,95.38,203580000.0,287370000.0,70.84246789852803,25.142365,0.20301437,-0.11627579,1011.2672,22.530182,-0.71,0.06735325,0.0693202,0.0011920929,0.4480546,0.23395489
2022-12-20,URRA1,Caribe,95.06,188940000.0,287370000.0,65.74799039565717,25.828278,0.36006927,-0.04720688,1010.932,22.590485,-0.71,0.039219856,0.0666976,0.0008940697,0.4476833,0.3631506
2022-12-21,URRA1,Caribe,95.12,240120000.0,287370000.0,83.55778264954589,26.095612,0.29838943,-0.027053833,1010.70984,22.658417,-0.71,0.05674362,0.06455183,0.0007748604,0.44444096,0.29961336
2022-12-22,URRA1,Caribe,94.79,187730000.0,287370000.0,65.32693043811115,25.90152,0.41282654,0.045116425,1010.1769,22.620453,-0.71,0.08666515,0.06264448,0.0007748604,0.44780645,0.41528454
2022-12-23,URRA1,Caribe,94.34,168900000.0,287370000.0,58.774402338448695,26.317596,0.24115753,-0.3230629,1010.53394,22.73288,-0.71,0.06055832,0.06067753,0.001013279,0.44556507,0.40314588
2022-12-24,URRA1,Caribe,94.14,168370000.0,287370000.0,58.589971117374816,26.07138,-0.13578033,-0.46855927,1010.0641,22.81018,-0.71,0.0885725,0.05966425,0.0015497208,0.450787,0.48783612
2022-12-25,URRA1,Caribe,93.92,160210000.0,287370000.0,55.75042627970909,25.14566,0.34336472,-0.512867,1010.2427,22.910034,-0.71,0.011563301,0.056028366,0.00017881393,0.44107822,0.6171968
2022-12-26,URRA1,Caribe,93.97,199020000.0,287370000.0,69.25566343042071,25.127716,0.20520782,-0.45569992,1010.9408,23.076752,-0.71,0.0,0.0538826,0.0,0.42186418,0.4997726
2022-12-27,URRA1,Caribe,94.34,244490000.0,287370000.0,85.0784702648154,24.175507,0.6233406,0.20777893,1012.7039,23.138763,-0.71,0.012040138,0.05209446,0.00023841858,0.4174266,0.6570583
2022-12-28,URRA1,Caribe,94.57,223220000.0,287370000.0,77.67686258134113,25.091156,0.3584938,0.18877411,1012.9291,23.098785,-0.71,0.0113248825,0.050485134,0.00011920929,0.43110707,0.40515858
2022-12-29,URRA1,Caribe,94.78,221130000.0,287370000.0,76.94957720012528,25.57016,0.3525238,-0.03106308,1012.52704,23.151398,-0.71,0.0035762787,0.0487566,5.9604645e-05,0.42055765,0.35388973
2022-12-30,URRA1,Caribe,94.72,182410000.0,287370000.0,63.47565855865261,25.661163,0.33919907,-0.6041641,1011.21967,23.108032,-0.71,0.036478043,0.047504902,0.00059604645,0.40693823,0.69287103
2022-12-31,URRA1,Caribe,94.61,176760000.0,287370000.0,61.50955214531788,26.367035,0.5143852,-0.30516815,1012.1409,23.065216,-0.71,0.03671646,0.04553795,0.0004172325,0.3995765,0.5980968
2023-01-01,URRA1,Caribe,94.57,185570000.0,165430000.0,112.17433355497796,25.625824,1.0613327,0.044952393,1012.76294,22.870361,-0.54,0.06890297,0.04541874,0.0017881393,0.4136448,1.0622842
2023-01-02,URRA1,Caribe,94.38,164500000.0,165430000.0,99.43782868887142,25.304596,0.9887352,0.108047485,1012.97296,22.628632,-0.54,0.022411346,0.04220009,0.00017881393,0.44918627,0.99462134
2023-01-03,URRA1,Caribe,94.37,190460000.0,165430000.0,115.1302665780088,24.662323,0.69218445,0.09766388,1013.2592,22.575531,-0.54,0.09250641,0.041425228,0.0008940697,0.4548499,0.6990404
2023-01-04,URRA1,Caribe,94.21,168130000.0,165430000.0,101.6321102581152,25.318878,-0.27334213,-0.33019257,1012.6314,22.53946,-0.54,0.036358833,0.03951788,0.00029802322,0.43972683,0.4286526
2023-01-05,URRA1,Caribe,93.95,154700000.0,165430000.0,93.51387293719398,24.664642,0.3690796,-0.52513885,1012.2019,22.471191,-0.54,0.017642975,0.03796816,0.00020861626,0.42665863,0.6418649
2023-01-06,URRA1,Caribe,92.99,192610000.0,165430000.0,116.42990993169316,24.797699,0.5407944,-0.1457634,1012.7658,22.626495,-0.54,0.057935715,0.03838539,0.001847744,0.43643236,0.56009424
2023-01-07,URRA1,Caribe,91.96,180830000.0,165430000.0,109.30907332406456,24.987213,0.62960815,0.32329178,1012.77875,22.83957,-0.54,0.032544136,0.03606081,0.00086426735,0.46804792,0.70775986
2023-01-08,URRA1,Caribe,91.58,271060000.0,165430000.0,163.8517802091519,24.630219,-0.1286087,0.53286743,1013.11017,23.036133,-0.54,0.50616264,0.04529953,0.010877848,0.48319638,0.54816777
2023-01-09,URRA1,Caribe,90.93,232920000.0,165430000.0,140.79671160007254,23.853912,0.6229706,0.36543655,1013.5875,23.251892,-0.54,0.22745132,0.038444996,0.005066395,0.4907745,0.7222439
2023-01-10,URRA1,Caribe,90.37,245270000.0,165430000.0,148.26210481774768,23.319,0.5887146,0.22711563,1013.4288,23.590271,-0.54,0.91969967,0.0718236,0.028342009,0.5054568,0.6310043
2023-01-11,URRA1,Caribe,89.78,241650000.0,165430000.0,146.07386810131177,24.541534,0.47430038,0.09547043,1013.2397,23.93637,-0.54,0.084877014,0.03606081,0.0039339066,0.49821216,0.48381346
2023-01-12,URRA1,Caribe,89.42,272400000.0,165430000.0,164.6617904854017,24.933685,0.8021469,0.1461792,1012.63763,24.075409,-0.54,0.11599064,0.03427267,0.0028014183,0.49206024,0.8153576
2023-01-13,URRA1,Caribe,89.16,287090000.0,165430000.0,173.54167926011002,25.690643,0.08999634,0.19209671,1012.2,24.084015,-0.54,0.2014637,0.038146973,0.0070631504,0.4910152,0.21213318
2023-01-14,URRA1,Caribe,90.98,443960000.0,165430000.0,268.367285256604,24.991302,0.3009224,-0.2884407,1012.5591,24.124329,-0.54,0.15580654,0.034093857,0.0032186508,0.48956698,0.4168361
2023-01-15,URRA1,Caribe,93.44,535630000.0,165430000.0,323.78045094601947,24.685944,-0.5805359,-0.41034317,1013.3759,24.118988,-0.54,0.24521351,0.037670135,0.0070929527,0.49243137,0.7109173
2023-01-16,URRA1,Caribe,94.03,404860000.0,165430000.0,244.73191077797253,24.820404,0.008655548,-0.41214752,1012.52875,24.079742,-0.54,0.1745224,0.033974648,0.003695488,0.48545185,0.4122384
2023-01-17,URRA1,Caribe,94.19,426820000.0,165430000.0,258.0064075439763,24.870148,-0.025924683,0.065216064,1011.1331,24.068909,-0.54,0.13017654,0.03296137,0.0037252903,0.47712973,0.07017994
2023-01-18,URRA1,Caribe,94.35,426440000.0,165430000.0,257.7767031372786,24.750336,0.6286392,0.12830353,1011.765,24.089417,-0.54,0.03361702,0.029802322,0.0005364418,0.47010535,0.6415988
2023-01-19,URRA1,Caribe,94.13,374000000.0,165430000.0,226.07749501299645,25.43509,0.39007568,-0.25959015,1012.08685,24.206512,-0.54,0.072836876,0.03015995,0.0015497208,0.46429592,0.46855745
2023-01-20,URRA1,Caribe,93.29,286830000.0,165430000.0,173.38451308710634,25.330902,0.1962204,-0.11135483,1011.91406,24.330627,-0.54,0.11193752,0.029623508,0.0013113022,0.4584903,0.22561547
2023-01-21,URRA1,Caribe,92.79,252250000.0,165430000.0,152.48141207761591,25.653778,0.07872772,-0.065589905,1010.7033,24.33136,-0.54,0.022888184,0.028073788,0.00059604645,0.44956994,0.10246995
2023-01-22,URRA1,Caribe,92.87,334020000.0,165430000.0,201.9101734872756,25.374603,0.37732315,0.32539368,1009.73596,24.318695,-0.54,0.030577183,0.028073788,0.0009536743,0.44375554,0.49825072
2023-01-23,URRA1,Caribe,92.44,260580000.0,165430000.0,157.51677446654173,26.25235,-0.4479065,-0.3303032,1010.46985,24.518524,-0.54,0.024080276,0.027060509,0.0005364418,0.4406177,0.5565253
2023-01-24,URRA1,Caribe,91.94,252350000.0,165430000.0,152.54186060569427,25.830048,0.040550232,-0.510231,1010.1905,24.564667,-0.54,0.07677078,0.02682209,0.0008940697,0.43480605,0.5118398
2023-01-25,URRA1,Caribe,92.06,206510000.0,165430000.0,124.8322553345826,26.108551,0.66669464,-0.0074424744,1009.52515,24.66745,-0.54,0.03015995,0.025868416,0.00059604645,0.4479317,0.6667362
2023-01-26,URRA1,Caribe,92.11,199730000.0,165430000.0,120.73384513087106,25.946198,0.89114,-0.32815552,1009.54767,24.845764,-0.54,0.03552437,0.026166439,0.0014305115,0.45108286,0.9496402
2023-01-27,URRA1,Caribe,92.02,177610000.0,165430000.0,107.36263071994196,26.392853,0.3338356,-0.71878433,1009.7711,25.135101,-0.54,0.00011920929,0.0243783,0.0,0.42987573,0.79252577
2023-01-28,URRA1,Caribe,91.84,163960000.0,165430000.0,99.11140663724838,25.476227,-0.1865654,-0.58976746,1009.7247,25.138214,-0.54,0.0,0.023782253,0.0,0.41150314,0.6185728
2023-01-29,URRA1,Caribe,91.56,151820000.0,165430000.0,91.77295532853776,25.065948,0.36136627,-0.5065155,1009.0733,25.277771,-0.54,0.0,0.023245811,0.0,0.39578643,0.6222086
2023-01-30,URRA1,Caribe,91.24,114110000.0,165430000.0,68.97781539019525,25.567047,0.41409683,-0.5340843,1010.5066,25.629303,-0.54,0.0,0.022649765,0.0,0.3816408,0.6758123
2023-01-31,URRA1,Caribe,90.84,135260000.0,165430000.0,81.76267907876444,26.105804,0.35690308,-0.8335571,1011.0684,25.888458,-0.54,0.0014305115,0.02193451,0.0,0.36956954,0.906751
2023-02-01,URRA1,Caribe,90.4,129000000.0,121230000.0,106.40930462756744,25.514923,-0.27950287,-0.8279686,1010.85297,26.031921,-0.29,0.0,0.021398067,0.0,0.35769746,0.8738729
2023-02-02,URRA1,Caribe,89.91,122390000.0,121230000.0,100.95685886331766,25.435211,-0.16907883,-0.47381592,1010.5691,26.067108,-0.29,0.0,0.020623207,0.0,0.3483786,0.50307965
2023-02-03,URRA1,Caribe,89.01,117420000.0,121230000.0,96.85721356099975,25.60196,1.0510101,-0.54758835,1011.2025,26.229492,-0.29,0.00023841858,0.02014637,0.0,0.34172282,1.1851056
2023-02-04,URRA1,Caribe,88.46000000000001,118720000.0,121230000.0,97.92955539057988,25.827118,0.4851303,-0.59667206,1012.6447,26.486725,-0.29,0.0019073486,0.019907951,0.0,0.33752817,0.7690052
2023-02-05,URRA1,Caribe,87.87,114000000.0,121230000.0,94.03612967087356,26.19223,0.40250015,-0.70012665,1011.33575,26.692352,-0.29,0.00035762787,0.019311905,0.0,0.33176392,0.8075789
2023-02-06,URRA1,Caribe,86.92999999999999,110920000.0,121230000.0,91.49550441309908,26.294098,0.12581635,-0.47613525,1010.2531,26.76883,-0.29,0.00071525574,0.018894672,0.0,0.32803035,0.49247795
2023-02-07,URRA1,Caribe,85.98,110110000.0,121230000.0,90.8273529654376,26.15506,-0.093364716,-0.25681305,1009.1878,26.872559,-0.29,0.30827522,0.02104044,0.0026226044,0.33132684,0.27325797
2023-02-08,URRA1,Caribe,84.86,106560000.0,121230000.0,87.89903489235338,26.577423,0.50403595,-0.25032425,1009.2903,26.896454,-0.29,0.012636185,0.018179417,0.00011920929,0.34646493,0.5627739
2023-02-09,URRA1,Caribe,83.66,93500000.0,121230000.0,77.12612389672523,26.94046,0.29444504,-0.4869461,1009.66437,26.892975,-0.29,0.0075101852,0.017762184,5.9604645e-05,0.3460902,0.5690469
2023-02-10,URRA1,Caribe,82.50999999999999,101400000.0,121230000.0,83.64266270725068,26.741302,0.4080925,-0.6108208,1009.0669,26.770294,-0.29,0.016212463,0.017523766,0.0004172325,0.34864214,0.7346029
2023-02-11,URRA1,Caribe,81.81,97890000.0,121230000.0,80.7473397673843,27.155853,0.5069847,-0.45598602,1008.6928,26.641357,-0.29,0.022292137,0.016868114,0.00017881393,0.37001586,0.6818774
2023-02-12,URRA1,Caribe,81.25,116110000.0,121230000.0,95.77662294811516,26.51297,0.6566124,-0.5509567,1008.2383,26.563812,-0.29,0.0054836273,0.016510487,0.00011920929,0.36862707,0.85714245
2023-02-13,URRA1,Caribe,80.4,140380000.0,121230000.0,115.79642002804589,26.33316,0.7146034,-0.27646255,1008.96954,26.557007,-0.29,0.05340576,0.016748905,0.00047683716,0.39479423,0.7662177
2023-02-14,URRA1,Caribe,79.44,122870000.0,121230000.0,101.35280046193186,26.63858,0.8921089,-0.9741783,1009.96906,26.52652,-0.29,0.020623207,0.016093254,0.00029802322,0.43054354,1.3209397
2023-02-15,URRA1,Caribe,80.21000000000001,345760000.0,121230000.0,285.2099315350986,26.488983,0.70184326,-0.10139847,1010.2569,26.604614,-0.29,0.052690506,0.017106533,0.0015497208,0.43092605,0.70913017
2023-02-16,URRA1,Caribe,80.14,228090000.0,121230000.0,188.14649839148728,26.139313,0.8146286,0.14508438,1009.6898,26.896057,-0.29,0.19836426,0.017642975,0.002503395,0.45971054,0.8274474
2023-02-17,URRA1,Caribe,79.61,164310000.0,121230000.0,135.53575847562485,25.781952,0.6128235,-0.07476425,1009.2477,27.2706,-0.29,0.3887415,0.021159649,0.006198883,0.47535846,0.61736727
2023-02-18,URRA1,Caribe,79.24,147400000.0,121230000.0,121.5870659077786,26.153107,-0.02122879,-0.6304741,1010.28076,27.127228,-0.29,0.10025501,0.015735626,0.0011324883,0.4621296,0.63083136
2023-02-19,URRA1,Caribe,78.73,128990000.0,121230000.0,106.40105584426298,26.199127,0.38807297,-1.0253601,1009.9397,26.953003,-0.29,0.00011920929,0.01424551,0.0,0.43523574,1.0963413
2023-02-20,URRA1,Caribe,78.14,117340000.0,121230000.0,96.79122329456403,25.809174,0.42720795,-0.25250244,1009.9147,26.60846,-0.29,0.0,0.0140070915,0.0,0.41325152,0.49625006
2023-02-21,URRA1,Caribe,77.49000000000001,110720000.0,121230000.0,91.33052874700982,26.306244,0.8515549,-0.5388527,1010.34174,26.688446,-0.29,0.002026558,0.013589859,0.00011920929,0.39700273,1.0077242
2023-02-22,URRA1,Caribe,76.79,103900000.0,121230000.0,85.70485853336632,25.907806,0.16684341,-0.21252441,1012.40564,26.698639,-0.29,0.005722046,0.013411045,0.00011920929,0.3841607,0.2701913
2023-02-23,URRA1,Caribe,76.09,101720000.0,121230000.0,83.90662377299348,26.833527,0.14876938,-0.4515419,1012.5192,26.787292,-0.29,0.0009536743,0.013053417,0.0,0.37333825,0.47541815
2023-02-24,URRA1,Caribe,75.29,95360000.0,121230000.0,78.66039759135528,26.4003,0.7949753,-0.31705475,1012.613,26.964111,-0.29,0.002861023,0.012695789,0.00011920929,0.36302513,0.8558676
2023-02-25,URRA1,Caribe,74.47,92810000.0,121230000.0,76.55695784871732,26.544098,0.9273758,-0.5097542,1011.8211,26.9581,-0.29,0.004053116,0.012516975,0.00011920929,0.35367155,1.0582416
2023-02-26,URRA1,Caribe,73.61,86520000.0,121230000.0,71.36847315021035,26.524506,1.055912,-0.2675705,1011.4381,26.92035,-0.29,0.0023841858,0.012397766,0.0,0.34468216,1.0892861
2023-02-27,URRA1,Caribe,72.75,86940000.0,121230000.0,71.71492204899778,26.61972,0.5753975,-0.62565994,1010.8686,26.983124,-0.29,0.00047683716,0.011920929,0.0,0.33706748,0.8500192
2023-02-28,URRA1,Caribe,71.85000000000001,80730000.0,121230000.0,66.59242761692651,26.483734,1.0095329,-0.9642105,1011.0058,27.140045,-0.29,0.0015497208,0.011444092,0.0,0.33169022,1.3960153
2023-03-01,URRA1,Caribe,70.96000000000001,84380000.0,136780000.0,61.69030560023396,26.504913,1.1331902,-0.81750107,1011.09924,27.313751,-0.02,0.02026558,0.01168251,0.00029802322,0.32700187,1.3972931
2023-03-02,URRA1,Caribe,70.13000000000001,79350000.0,136780000.0,58.01286737827168,27.020355,0.40316772,-0.30609512,1008.89734,27.182983,-0.02,0.01513958,0.0113248825,0.00014901161,0.32381526,0.5062
2023-03-03,URRA1,Caribe,69.28999999999999,75980000.0,136780000.0,55.549056879660775,26.64981,1.4099464,-0.49058914,1008.0419,27.08548,-0.02,0.072836876,0.0113248825,0.0005364418,0.324224,1.4928585
2023-03-04,URRA1,Caribe,68.77,126210000.0,136780000.0,92.27226202661208,27.061981,1.0967674,0.15299606,1009.062,27.111328,-0.02,0.06067753,0.011265278,0.00071525574,0.3331965,1.1073873
2023-03-05,URRA1,Caribe,68.27,121530000.0,136780000.0,88.85070916800701,26.182953,1.2443008,-0.42942047,1010.39813,27.349792,-0.02,0.35583973,0.01746416,0.007212162,0.37383595,1.3163155
2023-03-06,URRA1,Caribe,67.66,106090000.0,136780000.0,77.56250913876298,25.986847,0.74393463,0.08104706,1010.8141,27.34665,-0.02,0.13816357,0.012040138,0.0017285347,0.4603322,0.7483364
2023-03-07,URRA1,Caribe,66.93,91050000.0,136780000.0,66.56674952478433,25.381989,1.2593727,-0.035526276,1010.8895,27.227295,-0.02,0.8767843,0.021398067,0.011146069,0.4770413,1.2598736
2023-03-08,URRA1,Caribe,66.11,96750000.0,136780000.0,70.73402544231612,25.397919,1.9485855,-0.7334366,1012.3375,27.255066,-0.02,0.07212162,0.01090765,0.0009536743,0.46052507,2.0820458
2023-03-09,URRA1,Caribe,65.2,88930000.0,136780000.0,65.01681532387776,25.210846,1.1137238,-0.9405632,1013.2722,27.241425,-0.02,0.0022649765,0.009655952,0.0,0.43430507,1.4577516
2023-03-10,URRA1,Caribe,64.25,80880000.0,136780000.0,59.1314519666618,24.827484,0.7195816,-0.71912,1013.035,27.306366,-0.02,0.00846386,0.009596348,5.9604645e-05,0.41548076,1.0173157
2023-03-11,URRA1,Caribe,63.36000000000001,83150000.0,136780000.0,60.79105132329288,24.909698,0.7290039,0.22779083,1013.3187,27.113464,-0.02,0.011086464,0.009596348,0.00017881393,0.41513824,0.7637639
2023-03-12,URRA1,Caribe,62.69,93720000.0,136780000.0,68.51878929668081,24.936737,0.26382065,-0.16835785,1013.2136,27.060577,-0.02,0.5347729,0.015616417,0.0060796738,0.4371393,0.31296277
2023-03-13,URRA1,Caribe,61.96,114500000.0,136780000.0,83.71106886971779,25.191864,0.3333969,-0.22786713,1013.7372,27.473602,-0.02,0.2193451,0.012516975,0.0035762787,0.46698868,0.40382785
2023-03-14,URRA1,Caribe,61.2,110780000.0,136780000.0,80.99137300774967,25.175934,0.48755264,0.10325241,1013.59064,27.61966,-0.02,0.6172657,0.19550323,0.18686056,0.48450458,0.49836597
2023-03-15,URRA1,Caribe,60.73,98410000.0,136780000.0,71.94765316566749,25.704315,1.1858978,0.8604164,1012.73315,27.982727,-0.02,0.017642975,0.00923872,0.00023841858,0.4849048,1.4651519
2023-03-16,URRA1,Caribe,60.23,94160000.0,136780000.0,68.84047375347274,25.516998,1.3163261,-0.2611084,1012.7431,27.958954,-0.02,0.37181377,0.015437603,0.006854534,0.50113004,1.3419732
2023-03-17,URRA1,Caribe,59.98,130090000.0,136780000.0,95.10893405468636,25.576202,1.1618042,-0.007019043,1012.8127,27.991333,-0.02,0.38826466,0.0166893,0.008046627,0.49551928,1.1618254
2023-03-18,URRA1,Caribe,60.18,176370000.0,136780000.0,128.94429010089195,26.1716,0.99480057,0.10546875,1012.5831,28.174072,-0.02,0.027298927,0.0086426735,0.00023841858,0.4882935,1.0003759
2023-03-19,URRA1,Caribe,60.09,137960000.0,136780000.0,100.8626992250329,26.63565,0.5692787,0.022758484,1012.40607,28.463165,-0.02,0.12862682,0.009655952,0.0013113022,0.48106065,0.56973344
2023-03-20,URRA1,Caribe,59.91,123570000.0,136780000.0,90.3421552858605,26.316925,0.82081985,-0.23622131,1012.73987,28.669983,-0.02,0.52058697,0.01591444,0.007867813,0.4859282,0.8541345
2023-03-21,URRA1,Caribe,59.52,107260000.0,136780000.0,78.41789735341425,26.292328,0.7112198,-0.619957,1011.6717,28.59494,-0.02,0.16880035,0.0094771385,0.00166893,0.46806964,0.9434936
2023-03-22,URRA1,Caribe,59.06,97600000.0,136780000.0,71.35546132475508,26.562042,0.22563171,0.06493378,1010.6203,28.471588,-0.02,0.089764595,0.009179115,0.0011324883,0.45999554,0.23478942
2023-03-23,URRA1,Caribe,59.150000000000006,173640000.0,136780000.0,126.94838426670565,26.62143,0.99635696,0.19758987,1011.3036,28.583221,-0.02,0.10228157,0.00885129,0.0010728836,0.46357977,1.0157603
2023-03-24,URRA1,Caribe,58.86,119190000.0,136780000.0,87.13993273870449,26.391876,1.1503487,0.01576233,1011.0552,28.484497,-0.02,0.03886223,0.00834465,0.00047683716,0.4706788,1.1504567
2023-03-25,URRA1,Caribe,58.60999999999999,113300000.0,136780000.0,82.83374762392162,25.968597,1.0565338,0.27024078,1011.23737,28.653412,-0.02,0.02002716,0.0078082085,0.00023841858,0.47102392,1.0905476
2023-03-26,URRA1,Caribe,58.38,114400000.0,136780000.0,83.63795876590144,26.401886,0.5203476,0.15671158,1010.58954,28.752472,-0.02,1.0585785,0.32258034,0.31483173,0.48203307,0.54343367
2023-03-27,URRA1,Caribe,58.15,127070000.0,136780000.0,92.90100891943268,26.274323,0.5445442,0.008407593,1010.47375,28.649078,-0.02,0.017166138,0.0078082085,0.00059604645,0.48137152,0.5446091
2023-03-28,URRA1,Caribe,57.79,110280000.0,136780000.0,80.62582248866794,26.420013,0.822567,-0.3927498,1010.39545,28.623596,-0.02,0.022768974,0.0075101852,0.00035762787,0.47457165,0.91152006
2023-03-29,URRA1,Caribe,57.45,113900000.0,136780000.0,83.27240824681971,26.009491,0.9276123,-0.1614418,1010.4419,28.550446,-0.02,0.20873547,0.009834766,0.0026226044,0.46775794,0.94155616
2023-03-30,URRA1,Caribe,57.09,111880000.0,136780000.0,81.79558414972949,26.168976,0.61403656,-0.2662239,1010.26263,28.484344,-0.02,0.16665459,0.009298325,0.0020861626,0.4712317,0.66926533
2023-03-31,URRA1,Caribe,56.89999999999999,135130000.0,136780000.0,98.79368328703026,26.659332,0.5763283,-0.1398964,1011.0478,28.303986,-0.02,0.015974045,0.0071525574,0.00017881393,0.46948248,0.5930643
2023-04-01,URRA1,Caribe,56.92,161600000.0,244870000.0,65.9942010046147,26.515594,0.6419563,-0.021255493,1010.835,28.482758,0.27,0.008106232,0.0073313713,0.0004172325,0.4782253,0.6423081
2023-04-02,URRA1,Caribe,56.92,160930000.0,244870000.0,65.72058643361784,26.275238,0.7098999,0.19226837,1010.21826,28.62088,0.27,0.36525726,0.012397766,0.005722046,0.48328528,0.7354761
2023-04-03,URRA1,Caribe,56.73,132230000.0,244870000.0,54.00008167599134,27.219757,0.3336029,-0.40626907,1008.40717,28.722443,0.27,0.012278557,0.007033348,0.00023841858,0.4783855,0.5256857
2023-04-04,URRA1,Caribe,56.52,129130000.0,244870000.0,52.734103810185,26.899261,0.92290497,-0.1249733,1008.1117,28.736877,0.27,0.18560886,0.00923872,0.0026524067,0.4709414,0.93132806
2023-04-05,URRA1,Caribe,56.28,125210000.0,244870000.0,51.13325437987504,27.301544,0.84435654,-0.2963333,1008.59326,28.636017,0.27,0.011920929,0.006556511,8.940697e-05,0.46200952,0.89484715
2023-04-06,URRA1,Caribe,55.96,115140000.0,244870000.0,47.02086821578797,26.919037,1.9068756,0.28472137,1009.4316,28.49228,0.27,0.108361244,0.0076293945,0.0010728836,0.4521169,1.9280148
2023-04-07,URRA1,Caribe,56.59,248880000.0,244870000.0,101.637603626414,26.522675,2.2596474,0.34082794,1010.78296,28.588959,0.27,0.02849102,0.0069737434,0.0007748604,0.4464351,2.2852068
2023-04-08,URRA1,Caribe,56.69,173960000.0,244870000.0,71.04177726957161,26.89627,1.4200706,-0.54891205,1011.3825,28.779297,0.27,0.06222725,0.0071525574,0.0009536743,0.44380385,1.5224668
2023-04-09,URRA1,Caribe,56.48,131540000.0,244870000.0,53.71829950586026,26.781647,0.21593094,-0.7131767,1010.9819,28.712372,0.27,0.036120415,0.0066161156,0.00035762787,0.42592537,0.7451491
2023-04-10,URRA1,Caribe,56.010000000000005,134170000.0,244870000.0,54.79233879201209,26.795929,0.40005875,-0.61227417,1011.0158,28.772186,0.27,0.049710274,0.0066161156,0.00059604645,0.45692635,0.7313868
2023-04-11,URRA1,Caribe,56.620000000000005,286400000.0,244870000.0,116.96001960223792,26.387665,0.6138687,-0.79169464,1010.8331,28.801086,0.27,0.56552887,0.021576881,0.015497208,0.49150822,1.0018059
2023-04-12,URRA1,Caribe,57.15,234450000.0,244870000.0,95.74468085106383,26.388702,0.1818924,-0.14865112,1009.6511,28.67453,0.27,0.3439188,0.012755394,0.00667572,0.49353167,0.23490849
2023-04-13,URRA1,Caribe,57.38,193690000.0,244870000.0,79.09911381549394,26.46988,0.3539276,-0.33888626,1008.3125,28.618896,0.27,0.04839897,0.0078082085,0.001847744,0.4828155,0.4900088
2023-04-14,URRA1,Caribe,58.2,347950000.0,244870000.0,142.09580593784457,26.808075,0.8714714,0.16446304,1008.8897,28.671844,0.27,0.049471855,0.0067949295,0.0010728836,0.48531437,0.8868543
2023-04-15,URRA1,Caribe,58.59,287090000.0,244870000.0,117.241801772369,25.781708,1.3154907,0.055583954,1010.46936,28.4758,0.27,0.0641346,0.033020973,0.027239323,0.48424256,1.3166645
2023-04-16,URRA1,Caribe,59.330000000000005,336200000.0,244870000.0,137.2973414464818,25.36142,1.2871132,-0.13632202,1012.0022,28.182892,0.27,0.7055998,0.04351139,0.037789345,0.4867656,1.2943121
2023-04-17,URRA1,Caribe,59.66,277390000.0,244870000.0,113.2805161922653,25.39383,0.8816948,0.19633865,1011.60187,28.235504,0.27,0.6868839,0.07033348,0.031799078,0.4999527,0.903291
2023-04-18,URRA1,Caribe,59.760000000000005,225970000.0,244870000.0,92.2816188181484,26.007355,0.21332169,-0.25619507,1010.5142,28.378204,0.27,0.040769577,0.00667572,0.000834465,0.49111727,0.33337975
2023-04-19,URRA1,Caribe,59.71,190520000.0,244870000.0,77.80454935271777,26.587006,0.62265396,-0.706337,1009.6906,28.166168,0.27,0.18537045,0.008285046,0.0027120113,0.48436856,0.94159967
2023-04-20,URRA1,Caribe,59.62,184570000.0,244870000.0,75.374688610283,25.882355,1.1778107,0.20700455,1011.21826,27.92456,0.27,0.5117655,0.016152859,0.010550022,0.499586,1.1958632
2023-04-21,URRA1,Caribe,60.24,283570000.0,244870000.0,115.80430432474374,26.021881,1.5850029,-0.11726761,1011.8936,27.996185,0.27,0.07593632,0.007390976,0.00166893,0.49090952,1.5893351
2023-04-22,URRA1,Caribe,60.5,234290000.0,244870000.0,95.67934005798996,25.92331,1.179573,-0.15696335,1011.1847,27.92215,0.27,1.2345314,0.5133152,0.4837513,0.49447355,1.1899706
2023-04-23,URRA1,Caribe,60.49,194740000.0,244870000.0,79.52791277004124,25.544159,0.74005127,-0.39489365,1011.28796,27.568085,0.27,0.34224987,0.01090765,0.0053048134,0.48299354,0.8388188
2023-04-24,URRA1,Caribe,60.440000000000005,188920000.0,244870000.0,77.151141421979,25.021027,0.19388199,-0.3727455,1011.76904,28.028381,0.27,0.1386404,0.008940697,0.0030994415,0.49454468,0.42015406
2023-04-25,URRA1,Caribe,60.17,158330000.0,244870000.0,64.65879854616735,26.465363,-0.16710281,-0.37038422,1011.39844,28.186157,0.27,0.0060796738,0.0059604645,0.00011920929,0.48970163,0.4063346
2023-04-26,URRA1,Caribe,60.03,184620000.0,244870000.0,75.3951076081186,26.45633,0.39434052,-0.43587875,1011.39966,28.277802,0.27,0.16653538,0.01347065,0.0078082085,0.4856018,0.587788
2023-04-27,URRA1,Caribe,60.07,213320000.0,244870000.0,87.1156123657451,26.2706,0.021297455,-0.05624008,1011.40845,28.296936,0.27,0.10442734,0.008940697,0.0030398369,0.4963562,0.060137577
2023-04-28,URRA1,Caribe,59.830000000000005,172100000.0,244870000.0,70.28219055008779,26.123444,0.53858566,0.15619278,1011.5206,28.210754,0.27,0.7582903,0.41770935,0.41145086,0.49367663,0.5607769
2023-04-29,URRA1,Caribe,60.2,259540000.0,244870000.0,105.990933964961,26.429352,0.79167175,0.16929245,1011.8353,28.223999,0.27,0.031232834,0.0067949295,0.0006556511,0.48953786,0.8095703
2023-04-30,URRA1,Caribe,60.38,222010000.0,244870000.0,90.66443418956996,25.428192,0.62825394,0.5686836,1012.6316,28.357422,0.27,0.315547,0.012934208,0.0064969063,0.4999931,0.8474102
2023-05-01,URRA1,Caribe,59.6,180270000.0,421800000.0,42.73826458036984,26.389496,-0.16162872,0.088912964,1011.1213,28.480347,0.57,0.003695488,0.006556511,5.9604645e-05,0.48685345,0.18447047
2023-05-02,URRA1,Caribe,58.41,160950000.0,421800000.0,38.15789473684211,28.223175,-0.8666115,-0.56721115,1009.08905,28.316498,0.57,0.011444092,0.0069737434,0.00023841858,0.47144493,1.0357336
2023-05-03,URRA1,Caribe,57.2,157010000.0,421800000.0,37.22380275011854,27.671173,0.5802841,-0.58625793,1007.54877,28.07782,0.57,0.2361536,0.011265278,0.0044107437,0.4653949,0.8248806
2023-05-04,URRA1,Caribe,55.88,147930000.0,421800000.0,35.071123755334284,27.760101,-0.025726318,-0.39717865,1007.9338,27.85025,0.57,0.022292137,0.0078082085,0.0008940697,0.46082854,0.39801097
2023-05-05,URRA1,Caribe,54.43,129100000.0,421800000.0,30.60692271218587,28.151764,0.73062134,-0.48547745,1008.4497,27.620697,0.57,0.009059906,0.00756979,0.00011920929,0.45255846,0.8772091
2023-05-06,URRA1,Caribe,53.92,156810000.0,421800000.0,37.176386913229024,28.03775,0.6276932,-0.2941246,1009.22095,27.439789,0.57,0.055789948,0.009894371,0.0027418137,0.46190363,0.6931868
2023-05-07,URRA1,Caribe,54.23,272770000.0,421800000.0,64.66808914177335,27.438568,0.7053795,-0.1518631,1009.39734,27.556274,0.57,0.050783157,0.008106232,0.0006556511,0.4655952,0.7215418
2023-05-08,URRA1,Caribe,53.75,160920000.0,421800000.0,38.15078236130868,27.806793,0.8524971,-0.8015404,1009.10016,27.48825,0.57,0.051259995,0.00834465,0.000834465,0.46035838,1.1701361
2023-05-09,URRA1,Caribe,53.5,195580000.0,421800000.0,46.36794689426269,27.689606,0.7661896,-0.28292084,1009.57764,27.310638,0.57,0.033020973,0.008106232,0.00047683716,0.46782392,0.8167562
2023-05-10,URRA1,Caribe,55.32,482690000.0,421800000.0,114.43575154101472,25.596588,0.3779831,0.26304245,1011.41064,27.15805,0.57,0.4954338,0.021576881,0.014066696,0.49125135,0.46050248
2023-05-11,URRA1,Caribe,55.78,291990000.0,421800000.0,69.22475106685633,26.78769,-0.29777908,0.24776077,1010.58966,27.054352,0.57,0.38027763,0.015199184,0.0075101852,0.47866455,0.38737294
2023-05-12,URRA1,Caribe,56.2,282410000.0,421800000.0,66.95353247984826,27.237885,-0.019908905,0.083293915,1009.9628,27.012573,0.57,0.16379356,0.017106533,0.009596348,0.48954177,0.085640185
2023-05-13,URRA1,Caribe,57.3,331340000.0,421800000.0,78.5538169748696,27.366486,0.28253555,-0.000705719,1009.0111,26.79425,0.57,0.08368492,0.009417534,0.0017285347,0.4927219,0.28253645
2023-05-14,URRA1,Caribe,57.8,250180000.0,421800000.0,59.31247036510194,27.448639,0.90945816,0.4675598,1011.21967,26.53128,0.57,0.58460236,0.03504753,0.027060509,0.49439776,1.0226076
2023-05-15,URRA1,Caribe,59.02,393380000.0,421800000.0,93.26220957799906,26.657562,0.12852097,0.124549866,1012.8042,26.4906,0.57,0.12087822,0.01168251,0.0035762787,0.4974045,0.17897013
2023-05-16,URRA1,Caribe,59.7,320280000.0,421800000.0,75.93172119487909,26.298676,0.6936302,-0.36864853,1013.2753,26.425842,0.57,0.17249584,0.012636185,0.004053116,0.49002728,0.7855091
2023-05-17,URRA1,Caribe,62.11,619240000.0,421800000.0,146.80891417733525,26.104584,-1.261116,-0.00037765503,1011.57904,26.207855,0.57,0.11742115,0.015854836,0.005722046,0.49264067,1.2611161
2023-05-18,URRA1,Caribe,62.68,356950000.0,421800000.0,84.62541488857278,27.212555,0.1003952,-0.23036575,1009.97034,26.044067,0.57,0.20205975,0.014662743,0.0032186508,0.48328683,0.2512918
2023-05-19,URRA1,Caribe,62.71,303830000.0,421800000.0,72.03176861071597,27.936737,0.57022476,-0.18476868,1010.0094,25.84433,0.57,0.018119812,0.012993813,0.0004172325,0.48426163,0.5994128
2023-05-20,URRA1,Caribe,62.81,310090000.0,421800000.0,73.51588430535799,26.881989,1.369667,1.103466,1010.02686,25.865662,0.57,0.9253025,0.10073185,0.08773804,0.49901354,1.7588704
2023-05-21,URRA1,Caribe,63.71,401130000.0,421800000.0,95.099573257468,25.18454,1.3106995,0.6615448,1010.5706,25.75058,0.57,1.9849539,0.3594756,0.119924545,0.5073058,1.4681875
2023-05-22,URRA1,Caribe,67.07,743330000.0,421800000.0,176.2280701754386,25.39212,0.71398926,0.5002823,1010.91736,25.635254,0.57,0.42033195,0.055134296,0.019192696,0.506335,0.871816
2023-05-23,URRA1,Caribe,68.17,454610000.0,421800000.0,107.77856804172596,26.765106,0.71561813,0.035842896,1011.39795,25.698944,0.57,0.14650822,0.05596876,0.0028312206,0.49302596,0.71651524
2023-05-24,URRA1,Caribe,69.77,523210000.0,421800000.0,124.04220009483168,26.27414,-0.072704315,0.22139359,1010.3159,25.79898,0.57,0.103116035,0.06365776,0.003516674,0.49283507,0.23302583
2023-05-25,URRA1,Caribe,71.08,484380000.0,421800000.0,114.83641536273116,26.14853,0.7249565,-0.03775406,1009.3544,25.945068,0.57,0.97191334,0.32001734,0.046551228,0.5005911,0.7259389
2023-05-26,URRA1,Caribe,72.98,559590000.0,421800000.0,132.66714082503557,26.180756,0.95186996,0.18112564,1011.33905,26.033295,0.57,1.5996695,0.2875328,0.16897917,0.5017862,0.9689494
2023-05-27,URRA1,Caribe,74.94,555090000.0,421800000.0,131.60028449502136,26.85202,-0.0976181,-0.116176605,1011.83295,26.047913,0.57,0.094890594,0.18656254,0.0044107437,0.4905549,0.15174419
2023-05-28,URRA1,Caribe,79.63,919420000.0,421800000.0,217.97534376481744,26.29831,0.16379929,0.19006729,1011.8328,26.03659,0.57,0.15473366,0.19460917,0.00500679,0.4983182,0.2509099
2023-05-29,URRA1,Caribe,80.87,595230000.0,421800000.0,141.11664295874823,26.132782,0.8758011,0.6072693,1011.9228,26.12619,0.57,0.20813942,0.20974874,0.007212162,0.50057787,1.0657408
2023-05-30,URRA1,Caribe,80.21000000000001,488010000.0,421800000.0,115.69701280227596,26.365631,0.60951996,0.33440018,1011.2322,26.115875,0.57,0.39613247,0.21344423,0.010251999,0.49845147,0.6952252
2023-05-31,URRA1,Caribe,79.34,459520000.0,421800000.0,108.94262683736368,27.365753,0.07492447,0.503273,1011.5214,26.009613,0.57,0.044822693,0.19729137,0.0008046627,0.48454982,0.5088196
2023-06-01,URRA1,Caribe,80.82000000000001,788760000.0,480850000.0,164.03452220027037,25.551422,0.31644058,0.019309998,1012.4203,25.937164,0.84,2.5006533,1.3980865,0.236094,0.5091105,0.3170292
2023-06-02,URRA1,Caribe,81.61,525870000.0,480850000.0,109.36258708536964,27.299042,0.6724014,0.33979034,1010.64624,26.095612,0.84,0.0076293945,0.6802678,0.00029802322,0.481883,0.7533798
2023-06-03,URRA1,Caribe,80.55,438940000.0,480850000.0,91.2841842570448,28.056366,0.6013336,0.35240173,1008.9405,26.160797,0.84,0.07522106,0.47826767,0.0019669533,0.46570852,0.6969857
2023-06-04,URRA1,Caribe,79.57,453280000.0,480850000.0,94.26640324425496,26.273895,-0.45464706,0.08160782,1010.8063,26.11502,0.84,0.41222572,0.38212538,0.009119511,0.48150826,0.46191317
2023-06-05,URRA1,Caribe,77.72,388080000.0,480850000.0,80.70708121035666,26.94516,-0.2526436,-0.14669037,1011.817,26.206573,0.84,0.030875206,0.31286478,0.00062584877,0.47418535,0.29214182
2023-06-06,URRA1,Caribe,76.74,340630000.0,480850000.0,70.83913902464386,27.339691,0.44060516,-0.17137146,1011.54956,26.186432,0.84,0.07891655,0.26905537,0.0013113022,0.47519264,0.472759
2023-06-07,URRA1,Caribe,76.09,325610000.0,480850000.0,67.71550379536238,27.600983,0.42611694,0.45869446,1010.8039,26.163208,0.84,0.22816658,0.24437904,0.008821487,0.4866789,0.6260801
2023-06-08,URRA1,Caribe,75.49,415760000.0,480850000.0,86.46355412290735,26.003143,1.1776123,0.15568161,1012.6219,26.22348,0.84,0.41031837,0.2180934,0.009119511,0.47778654,1.1878583
2023-06-09,URRA1,Caribe,78.53999999999999,924100000.0,480850000.0,192.1805136737028,26.26828,1.1301918,0.70630264,1012.9369,26.302704,0.84,0.15842915,0.19150972,0.003784895,0.50223136,1.3327404
2023-06-10,URRA1,Caribe,79.24,754620000.0,480850000.0,156.93459498804202,26.029999,0.76540756,0.56282425,1012.6289,26.264618,0.84,0.0988245,0.17142296,0.0013113022,0.48598546,0.9500631
2023-06-11,URRA1,Caribe,78.55,567220000.0,480850000.0,117.96194239367786,27.417938,-0.8020096,0.026683807,1011.4334,26.23996,0.84,0.044107437,0.15717745,0.0014901161,0.48263997,0.80245334
2023-06-12,URRA1,Caribe,77.45,429340000.0,480850000.0,89.2877196630966,27.594147,0.08691406,-0.33932877,1010.2494,26.133484,0.84,0.14853477,0.14561415,0.0022351742,0.4780258,0.35028285
2023-06-13,URRA1,Caribe,76.75999999999999,407080000.0,480850000.0,84.65841738587918,28.359283,0.76686096,0.3888054,1009.0623,25.941254,0.84,0.041007996,0.13333559,0.0006556511,0.48878226,0.85979384
2023-06-14,URRA1,Caribe,76.47,459480000.0,480850000.0,95.55578662784652,27.60318,0.74282074,0.4380455,1009.4736,25.806244,0.84,0.11360645,0.12600422,0.002026558,0.49576753,0.862361
2023-06-15,URRA1,Caribe,75.78,403450000.0,480850000.0,83.9035042112925,26.967133,0.36035156,0.06629944,1009.7636,25.810638,0.84,0.13661385,0.120043755,0.0030398369,0.49654654,0.36639988
2023-06-16,URRA1,Caribe,76.55,608300000.0,480850000.0,126.50514713528128,27.328094,0.29044724,0.049793243,1010.4817,25.9617,0.84,0.8429289,0.13077259,0.019907951,0.4907649,0.2946845
2023-06-17,URRA1,Caribe,77.99000000000001,698790000.0,480850000.0,145.32390558386192,25.866425,0.7439232,0.33169556,1011.4322,26.027283,0.84,1.2215376,0.17684698,0.062286854,0.50167525,0.81452054
2023-06-18,URRA1,Caribe,76.92999999999999,508960000.0,480850000.0,105.8458978891546,27.2695,-0.934845,-0.08203888,1009.5603,25.986633,0.84,0.006198883,0.10180473,0.00029802322,0.48796567,0.93843776
2023-06-19,URRA1,Caribe,75.14,409820000.0,480850000.0,85.22824165540189,28.182709,0.86032104,-0.035507202,1009.53125,25.840332,0.84,0.1333952,0.10228157,0.0038146973,0.48105037,0.86105347
2023-06-20,URRA1,Caribe,74.64,426220000.0,480850000.0,88.63886867006343,28.271515,-0.04859543,-0.12384415,1008.29565,25.73767,0.84,0.013113022,0.09590387,0.00059604645,0.47651362,0.13303718
2023-06-21,URRA1,Caribe,74.18,350330000.0,480850000.0,72.85640012477904,27.58841,0.7392311,0.5024147,1008.4338,25.623291,0.84,0.31924248,0.0975132,0.0047683716,0.46998414,0.89380264
2023-06-22,URRA1,Caribe,74.21,336860000.0,480850000.0,70.05511074139544,26.909882,0.71733856,0.27837372,1009.92096,25.545807,0.84,0.554204,0.104129314,0.013768673,0.4879931,0.7694586
2023-06-23,URRA1,Caribe,74.89,429610000.0,480850000.0,89.3438702298014,26.30722,0.7723923,0.22317505,1011.2483,25.526245,0.84,0.11050701,0.09512901,0.006556511,0.48504952,0.8039881
2023-06-24,URRA1,Caribe,75.14,364420000.0,480850000.0,75.78662784652178,26.39743,0.14754105,-0.09811401,1011.40375,25.473328,0.84,0.09012222,0.08815527,0.0016093254,0.49237445,0.17718555
2023-06-25,URRA1,Caribe,75.49,381390000.0,480850000.0,79.31579494644899,25.542511,0.4455223,0.76166534,1011.22314,25.504486,0.84,0.76305866,0.1128912,0.02759695,0.5042361,0.8823969
2023-06-26,URRA1,Caribe,75.55,339840000.0,480850000.0,70.67484662576688,25.472076,0.65312195,0.5458679,1012.29346,25.726074,0.84,0.21827221,0.12254715,0.013113022,0.5086782,0.8511992
2023-06-27,URRA1,Caribe,75.76,330040000.0,480850000.0,68.63678901944473,27.3685,-0.7599106,-0.267807,1011.4844,25.919952,0.84,0.32019615,0.0975728,0.011503696,0.4990267,0.80572
2023-06-28,URRA1,Caribe,76.64,423050000.0,480850000.0,87.97961942393678,27.589264,0.09888458,-0.08979797,1010.1972,25.915009,0.84,0.31030178,0.102996826,0.016570091,0.49912077,0.13357334
2023-06-29,URRA1,Caribe,76.88000000000001,332720000.0,480850000.0,69.19413538525528,28.287933,-0.66965485,-0.19580841,1008.4575,25.88147,0.84,0.017046928,0.08702278,0.00059604645,0.48642415,0.69769514
2023-06-30,URRA1,Caribe,77.52,390900000.0,480850000.0,81.29354268482895,28.093964,0.6990204,-0.09033203,1008.8861,25.915009,0.84,0.46730042,0.10675192,0.02169609,0.48190394,0.70483285
2023-07-01,URRA1,Caribe,77.51,349230000.0,488380000.0,71.50784225398256,26.731659,0.7326164,0.3734169,1010.0742,25.895569,1.12,0.6469488,0.12862682,0.044345856,0.50270796,0.82229376
2023-07-02,URRA1,Caribe,77.97,413670000.0,488380000.0,84.70248576927803,25.37259,0.70066833,0.15089417,1011.1833,25.958618,1.12,0.19431114,0.11688471,0.03361702,0.48985285,0.7167323
2023-07-03,URRA1,Caribe,78.44,413650000.0,488380000.0,84.69839059748556,26.637054,1.0945358,0.37719345,1012.01154,26.073517,1.12,0.4079342,0.09161234,0.009298325,0.48861253,1.1577061
2023-07-04,URRA1,Caribe,78.43,373120000.0,488380000.0,76.39952496007207,26.116364,0.36214828,0.07098389,1012.28424,26.145752,1.12,0.10120869,0.08261204,0.001847744,0.4926031,0.36903942
2023-07-05,URRA1,Caribe,78.05,321650000.0,488380000.0,65.86060035218478,27.449432,0.19028473,0.41646957,1011.60706,26.069122,1.12,0.03015995,0.07998943,0.0005364418,0.48805663,0.4578812
2023-07-06,URRA1,Caribe,77.55,307110000.0,488380000.0,62.88341045906876,26.588654,0.6779709,0.55306244,1011.2498,25.96814,1.12,0.25951862,0.086426735,0.008404255,0.49531728,0.87494147
2023-07-07,URRA1,Caribe,76.88000000000001,282550000.0,488380000.0,57.85453949793193,26.71347,0.6812439,0.2849846,1011.39185,25.948303,1.12,0.07557869,0.07891655,0.0019073486,0.49015462,0.7384507
2023-07-08,URRA1,Caribe,77.03999999999999,342970000.0,488380000.0,70.22605348294361,25.92929,0.7624054,0.54234695,1011.6308,26.242218,1.12,0.1269579,0.07867813,0.0024437904,0.49575514,0.9356293
2023-07-09,URRA1,Caribe,76.85,280780000.0,488380000.0,57.49211679429952,26.861725,-0.14941788,0.019954681,1011.1067,26.251648,1.12,0.004053116,0.07534027,0.00011920929,0.49064752,0.15074445
2023-07-10,URRA1,Caribe,76.59,299530000.0,488380000.0,61.33134034972767,27.036041,0.05416107,-0.23558807,1009.79706,26.364288,1.12,0.08952618,0.07599592,0.0014305115,0.48265558,0.24173366
2023-07-11,URRA1,Caribe,77.83,508460000.0,488380000.0,104.11155247962652,26.683746,0.9939194,0.3795128,1010.59064,26.29303,1.12,0.44310093,0.08779764,0.014305115,0.49753112,1.0639106
2023-07-12,URRA1,Caribe,79.52,571610000.0,488380000.0,117.04205741430852,27.408417,-0.60087967,0.23054886,1009.5189,26.257202,1.12,0.19717216,0.07903576,0.0064373016,0.49547026,0.6435908
2023-07-13,URRA1,Caribe,80.17,419880000.0,488380000.0,85.97403661083582,27.495697,0.6699753,0.09713745,1008.15656,26.121368,1.12,0.30314922,0.082850456,0.011146069,0.49642038,0.6769805
2023-07-14,URRA1,Caribe,80.77,411080000.0,488380000.0,84.17216102215488,26.451508,-0.094436646,0.39250565,1008.8049,26.056213,1.12,0.12028217,0.07420778,0.00333786,0.49273217,0.40370652
2023-07-15,URRA1,Caribe,82.14,511240000.0,488380000.0,104.680781358778,26.94748,0.22856903,-0.020519257,1009.515,26.033722,1.12,0.119805336,0.07331371,0.0026226044,0.49811167,0.22948822
2023-07-16,URRA1,Caribe,85.06,708760000.0,488380000.0,145.1246979810803,26.69522,0.7273483,-0.08753204,1010.03467,26.160309,1.12,0.35238266,0.08261204,0.008404255,0.49113488,0.7325964
2023-07-17,URRA1,Caribe,86.79,564080000.0,488380000.0,115.50022523444858,27.37497,-0.13765717,-0.015476227,1010.33234,26.16455,1.12,0.07593632,0.081419945,0.002026558,0.4886844,0.1385244
2023-07-18,URRA1,Caribe,87.71,526720000.0,488380000.0,107.85044432613948,27.122894,-0.20059967,-0.033748627,1011.39264,26.150665,1.12,0.022292137,0.08326769,0.0004172325,0.48208374,0.20341878
2023-07-19,URRA1,Caribe,87.61,383730000.0,488380000.0,78.57201359597035,28.156952,-0.6012955,-0.6523285,1010.0539,26.146576,1.12,0.00023841858,0.08428097,0.0,0.46473873,0.8871802
2023-07-20,URRA1,Caribe,87.03999999999999,317070000.0,488380000.0,64.92280601171218,28.97525,0.5788765,-0.30649567,1008.83923,25.945923,1.12,0.0067949295,0.083982944,0.00023841858,0.446866,0.6550096
2023-07-21,URRA1,Caribe,86.26,288740000.0,488380000.0,59.121995167697285,28.035004,0.6641693,0.5650711,1008.7722,25.743835,1.12,0.013947487,0.08261204,0.00029802322,0.43881124,0.87202424
2023-07-22,URRA1,Caribe,86.1,290370000.0,488380000.0,59.45575166878251,26.879608,-0.37667847,-0.19265747,1009.8553,25.558197,1.12,0.68604946,0.09441376,0.013798475,0.44847226,0.42308813
2023-07-23,URRA1,Caribe,85.7,241380000.0,488380000.0,49.42462836315983,27.808685,-0.6695595,-0.551857,1011.3936,25.294403,1.12,0.012993813,0.07939339,0.00011920929,0.45720187,0.86767274
2023-07-24,URRA1,Caribe,84.95,223860000.0,488380000.0,45.837257872967776,27.62857,0.2878914,-0.19260025,1011.3986,24.916962,1.12,0.06210804,0.079631805,0.0021457672,0.46036136,0.34637597
2023-07-25,URRA1,Caribe,84.22,223290000.0,488380000.0,45.72054547688276,27.107086,0.74323654,0.08469772,1010.89,24.679108,1.12,0.061392784,0.07677078,0.0011324883,0.47092173,0.74804693
2023-07-26,URRA1,Caribe,83.28,265580000.0,488380000.0,54.37978623203244,27.415436,0.7969322,0.114341736,1010.9267,24.551788,1.12,0.9174347,0.24938583,0.17488003,0.47763142,0.80509317
2023-07-27,URRA1,Caribe,84.46000000000001,564480000.0,488380000.0,115.5821286702977,26.505463,0.19002151,0.01663971,1010.6155,24.453522,1.12,0.069499016,0.07426739,0.0013709068,0.494241,0.19074868
2023-07-28,URRA1,Caribe,83.83,308520000.0,488380000.0,63.17212007043696,27.339691,-0.41594315,-0.29651642,1011.1853,24.381012,1.12,0.5335808,0.087976456,0.015437603,0.4915033,0.5108138
2023-07-29,URRA1,Caribe,82.99,284060000.0,488380000.0,58.16372496826242,27.755463,0.54221725,-0.20862961,1010.77716,24.43396,1.12,0.19586086,0.08201599,0.011742115,0.49963626,0.58096975
2023-07-30,URRA1,Caribe,82.46,329160000.0,488380000.0,67.39833736025226,27.97696,0.6482277,-0.02973175,1010.54126,24.497711,1.12,0.7107258,0.111460686,0.035881996,0.49360865,0.64890915
2023-07-31,URRA1,Caribe,82.91,465550000.0,488380000.0,95.32536139891069,26.303314,0.893631,0.1828804,1011.58014,24.380371,1.12,0.2373457,0.080525875,0.012636185,0.49621233,0.9121522
2023-08-01,URRA1,Caribe,83.52000000000001,474370000.0,452160000.0,104.9119780608634,27.21231,0.062129974,0.13083649,1012.3745,24.319397,1.37,0.032901764,0.067830086,0.00071525574,0.48818886,0.14483894
2023-08-02,URRA1,Caribe,84.94,586660000.0,452160000.0,129.7461075725407,27.253876,-0.58460236,-0.47716904,1012.8864,24.615234,1.37,0.0551939,0.07021427,0.002682209,0.48711234,0.75461924
2023-08-03,URRA1,Caribe,85.11,481310000.0,452160000.0,106.4468329794763,27.3909,-0.5499306,-0.63523483,1011.83044,24.665863,1.37,0.33152103,0.07611513,0.008881092,0.49089193,0.8402065
2023-08-04,URRA1,Caribe,84.54,397670000.0,452160000.0,87.94895612172682,27.996674,-0.45074463,-0.22312164,1010.7981,24.808197,1.37,0.059366226,0.06914139,0.002503395,0.4838932,0.5029453
2023-08-05,URRA1,Caribe,84.44,429600000.0,452160000.0,95.01061571125264,28.062897,-0.16945267,-0.23223495,1009.9978,24.81659,1.37,0.29814243,0.073730946,0.007987022,0.4760812,0.2874844
2023-08-06,URRA1,Caribe,84.05,389120000.0,452160000.0,86.05803255484784,27.550446,0.57030106,0.09505844,1010.6028,24.765411,1.37,0.7798672,0.09167194,0.026464462,0.4907953,0.578169
2023-08-07,URRA1,Caribe,83.21,328070000.0,452160000.0,72.55617480537863,27.540619,0.6341362,0.57681656,1012.2486,24.625702,1.37,0.703454,0.1885891,0.041127205,0.49893782,0.8572316
2023-08-08,URRA1,Caribe,82.91,400710000.0,452160000.0,88.62128450106157,28.158295,0.62371826,-0.3500328,1012.22235,24.457825,1.37,0.078201294,0.073194504,0.0015497208,0.4867824,0.71522546
2023-08-09,URRA1,Caribe,81.94,310660000.0,452160000.0,68.70576786978062,26.883514,0.6481247,-0.06957626,1011.96954,24.34375,1.37,0.47266483,0.08863211,0.011086464,0.48374075,0.6518485
2023-08-10,URRA1,Caribe,81.10000000000001,328750000.0,452160000.0,72.70656404812456,26.669464,-0.15668869,0.062351227,1011.46954,24.279938,1.37,0.08451939,0.08225441,0.0013709068,0.48716453,0.16863872
2023-08-11,URRA1,Caribe,80.82000000000001,409100000.0,452160000.0,90.47682236376504,26.733734,-0.40712357,0.461071,1010.8822,24.173737,1.37,1.0685921,0.11968613,0.03761053,0.5023574,0.6150903
2023-08-12,URRA1,Caribe,81.94,474510000.0,452160000.0,104.94294055201698,27.061554,0.39229584,0.27366257,1010.247,24.083282,1.37,0.051617622,0.09214878,0.0014901161,0.4880385,0.47831705
2023-08-13,URRA1,Caribe,80.91000000000001,323490000.0,452160000.0,71.54325902335457,26.812714,0.7729187,-0.10695648,1009.90454,24.26007,1.37,0.08404255,0.10514259,0.0038146973,0.48463982,0.7802839
2023-08-14,URRA1,Caribe,79.63,289630000.0,452160000.0,64.05475937721161,26.640656,0.71354675,0.10746765,1010.4422,24.358643,1.37,0.032782555,0.11062622,0.00059604645,0.48366335,0.7215942
2023-08-15,URRA1,Caribe,79.06,372600000.0,452160000.0,82.40445859872611,26.398712,0.64870834,-0.29176712,1010.7536,24.539764,1.37,0.053167343,0.11616945,0.0011324883,0.4866397,0.71130204
2023-08-16,URRA1,Caribe,79.45,498210000.0,452160000.0,110.18444798301483,26.831696,0.5537262,0.07814789,1010.4822,24.88382,1.37,0.28896332,0.12254715,0.0056028366,0.4846408,0.5592135
2023-08-17,URRA1,Caribe,80.02,528060000.0,452160000.0,116.78609341825904,27.444855,0.5696335,0.205719,1010.4358,24.7742,1.37,0.1206398,0.12135506,0.0028014183,0.48829755,0.6056423
2023-08-18,URRA1,Caribe,80.01,444660000.0,452160000.0,98.34129511677284,27.242096,0.27666855,-0.21231079,1009.83826,24.660248,1.37,0.09894371,0.11944771,0.00166893,0.4783941,0.34874254
2023-08-19,URRA1,Caribe,79.44,364580000.0,452160000.0,80.63075017692853,27.023468,0.53043365,-0.24121094,1008.90924,24.537231,1.37,1.4131069,0.5952716,0.47940016,0.4885907,0.5827028
2023-08-20,URRA1,Caribe,78.67,341240000.0,452160000.0,75.46886058032555,27.380157,1.2813797,0.5341835,1008.03827,24.452301,1.37,0.043988228,0.11485815,0.001013279,0.48597938,1.3882673
2023-08-21,URRA1,Caribe,77.8,328910000.0,452160000.0,72.74194975230007,27.165192,1.8191566,0.86834335,1008.09784,24.477875,1.37,0.07224083,0.114142895,0.0015497208,0.48723358,2.0157757
2023-08-22,URRA1,Caribe,78.71000000000001,424660000.0,452160000.0,93.9180820948337,25.71994,1.6910095,1.4671288,1008.7247,24.494415,1.37,1.2068748,0.45895576,0.085413456,0.50067735,2.2387452
2023-08-23,URRA1,Caribe,79.23,428560000.0,452160000.0,94.7806086341118,26.829987,0.5487213,0.84617996,1009.85077,24.425537,1.37,0.00071525574,0.1270175,0.0,0.48265254,1.0085214
2023-08-24,URRA1,Caribe,79.86999999999999,376270000.0,452160000.0,83.21611818825194,27.34964,-0.70588684,-0.005191803,1011.0153,24.590698,1.37,0.041127205,0.13190508,0.0008940697,0.4699703,0.7059059
2023-08-25,URRA1,Caribe,80.91000000000001,433720000.0,452160000.0,95.92179759377213,27.47641,-0.34036636,-0.42048264,1011.4264,24.805206,1.37,0.16367435,0.13720989,0.007987022,0.47653598,0.54097587
2023-08-26,URRA1,Caribe,81.3,328690000.0,452160000.0,72.69329440905874,27.09439,0.44054413,0.07549667,1009.9914,24.841034,1.37,0.020980835,0.12749434,0.0005662441,0.47228712,0.44696632
2023-08-27,URRA1,Caribe,81.94,362490000.0,452160000.0,80.16852441613588,27.431305,0.51745605,0.60391235,1009.7623,24.805267,1.37,0.037312508,0.12528896,0.0009536743,0.47366872,0.79528034
2023-08-28,URRA1,Caribe,82.41000000000001,354250000.0,452160000.0,78.34616065109695,27.969635,-0.092933655,0.23286438,1011.03296,24.8508,1.37,0.096559525,0.123381615,0.0017285347,0.46314695,0.25072393
2023-08-29,URRA1,Caribe,82.61,312650000.0,452160000.0,69.14587756546355,27.57663,-0.8117714,-0.29126358,1011.7914,24.761261,1.37,0.037908554,0.120043755,0.0008940697,0.45752645,0.8624426
2023-08-30,URRA1,Caribe,81.47999999999999,287240000.0,452160000.0,63.52618542108988,28.849213,-0.10045624,-0.42967987,1009.29486,24.715332,1.37,0.0071525574,0.11622906,0.00035762787,0.44319865,0.44126663
2023-08-31,URRA1,Caribe,80.42,296860000.0,452160000.0,65.6537508846426,27.277557,0.385952,-0.071323395,1009.1962,24.631775,1.37,0.1296997,0.12737513,0.015318394,0.46023184,0.3924869
2023-09-01,URRA1,Caribe,79.71000000000001,295440000.0,432490000.0,68.3114060440704,28.02768,-0.024547577,-0.19986343,1009.52875,24.45755,1.6,0.05567074,0.11074543,0.002503395,0.46252987,0.20136529
2023-09-02,URRA1,Caribe,80.06,310000000.0,432490000.0,71.67795787185831,26.969086,0.6081848,0.66952896,1009.9961,24.046509,1.6,0.06222725,0.1052618,0.0006556511,0.45220244,0.90452075
2023-09-03,URRA1,Caribe,79.95,246750000.0,432490000.0,57.05334227380981,27.364899,0.80194473,0.028179169,1011.0041,23.676361,1.6,0.12910366,0.10293722,0.0023841858,0.46071616,0.80243963
2023-09-04,URRA1,Caribe,78.84,240520000.0,432490000.0,55.61284653980438,27.511566,0.044792175,-0.24782181,1011.1078,23.504639,1.6,0.04374981,0.09763241,0.00071525574,0.47079355,0.25183722
2023-09-05,URRA1,Caribe,77.66999999999999,230180000.0,432490000.0,53.22203981594951,27.635712,-0.16249084,0.0064964294,1010.802,23.482483,1.6,0.08690357,0.094890594,0.0016093254,0.4784967,0.16262066
2023-09-06,URRA1,Caribe,77.21000000000001,200810000.0,432490000.0,46.431131355638286,28.625946,0.33197784,-0.029094696,1009.6777,23.438324,1.6,0.044345856,0.09185076,0.0017285347,0.47224417,0.33325034
2023-09-07,URRA1,Caribe,77.79,342600000.0,432490000.0,79.21570440935051,27.310516,0.39787292,0.13056946,1009.34985,23.342865,1.6,0.1052618,0.0885129,0.0015497208,0.47797817,0.41874963
2023-09-08,URRA1,Caribe,76.71,244730000.0,432490000.0,56.586279451548016,27.669403,0.18101501,0.038181305,1009.52075,23.403381,1.6,0.014781952,0.08440018,0.00023841858,0.47754624,0.18499796
2023-09-09,URRA1,Caribe,76.94,294170000.0,432490000.0,68.01775763601471,27.446625,1.0046272,0.15203857,1009.5147,23.525177,1.6,0.22506714,0.08416176,0.0029802322,0.4801159,1.0160668
2023-09-10,URRA1,Caribe,77.06,278850000.0,432490000.0,64.47547920183125,26.102081,0.4583397,0.51597977,1011.33875,23.665619,1.6,0.98502636,0.101327896,0.022649765,0.49204928,0.6901524
2023-09-11,URRA1,Caribe,77.21000000000001,280590000.0,432490000.0,64.87780064278942,26.993073,-0.04057312,-0.20951843,1011.08264,23.800812,1.6,0.11968613,0.0783205,0.0019669533,0.48756003,0.21341076
2023-09-12,URRA1,Caribe,77.2,257770000.0,432490000.0,59.601378066544896,27.2518,0.9482384,-0.23740387,1010.3761,23.815796,1.6,0.11885166,0.079751015,0.005364418,0.4811182,0.9775053
2023-09-13,URRA1,Caribe,77.38000000000001,285240000.0,432490000.0,65.9529700108673,27.384918,-0.12946701,-0.056419373,1010.1069,23.662872,1.6,0.035762787,0.07289648,0.0006556511,0.4745883,0.14122625
2023-09-14,URRA1,Caribe,77.17,369890000.0,432490000.0,85.52567689426344,27.391632,0.5188713,0.0062675476,1009.60077,23.470001,1.6,0.081419945,0.07164478,0.0013709068,0.48652053,0.51890916
2023-09-15,URRA1,Caribe,77.42999999999999,431090000.0,432490000.0,99.67629309348192,26.789581,0.7657623,-0.056049347,1010.35315,23.395905,1.6,0.17035007,0.074863434,0.0064373016,0.48317063,0.7678108
2023-09-16,URRA1,Caribe,76.71,299390000.0,432490000.0,69.22472195888922,26.904633,0.061698914,0.102062225,1010.39514,23.470276,1.6,0.029444695,0.06735325,0.0006556511,0.47697213,0.11926212
2023-09-17,URRA1,Caribe,76.91,423870000.0,432490000.0,98.00689033272448,27.34732,0.619648,0.18967056,1010.1791,23.322357,1.6,0.06186962,0.06574392,0.0007748604,0.48365954,0.64802665
2023-09-18,URRA1,Caribe,76.32,320570000.0,432490000.0,74.12194501606973,26.663666,0.6195183,0.06993103,1010.3147,23.299988,1.6,0.33533573,0.074505806,0.0113248825,0.49504006,0.62345266
2023-09-19,URRA1,Caribe,76.14,378730000.0,432490000.0,87.56965478970612,27.165192,0.39687347,0.077236176,1010.0098,23.383362,1.6,0.032782555,0.06198883,0.00035762787,0.48262537,0.40431917
2023-09-20,URRA1,Caribe,75.4,295890000.0,432490000.0,68.41545469259404,26.949677,0.32168198,0.21981812,1009.693,23.545715,1.6,0.046014786,0.061511993,0.0013113022,0.48465046,0.38961428
2023-09-21,URRA1,Caribe,75.59,288020000.0,432490000.0,66.59575943952461,26.941437,0.8644333,0.20823288,1009.2566,23.809052,1.6,0.02861023,0.059604645,0.0009536743,0.4753956,0.8891602
2023-09-22,URRA1,Caribe,75.53999999999999,249150000.0,432490000.0,57.60826839926935,28.61148,0.49534225,-0.2277298,1008.0053,23.819489,1.6,0.0269413,0.058174133,0.00071525574,0.4682275,0.5451833
2023-09-23,URRA1,Caribe,75.82,290490000.0,432490000.0,67.16687091031007,27.20163,1.045845,0.45544052,1008.59326,23.806763,1.6,0.3477335,0.06097555,0.0047683716,0.47507057,1.1407094
2023-09-24,URRA1,Caribe,75.7,256440000.0,432490000.0,59.29385650535273,27.283295,0.368721,0.22877884,1009.28876,23.84616,1.6,0.207901,0.060081482,0.00500679,0.47334057,0.43392965
2023-09-25,URRA1,Caribe,76.16000000000001,319430000.0,432490000.0,73.85835510647645,27.487701,1.0748444,0.18249512,1010.0748,23.771332,1.6,0.19705296,0.06043911,0.006765127,0.49319023,1.090227
2023-09-26,URRA1,Caribe,76.53999999999999,308460000.0,432490000.0,71.32188027468843,26.840546,0.37666702,0.56824875,1011.86017,23.796906,1.6,0.0166893,0.052899122,0.00029802322,0.47409302,0.6817512
2023-09-27,URRA1,Caribe,76.49000000000001,248040000.0,432490000.0,57.35161506624431,27.736542,0.33060455,-0.23730469,1010.02875,23.507172,1.6,0.030398369,0.052154064,0.0004172325,0.46115124,0.40695563
2023-09-28,URRA1,Caribe,76.31,229040000.0,432490000.0,52.95844990635622,27.935577,0.40190506,-0.10361481,1009.09875,23.29834,1.6,0.13101101,0.05209446,0.0015497208,0.47482562,0.41504663
2023-09-29,URRA1,Caribe,76.11,226290000.0,432490000.0,52.32259705426715,27.780487,0.47047424,0.0097846985,1008.9356,23.21283,1.6,0.05865097,0.05108118,0.0015497208,0.4714433,0.470576
2023-09-30,URRA1,Caribe,76.3,281380000.0,432490000.0,65.0604638257532,27.546295,0.7056618,0.121730804,1009.4422,23.055542,1.6,0.34093857,0.056028366,0.007867813,0.4722123,0.7160844
2023-10-01,URRA1,Caribe,76.41,283130000.0,446890000.0,63.35563561502831,27.636871,1.1803932,0.3750801,1009.3625,22.823303,1.83,0.028133392,0.047802925,0.00071525574,0.47166464,1.2385529
2023-10-02,URRA1,Caribe,76.81,324650000.0,446890000.0,72.64651256461322,27.044525,0.7269325,-0.039653778,1009.0736,22.764038,1.83,0.5105734,0.08302927,0.03671646,0.48365322,0.7280133
2023-10-03,URRA1,Caribe,77.61,373420000.0,446890000.0,83.55971268097294,26.683258,1.6097336,0.53657913,1009.177,22.764038,1.83,2.3642778,0.63860416,0.5930662,0.4892183,1.6968086
2023-10-04,URRA1,Caribe,80.47999999999999,663480000.0,446890000.0,148.46606547472533,25.715668,1.3190536,0.893898,1010.9953,22.753082,1.83,0.34570694,0.05298853,0.008165836,0.5003914,1.5934103
2023-10-05,URRA1,Caribe,81.83,451290000.0,446890000.0,100.98458233569782,27.020782,0.55353165,0.4159584,1011.94763,22.818573,1.83,0.05888939,0.04506111,0.001013279,0.48798573,0.6924007
2023-10-06,URRA1,Caribe,82.72,387980000.0,446890000.0,86.8177851372821,26.741547,-0.04556656,-0.0286026,1012.08765,23.132812,1.83,0.40590763,0.04976988,0.006735325,0.49141043,0.05379981
2023-10-07,URRA1,Caribe,83.5,371870000.0,446890000.0,83.21287117635212,26.991913,-0.30881882,-0.16508865,1011.34625,23.1586,1.83,0.49471855,0.050127506,0.0078082085,0.48518643,0.35017613
2023-10-08,URRA1,Caribe,85.25,512060000.0,446890000.0,114.58300700396072,25.590973,0.65829086,0.13145065,1011.427,23.065674,1.83,1.134038,0.21636486,0.1745224,0.5035048,0.67128694
2023-10-09,URRA1,Caribe,85.27,386150000.0,446890000.0,86.40828839311688,27.526642,0.42711258,-0.033931732,1011.0574,23.09372,1.83,0.03707409,0.04208088,0.0010728836,0.49105567,0.4284583
2023-10-10,URRA1,Caribe,86.92999999999999,494670000.0,446890000.0,110.69166909082772,27.316376,0.31686783,-0.3724861,1010.15405,23.201569,1.83,0.7927418,0.15354156,0.10305643,0.48234499,0.4890308
2023-10-11,URRA1,Caribe,89.74,656790000.0,446890000.0,146.96905278703932,26.699432,-0.045455933,0.03124237,1009.9448,23.300629,1.83,0.042676926,0.04094839,0.000834465,0.49399692,0.055157296
2023-10-12,URRA1,Caribe,90.13,431970000.0,446890000.0,96.66137080713376,27.063385,0.7726021,0.087818146,1009.3027,23.31607,1.83,0.032782555,0.04053116,0.00059604645,0.4915627,0.777577
2023-10-13,URRA1,Caribe,90.32,403640000.0,446890000.0,90.32200317751573,27.217926,0.44968414,0.35318756,1009.3145,23.264618,1.83,0.02682209,0.04005432,0.0005662441,0.48963284,0.5718018
2023-10-14,URRA1,Caribe,90.28,372300000.0,446890000.0,83.30909172279532,27.796112,0.59555435,0.2425232,1011.2272,23.19226,1.83,0.061035156,0.04005432,0.0009536743,0.4863832,0.6430416
2023-10-15,URRA1,Caribe,90.16,360550000.0,446890000.0,80.67980934905682,27.893524,0.7822342,0.5754318,1011.6273,23.470795,1.83,0.21886826,0.042259693,0.0034868717,0.48472464,0.9710881
2023-10-16,URRA1,Caribe,90.69,335550000.0,446890000.0,75.0855915325919,27.054474,-8.773804e-05,0.15888977,1011.7481,23.60553,1.83,0.030994415,0.03939867,0.00047683716,0.48708564,0.1588898
2023-10-17,URRA1,Caribe,90.22,310210000.0,446890000.0,69.41529235382309,26.854828,-0.016719818,-0.17283249,1010.5708,23.776886,1.83,0.06234646,0.041782856,0.0026226044,0.4748352,0.17363934
2023-10-18,URRA1,Caribe,90.35,275300000.0,446890000.0,61.60352659491149,28.435333,-0.032283783,-0.397995,1009.4328,23.71051,1.83,0.028729439,0.039756298,0.00071525574,0.47534066,0.3993022
2023-10-19,URRA1,Caribe,91.22,283730000.0,446890000.0,63.48989684262346,27.648956,1.4531746,0.75297165,1008.96466,23.514648,1.83,0.28264523,0.04696846,0.0078082085,0.4986302,1.6366682
2023-10-20,URRA1,Caribe,91.81,463040000.0,446890000.0,103.61386470943631,25.77066,0.86450577,1.1624374,1010.55347,23.60315,1.83,1.9541979,0.27227402,0.16951561,0.50264674,1.4486653
2023-10-21,URRA1,Caribe,91.62,347800000.0,446890000.0,77.82675826265971,26.362701,0.7136345,0.72610855,1011.47955,23.888458,1.83,0.20360947,0.13017654,0.0074505806,0.49685568,1.0180902
2023-10-22,URRA1,Caribe,90.99,303040000.0,446890000.0,67.81087068406096,26.180573,0.04322052,0.5640831,1011.2463,24.031342,1.83,0.5966425,0.15091896,0.0192523,0.49957547,0.5657365
2023-10-23,URRA1,Caribe,90.54,319130000.0,446890000.0,71.41130927073776,27.264923,0.11310959,0.03208542,1010.39655,23.979797,1.83,0.36227703,0.1500845,0.009655952,0.49018937,0.11757233
2023-10-24,URRA1,Caribe,92.13,484240000.0,446890000.0,108.35776141779856,26.094147,0.45197296,0.5473671,1011.03125,23.871246,1.83,0.13971329,0.15044212,0.005543232,0.50243586,0.7098523
2023-10-25,URRA1,Caribe,92.6,343600000.0,446890000.0,76.88692966949361,25.623932,1.1164436,0.8392067,1010.3286,23.879608,1.83,0.28276443,0.15938282,0.010967255,0.49356884,1.3966798
2023-10-26,URRA1,Caribe,92.25,328390000.0,446890000.0,73.48340754995637,25.340057,1.4977837,0.18530273,1009.9891,23.893433,1.83,1.1655092,0.45192242,0.13968349,0.49944556,1.5092028
2023-10-27,URRA1,Caribe,92.33,269860000.0,446890000.0,60.38622479804874,25.952728,2.0453644,1.4334908,1010.27454,23.94513,1.83,0.18942356,0.22268295,0.007748604,0.49146527,2.4976811
2023-10-28,URRA1,Caribe,92.37,264230000.0,446890000.0,59.12640694578084,25.6138,2.3107605,1.6293907,1010.427,23.833496,1.83,0.076293945,0.21749735,0.0013709068,0.48519522,2.8274596
2023-10-29,URRA1,Caribe,92.14,232020000.0,446890000.0,51.91881671104747,26.587616,1.0825462,0.6070328,1009.89044,24.184296,1.83,0.0,0.20933151,0.0,0.46796584,1.2411265
2023-10-30,URRA1,Caribe,92.05,250480000.0,446890000.0,56.049587146725145,26.498016,0.94080734,0.8187103,1010.7025,24.305267,1.83,0.18548965,0.20772219,0.00756979,0.46246976,1.2471589
2023-10-31,URRA1,Caribe,92.15,275490000.0,446890000.0,61.64604265031664,26.43106,0.5122261,0.3850212,1010.6131,24.454834,1.83,0.029206276,0.1937151,0.0013709068,0.46999305,0.640794
2023-11-01,URRA1,Caribe,92.9,340850000.0,404090000.0,84.35002103491797,25.435028,0.99240875,0.47419357,1010.7486,24.205109,1.99,0.43022633,0.1950264,0.012099743,0.47495168,1.0998794
2023-11-02,URRA1,Caribe,92.55,278780000.0,404090000.0,68.98958152886733,26.018951,1.4158592,0.6729164,1010.22705,24.064636,1.99,0.37062168,0.3321767,0.013113022,0.4990917,1.5676332
2023-11-03,URRA1,Caribe,92.84,324170000.0,404090000.0,80.22222772154718,25.786652,0.9735794,0.96403503,1009.35767,24.394806,1.99,0.022172928,0.16725063,0.0006556511,0.48570293,1.370117
2023-11-04,URRA1,Caribe,93.63,487670000.0,404090000.0,120.6835110990126,27.066986,-0.1811409,0.58058167,1009.2897,24.382294,1.99,0.103354454,0.15974045,0.0019669533,0.49355122,0.60818344
2023-11-05,URRA1,Caribe,95.29,561700000.0,404090000.0,139.00368729738423,26.258453,0.09390259,0.46182632,1009.4366,24.441772,1.99,0.21517277,0.15997887,0.009775162,0.49653926,0.4712762
2023-11-06,URRA1,Caribe,95.55,508200000.0,404090000.0,125.76406246133288,26.314789,0.65496063,0.37665558,1010.04767,24.62024,1.99,0.08714199,0.14805794,0.0041127205,0.4935339,0.75554144
2023-11-07,URRA1,Caribe,95.37,544620000.0,404090000.0,134.77690613477196,26.594452,-0.11906052,0.13956833,1010.3759,24.512817,1.99,0.030517578,0.13881922,0.00059604645,0.49243498,0.18345223
2023-11-08,URRA1,Caribe,93.62,444310000.0,404090000.0,109.9532282412334,26.865143,0.2127533,-0.09243393,1009.38654,24.524902,1.99,0.051259995,0.13491511,0.0015795231,0.48797637,0.23196551
2023-11-09,URRA1,Caribe,93.01,599230000.0,404090000.0,148.29122225246851,27.412811,0.17865372,-0.0068244934,1007.9291,24.387543,1.99,0.05865097,0.13035536,0.0012516975,0.49107143,0.17878401
2023-11-10,URRA1,Caribe,92.05,550420000.0,404090000.0,136.21222994877377,27.324371,0.8531914,0.06531906,1008.0211,24.37967,1.99,0.035643578,0.12537837,0.0011324883,0.49097693,0.8556881
2023-11-11,URRA1,Caribe,90.05,410190000.0,404090000.0,101.50956470093296,27.789215,0.6203232,0.51496506,1007.8856,24.252167,1.99,0.1540184,0.12344122,0.002861023,0.50419945,0.80621946
2023-11-12,URRA1,Caribe,88.4,453120000.0,404090000.0,112.13343562077756,27.221893,0.72174454,0.46392822,1008.88873,24.100372,1.99,0.19955635,0.1245141,0.005722046,0.5027863,0.85798866
2023-11-13,URRA1,Caribe,87.48,353990000.0,404090000.0,87.60177188250142,27.014435,0.41578674,0.36134338,1008.23315,24.129456,1.99,0.17166138,0.13107061,0.01335144,0.50015485,0.5508608
2023-11-14,URRA1,Caribe,88.18,427490000.0,404090000.0,105.79078918062808,26.621307,0.59035873,0.75951767,1007.8209,24.164825,1.99,0.22625923,0.12212992,0.0073313713,0.5055013,0.96197224
2023-11-15,URRA1,Caribe,89.44,510170000.0,404090000.0,126.25157761884728,25.985443,1.0566711,0.43667984,1008.84906,24.133942,1.99,0.70011616,0.218153,0.066399574,0.50825083,1.1433474
2023-11-16,URRA1,Caribe,89.99000000000001,409330000.0,404090000.0,101.29674082506372,26.285004,0.18060303,0.4092064,1008.95953,24.09665,1.99,0.019788742,0.13446808,0.00035762787,0.48799098,0.44728887
2023-11-17,URRA1,Caribe,89.25999999999999,373130000.0,404090000.0,92.33834046870749,26.879242,0.94571304,0.61834335,1009.95874,23.913025,1.99,0.038146973,0.13554096,0.00059604645,0.4784362,1.1299211
2023-11-18,URRA1,Caribe,92.61,799080000.0,404090000.0,197.74802642975573,26.454803,1.5342445,1.0060654,1011.48126,23.820007,1.99,0.057578087,0.13387203,0.0014305115,0.47769037,1.8346864
2023-11-19,URRA1,Caribe,93.73,578250000.0,404090000.0,143.09930955975153,25.511444,1.2380943,1.135376,1013.25,23.978912,1.99,1.1985302,0.26869774,0.13923645,0.4928594,1.6798679
2023-11-20,URRA1,Caribe,93.25,448030000.0,404090000.0,110.87381523917938,25.544464,0.6094475,0.18418884,1012.26733,24.120392,1.99,0.95176697,0.3825426,0.25564432,0.49794513,0.63667244
2023-11-21,URRA1,Caribe,93.1,485000000.0,404090000.0,120.02276720532554,26.088104,0.3935814,0.15673065,1010.92737,24.381256,1.99,0.37038326,0.13160706,0.007927418,0.48840755,0.42363995
2023-11-22,URRA1,Caribe,93.2,521360000.0,404090000.0,129.0207627013784,26.300201,0.40234756,0.5234642,1010.5563,24.578278,1.99,0.053286552,0.121593475,0.0012516975,0.49304727,0.660226
2023-11-23,URRA1,Caribe,93.07,488790000.0,404090000.0,120.96067707688884,26.191193,0.61146545,0.11201477,1010.8267,24.722076,1.99,0.5457401,0.20253658,0.08523464,0.4923946,0.62164086
2023-11-24,URRA1,Caribe,92.22,389630000.0,404090000.0,96.42158924991958,26.3992,0.039028168,0.23147583,1011.1795,24.662994,1.99,0.0743866,0.11634827,0.002026558,0.4915694,0.23474295
2023-11-25,URRA1,Caribe,91.2,367790000.0,404090000.0,91.01685268133338,25.780548,0.9511337,0.69205093,1011.5203,24.43158,1.99,0.0035762787,0.111460686,0.0,0.4879459,1.176261
2023-11-26,URRA1,Caribe,90.96,309200000.0,404090000.0,76.51760746368383,26.107574,-0.4266281,-0.05279541,1009.9487,24.144989,1.99,0.030994415,0.10871887,0.00059604645,0.48282716,0.4298824
2023-11-27,URRA1,Caribe,90.47,273650000.0,404090000.0,67.72006236234502,27.535126,-0.61133957,-0.47592926,1008.40576,23.971771,1.99,0.026106834,0.1052022,0.00059604645,0.46733657,0.77475464
2023-11-28,URRA1,Caribe,90.74,279860000.0,404090000.0,69.2568487218194,27.406952,0.5031204,-0.18386841,1008.91437,23.72876,1.99,0.046133995,0.1026392,0.0013709068,0.4632813,0.53566575
2023-11-29,URRA1,Caribe,91.31,321180000.0,404090000.0,79.48229354846691,26.340424,1.3060799,0.8750458,1010.09674,23.621063,1.99,0.017881393,0.09828806,0.00047683716,0.46601954,1.5721164
2023-11-30,URRA1,Caribe,91.37,251600000.0,404090000.0,62.26335717290703,26.519196,0.18247986,-0.13371658,1009.7388,23.589447,1.99,0.03170967,0.09524822,0.00047683716,0.46900353,0.2262278
2023-12-01,URRA1,Caribe,91.19,227390000.0,286890000.0,79.2603436857332,27.13089,0.22846603,-0.15509796,1009.4558,23.568756,2.06,0.043272972,0.09250641,0.0007748604,0.4686612,0.27613786
2023-12-02,URRA1,Caribe,90.86,205560000.0,286890000.0,71.6511554951375,27.44577,-0.2833748,-0.3397255,1009.0886,23.367188,2.06,0.069737434,0.08928776,0.001013279,0.4596599,0.44239652
2023-12-03,URRA1,Caribe,90.45,194940000.0,286890000.0,67.94938826728014,27.114288,0.17230225,0.3716774,1009.41406,23.376068,2.06,0.028729439,0.0859499,0.0013113022,0.44700667,0.4096732
2023-12-04,URRA1,Caribe,90.26,180900000.0,286890000.0,63.055526508417856,27.216705,-0.335392,-0.005428314,1008.8808,23.505157,2.06,0.1488924,0.08332729,0.0019669533,0.4351856,0.33543593
2023-12-05,URRA1,Caribe,90.0,171500000.0,286890000.0,59.77900937641605,27.981293,-0.40132904,-0.15500641,1008.77374,23.845612,2.06,0.010728836,0.07838011,0.00029802322,0.42555094,0.4302232
2023-12-06,URRA1,Caribe,89.68,164800000.0,286890000.0,57.4436195057339,27.294159,0.3684845,-0.009403229,1008.8162,24.007202,2.06,0.01168251,0.07516146,0.00011920929,0.4170137,0.36860445
2023-12-07,URRA1,Caribe,90.16,232170000.0,286890000.0,80.92648750392136,26.679474,0.6273308,0.15311432,1009.8281,24.170807,2.06,0.15211105,0.07390976,0.0020861626,0.41735446,0.645746
2023-12-08,URRA1,Caribe,90.07,161740000.0,286890000.0,56.37700860957161,27.285309,-0.20588303,0.29373932,1008.66766,24.333862,2.06,0.01001358,0.068962574,0.00011920929,0.4217046,0.35870686
2023-12-09,URRA1,Caribe,89.92,147650000.0,286890000.0,51.4657185680923,27.93991,0.2428093,-0.29559708,1008.0759,24.341492,2.06,0.060915947,0.06723404,0.0013709068,0.41111708,0.38253626
2023-12-10,URRA1,Caribe,90.23,204850000.0,286890000.0,71.40367388197568,27.138763,0.5712471,0.33874893,1007.54565,24.400787,2.06,0.026464462,0.06389618,0.0004172325,0.4170349,0.6641341
2023-12-11,URRA1,Caribe,90.09,164370000.0,286890000.0,57.29373627522744,27.690582,0.47984314,-0.014221191,1007.1033,24.360443,2.06,0.0269413,0.061392784,0.00035762787,0.4314261,0.4800538
2023-12-12,URRA1,Caribe,90.11,181470000.0,286890000.0,63.25420893025201,27.586456,0.35878754,-0.21879578,1007.28174,24.341125,2.06,0.036358833,0.0590086,0.00059604645,0.41927382,0.42023814
2023-12-13,URRA1,Caribe,89.8,165160000.0,286890000.0,57.56910314057653,27.261688,0.10633087,-0.13998413,1006.98846,24.240082,2.06,0.21719933,0.05930662,0.0030398369,0.41517943,0.1757891
2023-12-14,URRA1,Caribe,89.62,154200000.0,286890000.0,53.74882359092336,26.771393,0.9320221,0.0011482239,1006.8122,24.049316,2.06,0.20086765,0.057041645,0.0029802322,0.41807696,0.9320228
2023-12-15,URRA1,Caribe,89.24,145180000.0,286890000.0,50.60476140681097,26.825775,0.73591995,0.2676506,1007.5522,24.100464,2.06,0.51927567,0.05888939,0.0067949295,0.42089912,0.78308046
2023-12-16,URRA1,Caribe,89.34,179280000.0,286890000.0,62.490850151626056,27.109283,1.1057413,0.40205002,1009.8028,24.158722,2.06,0.044107437,0.050663948,0.00047683716,0.4474864,1.1765661
2023-12-17,URRA1,Caribe,89.3,156540000.0,286890000.0,54.56446721740039,27.213104,0.35806274,0.48049545,1010.2639,24.136932,2.06,0.11956692,0.05018711,0.0016093254,0.45664722,0.59923685
2023-12-18,URRA1,Caribe,88.92,140220000.0,286890000.0,48.87587577120151,27.087006,0.14979935,-0.72447205,1009.6897,24.170471,2.06,0.029206276,0.047564507,0.00047683716,0.4464263,0.739797
2023-12-19,URRA1,Caribe,88.59,131090000.0,286890000.0,45.69347136533166,26.639435,0.6153221,-0.67692566,1009.825,24.195496,2.06,0.11086464,0.04708767,0.0015497208,0.43874848,0.91479486
2023-12-20,URRA1,Caribe,88.55,197450000.0,286890000.0,68.82428805465509,26.247284,0.80054855,-0.96632004,1009.84467,24.164948,2.06,0.123500824,0.046253204,0.0019669533,0.44394267,1.2548516
2023-12-21,URRA1,Caribe,87.96000000000001,152980000.0,286890000.0,53.3235734950678,27.03476,0.5226784,0.07174301,1009.41077,24.213257,2.06,0.03492832,0.0436306,0.00047683716,0.4402117,0.5275791
2023-12-22,URRA1,Caribe,87.68,134710000.0,286890000.0,46.955279026804696,27.24826,-0.29608536,-0.2740593,1009.02515,24.297546,2.06,0.09918213,0.042796135,0.0010728836,0.43182123,0.4034539
2023-12-23,URRA1,Caribe,87.59,154850000.0,286890000.0,53.97539126494475,27.027557,0.70079803,-0.0024642944,1010.1316,24.43927,2.06,0.034809113,0.041484833,0.00047683716,0.46041542,0.7008024
2023-12-24,URRA1,Caribe,87.41,135190000.0,286890000.0,47.1225905399282,26.575836,0.82562256,0.3071289,1010.5031,24.529022,2.06,0.014185905,0.039458275,0.00023841858,0.44580704,0.8808977
2023-12-25,URRA1,Caribe,87.32,146530000.0,286890000.0,51.07532503747081,26.430145,0.90324783,-0.042037964,1011.1884,24.621307,2.06,0.10359287,0.039815903,0.0014901161,0.4520241,0.9042255
2023-12-26,URRA1,Caribe,87.08,140340000.0,286890000.0,48.91770364948238,26.760223,1.168087,0.20209885,1011.6178,24.79248,2.06,0.098347664,0.0385046,0.0015497208,0.45114994,1.1854414
2023-12-27,URRA1,Caribe,87.03999999999999,169140000.0,286890000.0,58.95639443689219,25.813202,0.94932556,0.5367317,1012.2961,24.717194,2.06,0.08952618,0.03761053,0.001847744,0.46118024,1.0905503
2023-12-28,URRA1,Caribe,86.53999999999999,166620000.0,286890000.0,58.07800899299384,26.110199,1.3943748,0.08954239,1012.2525,24.804688,2.06,0.015735626,0.03528595,0.00011920929,0.4704436,1.397247
2023-12-29,URRA1,Caribe,86.59,182210000.0,286890000.0,63.51214751298407,25.809357,1.6836586,0.059886932,1013.33905,24.667847,2.06,0.0072717667,0.034332275,5.9604645e-05,0.4704201,1.6847234
2023-12-30,URRA1,Caribe,87.22999999999999,260510000.0,286890000.0,90.8048380912545,26.416718,0.5807915,-0.19023132,1014.2528,24.812073,2.06,0.051617622,0.033795834,0.0006556511,0.4726869,0.61115193
2023-12-31,URRA1,Caribe,87.39,183400000.0,286890000.0,63.92694063926941,26.34903,0.8479309,-0.50623703,1013.7097,24.782928,2.06,0.09512901,0.033438206,0.0011324883,0.47072178,0.98755395
2024-01-01,URRA1,Caribe,87.36,163390000.0,166850000.0,97.92628109080012,26.36679,0.8671684,-0.21532059,1012.53784,24.931946,1.92,0.18286705,0.034689903,0.0031292439,0.47633344,0.893501
2024-01-02,URRA1,Caribe,86.97,152300000.0,166850000.0,91.27959244830689,26.374054,0.7882385,-0.071525574,1011.67596,25.216858,1.92,0.15282631,0.03194809,0.0019073486,0.46322727,0.791477
2024-01-03,URRA1,Caribe,86.48,139750000.0,166850000.0,83.75786634701828,27.137787,0.2907524,-0.38137817,1011.4306,25.272644,1.92,0.01347065,0.030100346,0.00011920929,0.45312816,0.47956884
2024-01-04,URRA1,Caribe,85.95,132310000.0,166850000.0,79.29877135151332,26.9346,1.0940361,-0.3256302,1012.29565,25.31723,1.92,0.025510788,0.0295043,0.00047683716,0.43977585,1.1414684
2024-01-05,URRA1,Caribe,85.28,116000000.0,166850000.0,69.52352412346418,26.816437,0.3846779,-0.4474678,1011.95844,25.382904,1.92,0.01168251,0.02837181,0.00035762787,0.42991745,0.59008855
2024-01-06,URRA1,Caribe,84.83000000000001,109910000.0,166850000.0,65.87353910698232,26.73111,0.5626793,-0.12220764,1010.2339,25.490692,1.92,0.010371208,0.02759695,0.00017881393,0.41843686,0.57579744
2024-01-07,URRA1,Caribe,84.46000000000001,107560000.0,166850000.0,64.46508840275696,27.520172,-0.09328461,-0.7278137,1009.3364,25.445587,1.92,0.0022649765,0.026524067,0.0,0.40618762,0.73376757
2024-01-08,URRA1,Caribe,84.05,102470000.0,166850000.0,61.41444411147737,28.245514,0.527195,-0.25090027,1008.6347,25.508636,1.92,0.00059604645,0.025689602,0.0,0.39261004,0.583854
2024-01-09,URRA1,Caribe,83.54,97900000.0,166850000.0,58.675456997302966,28.221039,0.61826706,0.40353012,1009.5011,25.307465,1.92,0.000834465,0.024914742,0.0,0.38117653,0.7383026
2024-01-10,URRA1,Caribe,83.25,125270000.0,166850000.0,75.07941264608931,27.487396,0.725399,-0.655571,1011.27893,25.185638,1.92,0.06878376,0.024914742,0.0007748604,0.37635282,0.9777408
2024-01-11,URRA1,Caribe,82.88,114640000.0,166850000.0,68.70842073718909,27.481842,0.9951935,-0.265316,1011.15436,25.072266,1.92,0.0104904175,0.023782253,0.00023841858,0.374964,1.0299528
2024-01-12,URRA1,Caribe,82.44,104900000.0,166850000.0,62.87084207371891,26.396576,1.4402046,-0.2427826,1011.3002,25.073273,1.92,0.030517578,0.023245811,0.00047683716,0.36949357,1.4605248
2024-01-13,URRA1,Caribe,82.0,99570000.0,166850000.0,59.676356008390776,26.445099,0.9893379,0.010089874,1012.0678,25.0755,1.92,0.05042553,0.022470951,0.00047683716,0.37251064,0.98938936
2024-01-14,URRA1,Caribe,81.56,91760000.0,166850000.0,54.99550494456098,27.027313,0.16733932,-0.67604446,1011.36,25.059998,1.92,0.0044107437,0.021457672,5.9604645e-05,0.36790565,0.6964471
2024-01-15,URRA1,Caribe,80.65,89930000.0,166850000.0,53.898711417440815,27.534637,0.10080719,-0.4986725,1009.4775,25.171967,1.92,0.00035762787,0.020861626,0.0,0.3573807,0.5087596
2024-01-16,URRA1,Caribe,79.95,91830000.0,166850000.0,55.03745879532514,28.169159,0.31606674,-0.43745804,1008.5111,25.326447,1.92,0.002503395,0.020325184,5.9604645e-05,0.3507364,0.5396922
2024-01-17,URRA1,Caribe,79.08,84880000.0,166850000.0,50.87204075516931,28.2341,0.51911163,-0.9063568,1009.7175,25.576233,1.92,0.003695488,0.019848347,0.0,0.3432871,1.0444901
2024-01-18,URRA1,Caribe,78.05,81820000.0,166850000.0,49.038058136050346,28.852692,0.54237366,-0.6086159,1009.34644,25.601318,1.92,0.0019073486,0.019013882,0.0,0.33549526,0.8152193
2024-01-19,URRA1,Caribe,77.4,85670000.0,166850000.0,51.34551992807911,28.143707,0.5044975,-0.81098175,1009.3695,25.574768,1.92,0.0034570694,0.018537045,0.0,0.329438,0.9550964
2024-01-20,URRA1,Caribe,76.79,80360000.0,166850000.0,48.16302067725502,27.932648,0.49505997,-0.9189186,1009.41425,25.596527,1.92,0.015735626,0.01835823,0.00029802322,0.32636678,1.0437891
2024-01-21,URRA1,Caribe,76.25,78930000.0,166850000.0,47.30596344021576,28.225494,0.44394302,-0.795002,1010.20795,25.62555,1.92,0.002503395,0.01746416,0.0,0.3215169,0.91055673
2024-01-22,URRA1,Caribe,75.53999999999999,77180000.0,166850000.0,46.25711717111178,28.06137,0.49472427,-0.6674881,1009.2969,25.719727,1.92,0.017642975,0.017285347,0.00023841858,0.31886876,0.83083844
2024-01-23,URRA1,Caribe,74.83,72300000.0,166850000.0,43.33233443212466,28.049042,1.1749077,-0.3634796,1008.91797,25.60617,1.92,0.002026558,0.016450882,0.0,0.31903636,1.2298478
2024-01-24,URRA1,Caribe,74.11,72700000.0,166850000.0,43.57207072220557,27.403778,1.2712555,-0.52804184,1009.09564,25.554657,1.92,0.0,0.016093254,0.0,0.31414306,1.3765604
2024-01-25,URRA1,Caribe,73.38,71420000.0,166850000.0,42.804914593946656,28.005402,0.75429153,-0.5803528,1009.2569,25.633484,1.92,0.00023841858,0.015556812,0.0,0.30994633,0.9517169
2024-01-26,URRA1,Caribe,72.65,73520000.0,166850000.0,44.06353011687144,28.624298,0.74458694,-0.62664413,1010.21075,25.6987,1.92,0.0011920929,0.015318394,0.0,0.30531484,0.97318685
2024-01-27,URRA1,Caribe,72.19,67060000.0,166850000.0,40.191789032064726,28.710663,0.82611465,-0.25674438,1011.7377,25.76416,1.92,0.010371208,0.014960766,0.00023841858,0.30172133,0.8650914
2024-01-28,URRA1,Caribe,71.74000000000001,63800000.0,166850000.0,38.2379382679053,27.833527,0.51859665,-0.90257645,1011.53046,25.897675,1.92,0.0009536743,0.014364719,0.0,0.29962677,1.0409547
2024-01-29,URRA1,Caribe,71.24000000000001,62120000.0,166850000.0,37.23104584956548,26.955597,1.0804596,-1.131237,1011.27466,26.062286,1.92,0.0104904175,0.014305115,0.00011920929,0.29832253,1.5643178
2024-01-30,URRA1,Caribe,70.75,62220000.0,166850000.0,37.2909799220857,27.452972,0.32957458,-1.6907845,1011.65356,26.176788,1.92,0.03695488,0.013709068,0.00023841858,0.30125257,1.7226061
2024-01-31,URRA1,Caribe,70.17,64830000.0,166850000.0,38.85525921486365,27.179962,0.5980568,-1.9813766,1012.085,26.128418,1.92,0.022530556,0.013649464,0.00011920929,0.3033041,2.069668
2024-02-01,URRA1,Caribe,69.81,72630000.0,121290000.0,59.8812762799901,26.632416,0.5394211,-1.4668579,1011.83093,26.312683,1.62,0.13041496,0.014424324,0.0011324883,0.3196295,1.5628971
2024-02-02,URRA1,Caribe,69.37,88710000.0,121290000.0,73.13875834776157,25.670197,0.5638237,-1.0700722,1011.9266,26.650116,1.62,0.16605854,0.014364719,0.0015497208,0.3698178,1.2095253
2024-02-03,URRA1,Caribe,69.11,86320000.0,121290000.0,71.16827438370846,25.711761,0.44672394,0.17393494,1011.1834,26.968872,1.62,0.22733212,0.014781952,0.0021755695,0.4323107,0.47939092
2024-02-04,URRA1,Caribe,68.85,85030000.0,121290000.0,70.1047077252865,25.532867,0.5518646,-0.15768051,1009.8123,27.237854,1.62,0.46885014,0.017881393,0.0059604645,0.46434903,0.5739492
2024-02-05,URRA1,Caribe,68.54,77100000.0,121290000.0,63.566658421963886,26.590668,1.2025833,1.0566521,1009.1881,27.465881,1.62,0.00166893,0.012040138,0.0,0.4650747,1.6008499
2024-02-06,URRA1,Caribe,68.31,87490000.0,121290000.0,72.13290460878885,26.385284,0.5169258,0.51304626,1010.77155,27.477905,1.62,0.22614002,0.0140070915,0.002026558,0.46462628,0.7283054
2024-02-07,URRA1,Caribe,69.0,218320000.0,121290000.0,179.9983510594443,24.297516,-0.11951828,-0.44926453,1013.7458,27.428375,1.62,0.61416626,0.022351742,0.01052022,0.49825203,0.46489057
2024-02-08,URRA1,Caribe,69.57,212620000.0,121290000.0,175.29887047571935,24.949066,-1.2396278,-0.6179695,1013.2717,27.35736,1.62,0.036239624,0.0121593475,0.0006556511,0.48599914,1.3851222
2024-02-09,URRA1,Caribe,69.69999999999999,138910000.0,121290000.0,114.52716629565504,25.505707,-0.97434616,-1.2998581,1011.8245,27.451721,1.62,0.0052452087,0.011444092,5.9604645e-05,0.46652606,1.6244942
2024-02-10,URRA1,Caribe,69.32000000000001,112910000.0,121290000.0,93.09093907164647,27.351593,0.018318176,-0.9638443,1010.08344,27.549774,1.62,0.010371208,0.011384487,0.00023841858,0.4469181,0.96401834
2024-02-11,URRA1,Caribe,69.16,99520000.0,121290000.0,82.05128205128204,27.724884,0.84575653,-0.26795578,1009.53107,27.472137,1.62,0.01513958,0.010848045,0.00011920929,0.43168277,0.88718903
2024-02-12,URRA1,Caribe,68.62,88540000.0,121290000.0,72.99859840052765,27.67398,1.2411919,0.112976074,1009.59436,27.5094,1.62,0.05030632,0.011384487,0.0006556511,0.42174342,1.246323
2024-02-13,URRA1,Caribe,68.28999999999999,87850000.0,121290000.0,72.42971390881358,27.22049,0.953598,-0.7324257,1010.66705,27.528717,1.62,0.059723854,0.011146069,0.0006556511,0.4199353,1.2024128
2024-02-14,URRA1,Caribe,67.9,69330000.0,121290000.0,57.16052436309671,27.130829,-0.067276,-0.36327744,1010.47345,27.573761,1.62,0.005722046,0.010311604,0.00011920929,0.41198832,0.3694544
2024-02-15,URRA1,Caribe,67.57,77300000.0,121290000.0,63.73155247753319,27.224152,0.98405075,-0.59321594,1009.3814,27.477509,1.62,0.029683113,0.010550022,0.00059604645,0.40569752,1.1490262
2024-02-16,URRA1,Caribe,67.47999999999999,111000000.0,121290000.0,91.51620084095968,28.033539,0.5806656,-0.22190475,1008.983,27.40628,1.62,0.19085407,0.012278557,0.0023245811,0.4113988,0.62162226
2024-02-17,URRA1,Caribe,67.35,105840000.0,121290000.0,87.26193420727184,27.364655,0.7823143,0.1722374,1008.89545,27.34311,1.62,0.15699863,0.011146069,0.0013709068,0.4307102,0.8010502
2024-02-18,URRA1,Caribe,67.12,89390000.0,121290000.0,73.69939813669717,27.84842,0.7784157,-0.28224182,1009.77124,27.371185,1.62,0.3708601,0.013768673,0.004172325,0.43785027,0.8280045
2024-02-19,URRA1,Caribe,66.83,81860000.0,121290000.0,67.49113694451316,27.388214,0.7956238,-1.2190971,1012.5486,27.314789,1.62,0.17309189,0.01180172,0.0023841858,0.44888118,1.4557524
2024-02-20,URRA1,Caribe,66.51,78270000.0,121290000.0,64.53128864704428,27.157135,1.0957909,-1.6450157,1013.3756,27.161163,1.62,0.10347366,0.0104904175,0.0013113022,0.45734355,1.9765713
2024-02-21,URRA1,Caribe,66.2,90920000.0,121290000.0,74.96083766180229,25.558502,1.1863823,-1.3750648,1013.9808,27.27826,1.62,0.15091896,0.011503696,0.0022053719,0.45333156,1.816124
2024-02-22,URRA1,Caribe,65.83,82000000.0,121290000.0,67.60656278341166,25.222382,0.4057083,-1.0937729,1013.40466,27.36258,1.62,0.101327896,0.010430813,0.0014603138,0.45365614,1.1665926
2024-02-23,URRA1,Caribe,65.46,92920000.0,121290000.0,76.60977821749526,26.219513,-0.12745285,-0.28582382,1011.5064,27.358429,1.62,0.025987625,0.009059906,0.00011920929,0.4347006,0.31295285
2024-02-24,URRA1,Caribe,65.31,104770000.0,121290000.0,86.37975100997609,26.318756,1.0578117,-0.7304039,1012.5389,27.34851,1.62,0.012278557,0.008761883,0.00011920929,0.4213001,1.2854787
2024-02-25,URRA1,Caribe,65.75999999999999,186660000.0,121290000.0,153.89562206282463,26.364532,0.5015068,-0.7727318,1014.1309,27.37204,1.62,0.030875206,0.009179115,0.00071525574,0.42898643,0.9212076
2024-02-26,URRA1,Caribe,65.85,148680000.0,121290000.0,122.5822409102152,25.964935,0.90807724,-0.67603683,1013.53436,27.406555,1.62,0.07092953,0.009059906,0.0005364418,0.4244501,1.132091
2024-02-27,URRA1,Caribe,65.61,111520000.0,121290000.0,91.94492538543986,26.692291,0.2897377,-0.677845,1011.4913,27.478394,1.62,0.012278557,0.008404255,0.00011920929,0.42258298,0.7371715
2024-02-28,URRA1,Caribe,65.41,95590000.0,121290000.0,78.81111385934537,27.507599,0.116573334,-0.44126892,1009.84656,27.427704,1.62,0.00047683716,0.007748604,0.0,0.40379125,0.45640728
2024-02-29,URRA1,Caribe,65.14,86160000.0,121290000.0,71.03635913925302,27.554047,1.0423241,-0.33406448,1010.59607,27.337708,1.62,0.0026226044,0.007927418,0.0,0.38733685,1.0945495
2024-03-01,URRA1,Caribe,64.51,79040000.0,136380000.0,57.95571198122892,27.270416,1.1164398,-0.3125229,1011.7625,27.468811,1.26,0.00500679,0.0078082085,0.00011920929,0.3748845,1.159357
2024-03-02,URRA1,Caribe,63.94,74820000.0,136380000.0,54.8614166300044,27.020721,1.6342316,-0.75790405,1012.6283,27.592224,1.26,0.0035762787,0.0078082085,0.00011920929,0.36530107,1.8014247
2024-03-03,URRA1,Caribe,63.24999999999999,68620000.0,136380000.0,50.31529549787359,26.943695,1.3809319,-0.20957947,1012.07983,27.815094,1.26,0.0060796738,0.0076293945,5.9604645e-05,0.35593826,1.3967448
2024-03-04,URRA1,Caribe,62.6,68480000.0,136380000.0,50.2126411497287,27.054657,1.1913643,-0.7354851,1011.405,27.848846,1.26,0.0029802322,0.007212162,0.00011920929,0.34809318,1.4001025
2024-03-05,URRA1,Caribe,61.94,67090000.0,136380000.0,49.19343012171873,27.190704,0.84233475,-0.612751,1010.0461,27.944366,1.26,0.006556511,0.0073313713,0.0,0.34012568,1.0416293
2024-03-06,URRA1,Caribe,61.260000000000005,63870000.0,136380000.0,46.83238011438628,27.315887,0.9122658,-0.20957184,1009.507,27.929474,1.26,0.029563904,0.0074505806,0.00029802322,0.33467466,0.9360284
2024-03-07,URRA1,Caribe,60.540000000000006,60930000.0,136380000.0,44.6766388033436,27.218536,1.1539955,-0.7381134,1010.1142,27.91565,1.26,0.050902367,0.0074505806,0.0005364418,0.33553702,1.3698603
2024-03-08,URRA1,Caribe,59.62,58050000.0,136380000.0,42.564892212934446,27.252655,0.68800735,-0.88256073,1010.66565,27.804413,1.26,0.11098385,0.0075101852,0.00071525574,0.33895028,1.1190476
2024-03-09,URRA1,Caribe,58.92,60640000.0,136380000.0,44.4639976536149,27.274384,0.84199524,-0.37106705,1010.5758,27.64029,1.26,0.32424927,0.009179115,0.0026226044,0.3495911,0.9201341
2024-03-10,URRA1,Caribe,58.19,56920000.0,136380000.0,41.73632497433641,27.815643,0.77106476,-0.4636078,1010.2459,27.468994,1.26,0.13446808,0.00756979,0.0009536743,0.36609545,0.8997072
2024-03-11,URRA1,Caribe,57.48,61590000.0,136380000.0,45.16058073031236,27.937408,0.60549164,-0.5787201,1010.38654,27.017609,1.26,0.15234947,0.01013279,0.0035762787,0.37948644,0.8375781
2024-03-12,URRA1,Caribe,57.18,116990000.0,136380000.0,85.78237278193284,28.33908,0.76065063,-0.4665451,1010.1278,26.54538,1.26,0.17929077,0.0086426735,0.0024437904,0.40696254,0.89233047
2024-03-13,URRA1,Caribe,56.66,71240000.0,136380000.0,52.2363982988708,27.759674,1.15271,-0.31538773,1009.46405,26.311737,1.26,0.034332275,0.00667572,0.0004172325,0.4079446,1.1950773
2024-03-14,URRA1,Caribe,56.23,78980000.0,136380000.0,57.9117172605954,27.608002,0.90906906,0.19813156,1008.89044,25.943176,1.26,0.009417534,0.0060796738,0.00023841858,0.43328655,0.9304099
2024-03-15,URRA1,Caribe,55.8,79450000.0,136380000.0,58.25634257222466,27.901154,0.6646652,-0.25209427,1008.71405,25.635529,1.26,0.015497208,0.0060796738,0.00023841858,0.45769307,0.71086663
2024-03-16,URRA1,Caribe,55.26,64110000.0,136380000.0,47.00835899692037,28.372955,1.0796242,-0.20479965,1008.0098,25.320984,1.26,0.0060796738,0.005722046,0.0,0.45200282,1.0988773
2024-03-17,URRA1,Caribe,54.84,81660000.0,136380000.0,59.87681478222613,27.987885,0.72414017,-0.16862488,1007.8622,25.006409,1.26,0.009775162,0.0059604645,0.0,0.43954802,0.7435141
2024-03-18,URRA1,Caribe,54.3,64650000.0,136380000.0,47.40431148262208,28.084991,1.150917,0.0012207031,1008.003,24.774506,1.26,0.13053417,0.0069737434,0.001013279,0.4285288,1.1509178
2024-03-19,URRA1,Caribe,53.83,71850000.0,136380000.0,52.68367795864496,27.790924,1.3140564,0.50048065,1009.565,24.703308,1.26,0.009298325,0.0059604645,0.00017881393,0.42943394,1.4061383
2024-03-20,URRA1,Caribe,53.68000000000001,137990000.0,136380000.0,101.18052500366623,26.241608,1.1704369,-0.3299141,1010.8322,24.657196,1.26,0.16665459,0.0069737434,0.0013113022,0.44028038,1.2160451
2024-03-21,URRA1,Caribe,53.56999999999999,143060000.0,136380000.0,104.898078897199,26.836761,0.9775467,0.17155075,1011.8661,24.52707,1.26,0.22685528,0.008404255,0.0030994415,0.46953076,0.99248534
2024-03-22,URRA1,Caribe,52.78,89120000.0,136380000.0,65.34682504766096,27.90451,0.7766113,-0.090400696,1010.0214,24.470001,1.26,0.027179718,0.005841255,0.00029802322,0.45642692,0.7818551
2024-03-23,URRA1,Caribe,52.02,86420000.0,136380000.0,63.36706261915237,27.99118,1.4675179,0.033432007,1010.9625,24.377472,1.26,0.12123585,0.0073313713,0.0017881393,0.44939882,1.4678986
2024-03-24,URRA1,Caribe,51.21,64610000.0,136380000.0,47.3749816688664,27.994843,0.9495125,-0.78297806,1010.3819,24.307404,1.26,0.059127808,0.006377697,0.0011324883,0.4330939,1.2307025
2024-03-25,URRA1,Caribe,50.28,68740000.0,136380000.0,50.40328493914063,27.488983,0.72015,-0.19829941,1010.83594,24.269073,1.26,0.052690506,0.0056624413,0.00035762787,0.43499833,0.74695295
2024-03-26,URRA1,Caribe,49.59,62780000.0,136380000.0,46.03314268954392,28.026215,0.8301239,-0.3876915,1011.2136,24.041962,1.26,0.096321106,0.0064373016,0.0013113022,0.4417978,0.9161934
2024-03-27,URRA1,Caribe,48.76,60910000.0,136380000.0,44.66197389646575,26.713165,1.521019,0.19551086,1012.3095,23.920807,1.26,0.05185604,0.005841255,0.00059604645,0.44091338,1.5335329
2024-03-28,URRA1,Caribe,47.9,62290000.0,136380000.0,45.67385247103681,27.80362,0.7743454,-0.51958084,1012.5639,23.91037,1.26,0.010609627,0.005066395,0.00017881393,0.43046954,0.9325101
2024-03-29,URRA1,Caribe,47.22,61140000.0,136380000.0,44.83062032556093,27.254059,-0.16285491,-1.3128014,1012.2717,23.930206,1.26,0.002861023,0.004887581,5.9604645e-05,0.410362,1.3228639
2024-03-30,URRA1,Caribe,46.38,55360000.0,136380000.0,40.5924622378648,26.836395,0.19843292,-1.1199951,1012.0075,23.808289,1.26,0.0052452087,0.004827976,0.0,0.39345565,1.1374378
2024-03-31,URRA1,Caribe,45.67,56520000.0,136380000.0,41.44302683677958,27.189056,0.63708115,-0.22751999,1012.002,23.740326,1.26,0.03349781,0.005066395,0.00023841858,0.38616443,0.6764893
2024-04-01,URRA1,Caribe,44.77,64660000.0,244260000.0,26.471792352411367,26.496246,1.3221092,-0.32238388,1011.82263,23.804382,0.82,0.02527237,0.005185604,0.0002682209,0.392704,1.3608469
2024-04-02,URRA1,Caribe,43.56,67360000.0,244260000.0,27.57717186604438,26.609283,1.2548218,0.17041397,1011.47186,23.877289,0.82,0.041007996,0.0047683716,0.00035762787,0.39811057,1.2663406
2024-04-03,URRA1,Caribe,42.49,89190000.0,244260000.0,36.51436993367723,26.979218,2.0386124,0.6192932,1010.83435,23.957092,0.82,0.07033348,0.00500679,0.0006556511,0.39667475,2.130602
2024-04-04,URRA1,Caribe,41.91,124010000.0,244260000.0,50.76967166134448,25.809906,1.0088463,0.062942505,1011.5703,23.957092,0.82,0.2784729,0.0072717667,0.0028312206,0.4473428,1.0108079
2024-04-05,URRA1,Caribe,40.96,86560000.0,244260000.0,35.4376484074347,26.36264,0.5958061,0.09824753,1011.8139,23.957092,0.82,0.17356873,0.0064373016,0.0019073486,0.48012328,0.6038522
2024-04-06,URRA1,Caribe,40.34,86260000.0,244260000.0,35.31482846147548,27.316315,0.7140808,0.2766266,1011.0019,23.957092,0.82,0.3992319,0.012516975,0.008225441,0.48766053,0.76578957
2024-04-07,URRA1,Caribe,39.81,79090000.0,244260000.0,32.37943175305003,27.821014,0.6187973,-0.02955246,1009.0139,23.910065,0.82,0.06902218,0.006377697,0.0019073486,0.4896244,0.6195026
2024-04-08,URRA1,Caribe,39.18,136240000.0,244260000.0,55.77663145828216,27.620026,1.0259857,-0.010528564,1009.03217,23.74939,0.82,0.068068504,0.005185604,0.00059604645,0.48682904,1.0260397
2024-04-09,URRA1,Caribe,38.940000000000005,187440000.0,244260000.0,76.73790223532302,27.378021,0.94262695,0.1446228,1009.38513,23.705353,0.82,0.07009506,0.005543232,0.0015497208,0.47553316,0.9536568
2024-04-10,URRA1,Caribe,38.18,112190000.0,244260000.0,45.93056579055105,27.738922,0.9405632,0.15219879,1008.90125,23.75528,0.82,0.07498264,0.0054240227,0.001013279,0.4732657,0.9527978
2024-04-11,URRA1,Caribe,37.32,90000000.0,244260000.0,36.84598378776713,28.310516,0.8915291,-0.014015198,1010.198,23.71109,0.82,0.03862381,0.0046491623,0.00071525574,0.46712995,0.89163923
2024-04-12,URRA1,Caribe,36.3,83330000.0,244260000.0,34.11528698927373,28.015594,0.30773926,-0.72455215,1010.1658,23.519257,0.82,0.0060796738,0.003993511,0.00011920929,0.44904125,0.7871971
2024-04-13,URRA1,Caribe,35.38,72660000.0,244260000.0,29.746990911324,28.056,1.1857681,-0.58969116,1010.10815,23.370514,0.82,0.007867813,0.004053116,0.00011920929,0.4370771,1.3243042
2024-04-14,URRA1,Caribe,34.61,73750000.0,244260000.0,30.193236714975846,27.773651,1.4143829,-0.38951492,1009.017,22.936249,0.82,0.019550323,0.0042915344,0.00029802322,0.43513566,1.4670382
2024-04-15,URRA1,Caribe,33.42,66440000.0,244260000.0,27.200524031769422,27.676178,1.136982,-0.7306595,1008.7575,22.818634,0.82,0.014901161,0.0044107437,0.0004172325,0.42981493,1.3515145
2024-04-16,URRA1,Caribe,32.27,71590000.0,244260000.0,29.308933104069435,27.762848,1.1286011,-0.84690857,1009.27795,22.870667,0.82,0.03361702,0.004529953,0.00059604645,0.4218994,1.411026
2024-04-17,URRA1,Caribe,31.11,66780000.0,244260000.0,27.339719970523213,27.459381,0.8964844,-0.69763565,1010.15393,23.07602,0.82,0.11384487,0.00500679,0.0011920929,0.42178214,1.1359489
2024-04-18,URRA1,Caribe,31.45,281630000.0,244260000.0,115.29927126832064,26.794525,1.0074043,-0.3575287,1010.503,23.410095,0.82,0.11014938,0.007867813,0.003874302,0.47187924,1.068967
2024-04-19,URRA1,Caribe,32.28,297390000.0,244260000.0,121.75141242937852,25.46695,1.1979599,0.141922,1011.5095,23.836823,0.82,0.7789135,0.057935715,0.054121017,0.49241057,1.2063373
2024-04-20,URRA1,Caribe,33.0,213140000.0,244260000.0,87.25947760582984,26.711395,0.70155716,-0.2208519,1011.3141,24.283508,0.82,0.92947483,0.06723404,0.047147274,0.4952065,0.7354985
2024-04-21,URRA1,Caribe,36.14,552170000.0,244260000.0,226.05829853434864,25.937653,0.9016113,0.7222328,1011.5644,24.48294,0.82,0.24926662,0.0104904175,0.006556511,0.504352,1.1552156
2024-04-22,URRA1,Caribe,37.46,394760000.0,244260000.0,161.61467288954393,25.663483,1.7796707,0.58911896,1012.0745,24.634247,0.82,0.202775,0.0072717667,0.0034570694,0.4967269,1.8746437
2024-04-23,URRA1,Caribe,39.22,454570000.0,244260000.0,186.1008761156145,26.235626,-0.1682396,0.16938782,1011.3019,24.717285,0.82,0.1718998,0.009894371,0.0059604645,0.5052701,0.23874001
2024-04-24,URRA1,Caribe,40.5,332070000.0,244260000.0,135.9493981822648,27.27243,0.8240433,-0.006702423,1010.41876,24.635773,0.82,0.39744377,0.091552734,0.08791685,0.5027349,0.8240706
2024-04-25,URRA1,Caribe,41.32,308410000.0,244260000.0,126.26299844428068,26.101349,0.59983826,0.34900284,1010.27075,24.624664,0.82,0.17595291,0.008583069,0.0047683716,0.4989798,0.6939805
2024-04-26,URRA1,Caribe,42.28,299770000.0,244260000.0,122.72578400065504,25.512299,0.5503485,0.7609978,1009.9866,24.630219,0.82,0.8047819,0.08046627,0.049591064,0.5111454,0.93914914
2024-04-27,URRA1,Caribe,42.98,263250000.0,244260000.0,107.77450257921886,26.304413,0.25659943,0.088394165,1010.5627,24.657562,0.82,0.14448166,0.007688999,0.0027418137,0.49653694,0.27139786
2024-04-28,URRA1,Caribe,44.82,411300000.0,244260000.0,168.3861459100958,25.138031,1.1277122,0.48967743,1010.7328,24.68924,0.82,1.1180639,0.39201975,0.09483099,0.5028547,1.2294384
2024-04-29,URRA1,Caribe,44.86,312080000.0,244260000.0,127.76549578318186,26.89389,0.25787354,0.78538895,1010.8578,24.711823,0.82,0.01180172,0.008106232,0.00029802322,0.49201903,0.8266405
2024-04-30,URRA1,Caribe,45.34,374030000.0,244260000.0,153.12781462376157,26.001312,0.20950317,0.27567673,1010.33813,24.573517,0.82,0.56552887,0.02515316,0.016540289,0.4971257,0.34625027
2024-05-01,URRA1,Caribe,44.28,310770000.0,425180000.0,73.09139658497578,27.589691,0.84003067,0.110507965,1008.59344,24.457794,0.49,0.69117546,0.026881695,0.01746416,0.49060035,0.8472683
2024-05-02,URRA1,Caribe,45.9,613160000.0,425180000.0,144.2118632108754,25.708282,0.6445885,0.3147545,1008.48315,24.387787,0.49,0.8044243,0.2695322,0.025868416,0.5058751,0.71733165
2024-05-03,URRA1,Caribe,46.93,524600000.0,425180000.0,123.38303777223764,26.469208,1.0411263,-0.20866013,1009.11237,24.27118,0.49,0.60892105,0.05698204,0.020503998,0.49984908,1.0618299
2024-05-04,URRA1,Caribe,47.99,538630000.0,425180000.0,126.68281668940212,25.519257,0.8873024,-0.062332153,1010.1694,24.132233,0.49,0.14948845,0.018179417,0.007212162,0.49794784,0.88948905
2024-05-05,URRA1,Caribe,48.43,448310000.0,425180000.0,105.44004892045722,26.88913,-0.013515472,0.08591461,1010.5428,24.01889,0.49,0.10538101,0.01680851,0.004887581,0.5027395,0.08697119
2024-05-06,URRA1,Caribe,48.26,374600000.0,425180000.0,88.10386189378616,27.872894,0.13616562,-0.066791534,1009.3475,23.926117,0.49,0.07259846,0.017285347,0.0032782555,0.4883642,0.15166472
2024-05-07,URRA1,Caribe,49.55,571380000.0,425180000.0,134.38543675619738,27.246185,1.2950478,0.64837646,1008.53564,23.88321,0.49,0.07760525,0.019669533,0.002503395,0.4934677,1.4482889
2024-05-08,URRA1,Caribe,48.77,356060000.0,425180000.0,83.74335575520956,26.780975,1.7954292,0.9559059,1009.1294,23.8349,0.49,0.059366226,0.021100044,0.0014901161,0.48536396,2.034041
2024-05-09,URRA1,Caribe,48.4,354190000.0,425180000.0,83.3035420292582,27.176422,1.3699684,0.8074417,1010.6959,23.521454,0.49,0.06842613,0.02360344,0.002682209,0.47806045,1.5902123
2024-05-10,URRA1,Caribe,48.27,419310000.0,425180000.0,98.61940825062328,27.56009,-0.3841324,-0.1882515,1009.5606,23.352386,0.49,0.27620792,0.030755997,0.009357929,0.5027498,0.4277807
2024-05-11,URRA1,Caribe,48.25,456420000.0,425180000.0,107.34747636295216,26.89737,0.4856987,0.23211288,1010.4011,23.208496,0.49,0.9381771,0.05608797,0.03427267,0.4973413,0.53831184
2024-05-12,URRA1,Caribe,47.99,386920000.0,425180000.0,91.00145820593632,27.270355,-0.2888832,-0.066337585,1010.40155,23.183838,0.49,0.007987022,0.022411346,0.0,0.48471585,0.29640207
2024-05-13,URRA1,Caribe,47.370000000000005,306620000.0,425180000.0,72.11533938567194,27.762482,0.5329666,-0.4376335,1008.78094,23.15622,0.49,0.027656555,0.022649765,0.00047683716,0.4692443,0.68962055
2024-05-14,URRA1,Caribe,46.52,356650000.0,425180000.0,83.8821205136648,28.070648,1.5617142,0.8427162,1008.7455,23.05597,0.49,0.04339218,0.023007393,0.000834465,0.46196422,1.7745765
2024-05-15,URRA1,Caribe,46.55,470950000.0,425180000.0,110.76485253304482,27.675385,1.3770523,1.1790276,1010.8917,23.17978,0.49,0.22530556,0.024676323,0.0026226044,0.4609334,1.8128372
2024-05-16,URRA1,Caribe,46.29,452380000.0,425180000.0,106.39729055929254,27.629364,0.11618042,0.09309006,1010.78845,23.299713,0.49,0.28514862,0.025451183,0.0035762787,0.46038753,0.14887461
2024-05-17,URRA1,Caribe,46.44,411470000.0,425180000.0,96.77548332470953,27.653473,0.49806595,0.020187378,1011.1824,23.564362,0.49,0.083208084,0.023245811,0.0014901161,0.4636066,0.4984749
2024-05-18,URRA1,Caribe,46.66,367880000.0,425180000.0,86.52335481443153,27.938263,0.27858734,0.031845093,1011.0714,23.39975,0.49,0.4746914,0.033795834,0.011980534,0.4660188,0.28040153
2024-05-19,URRA1,Caribe,46.72,318190000.0,425180000.0,74.83653981842984,28.153168,0.5709915,-0.29174423,1009.21326,23.152252,0.49,0.10049343,0.02336502,0.00166893,0.47190958,0.6412067
2024-05-20,URRA1,Caribe,46.93,327620000.0,425180000.0,77.05442400865515,27.53482,1.5888329,0.85482407,1008.2534,23.07367,0.49,0.43582916,0.037312508,0.015556812,0.48849273,1.8041934
2024-05-21,URRA1,Caribe,47.11,334100000.0,425180000.0,78.57848440660426,25.684418,0.12201691,0.434124,1009.71124,23.013031,0.49,0.9689331,0.13190508,0.054180622,0.50055677,0.4509454
2024-05-22,URRA1,Caribe,47.46,352260000.0,425180000.0,82.84961663295546,25.31137,0.7999916,0.12743378,1011.0136,23.200531,0.49,1.512289,0.34940243,0.25224686,0.4969293,0.8100777
2024-05-23,URRA1,Caribe,52.96999999999999,1073640000.0,425180000.0,252.51422926760432,26.281647,0.38586807,0.14002609,1012.3842,23.326141,0.49,0.13947487,0.027894974,0.0056028366,0.4985578,0.41048932
2024-05-24,URRA1,Caribe,54.84,723610000.0,425180000.0,170.1890963827085,26.666473,0.79951096,0.07711029,1012.2225,23.380157,0.49,0.045776367,0.024080276,0.001013279,0.4914534,0.80322087
2024-05-25,URRA1,Caribe,55.41,693300000.0,425180000.0,163.06035091020274,26.95639,0.26482773,0.10430527,1011.48987,23.360718,0.49,0.14209747,0.02682209,0.002861023,0.49638805,0.2846284
2024-05-26,URRA1,Caribe,56.00000000000001,707660000.0,425180000.0,166.43774401429982,27.488434,0.20583725,-0.24170685,1010.635,23.308289,0.49,0.21195412,0.08189678,0.05733967,0.49369708,0.31747624
2024-05-27,URRA1,Caribe,59.48,1049230000.0,425180000.0,246.77313137965095,25.734833,0.3655243,0.27121353,1011.0444,23.260986,0.49,0.04553795,0.026583672,0.0011920929,0.49319983,0.45515358
2024-05-28,URRA1,Caribe,60.09,723920000.0,425180000.0,170.26200667952395,27.35672,0.38495255,0.32499313,1011.775,23.15445,0.49,0.081181526,0.027537346,0.0014901161,0.48954436,0.50379455
2024-05-29,URRA1,Caribe,62.23,933740000.0,425180000.0,219.61051789830188,26.282257,0.88071823,0.63622284,1012.0538,23.444336,0.49,0.2168417,0.03093481,0.004529953,0.49321568,1.0864824
2024-05-30,URRA1,Caribe,65.52,1099760000.0,425180000.0,258.657509760572,26.786652,0.3251953,0.5560608,1011.59106,23.488586,0.49,0.8814335,0.16051531,0.13369322,0.48830587,0.64417046
2024-05-31,URRA1,Caribe,70.22,1237700000.0,425180000.0,291.100239898396,26.93106,-0.57299423,-0.0039253235,1010.53156,23.364532,0.49,0.228405,0.036239624,0.009417534,0.49421674,0.57300764
2024-06-01,URRA1,Caribe,71.28999999999999,794480000.0,482500000.0,164.65906735751295,28.109467,0.22706604,-0.28756332,1008.46344,23.218842,0.22,0.01692772,0.02771616,0.00047683716,0.4884256,0.36640367
2024-06-02,URRA1,Caribe,71.96000000000001,717650000.0,482500000.0,148.73575129533677,28.014984,1.4039154,0.39074707,1009.71124,22.98935,0.22,0.67543983,0.36120415,0.0551939,0.49229264,1.4572788
2024-06-03,URRA1,Caribe,71.82,586410000.0,482500000.0,121.53575129533678,27.885712,0.88220215,0.14196396,1009.7272,22.692291,0.22,0.11134148,0.03296137,0.00333786,0.49488622,0.8935515
2024-06-04,URRA1,Caribe,73.38,820770000.0,482500000.0,170.10777202072538,26.58902,0.54550934,0.7886543,1010.71954,22.458801,0.22,0.5283356,0.13309717,0.022053719,0.50186324,0.9589349
2024-06-05,URRA1,Caribe,74.95,870860000.0,482500000.0,180.48911917098445,26.864532,0.39891434,0.43341827,1011.2911,22.246613,0.22,0.06556511,0.041902065,0.0014305115,0.49714902,0.5890535
2024-06-06,URRA1,Caribe,76.53,868920000.0,482500000.0,180.08704663212436,25.920319,0.5822487,0.3613205,1011.6325,22.176422,0.22,0.13911724,0.04851818,0.00333786,0.4901927,0.6852489
2024-06-07,URRA1,Caribe,76.49000000000001,653030000.0,482500000.0,135.34300518134714,27.029388,0.6074867,0.6871071,1012.04095,22.205292,0.22,0.06425381,0.050127506,0.0014305115,0.4824677,0.9171457
2024-06-08,URRA1,Caribe,76.03,604790000.0,482500000.0,125.34507772020724,27.693817,0.8148079,0.0759964,1012.3547,22.101196,0.22,0.156641,0.05722046,0.0066161156,0.47963798,0.81834424
2024-06-09,URRA1,Caribe,76.58,735220000.0,482500000.0,152.37720207253886,26.438934,1.010788,-0.24902344,1012.9448,21.969421,0.22,0.43034554,0.38462877,0.021457672,0.4944161,1.0410115
2024-06-10,URRA1,Caribe,76.42,635490000.0,482500000.0,131.7077720207254,27.658417,0.6090431,0.227108,1011.01544,22.061707,0.22,0.015258789,0.2053976,0.00059604645,0.48225683,0.6500089
2024-06-11,URRA1,Caribe,76.25,582970000.0,482500000.0,120.82279792746114,26.614594,0.36307144,0.32584763,1011.1986,22.111298,0.22,0.10740757,0.19532442,0.0019073486,0.49253216,0.48784992
2024-06-12,URRA1,Caribe,75.83,549300000.0,482500000.0,113.84455958549222,27.04477,0.30580902,0.059181213,1011.5147,22.083374,0.22,0.2645254,0.18936396,0.006020069,0.49201223,0.31148285
2024-06-13,URRA1,Caribe,77.86999999999999,889960000.0,482500000.0,184.4476683937824,26.766083,0.4259796,-0.15797043,1011.47534,22.092438,0.22,0.044226646,0.17505884,0.000834465,0.49223283,0.45432732
2024-06-14,URRA1,Caribe,77.72,643530000.0,482500000.0,133.3740932642487,26.568512,1.5897102,1.0972748,1011.1153,22.014221,0.22,0.08702278,0.16927719,0.0034570694,0.48738334,1.931629
2024-06-15,URRA1,Caribe,77.64,652330000.0,482500000.0,135.1979274611399,24.942719,1.3250694,1.324543,1012.205,21.86493,0.22,1.139164,0.32269955,0.07510185,0.4984979,1.873559
2024-06-16,URRA1,Caribe,78.35,606940000.0,482500000.0,125.79067357512956,24.876617,0.35674667,0.5232849,1012.6675,21.79483,0.22,0.074863434,0.16349554,0.0019669533,0.4966153,0.63332087
2024-06-17,URRA1,Caribe,78.49000000000001,524630000.0,482500000.0,108.73160621761656,27.365082,-1.1559105,-0.50341797,1009.9908,21.476349,0.22,0.008821487,0.17988682,0.00023841858,0.47544628,1.260777
2024-06-18,URRA1,Caribe,78.21000000000001,465110000.0,482500000.0,96.3958549222798,26.68338,0.86109924,0.1673584,1009.9817,21.437592,0.22,0.81145763,0.22363663,0.041604042,0.4931903,0.8772119
2024-06-19,URRA1,Caribe,77.48,404870000.0,482500000.0,83.91088082901554,26.852997,0.7018852,0.18949127,1009.92596,21.422638,0.22,0.38075447,0.27155876,0.092059374,0.48642159,0.7270143
2024-06-20,URRA1,Caribe,76.75,405200000.0,482500000.0,83.97927461139896,26.151886,0.34116364,0.17930603,1010.85706,21.734009,0.22,0.20039082,0.18310547,0.006377697,0.4945922,0.38541314
2024-06-21,URRA1,Caribe,75.71,355520000.0,482500000.0,73.68290155440414,26.558014,0.42591858,0.1764183,1010.805,21.878754,0.22,0.054478645,0.17386675,0.0014305115,0.49352378,0.4610098
2024-06-22,URRA1,Caribe,75.6,391850000.0,482500000.0,81.21243523316062,26.637848,1.0131149,0.65283203,1011.52466,22.065704,0.22,0.07200241,0.17023087,0.0019073486,0.5007842,1.205235
2024-06-23,URRA1,Caribe,75.44999999999999,359120000.0,482500000.0,74.42901554404145,26.346771,0.3870964,0.44733047,1011.3159,22.395172,0.22,0.05030632,0.16516447,0.0010728836,0.48951614,0.5915642
2024-06-24,URRA1,Caribe,75.08,340240000.0,482500000.0,70.5160621761658,27.173004,0.032794952,0.07741928,1011.15576,22.569489,0.22,0.34451485,0.1693964,0.010550022,0.4929111,0.084078856
2024-06-25,URRA1,Caribe,75.39,435390000.0,482500000.0,90.23626943005182,26.610931,0.34750366,-0.29465485,1011.71466,22.718384,0.22,0.95152855,0.2630353,0.10818243,0.49303007,0.45560977
2024-06-26,URRA1,Caribe,77.17,637340000.0,482500000.0,132.09119170984457,25.807098,1.8165894,1.2830467,1012.27686,22.718384,0.22,0.338912,0.16462803,0.0140070915,0.502422,2.2240067
2024-06-27,URRA1,Caribe,78.07,624890000.0,482500000.0,129.51088082901555,26.44461,1.4524727,0.885334,1012.76373,22.718384,0.22,0.1616478,0.15372038,0.006377697,0.49867672,1.701027
2024-06-28,URRA1,Caribe,78.97,709590000.0,482500000.0,147.06528497409326,26.19223,0.4344902,0.424572,1012.8653,22.718384,0.22,0.096321106,0.14698505,0.0022649765,0.4928937,0.60748917
2024-06-29,URRA1,Caribe,78.75,630560000.0,482500000.0,130.6860103626943,26.551727,0.05701828,0.2744789,1012.97064,22.816956,0.22,0.022768974,0.14209747,0.0004172325,0.49190867,0.28033864
2024-06-30,URRA1,Caribe,77.64,507630000.0,482500000.0,105.20829015544042,27.299652,-0.22985458,-0.0660553,1011.15405,23.147247,0.22,0.06186962,0.14162064,0.003695488,0.4852019,0.23915775
2024-07-01,URRA1,Caribe,76.75,542060000.0,491290000.0,110.33401860408313,26.758698,0.60310364,0.37215424,1009.4313,23.324677,0.08,0.28812885,0.1398325,0.0056028366,0.4917941,0.70868385
2024-07-02,URRA1,Caribe,75.56,491670000.0,491290000.0,100.077347391561,26.18222,0.9350815,0.8318939,1010.3125,23.546112,0.08,1.1564493,0.34105778,0.12534857,0.5038558,1.2515689
2024-07-03,URRA1,Caribe,75.01,503690000.0,491290000.0,102.52396751409552,26.466644,0.73365784,0.7043686,1010.365,23.606293,0.08,0.04673004,0.14162064,0.000834465,0.49191663,1.0170492
2024-07-04,URRA1,Caribe,75.46000000000001,558170000.0,491290000.0,113.61314091473469,25.785858,1.3456192,0.87589264,1010.2391,23.841736,0.08,0.35572052,0.14781952,0.008940697,0.49350777,1.6055775
2024-07-05,URRA1,Caribe,75.86,533690000.0,491290000.0,108.63034053206864,24.848602,1.2592735,1.4478607,1011.51654,23.958649,0.08,0.10430813,0.14197826,0.0047683716,0.4827585,1.9188721
2024-07-06,URRA1,Caribe,75.37,427120000.0,491290000.0,86.93846811455556,26.337555,-0.57756424,-0.066185,1012.10205,23.72226,0.08,0.15461445,0.13899803,0.004172325,0.49152064,0.58134407
2024-07-07,URRA1,Caribe,74.86,426530000.0,491290000.0,86.81837611186876,27.27066,0.23976898,0.3062935,1010.53784,23.334442,0.08,0.29873848,0.14460087,0.01335144,0.47570485,0.38897926
2024-07-08,URRA1,Caribe,74.45,440480000.0,491290000.0,89.65783956522624,27.198456,-0.43657684,0.1205101,1009.8767,22.971527,0.08,0.28324127,0.1398325,0.012874603,0.48553887,0.452904
2024-07-09,URRA1,Caribe,74.27,472360000.0,491290000.0,96.146878625659,27.462372,1.0393257,0.7114372,1009.35626,22.752289,0.08,0.11873245,0.1257062,0.0028014183,0.47719294,1.2595003
2024-07-10,URRA1,Caribe,73.74000000000001,424110000.0,491290000.0,86.32579535508559,27.816498,0.2701149,0.24518204,1009.0087,22.476562,0.08,0.15079975,0.122606754,0.0037550926,0.47661126,0.36479625
2024-07-11,URRA1,Caribe,73.42,372350000.0,491290000.0,75.79026644140934,27.26828,0.92772293,0.27002335,1010.0847,22.07782,0.08,0.08606911,0.11610985,0.00166893,0.49130362,0.96622074
2024-07-12,URRA1,Caribe,73.06,365480000.0,491290000.0,74.39190702029352,27.570526,0.7034378,0.3377838,1011.8622,21.64975,0.08,0.04351139,0.11217594,0.0015497208,0.4801322,0.78033495
2024-07-13,URRA1,Caribe,72.6,356290000.0,491290000.0,72.5213214191211,28.071747,0.51413727,-0.12017441,1011.5737,21.471222,0.08,0.029563904,0.10716915,0.0007748604,0.48382133,0.5279953
2024-07-14,URRA1,Caribe,74.49,595530000.0,491290000.0,121.21761077978384,27.826202,-0.68505096,0.11167526,1010.5025,21.356415,0.08,0.007867813,0.10305643,0.00023841858,0.48007798,0.69409376
2024-07-15,URRA1,Caribe,76.0,544650000.0,491290000.0,110.86120214130146,28.167023,0.17110062,0.5885773,1010.10297,21.071503,0.08,0.47814846,0.1128912,0.014185905,0.48682588,0.6129426
2024-07-16,URRA1,Caribe,77.60000000000001,558750000.0,491290000.0,113.73119745974884,27.347443,0.868206,-0.0076560974,1009.5178,20.940033,0.08,0.4492998,0.109791756,0.014662743,0.4894034,0.86823976
2024-07-17,URRA1,Caribe,78.22,505460000.0,491290000.0,102.88424352215596,27.388641,0.46933365,0.14221573,1010.67596,20.753204,0.08,0.7658005,0.12975931,0.021159649,0.49514326,0.49040738
2024-07-18,URRA1,Caribe,80.41,638440000.0,491290000.0,129.951759653158,26.535187,0.25691605,-0.27522278,1012.0442,20.82663,0.08,0.4339218,0.16880035,0.017523766,0.49429563,0.37650156
2024-07-19,URRA1,Caribe,80.97999999999999,579780000.0,491290000.0,118.01176494534796,26.190643,0.23606873,0.22760391,1012.9991,20.815582,0.08,0.088095665,0.09024143,0.0021457672,0.49668115,0.3279207
2024-07-20,URRA1,Caribe,81.02000000000001,467620000.0,491290000.0,95.18207168881924,27.45047,-0.18068314,-0.40821457,1011.7653,20.970612,0.08,0.0962019,0.09185076,0.0054240227,0.48846278,0.44641408
2024-07-21,URRA1,Caribe,81.37,514010000.0,491290000.0,104.6245598322783,27.576996,0.03465271,0.2750473,1010.1199,20.787506,0.08,0.20599365,0.08946657,0.005066395,0.4876129,0.27722162
2024-07-22,URRA1,Caribe,82.63000000000001,547620000.0,491290000.0,111.4657330700808,27.637665,0.24339294,0.16476059,1009.21985,20.54889,0.08,0.06508827,0.08583069,0.0034570694,0.4823585,0.29391524
2024-07-23,URRA1,Caribe,83.74000000000001,542390000.0,491290000.0,110.40118870728084,27.453094,1.7919884,0.95747375,1010.96063,20.552094,0.08,0.094652176,0.084102154,0.003695488,0.4821122,2.0317426
2024-07-24,URRA1,Caribe,83.04,436800000.0,491290000.0,88.9087911416882,27.659454,0.11545563,-0.21109009,1013.0803,20.78238,0.08,0.046491623,0.0795722,0.0013113022,0.47164398,0.24060139
2024-07-25,URRA1,Caribe,84.74000000000001,685690000.0,491290000.0,139.5692971564656,26.695038,0.37480164,0.3228302,1012.4506,21.098602,0.08,0.13804436,0.07927418,0.0026226044,0.4865579,0.49466717
2024-07-26,URRA1,Caribe,85.86,608720000.0,491290000.0,123.90237945001934,26.791473,0.88550186,0.41178894,1011.66626,21.343231,0.08,0.31232834,0.08803606,0.01335144,0.49122715,0.97656727
2024-07-27,URRA1,Caribe,87.05000000000001,621010000.0,491290000.0,126.40395692971563,26.461945,0.4662552,0.20466614,1011.1225,21.594757,0.08,0.39100647,0.13589859,0.06234646,0.4980971,0.50919753
2024-07-28,URRA1,Caribe,88.52,710760000.0,491290000.0,144.67218954181848,27.616241,-0.4823799,-0.25000763,1010.77893,21.717194,0.08,0.08523464,0.0743866,0.0019669533,0.49028385,0.5433178
2024-07-29,URRA1,Caribe,88.31,513760000.0,491290000.0,104.57367339046183,28.966705,0.28263092,-0.24192429,1009.84174,21.983307,0.08,0.39362907,0.082194805,0.010073185,0.48366287,0.37203172
2024-07-30,URRA1,Caribe,87.85,535240000.0,491290000.0,108.94583647133058,27.312042,1.3937798,0.20563889,1009.41956,22.062073,0.08,0.051259995,0.07402897,0.0027418137,0.4911935,1.4088681
2024-07-31,URRA1,Caribe,87.57000000000001,563970000.0,491290000.0,114.79370636487612,27.463043,0.2481041,0.119083405,1010.5583,21.863495,0.08,0.32889843,0.09274483,0.0218153,0.4905002,0.27520266
2024-08-01,URRA1,Caribe,87.72,578620000.0,454910000.0,127.19439009914048,26.50882,0.49074173,0.06680298,1012.15076,21.783752,-0.07,0.20992756,0.08034706,0.006914139,0.48521316,0.4952677
2024-08-02,URRA1,Caribe,86.59,449020000.0,454910000.0,98.70523839880416,26.858917,0.38220978,0.48191452,1012.77686,21.873016,-0.07,0.019311905,0.07790327,0.0005364418,0.4811402,0.615082
2024-08-03,URRA1,Caribe,86.82,629950000.0,454910000.0,138.47794069156535,25.602875,0.5429001,0.18219757,1012.327,21.925568,-0.07,0.1796484,0.08070469,0.0029802322,0.4851978,0.57265735
2024-08-04,URRA1,Caribe,85.44,423670000.0,454910000.0,93.13270756853004,27.353973,0.62140656,-0.28889084,1011.7336,21.975525,-0.07,0.0035762787,0.0770092,0.0,0.48641127,0.68527657
2024-08-05,URRA1,Caribe,84.35000000000001,388930000.0,454910000.0,85.49603218218988,27.044891,1.1634331,0.38562012,1011.72235,22.08371,-0.07,0.024199486,0.076532364,0.00047683716,0.48637778,1.2256751
2024-08-06,URRA1,Caribe,83.81,418930000.0,454910000.0,92.0907432239344,26.197052,1.4943962,0.40341187,1011.9936,22.00644,-0.07,0.1142025,0.07688999,0.002026558,0.4839167,1.5478894
2024-08-07,URRA1,Caribe,82.71,366880000.0,454910000.0,80.64891956650766,25.70932,0.670475,0.20716476,1010.8002,21.96994,-0.07,0.06186962,0.07510185,0.0013113022,0.480761,0.70175064
2024-08-08,URRA1,Caribe,81.3,313460000.0,454910000.0,68.90593743817458,26.877594,-0.04297638,-0.08610153,1010.623,21.86441,-0.07,0.014543533,0.07289648,0.00035762787,0.47689694,0.09623119
2024-08-09,URRA1,Caribe,81.55,494460000.0,454910000.0,108.6940273900332,26.075592,0.4585228,0.6098366,1011.58325,21.731628,-0.07,0.031352043,0.07200241,0.00059604645,0.48311675,0.7629835
2024-08-10,URRA1,Caribe,81.6,389170000.0,454910000.0,85.54878987052385,26.776459,1.1927681,0.3614807,1012.16815,21.686096,-0.07,0.116467476,0.071525574,0.0015497208,0.4819349,1.2463403
2024-08-11,URRA1,Caribe,81.52000000000001,374010000.0,454910000.0,82.21626255742895,26.424469,-0.056602478,-0.34434128,1012.0033,21.845734,-0.07,0.52785873,0.0962019,0.02771616,0.48319522,0.3489624
2024-08-12,URRA1,Caribe,82.09,462750000.0,454910000.0,101.72341781890924,26.811249,0.22238159,-0.09893417,1011.2975,21.675934,-0.07,0.08666515,0.06914139,0.002503395,0.49275583,0.24339585
2024-08-13,URRA1,Caribe,82.41000000000001,429890000.0,454910000.0,94.50001099118506,26.415924,0.07602692,-0.44206238,1011.3708,21.748108,-0.07,0.062823296,0.066399574,0.0011920929,0.48380995,0.44855237
2024-08-14,URRA1,Caribe,82.39,381990000.0,454910000.0,83.97045569453299,26.358307,-0.08667374,0.112854004,1011.315,22.157074,-0.07,0.92852116,0.092983246,0.029206276,0.49300647,0.14229675
2024-08-15,URRA1,Caribe,82.19999999999999,357650000.0,454910000.0,78.61994680266426,27.453156,0.658535,-0.2517662,1010.7512,22.334503,-0.07,0.10633469,0.0641346,0.002026558,0.481607,0.70502096
2024-08-16,URRA1,Caribe,83.28,535680000.0,454910000.0,117.75516036139015,26.816803,0.0677948,-0.21766663,1011.5076,22.422241,-0.07,0.032544136,0.061631203,0.00047683716,0.48397726,0.22798003
2024-08-17,URRA1,Caribe,82.56,359870000.0,454910000.0,79.10795541975337,26.558746,0.24305344,0.20117188,1011.31,22.683868,-0.07,0.2759695,0.064730644,0.004529953,0.47558087,0.31550768
2024-08-18,URRA1,Caribe,81.97,301270000.0,454910000.0,66.22628651821239,26.930634,-0.20699692,-0.48373413,1010.8081,22.772095,-0.07,0.03874302,0.059366226,0.00071525574,0.4638167,0.52616197
2024-08-19,URRA1,Caribe,81.51,321410000.0,454910000.0,70.65353586423689,27.125885,0.5529175,-0.06983566,1010.9572,22.773468,-0.07,0.039935112,0.058054924,0.000834465,0.46276703,0.5573103
2024-08-20,URRA1,Caribe,81.37,331700000.0,454910000.0,72.91552175155526,27.581512,0.5519562,0.34318924,1011.07935,22.78769,-0.07,0.13303757,0.0577569,0.001847744,0.4604926,0.64994955
2024-08-21,URRA1,Caribe,81.74,436300000.0,454910000.0,95.90908091710448,26.938507,0.3287964,-0.051620483,1010.5681,22.935638,-0.07,0.16403198,0.05698204,0.0022053719,0.4637632,0.33282387
2024-08-22,URRA1,Caribe,82.57,467070000.0,454910000.0,102.67305620892044,26.162445,1.2985649,0.029270172,1010.52655,22.505798,-0.07,0.111699104,0.05543232,0.00166893,0.47686693,1.2988948
2024-08-23,URRA1,Caribe,82.78999999999999,382310000.0,454910000.0,84.04079927897826,26.894684,1.0583916,0.19620895,1011.4519,22.093964,-0.07,0.6532669,0.06484985,0.012099743,0.4658985,1.076425
2024-08-24,URRA1,Caribe,85.24000000000001,695250000.0,454910000.0,152.83242839242928,26.614105,1.0683708,0.3405838,1011.85486,22.100067,-0.07,0.43964386,0.09024143,0.023066998,0.49357,1.1213446
2024-08-25,URRA1,Caribe,85.92999999999999,482280000.0,454910000.0,106.01657470708491,26.128876,1.3754883,0.5774498,1012.8705,21.872894,-0.07,0.11539459,0.053286552,0.002503395,0.50769496,1.4917829
2024-08-26,URRA1,Caribe,85.89,456670000.0,454910000.0,100.386889714449,25.291595,0.67935944,0.19915009,1013.75903,21.515411,-0.07,0.10442734,0.055909157,0.005841255,0.4925984,0.70794773
2024-08-27,URRA1,Caribe,85.7,435180000.0,454910000.0,95.66287837154604,26.092255,-1.0008049,-0.19936752,1013.0217,21.326294,-0.07,0.00500679,0.049233437,0.00011920929,0.4822538,1.0204694
2024-08-28,URRA1,Caribe,84.98,362290000.0,454910000.0,79.63992877712074,27.4357,-0.5599098,-0.6475792,1011.08453,21.29837,-0.07,0.015854836,0.048041344,0.00023841858,0.46452767,0.8560712
2024-08-29,URRA1,Caribe,85.03,389920000.0,454910000.0,85.71365764656746,27.070648,0.8660469,0.5668411,1010.2981,21.083221,-0.07,0.10967255,0.04887581,0.0019073486,0.48463237,1.0350585
2024-08-30,URRA1,Caribe,85.83,493820000.0,454910000.0,108.55334022114263,26.84909,0.589283,-0.032756805,1011.0563,20.899597,-0.07,0.099897385,0.04810095,0.001847744,0.47066236,0.59019274
2024-08-31,URRA1,Caribe,85.95,479430000.0,454910000.0,105.39007715811918,27.063385,1.410511,0.62731934,1011.54626,20.533997,-0.07,0.08046627,0.04851818,0.0030398369,0.4821759,1.5437199
2024-09-01,URRA1,Caribe,86.18,490660000.0,430280000.0,114.03272287812588,25.835602,-0.068489075,0.30148697,1011.84283,20.200226,-0.17,0.7635355,0.17756224,0.13279915,0.4886135,0.3091685
2024-09-02,URRA1,Caribe,86.13,405700000.0,430280000.0,94.28744073626476,26.001678,0.06903839,0.047397614,1011.1164,20.180908,-0.17,0.08773804,0.04529953,0.0016093254,0.48531848,0.083742656
2024-09-03,URRA1,Caribe,86.00999999999999,393000000.0,430280000.0,91.33587431439992,26.000946,0.7361603,0.1523819,1010.4428,19.992767,-0.17,0.049114227,0.044107437,0.0013113022,0.48393482,0.751766
2024-09-04,URRA1,Caribe,85.99,458780000.0,430280000.0,106.62359393883052,26.732819,0.4218521,-0.004009247,1010.0719,19.950134,-0.17,0.10287762,0.044107437,0.002026558,0.48569176,0.42187116
2024-09-05,URRA1,Caribe,85.6,406440000.0,430280000.0,94.45942177186949,26.954681,0.67985535,0.4944191,1009.85596,20.008148,-0.17,0.19836426,0.045359135,0.003695488,0.4924334,0.8406269
2024-09-06,URRA1,Caribe,84.81,348870000.0,430280000.0,81.07976201543181,27.09616,0.7189293,-0.011249542,1009.2047,20.319977,-0.17,0.05042553,0.041604042,0.00071525574,0.48026273,0.7190173
2024-09-07,URRA1,Caribe,84.78999999999999,456190000.0,430280000.0,106.021660314214,26.166046,-0.00982666,-0.04081726,1009.14435,20.55777,-0.17,0.08332729,0.04172325,0.0011920929,0.48039573,0.041983474
2024-09-08,URRA1,Caribe,84.31,391580000.0,430280000.0,91.00585665148276,26.432953,0.68000793,-0.031471252,1009.3803,20.653076,-0.17,0.1295805,0.04541874,0.0056028366,0.48556846,0.6807358
2024-09-09,URRA1,Caribe,83.50999999999999,347320000.0,430280000.0,80.71953146788138,26.717865,0.60020447,-0.21475983,1010.15216,20.813751,-0.17,0.06914139,0.040650368,0.0012516975,0.48223057,0.63746935
2024-09-10,URRA1,Caribe,82.66,309070000.0,430280000.0,71.82997118155619,26.58316,0.55350876,0.19932175,1009.4252,20.83841,-0.17,0.09870529,0.040113926,0.0013113022,0.47660607,0.58830357
2024-09-11,URRA1,Caribe,82.28,377340000.0,430280000.0,87.6963837501162,26.793976,0.9357834,0.32144928,1009.27264,21.237549,-0.17,0.7965565,0.057578087,0.019490719,0.48235354,0.9894545
2024-09-12,URRA1,Caribe,81.78,359680000.0,430280000.0,83.59207957608999,25.7341,0.7950592,0.050941467,1010.02673,21.45633,-0.17,0.09727478,0.039339066,0.001847744,0.48911428,0.79668945
2024-09-13,URRA1,Caribe,81.03,323640000.0,430280000.0,75.21613832853026,26.967682,-0.3847885,-0.40712357,1010.32513,21.644592,-0.17,0.029087067,0.03772974,0.000834465,0.47781548,0.56018907
2024-09-14,URRA1,Caribe,80.49,352270000.0,430280000.0,81.86994515199405,26.8862,0.5413246,-0.065402985,1010.325,21.743011,-0.17,0.08165836,0.037550926,0.0013709068,0.47472516,0.5452613
2024-09-15,URRA1,Caribe,79.94,351600000.0,430280000.0,81.71423259273031,27.431305,0.55068207,-0.18473816,1009.1439,21.71634,-0.17,0.123500824,0.037550926,0.002026558,0.48148328,0.58084327
2024-09-16,URRA1,Caribe,78.99000000000001,297470000.0,430280000.0,69.13405224504973,26.81778,1.3036575,0.6851959,1009.08655,21.633942,-0.17,0.04708767,0.035643578,0.00059604645,0.4739858,1.472758
2024-09-17,URRA1,Caribe,77.9,278970000.0,430280000.0,64.83452635493168,25.893219,0.25440598,-0.3646965,1009.3041,21.277008,-0.17,0.06330013,0.036001205,0.0013113022,0.46413612,0.44466385
2024-09-18,URRA1,Caribe,76.78,240920000.0,430280000.0,55.991447429580745,27.07077,0.5941696,-0.10258865,1008.1786,21.131409,-0.17,0.15377998,0.0371933,0.0030994415,0.45852172,0.602961
2024-09-19,URRA1,Caribe,75.82,261300000.0,430280000.0,60.72789811285675,27.154083,0.8838272,0.55205536,1008.29736,20.794342,-0.17,0.074505806,0.034570694,0.001013279,0.46916693,1.0420728
2024-09-20,URRA1,Caribe,74.39,232870000.0,430280000.0,54.12057265036721,25.82956,1.26857,0.32499695,1008.3297,20.491852,-0.17,0.028133392,0.033438206,0.0004172325,0.4736275,1.3095391
2024-09-21,URRA1,Caribe,74.49,268860000.0,430280000.0,62.48489355768337,26.123566,1.2340164,0.77283096,1009.8711,20.439514,-0.17,0.032544136,0.033140182,0.0009536743,0.47289118,1.4560441
2024-09-22,URRA1,Caribe,75.07000000000001,334910000.0,430280000.0,77.83536301942921,25.79721,1.7941399,0.70703125,1010.51874,20.537384,-0.17,0.05018711,0.032901764,0.0010728836,0.47422585,1.9284271
2024-09-23,URRA1,Caribe,75.39,300450000.0,430280000.0,69.82662452356605,26.350677,0.66345215,-0.17035675,1010.3201,20.423553,-0.17,0.025629997,0.03129244,0.00047683716,0.4614026,0.68497455
2024-09-24,URRA1,Caribe,75.67,295140000.0,430280000.0,68.59254438969973,27.5643,0.33081055,0.34545517,1010.6184,20.173523,-0.17,0.12898445,0.032305717,0.002026558,0.46983624,0.47830418
2024-09-25,URRA1,Caribe,76.92999999999999,437350000.0,430280000.0,101.64311611043972,25.446869,0.8001709,0.40007782,1011.1661,20.084229,-0.17,0.9189844,0.051021576,0.021338463,0.476051,0.8946148
2024-09-26,URRA1,Caribe,77.77,379610000.0,430280000.0,88.22394719717394,25.857635,0.36790466,-0.09975052,1011.8881,20.04364,-0.17,0.089764595,0.030100346,0.001013279,0.4783071,0.38118762
2024-09-27,URRA1,Caribe,77.51,384750000.0,430280000.0,89.41851817421214,26.760406,-0.02330017,-0.46915436,1011.1873,20.204315,-0.17,0.20992756,0.032305717,0.003516674,0.48248538,0.46973258
2024-09-28,URRA1,Caribe,78.93,611230000.0,430280000.0,142.05401134145208,25.113495,1.6972351,0.95404816,1011.9288,20.38913,-0.17,0.5067587,0.040888786,0.012874603,0.50430894,1.9470015
2024-09-29,URRA1,Caribe,79.67999999999999,410670000.0,430280000.0,95.44250255647484,25.0878,0.80576324,1.0435677,1012.2775,20.39444,-0.17,0.03695488,0.02849102,0.00071525574,0.49141923,1.3184415
2024-09-30,URRA1,Caribe,80.25,342190000.0,430280000.0,79.52728455889189,25.608185,-0.25143433,0.25914,1012.07,20.249329,-0.17,0.5685091,0.039696693,0.012129545,0.4971282,0.36107168
2024-10-01,URRA1,Caribe,82.17,529090000.0,445780000.0,118.688590784692,25.660004,0.6083946,0.08653259,1011.8325,20.03952,-0.21,0.08094311,0.029325485,0.0021457672,0.5026561,0.6145176
2024-10-02,URRA1,Caribe,83.2,404790000.0,445780000.0,90.80488133159854,25.96872,0.6125641,0.5446129,1011.5789,20.113647,-0.21,0.02026558,0.027418137,0.00047683716,0.48544586,0.8196572
2024-10-03,URRA1,Caribe,82.94,346770000.0,445780000.0,77.7894925748127,26.572418,0.18833542,0.0776062,1011.1094,20.318756,-0.21,0.036120415,0.027120113,0.00059604645,0.4773575,0.20369819
2024-10-04,URRA1,Caribe,84.09,465870000.0,445780000.0,104.50670734443,26.195831,0.20016861,0.119846344,1011.78766,20.145111,-0.21,0.27048588,0.034332275,0.008106232,0.49406573,0.23330371
2024-10-05,URRA1,Caribe,84.94,424390000.0,445780000.0,95.20166898470096,25.871735,1.1879807,0.15678024,1011.90686,20.268219,-0.21,0.11408329,0.027537346,0.00166893,0.48979238,1.1982813
2024-10-06,URRA1,Caribe,84.89,393630000.0,445780000.0,88.30140428013819,26.80539,0.70528793,0.2969017,1011.72235,20.5177,-0.21,0.233531,0.04976988,0.024080276,0.48555088,0.7652331
2024-10-07,URRA1,Caribe,84.35000000000001,384760000.0,445780000.0,86.31163354120866,25.914886,0.99866486,0.4174385,1010.78656,20.617737,-0.21,0.07867813,0.027120113,0.0017285347,0.48592746,1.0823984
2024-10-08,URRA1,Caribe,84.03,384180000.0,445780000.0,86.18152451882094,25.400848,0.71733475,0.7852402,1011.39185,20.652435,-0.21,1.095295,0.27102232,0.24557114,0.49234927,1.0635654
2024-10-09,URRA1,Caribe,84.23,416080000.0,445780000.0,93.3375207501458,25.639801,0.18235779,0.21848679,1012.1844,20.7789,-0.21,0.053286552,0.026345253,0.00071525574,0.4896579,0.2845889
2024-10-10,URRA1,Caribe,85.72999999999999,608750000.0,445780000.0,136.558392031944,24.60318,0.5628891,0.3496933,1012.8002,20.76059,-0.21,0.6196499,0.055849552,0.030636787,0.49568924,0.66266847
2024-10-11,URRA1,Caribe,85.17,457830000.0,445780000.0,102.70312710305532,25.80606,0.4353218,0.032348633,1011.72186,20.780365,-0.21,0.03528595,0.026345253,0.0011920929,0.48650923,0.43652207
2024-10-12,URRA1,Caribe,85.92,388620000.0,445780000.0,87.17753151778905,27.182343,0.41728592,0.03534317,1010.9244,20.894379,-0.21,0.11050701,0.026881695,0.0019669533,0.47729585,0.41877997
2024-10-13,URRA1,Caribe,86.03,409270000.0,445780000.0,91.80986136659338,26.430145,0.5865555,0.030620575,1011.53955,20.535828,-0.21,0.10788441,0.027120113,0.0023841858,0.48677307,0.5873542
2024-10-14,URRA1,Caribe,86.04,399890000.0,445780000.0,89.70568441832295,26.10318,0.38676453,0.51519394,1012.34265,20.492493,-0.21,0.40137768,0.03218651,0.007748604,0.49284944,0.6442139
2024-10-15,URRA1,Caribe,86.48,462340000.0,445780000.0,103.71483691507022,24.975128,0.022254944,0.16779327,1012.9309,20.4039,-0.21,0.49507618,0.04929304,0.019609928,0.5082425,0.1692627
2024-10-16,URRA1,Caribe,86.31,375830000.0,445780000.0,84.30840324823905,25.601166,0.16952896,0.20414734,1011.9939,20.692505,-0.21,0.3004074,0.04953146,0.024944544,0.4977748,0.2653605
2024-10-17,URRA1,Caribe,85.42,345160000.0,445780000.0,77.42832787473641,26.93454,-0.28462982,-9.536743e-05,1010.1733,21.060028,-0.21,0.15866756,0.040471554,0.015854836,0.49002865,0.28462982
2024-10-18,URRA1,Caribe,85.02,344930000.0,445780000.0,77.37673291758267,27.292023,-0.33891678,-0.47696686,1009.6319,21.292633,-0.21,0.059843063,0.026345253,0.0013113022,0.4832271,0.58511704
2024-10-19,URRA1,Caribe,85.92999999999999,527610000.0,445780000.0,118.35658845170262,25.984283,0.7643585,0.82541275,1009.60626,21.393555,-0.21,0.17094612,0.029027462,0.0034570694,0.5030272,1.1249667
2024-10-20,URRA1,Caribe,85.79,380120000.0,445780000.0,85.27076136210687,26.125336,1.4292793,0.23367691,1009.8844,21.446869,-0.21,0.62310696,0.065386295,0.039577484,0.49299622,1.4482557
2024-10-21,URRA1,Caribe,85.83,405460000.0,445780000.0,90.95517968504645,26.07193,1.7089806,0.6032562,1010.1316,21.434113,-0.21,0.0054836273,0.02604723,0.00011920929,0.48015708,1.812328
2024-10-22,URRA1,Caribe,85.61999999999999,370710000.0,445780000.0,83.15985463681636,26.41507,0.3310852,-0.13510895,1011.4789,21.634125,-0.21,0.07092953,0.027000904,0.0010728836,0.48508632,0.35759172
2024-10-23,URRA1,Caribe,86.50999999999999,525080000.0,445780000.0,117.78904392301136,26.158844,0.08357239,0.0014457703,1011.5086,21.43805,-0.21,0.5825758,0.049233437,0.023186207,0.49330574,0.08358489
2024-10-24,URRA1,Caribe,87.64999999999999,561700000.0,445780000.0,126.00385840549151,26.884186,0.22297668,0.09657669,1009.5533,21.386353,-0.21,0.50365925,0.0371933,0.011026859,0.4981174,0.24299313
2024-10-25,URRA1,Caribe,87.55,397230000.0,445780000.0,89.10897752254475,26.938751,0.7810669,0.1373024,1009.1833,21.373657,-0.21,0.040888786,0.028252602,0.0009536743,0.4842367,0.79304314
2024-10-26,URRA1,Caribe,86.61,342080000.0,445780000.0,76.73740410067747,26.79129,0.36580658,0.42019653,1009.3699,21.110596,-0.21,0.51629543,0.04273653,0.014990568,0.48889205,0.55711716
2024-10-27,URRA1,Caribe,86.28,359000000.0,445780000.0,80.53299833998834,26.962494,0.3514061,0.326622,1008.52844,21.107117,-0.21,0.03695488,0.029683113,0.0010728836,0.48751512,0.47975847
2024-10-28,URRA1,Caribe,86.03,371420000.0,445780000.0,83.31912602629099,26.311493,1.1525383,-0.021987915,1009.46155,21.35379,-0.21,0.31542778,0.03415346,0.0054836273,0.4848166,1.1527481
2024-10-29,URRA1,Caribe,85.85000000000001,382210000.0,445780000.0,85.73960249450401,26.6409,-0.36502075,0.05986023,1009.492,21.299469,-0.21,0.64861774,0.049471855,0.020444393,0.48051697,0.36989647
2024-10-30,URRA1,Caribe,85.64,518360000.0,445780000.0,116.2815738705191,26.453583,1.2628708,0.4681015,1010.02234,21.22049,-0.21,0.09071827,0.030398369,0.0014901161,0.47595772,1.346834
2024-10-31,URRA1,Caribe,86.29,558520000.0,445780000.0,125.2905020413657,25.04654,0.7676964,0.52526855,1009.6756,21.344727,-0.21,0.08273125,0.03182888,0.0027418137,0.4813184,0.9301961
2024-11-01,URRA1,Caribe,87.67,683360000.0,404600000.0,168.89767671774592,24.86441,1.0799484,0.41755295,1009.7322,21.508453,-0.3,0.90527534,0.3901124,0.36114454,0.4892611,1.1578597
2024-11-02,URRA1,Caribe,88.26,519700000.0,404600000.0,128.44784972812656,24.889374,1.3233757,1.3617401,1010.14935,21.52481,-0.3,0.2604723,0.038921833,0.009357929,0.4947042,1.8988575
2024-11-03,URRA1,Caribe,87.1,407340000.0,404600000.0,100.6772120612951,24.946075,2.039524,1.2633286,1009.77545,21.61789,-0.3,0.72324276,0.05877018,0.027656555,0.49692273,2.399095
2024-11-04,URRA1,Caribe,86.26,349960000.0,404600000.0,86.49530400395452,25.289215,0.9869995,1.236309,1010.6872,21.923065,-0.3,0.259161,0.27656555,0.011265278,0.49916327,1.5819697
2024-11-05,URRA1,Caribe,85.72,317030000.0,404600000.0,78.35640138408304,25.454926,0.5622864,0.6939049,1010.7322,22.144165,-0.3,0.031471252,0.03772974,0.00047683716,0.48505187,0.8931237
2024-11-06,URRA1,Caribe,85.0,293740000.0,404600000.0,72.60009886307465,25.934479,0.047195435,-0.13978958,1010.5705,22.125519,-0.3,0.08523464,0.041425228,0.0014901161,0.48736683,0.14754164
2024-11-07,URRA1,Caribe,84.21,261950000.0,404600000.0,64.74295600593179,25.913116,0.903862,0.25758743,1010.1345,22.201508,-0.3,0.061035156,0.043988228,0.0020861626,0.4979112,0.9398499
2024-11-08,URRA1,Caribe,84.39,398890000.0,404600000.0,98.58872960949084,24.691559,1.0891876,0.38681412,1009.91095,22.075958,-0.3,1.0086298,0.32550097,0.049591064,0.49051496,1.1558352
2024-11-09,URRA1,Caribe,84.41,304940000.0,404600000.0,75.36826495304004,24.168121,2.230999,0.62495804,1010.7897,21.945862,-0.3,0.37014484,0.07122755,0.012278557,0.4988631,2.316879
2024-11-10,URRA1,Caribe,84.26,261670000.0,404600000.0,64.67375185368265,25.604034,1.1933556,0.89831924,1011.1345,22.158875,-0.3,0.18775463,0.07557869,0.0064969063,0.48394722,1.4936783
2024-11-11,URRA1,Caribe,84.35000000000001,295190000.0,404600000.0,72.95847750865052,24.83255,0.8915596,0.7726288,1011.7434,22.289032,-0.3,0.00023841858,0.073075294,0.0,0.470347,1.1797601
2024-11-12,URRA1,Caribe,84.14,251790000.0,404600000.0,62.23183391003461,26.045502,1.3570251,0.8868866,1011.28436,22.306366,-0.3,0.0009536743,0.07545948,0.0,0.45787427,1.621137
2024-11-13,URRA1,Caribe,83.72,224110000.0,404600000.0,55.3905091448344,26.1622,2.0405846,1.0227318,1010.7992,22.37677,-0.3,0.0014305115,0.07593632,0.0,0.44221148,2.2825348
2024-11-14,URRA1,Caribe,83.27,219890000.0,404600000.0,54.3475037073653,25.97934,1.7155533,1.1779022,1009.96075,22.397797,-0.3,0.0,0.074744225,0.0,0.42705476,2.081004
2024-11-15,URRA1,Caribe,82.77,212720000.0,404600000.0,52.57538309441424,26.172516,0.9158783,0.29402542,1010.09283,22.555084,-0.3,0.016450882,0.07349253,0.00029802322,0.42616564,0.9619168
2024-11-16,URRA1,Caribe,82.14,191930000.0,404600000.0,47.436974789915965,25.691437,0.813118,0.57471466,1010.04266,22.837555,-0.3,0.0051259995,0.07200241,0.0,0.41670674,0.99571973
2024-11-17,URRA1,Caribe,81.76,181810000.0,404600000.0,44.93573900148294,25.998993,0.47096252,0.12060547,1011.0647,23.150543,-0.3,0.008821487,0.07045269,5.9604645e-05,0.4094823,0.48615983
2024-11-18,URRA1,Caribe,81.36,178890000.0,404600000.0,44.21403855659912,25.979645,0.3860321,0.098407745,1010.28546,23.18686,-0.3,0.08583069,0.06991625,0.0012814999,0.408074,0.3983778
2024-11-19,URRA1,Caribe,81.14,203880000.0,404600000.0,50.3905091448344,25.655975,1.5700645,0.9006996,1011.0105,23.174957,-0.3,0.20003319,0.081181526,0.013589859,0.43348014,1.8100725
2024-11-20,URRA1,Caribe,80.95,209490000.0,404600000.0,51.77706376668314,25.527618,0.90745926,0.40546036,1011.5756,23.131683,-0.3,0.000834465,0.0666976,0.0,0.45067006,0.99392176
2024-11-21,URRA1,Caribe,81.05,248520000.0,404600000.0,61.42362827483935,25.883575,0.57416534,0.13270187,1011.6353,22.957062,-0.3,0.3106594,0.06908178,0.0039339066,0.43237814,0.58930093
2024-11-22,URRA1,Caribe,80.9,217790000.0,404600000.0,53.82847256549679,24.817963,0.8725052,0.5820427,1011.8131,22.901428,-0.3,0.2706051,0.071942806,0.008165836,0.4606588,1.0488274
2024-11-23,URRA1,Caribe,80.87,231570000.0,404600000.0,57.23430548690064,24.796051,0.7855339,0.36867905,1012.1058,22.669586,-0.3,0.8556843,0.2450347,0.04929304,0.5067098,0.8677487
2024-11-24,URRA1,Caribe,81.28,293260000.0,404600000.0,72.48146317350471,25.275177,0.18575287,0.44202423,1011.3125,22.488007,-0.3,0.15044212,0.06681681,0.004887581,0.49894986,0.479468
2024-11-25,URRA1,Caribe,81.28,234640000.0,404600000.0,57.99307958477509,26.015472,0.7847786,-0.04957962,1011.3258,22.266632,-0.3,0.08404255,0.06258488,0.0015497208,0.4828639,0.78634316
2024-11-26,URRA1,Caribe,81.64,285950000.0,404600000.0,70.67474048442907,26.079803,0.6292076,0.15299606,1011.52045,22.124237,-0.3,0.96845627,0.20927191,0.14919043,0.48952353,0.6475415
2024-11-27,URRA1,Caribe,81.96,280460000.0,404600000.0,69.31784478497282,26.482513,0.89128494,0.39318466,1009.8878,22.012787,-0.3,0.046491623,0.059962273,0.000834465,0.4873565,0.9741576
2024-11-28,URRA1,Caribe,82.53,315680000.0,404600000.0,78.02273850716757,26.47879,0.3334732,0.25704193,1010.1075,21.930267,-0.3,0.024318695,0.05853176,0.0004172325,0.48398286,0.4210403
2024-11-29,URRA1,Caribe,86.42,781130000.0,404600000.0,193.06228373702425,25.766571,0.1056633,-0.09154892,1010.6161,22.073181,-0.3,0.039100647,0.058293343,0.000834465,0.4930961,0.13980679
2024-11-30,URRA1,Caribe,88.28,495090000.0,404600000.0,122.36529906080078,26.203705,0.2842331,0.0835495,1010.03015,22.182434,-0.3,0.08010864,0.058233738,0.0015497208,0.48975694,0.29625827
2024-12-01,URRA1,Caribe,89.78,394790000.0,285100000.0,138.47421957207996,26.461761,0.14253998,-0.2715187,1009.39764,22.30429,-0.42,0.39243698,0.16516447,0.10955334,0.48893583,0.3066595
2024-12-02,URRA1,Caribe,91.18,373080000.0,285100000.0,130.85934759733425,26.447357,1.397728,0.93169403,1010.17487,22.27069,-0.42,0.43463707,0.06514788,0.010430813,0.49439862,1.6797909
2024-12-03,URRA1,Caribe,91.99,290270000.0,285100000.0,101.813398807436,26.331146,1.0146523,0.15989685,1010.84357,22.26242,-0.42,0.5289316,0.06425381,0.01013279,0.48924097,1.0271739
2024-12-04,URRA1,Caribe,92.19,281610000.0,285100000.0,98.77586811645035,26.838348,0.45102692,-0.31327057,1010.1895,22.459503,-0.42,0.0500679,0.054180622,0.0009536743,0.48829338,0.5491482
2024-12-05,URRA1,Caribe,91.77,235530000.0,285100000.0,82.6131182041389,26.517242,0.9421463,0.21769714,1009.64935,22.537384,-0.42,0.0770092,0.05400181,0.0013113022,0.48124143,0.9669704
2024-12-06,URRA1,Caribe,91.85,212720000.0,285100000.0,74.61241669589617,26.108978,1.1240692,0.3141327,1009.77124,22.604889,-0.42,0.07033348,0.05275011,0.0011324883,0.4709926,1.1671379
2024-12-07,URRA1,Caribe,91.63,197620000.0,285100000.0,69.3160294633462,25.843964,-0.13624954,0.00090408325,1010.0706,22.670074,-0.42,0.0029802322,0.050663948,0.0,0.45968363,0.13625254
2024-12-08,URRA1,Caribe,91.41,179050000.0,285100000.0,62.80252542967379,25.818085,-0.64495087,-0.2205391,1009.83826,22.637054,-0.42,0.008821487,0.04976988,0.00011920929,0.44843537,0.68161505
2024-12-09,URRA1,Caribe,90.98,167070000.0,285100000.0,58.60049105576991,26.208466,-0.2551651,-0.24859238,1008.8061,22.523224,-0.42,0.0011920929,0.0487566,0.0,0.43502897,0.35624066
2024-12-10,URRA1,Caribe,90.85,159520000.0,285100000.0,55.95229743949491,26.701508,0.05086136,0.13775253,1008.32983,22.346527,-0.42,0.041127205,0.04851818,0.0008940697,0.42645103,0.14684223
2024-12-11,URRA1,Caribe,90.47,147700000.0,285100000.0,51.80638372500877,26.896881,0.7470856,0.016578674,1009.6675,22.43869,-0.42,0.06318092,0.0487566,0.0019073486,0.4256311,0.7472695
2024-12-12,URRA1,Caribe,89.78,148080000.0,285100000.0,51.93967029112592,27.166718,-0.0578537,-0.35634995,1010.0745,22.505615,-0.42,0.032544136,0.046610832,0.0006556511,0.42236796,0.3610157
2024-12-13,URRA1,Caribe,89.47,149530000.0,285100000.0,52.44826376709927,26.30545,0.30244446,-0.29117966,1009.26904,22.50531,-0.42,0.17917156,0.047683716,0.002861023,0.42747438,0.4198312
2024-12-14,URRA1,Caribe,89.23,158970000.0,285100000.0,55.759382672746405,26.40445,0.4163475,0.023338318,1009.53394,22.466461,-0.42,0.2475977,0.04810095,0.0041127205,0.43873596,0.4170011
2024-12-15,URRA1,Caribe,90.33,344760000.0,285100000.0,120.92599088039285,25.68216,0.29070282,0.0986557,1009.9386,22.454865,-0.42,0.20635128,0.045657158,0.0029206276,0.4354338,0.3069871
2024-12-16,URRA1,Caribe,90.31,188140000.0,285100000.0,65.99088039284462,25.560822,0.3406372,-0.07331848,1010.1033,22.535034,-0.42,0.21719933,0.044822693,0.0025629997,0.42969406,0.34843838
2024-12-17,URRA1,Caribe,90.03,151410000.0,285100000.0,53.10768151525781,26.37796,-0.18608856,-0.3799858,1010.5687,22.67218,-0.42,0.049233437,0.042259693,0.0008940697,0.42311138,0.4231054
2024-12-18,URRA1,Caribe,89.7,143890000.0,285100000.0,50.470010522623646,27.116913,-0.024539948,-0.20863342,1010.2953,22.873566,-0.42,0.2567768,0.04374981,0.0029206276,0.4213397,0.21007168
2024-12-19,URRA1,Caribe,89.78,202650000.0,285100000.0,71.08032269379166,26.971954,0.53118896,0.33960342,1010.22034,22.982574,-0.42,0.12278557,0.04196167,0.002026558,0.43494838,0.6304698
2024-12-20,URRA1,Caribe,89.48,150890000.0,285100000.0,52.92528937215012,26.432098,1.3473244,0.34163284,1010.3986,23.016632,-0.42,0.041365623,0.039339066,0.00023841858,0.43237913,1.3899626
2024-12-21,URRA1,Caribe,89.14999999999999,143750000.0,285100000.0,50.42090494563312,25.98471,0.6230049,0.14613342,1011.1191,23.11264,-0.42,0.082850456,0.03951788,0.0015497208,0.4460538,0.63991416
2024-12-22,URRA1,Caribe,88.77000000000001,137900000.0,285100000.0,48.368993335671696,25.528473,0.89359283,0.38811493,1012.22595,23.240356,-0.42,0.17249584,0.04094839,0.0029802322,0.46291602,0.9742389
2024-12-23,URRA1,Caribe,89.53999999999999,297180000.0,285100000.0,104.23710978604,24.867401,0.5853386,-0.14965439,1012.1033,23.365448,-0.42,0.18656254,0.041604042,0.003993511,0.4814875,0.604167
2024-12-24,URRA1,Caribe,89.49000000000001,184240000.0,285100000.0,64.62293931953701,26.143036,1.3448372,0.6718712,1011.4403,23.26297,-0.42,0.25510788,0.043153763,0.006198883,0.48816356,1.5033289
2024-12-25,URRA1,Caribe,89.33,168820000.0,285100000.0,59.21431076815152,26.031158,1.0292206,0.1194458,1009.9984,23.224884,-0.42,0.016212463,0.036597252,0.00011920929,0.47693032,1.0361285
2024-12-26,URRA1,Caribe,89.75999999999999,250420000.0,285100000.0,87.83584707120309,25.619781,1.5859795,0.5732918,1010.53564,23.310852,-0.42,0.04673004,0.036478043,0.00047683716,0.48569924,1.6864146
2024-12-27,URRA1,Caribe,89.83,200510000.0,285100000.0,70.32970887407927,25.610504,1.5258408,0.50310516,1010.71826,23.515167,-0.42,0.03707409,0.036120415,0.00047683716,0.4766782,1.606644
2024-12-28,URRA1,Caribe,90.33,260090000.0,285100000.0,91.22763942476324,25.37918,1.1170082,0.15263748,1011.91187,23.569305,-0.42,1.6425848,0.28949976,0.25451183,0.4861248,1.1273888
2024-12-29,URRA1,Caribe,91.26,321350000.0,285100000.0,112.71483689933358,25.408722,0.71552277,0.19426727,1012.3942,23.600586,-0.42,0.23663044,0.041007996,0.0064969063,0.48666918,0.74142605
2024-12-30,URRA1,Caribe,91.94,286870000.0,285100000.0,100.62083479480884,25.336456,0.32165527,0.055599213,1011.3861,23.653412,-0.42,0.11944771,0.043570995,0.009387732,0.47913307,0.32642516
2024-12-31,URRA1,Caribe,92.48,266140000.0,285100000.0,93.34970185899684,25.702972,0.601387,-0.023338318,1010.53827,23.588959,-0.42,0.08618832,0.03606081,0.002413988,0.4779411,0.6018397
