Fecha,CodigoEmbalse,RegionHidrologica,reserva_pct,aportes_masa,media_historica_masa,aportes_vs_media_pct,t2m,u10,v10,msl,sst_nino12_proxy,oni_anom,tp,ro,sro,swvl1,wind_speed
2013-01-01,PLAYAS,Antioquia,96.06,206925000.0,231480000.0,89.39217210990151,21.710663,-0.38355255,-0.063323975,1011.8608,23.663086,-0.29,0.011205673,0.029444695,0.00029802322,0.41413248,0.38874477
2013-01-02,PLAYAS,Antioquia,103.57,243380000.0,231480000.0,105.14083290133055,21.942596,-0.3106575,0.1752243,1011.1103,23.747772,-0.29,0.0034570694,0.028669834,5.9604645e-05,0.40342394,0.35666743
2013-01-03,PLAYAS,Antioquia,92.7,193859000.0,231480000.0,83.7476239847935,21.468048,-0.22913742,0.035873413,1012.42346,23.999786,-0.29,0.025391579,0.028133392,0.00023841858,0.39307663,0.23192857
2013-01-04,PLAYAS,Antioquia,84.35000000000001,162659000.0,231480000.0,70.26913772248142,21.788177,-0.3578987,0.038463593,1012.89575,23.946686,-0.29,0.016093254,0.027477741,0.00029802322,0.38719898,0.35995963
2013-01-05,PLAYAS,Antioquia,76.99000000000001,178654000.0,231480000.0,77.17902194574046,22.39151,-0.10515213,0.21966934,1012.3781,23.757507,-0.29,0.00047683716,0.026643276,0.0,0.3799828,0.2435397
2013-01-06,PLAYAS,Antioquia,79.39,202313000.0,231480000.0,87.3997753585623,22.295929,-0.3465538,0.20539856,1011.3175,23.87091,-0.29,0.0056028366,0.026226044,5.9604645e-05,0.37112093,0.40284997
2013-01-07,PLAYAS,Antioquia,82.24000000000001,163783000.0,231480000.0,70.75470883013651,21.562897,-0.42794418,0.2584343,1010.91565,24.344086,-0.29,0.00333786,0.025212765,5.9604645e-05,0.36296895,0.4999245
2013-01-08,PLAYAS,Antioquia,75.88000000000001,140994000.0,231480000.0,60.90979782270607,22.498016,0.11500931,0.97167206,1010.09033,24.515778,-0.29,0.0009536743,0.024735928,0.0,0.35564458,0.97845477
2013-01-09,PLAYAS,Antioquia,72.72,149172000.0,231480000.0,64.44271643338517,21.783356,-0.13330841,0.5692673,1010.72546,24.527252,-0.29,0.0,0.023901463,0.0,0.3492222,0.58466774
2013-01-10,PLAYAS,Antioquia,66.25999999999999,158251000.0,231480000.0,68.36486953516503,22.436249,-0.41249084,0.2378006,1011.3083,24.554077,-0.29,0.0,0.023126602,0.0,0.34077376,0.47612795
2013-01-11,PLAYAS,Antioquia,70.02000000000001,180196000.0,231480000.0,77.84517020908935,22.706879,-0.29169846,-0.028190613,1010.03986,24.662903,-0.29,0.0,0.022292137,0.0,0.33222687,0.2930575
2013-01-12,PLAYAS,Antioquia,77.12,147134000.0,231480000.0,63.56229479868672,21.533173,-0.25,-0.3130417,1010.0192,24.632141,-0.29,0.014305115,0.02193451,0.00023841858,0.32915103,0.4006184
2013-01-13,PLAYAS,Antioquia,84.22,167124000.0,231480000.0,72.19803006739242,21.286774,-0.06844711,-0.017559052,1011.6941,24.648346,-0.29,0.030040741,0.021517277,0.00029802322,0.32860744,0.07066348
2013-01-14,PLAYAS,Antioquia,87.07000000000001,229214000.0,231480000.0,99.0210817349231,20.441254,0.049007416,0.04245758,1012.71875,24.8479,-0.29,0.071525574,0.022411346,0.00166893,0.33207655,0.06484114
2013-01-15,PLAYAS,Antioquia,88.17,185202000.0,231480000.0,80.00777604976672,21.435028,-0.41812134,-0.086364746,1011.97876,24.499908,-0.29,0.034570694,0.020563602,0.0006556511,0.33781296,0.42694768
2013-01-16,PLAYAS,Antioquia,88.31,175513000.0,231480000.0,75.82210126144807,21.64981,0.14736176,-0.15024567,1011.84656,24.351227,-0.29,0.08547306,0.021278858,0.0020861626,0.33977348,0.2104501
2013-01-17,PLAYAS,Antioquia,81.45,184705000.0,231480000.0,79.79307067565232,21.266083,0.008712769,-0.34309006,1012.8978,24.522552,-0.29,0.05197525,0.020205975,0.0014007092,0.34804326,0.34320065
2013-01-18,PLAYAS,Antioquia,76.99000000000001,191100000.0,231480000.0,82.55572835666149,21.362213,-0.22430801,0.097480774,1013.8361,24.732483,-0.29,0.113248825,0.022649765,0.0043213367,0.36285546,0.2445743
2013-01-19,PLAYAS,Antioquia,83.42,167611000.0,231480000.0,72.40841541385865,21.763885,-0.15123367,-0.047000885,1012.8762,24.652527,-0.29,0.074505806,0.019669533,0.0017285347,0.3765447,0.1583689
2013-01-20,PLAYAS,Antioquia,75.14,168615000.0,231480000.0,72.84214618973562,21.903412,-0.08677292,0.23018265,1012.1847,24.513092,-0.29,0.03492832,0.018060207,0.00044703484,0.37409908,0.2459951
2013-01-21,PLAYAS,Antioquia,66.82000000000001,196581000.0,231480000.0,84.92353551062727,22.415924,0.0705986,-0.15695572,1011.7061,24.59903,-0.29,0.015497208,0.01746416,0.00029802322,0.36704886,0.17210247
2013-01-22,PLAYAS,Antioquia,60.55,202534000.0,231480000.0,87.49524796958701,22.316376,-0.034240723,-0.14390182,1012.7075,24.85675,-0.29,0.0923872,0.021100044,0.0042915344,0.36827993,0.14791945
2013-01-23,PLAYAS,Antioquia,57.67,180803000.0,231480000.0,78.10739588733368,21.705475,-0.12822342,0.03599167,1014.53186,24.851166,-0.29,0.10728836,0.018298626,0.0020861626,0.37563467,0.133179
2013-01-24,PLAYAS,Antioquia,61.18,141427000.0,231480000.0,61.09685501987213,22.147797,-0.11086273,-0.18595505,1014.9888,24.82071,-0.29,0.052452087,0.017285347,0.0014305115,0.388142,0.2164944
2013-01-25,PLAYAS,Antioquia,63.41,153071000.0,231480000.0,66.12709521340938,21.622955,-0.35427856,0.15221405,1014.3234,24.86969,-0.29,0.06318092,0.017940998,0.0024437904,0.38884926,0.3855936
2013-01-26,PLAYAS,Antioquia,64.5,184107000.0,231480000.0,79.53473302229133,21.179047,-0.21945953,-0.11489105,1013.6298,24.931732,-0.29,0.11432171,0.01835823,0.0034570694,0.38910636,0.24771443
2013-01-27,PLAYAS,Antioquia,69.08999999999999,158000000.0,231480000.0,68.2564368411958,22.527252,-0.19796371,-0.022426605,1013.6941,24.98111,-0.29,0.07331371,0.016093254,0.0011920929,0.38846654,0.19922999
2013-01-28,PLAYAS,Antioquia,76.0,160220000.0,231480000.0,69.21548297909106,22.887787,-0.15499115,0.0802269,1014.0006,24.951294,-0.29,0.027418137,0.015318394,0.000834465,0.3806895,0.17452396
2013-01-29,PLAYAS,Antioquia,77.12,160161000.0,231480000.0,69.18999481596683,22.479218,-0.104133606,-0.02716446,1012.7061,24.986877,-0.29,0.03528595,0.014483929,0.00047683716,0.37276006,0.10761838
2013-01-30,PLAYAS,Antioquia,79.77,155767000.0,231480000.0,67.29177466735787,22.891144,0.0026283264,-0.0884552,1011.7361,24.99582,-0.29,0.038146973,0.014305115,0.0006556511,0.36774763,0.08849424
2013-01-31,PLAYAS,Antioquia,82.24000000000001,181954000.0,231480000.0,78.60463106963884,22.484222,0.30721664,-0.32915115,1011.7903,24.991547,-0.29,0.059485435,0.015079975,0.0017285347,0.37427795,0.4502472
2013-02-01,PLAYAS,Antioquia,76.25,142549000.0,208550000.0,68.35243346919204,21.412323,0.05189514,0.02626419,1012.345,24.958862,-0.29,0.1077652,0.014901161,0.002026558,0.37822324,0.058162816
2013-02-02,PLAYAS,Antioquia,79.25999999999999,153018000.0,208550000.0,73.37233277391513,20.760162,0.28954315,-0.18797302,1013.0236,24.721436,-0.29,0.19967556,0.020325184,0.0076293945,0.4050776,0.34520876
2013-02-03,PLAYAS,Antioquia,79.01,196658000.0,208550000.0,94.29777031886836,21.331757,0.30438995,-0.3676033,1012.29486,24.587372,-0.29,0.06663799,0.015199184,0.0028014183,0.41310143,0.47726873
2013-02-04,PLAYAS,Antioquia,73.68,263514000.0,208550000.0,126.35531047710384,21.246002,0.0019798279,-0.11690521,1011.91296,24.668365,-0.29,0.14412403,0.021874905,0.009596348,0.43142605,0.116921976
2013-02-05,PLAYAS,Antioquia,71.89,227139000.0,208550000.0,108.91345001198754,21.248993,-0.15800476,0.21795273,1012.46674,24.74878,-0.29,0.094771385,0.013709068,0.0015795231,0.4481004,0.26920047
2013-02-06,PLAYAS,Antioquia,65.93,192799000.0,208550000.0,92.4473747302805,20.54123,0.104400635,-0.16130829,1012.86597,25.362122,-0.29,0.1449585,0.0192523,0.0073313713,0.45035177,0.1921454
2013-02-07,PLAYAS,Antioquia,59.51,206074000.0,208550000.0,98.81275473507552,21.405365,-0.115055084,-0.004081726,1012.1908,25.533173,-0.29,0.12886524,0.016212463,0.004708767,0.44353718,0.11512747
2013-02-08,PLAYAS,Antioquia,67.84,189617000.0,208550000.0,90.92160153440422,21.319122,-0.19986343,-0.0047187805,1012.39844,25.509613,-0.29,0.1180172,0.017940998,0.0064969063,0.45340472,0.19991913
2013-02-09,PLAYAS,Antioquia,63.74,229458000.0,208550000.0,110.0254135698873,20.34488,0.21872711,-0.08169937,1013.115,25.646912,-0.29,0.31113625,0.094652176,0.0833869,0.4643606,0.23348734
2013-02-10,PLAYAS,Antioquia,68.17999999999999,237883000.0,208550000.0,114.0652121793335,20.209076,0.12387085,-0.19602585,1013.6822,25.623749,-0.29,0.0500679,0.0140070915,0.0027418137,0.46561313,0.23188385
2013-02-11,PLAYAS,Antioquia,64.83,248861000.0,208550000.0,119.32917765523857,21.028046,0.30298996,-0.3735695,1013.983,25.757538,-0.29,0.048995018,0.013411045,0.0024437904,0.4639516,0.48099592
2013-02-12,PLAYAS,Antioquia,67.39,210535000.0,208550000.0,100.95181011747782,20.750458,0.4659729,-0.38926697,1012.9344,25.693176,-0.29,0.07915497,0.019669533,0.008881092,0.45086,0.6071734
2013-02-13,PLAYAS,Antioquia,75.75,169760000.0,208550000.0,81.4001438503956,20.805939,-0.26893234,-0.25923157,1012.53546,25.691559,-0.29,0.027775764,0.012397766,0.0015497208,0.44535878,0.37353125
2013-02-14,PLAYAS,Antioquia,101.38,213347000.0,208550000.0,102.30016782546151,21.638885,-0.1284523,-0.25242233,1013.2728,25.674744,-0.29,0.084877014,0.0140070915,0.0033974648,0.43434584,0.2832261
2013-02-15,PLAYAS,Antioquia,85.03,200028000.0,208550000.0,95.91368976264684,21.354095,0.10341263,0.0061798096,1013.5006,25.689209,-0.29,0.10561943,0.013411045,0.0030100346,0.43565872,0.10359711
2013-02-16,PLAYAS,Antioquia,76.87,176685000.0,208550000.0,84.72069048189883,21.887665,0.072654724,-0.21149445,1012.0628,25.603668,-0.29,0.061154366,0.012934208,0.002682209,0.42613456,0.22362605
2013-02-17,PLAYAS,Antioquia,70.95,166012000.0,208550000.0,79.6029729081755,20.057953,0.1317482,-0.1060524,1012.97736,25.303192,-0.29,0.16272068,0.016868114,0.00667572,0.43871275,0.16912924
2013-02-18,PLAYAS,Antioquia,64.72,143671000.0,208550000.0,68.89043394869336,20.738373,0.15822601,-0.067928314,1012.4997,24.863983,-0.29,0.10740757,0.012874603,0.0027418137,0.44335407,0.17219096
2013-02-19,PLAYAS,Antioquia,75.14,176686000.0,208550000.0,84.72116998321746,21.749664,0.16064072,-0.2594223,1011.2495,24.746216,-0.29,0.043272972,0.010609627,0.0006556511,0.43382543,0.30513173
2013-02-20,PLAYAS,Antioquia,81.32000000000001,195269000.0,208550000.0,93.63174298729322,21.501678,-0.0061149597,0.12905502,1010.4855,24.472992,-0.29,0.14340878,0.014603138,0.004827976,0.4325504,0.12919982
2013-02-21,PLAYAS,Antioquia,86.66,198323000.0,208550000.0,95.09614001438504,22.221832,-0.23812866,-0.00077056885,1010.0439,24.225494,-0.29,0.014066696,0.009953976,0.00047683716,0.42819956,0.2381299
2013-02-22,PLAYAS,Antioquia,87.62,341990000.0,208550000.0,163.98465595780388,21.599396,0.37369156,-0.13676071,1011.59564,24.28366,-0.29,0.19776821,0.015437603,0.005722046,0.43018582,0.39793074
2013-02-23,PLAYAS,Antioquia,81.45,168306000.0,208550000.0,80.70294893310957,22.462555,-0.11631012,-0.061717987,1011.1142,24.547272,-0.29,0.0783205,0.012695789,0.0032186508,0.4220481,0.13167062
2013-02-24,PLAYAS,Antioquia,69.67,215006000.0,208550000.0,103.0956605130664,21.805084,0.33878708,-0.06379318,1011.4416,24.842499,-0.29,0.06735325,0.012457371,0.0032186508,0.4278075,0.34474084
2013-02-25,PLAYAS,Antioquia,72.6,249839000.0,208550000.0,119.79812994485737,22.640594,0.15497208,-0.13262558,1010.16345,24.991364,-0.29,0.07104874,0.012814999,0.003516674,0.42819512,0.20397522
2013-02-26,PLAYAS,Antioquia,69.44,200777000.0,208550000.0,96.27283625029968,22.103363,-0.0067329407,-0.38619614,1010.7969,25.159973,-0.29,0.044822693,0.009775162,0.00071525574,0.42788854,0.38625482
2013-02-27,PLAYAS,Antioquia,68.52000000000001,245274000.0,208550000.0,117.60920642531768,22.06839,0.23081207,-0.057182312,1011.2097,25.331207,-0.29,0.24914742,0.016152859,0.007033348,0.424946,0.23778988
2013-02-28,PLAYAS,Antioquia,64.61,277156000.0,208550000.0,132.89666746583552,22.778229,0.3673668,-0.03414154,1010.7433,25.56549,-0.29,0.16140938,0.014185905,0.005185604,0.42388782,0.36894986
2013-03-01,PLAYAS,Antioquia,59.0,332947000.0,225320000.0,147.7662879460323,21.801727,-0.0053100586,0.09637833,1010.48,25.987915,-0.21,0.19848347,0.015437603,0.006377697,0.43438622,0.0965245
2013-03-02,PLAYAS,Antioquia,52.77,184557000.0,225320000.0,81.90884075980827,22.30008,-0.3317032,-0.12408447,1010.8247,26.13208,-0.21,0.06663799,0.012516975,0.0027418137,0.46554223,0.35415244
2013-03-03,PLAYAS,Antioquia,49.6,211671000.0,225320000.0,93.94239304100834,21.552643,0.04179001,0.17471313,1013.09216,26.115143,-0.21,0.6892681,0.18692017,0.08609891,0.4622575,0.17964154
2013-03-04,PLAYAS,Antioquia,64.34,187767000.0,225320000.0,83.33348127108113,21.568573,-0.0791626,0.26856613,1014.17065,25.976349,-0.21,0.17631054,0.020205975,0.00834465,0.45691827,0.27999017
2013-03-05,PLAYAS,Antioquia,67.27,176479000.0,225320000.0,78.32371737972662,22.501862,0.08616638,-0.1445694,1012.9164,25.98465,-0.21,0.0038146973,0.015377998,0.00011920929,0.44510877,0.1683002
2013-03-06,PLAYAS,Antioquia,69.67,171245000.0,225320000.0,76.0007988638381,23.026947,0.35737228,-0.2641182,1012.9945,26.155304,-0.21,0.28932095,0.025212765,0.007688999,0.44851613,0.44437978
2013-03-07,PLAYAS,Antioquia,74.29,209475000.0,225320000.0,92.96777915853008,22.350739,-0.30417633,0.1003952,1013.8655,26.46698,-0.21,0.35631657,0.041127205,0.021755695,0.46824512,0.32031617
2013-03-08,PLAYAS,Antioquia,85.3,175304000.0,225320000.0,77.80223681874668,23.240387,-0.2732048,0.14331436,1012.1831,26.385437,-0.21,0.028967857,0.022113323,0.0016093254,0.4524668,0.30851236
2013-03-09,PLAYAS,Antioquia,87.48,153620000.0,225320000.0,68.178590449139,23.072418,-0.016799927,0.11534119,1011.21765,26.2128,-0.21,0.00035762787,0.021338463,0.0,0.4393613,0.116558254
2013-03-10,PLAYAS,Antioquia,93.13,153649000.0,225320000.0,68.19146103319723,22.504486,0.25671005,-0.16506958,1011.5681,26.164825,-0.21,0.06234646,0.024735928,0.002503395,0.43978447,0.3052016
2013-03-11,PLAYAS,Antioquia,89.0,148445000.0,225320000.0,65.88185691461034,22.617096,0.24947357,-0.18220901,1010.45764,26.235474,-0.21,0.0030994415,0.024735928,0.00011920929,0.43686104,0.3089291
2013-03-12,PLAYAS,Antioquia,88.31,245509000.0,225320000.0,108.96014557074383,21.920868,0.06218338,-0.2722969,1011.8145,26.495087,-0.21,0.23770332,0.038802624,0.010550022,0.4492323,0.27930695
2013-03-13,PLAYAS,Antioquia,82.76,164643000.0,225320000.0,73.07074383099592,22.367645,-0.23625183,-0.11071396,1012.15436,26.482574,-0.21,0.40888786,0.053942204,0.019490719,0.47087896,0.26090708
2013-03-14,PLAYAS,Antioquia,77.99000000000001,194772000.0,225320000.0,86.44239304100834,21.50473,-0.10575485,0.06090164,1010.98346,26.522278,-0.21,0.18596649,0.07247925,0.008285046,0.4681344,0.122037284
2013-03-15,PLAYAS,Antioquia,86.79,233508000.0,225320000.0,103.63394283685426,19.937408,0.060432434,0.040115356,1012.23517,26.31363,-0.21,0.78487396,0.28949976,0.19472837,0.47224343,0.07253496
2013-03-16,PLAYAS,Antioquia,95.03,193421000.0,225320000.0,85.84280134919226,22.019867,-0.08741379,0.038139343,1011.83734,26.09491,-0.21,0.046491623,0.10719895,0.002861023,0.4629908,0.0953718
2013-03-17,PLAYAS,Antioquia,96.96,343779000.0,225320000.0,152.5736729984023,21.827484,-0.06280136,-0.3793869,1012.72455,25.961517,-0.21,0.05030632,0.10955334,0.0030398369,0.4742932,0.38454965
2013-03-18,PLAYAS,Antioquia,102.94,435209000.0,225320000.0,193.1515178412924,21.018341,-0.28461456,-0.29691696,1013.15857,25.960022,-0.21,0.28145313,0.113368034,0.009983778,0.4685076,0.4112969
2013-03-19,PLAYAS,Antioquia,107.59,368122000.0,225320000.0,163.37741878217648,21.90628,-0.01530838,-0.044574738,1012.91,25.871002,-0.21,0.096321106,0.10693073,0.005841255,0.47846276,0.047130182
2013-03-20,PLAYAS,Antioquia,102.0,208380000.0,225320000.0,92.48180365702112,21.870026,-0.0022354126,-0.124420166,1012.5442,25.566864,-0.21,0.19454956,0.21582842,0.019729137,0.4834501,0.124440245
2013-03-21,PLAYAS,Antioquia,101.07,294752000.0,225320000.0,130.8148411148589,21.122833,-0.26522064,-0.061634064,1012.6417,25.316956,-0.21,0.13232231,0.10597706,0.009715557,0.48183364,0.272288
2013-03-22,PLAYAS,Antioquia,105.32999999999998,290296000.0,225320000.0,128.8372093023256,21.64737,-0.19827652,-0.0342865,1013.9462,25.21936,-0.21,0.14603138,0.10442734,0.0055134296,0.4903456,0.20121914
2013-03-23,PLAYAS,Antioquia,102.47,206396000.0,225320000.0,91.60127818214096,21.546173,-0.4038353,-0.08969498,1013.8727,24.876709,-0.21,0.03385544,0.099122524,0.0013113022,0.4876256,0.41367635
2013-03-24,PLAYAS,Antioquia,107.42,192521000.0,225320000.0,85.4433694301438,22.516327,-0.18222427,-0.06245804,1011.47546,24.525635,-0.21,0.0015497208,0.094890594,0.00017881393,0.4727581,0.19263098
2013-03-25,PLAYAS,Antioquia,101.22,273547000.0,225320000.0,121.40378128883368,22.318512,-0.19839859,-0.35082626,1011.0686,24.496735,-0.21,0.1502037,0.0962019,0.0056624413,0.46985322,0.40303978
2013-03-26,PLAYAS,Antioquia,102.16,171868000.0,225320000.0,76.27729451446831,22.742096,-0.11394882,-0.42396927,1011.8353,24.225128,-0.21,0.07522106,0.09024143,0.00333786,0.4612981,0.43901512
2013-03-27,PLAYAS,Antioquia,99.68,169167000.0,225320000.0,75.07855494407953,22.229645,-0.44026566,-0.051490784,1012.6975,23.778748,-0.21,0.08177757,0.08690357,0.004172325,0.45823413,0.44326645
2013-03-28,PLAYAS,Antioquia,105.65,159902000.0,225320000.0,70.96662524409729,22.468536,-0.121707916,-0.02174759,1012.92487,23.654816,-0.21,0.051140785,0.080525875,0.001847744,0.46060818,0.12363565
2013-03-29,PLAYAS,Antioquia,106.94,191603000.0,225320000.0,85.03594887271436,21.935944,0.09158707,0.10485077,1013.40955,23.415619,-0.21,0.09572506,0.079751015,0.0047683716,0.461802,0.13921879
2013-03-30,PLAYAS,Antioquia,101.85,249973000.0,225320000.0,110.9413278892242,23.019135,-0.12081909,0.12097931,1012.4486,23.37323,-0.21,0.009775162,0.07081032,0.00029802322,0.4504538,0.17097732
2013-03-31,PLAYAS,Antioquia,101.38,184489000.0,225320000.0,81.87866145925794,23.43045,-0.32250977,0.2831993,1011.85657,23.111786,-0.21,0.02026558,0.06735325,0.001013279,0.44288963,0.42920205
2013-04-01,PLAYAS,Antioquia,101.22,187891000.0,311080000.0,60.3995756718529,23.698944,-0.082912445,0.3470688,1011.2441,22.884583,-0.19,0.00035762787,0.062167645,0.0,0.43340257,0.356835
2013-04-02,PLAYAS,Antioquia,99.99,193463000.0,311080000.0,62.19075478976469,22.608002,-0.055042267,-0.029087067,1012.90125,22.545624,-0.19,0.01859665,0.059604645,0.0011324883,0.42317146,0.06225519
2013-04-03,PLAYAS,Antioquia,98.92,159270000.0,311080000.0,51.1990484762762,21.989105,-0.30935287,-0.216465,1013.1325,22.55185,-0.19,0.034332275,0.055909157,0.0006556511,0.4179356,0.37756628
2013-04-04,PLAYAS,Antioquia,98.31,159604000.0,311080000.0,51.3064163559213,22.299713,0.12118912,-0.16261673,1012.90674,22.672394,-0.19,0.2771616,0.05966425,0.007688999,0.4201129,0.2028078
2013-04-05,PLAYAS,Antioquia,92.41,158311000.0,311080000.0,50.89076764819339,22.514313,0.0075912476,-0.112644196,1012.96906,22.860016,-0.19,0.1128912,0.052452087,0.0034570694,0.4344305,0.1128997
2013-04-06,PLAYAS,Antioquia,85.16,180865000.0,311080000.0,58.140992670695645,21.840118,-0.057281494,0.006855011,1013.4747,22.950256,-0.19,0.13101101,0.050663948,0.004351139,0.4446348,0.057690214
2013-04-07,PLAYAS,Antioquia,77.74,176539000.0,311080000.0,56.75035360678925,21.970001,0.2857666,-0.23184967,1012.72107,22.874786,-0.19,0.014305115,0.044584274,0.00047683716,0.45416477,0.36799026
2013-04-08,PLAYAS,Antioquia,71.17999999999999,164965000.0,311080000.0,53.02976726244053,22.362457,-0.0717659,0.03633499,1011.77966,23.06247,-0.19,0.16093254,0.04673004,0.00500679,0.45818233,0.08043989
2013-04-09,PLAYAS,Antioquia,64.83,146279000.0,311080000.0,47.02295229522952,23.337921,-0.18785477,-0.17980576,1011.10095,23.20462,-0.19,0.02026558,0.04029274,0.0009536743,0.4495213,0.26003754
2013-04-10,PLAYAS,Antioquia,65.71000000000001,197973000.0,311080000.0,63.64054262569114,23.138885,0.12938309,0.124557495,1011.47656,23.468292,-0.19,0.25510788,0.043690205,0.0059604645,0.44490954,0.17959553
2013-04-11,PLAYAS,Antioquia,66.14999999999999,146399000.0,311080000.0,47.06152758132956,21.789825,0.4626274,0.13697815,1011.57904,23.601318,-0.19,0.4069805,0.11587143,0.01859665,0.4372624,0.4824802
2013-04-12,PLAYAS,Antioquia,68.28999999999999,228763000.0,311080000.0,73.53831811752603,22.57669,0.24546051,-0.089603424,1011.3745,23.470673,-0.19,0.044941902,0.036537647,0.0017881393,0.43142703,0.26130372
2013-04-13,PLAYAS,Antioquia,73.32,231503000.0,311080000.0,74.41912048347692,22.741364,-0.048542023,-0.041988373,1010.5577,23.457245,-0.19,0.18072128,0.04631281,0.01257658,0.42705983,0.06418218
2013-04-14,PLAYAS,Antioquia,70.48,152954000.0,311080000.0,49.16870258454416,23.036835,0.07050705,-0.15371704,1011.1359,23.52353,-0.19,0.38278103,0.1989007,0.07176399,0.43080133,0.16911586
2013-04-15,PLAYAS,Antioquia,64.05999999999999,171475000.0,311080000.0,55.122476533367625,23.248749,-0.0078125,-0.089538574,1012.34875,23.7966,-0.19,0.026345253,0.032901764,0.0006556511,0.43092573,0.08987876
2013-04-16,PLAYAS,Antioquia,66.82000000000001,175732000.0,311080000.0,56.49093480776649,23.275116,-0.18463516,-0.14683151,1012.1206,23.87143,-0.19,0.078082085,0.0346303,0.0032186508,0.42888597,0.23590176
2013-04-17,PLAYAS,Antioquia,72.96000000000001,193899000.0,311080000.0,62.33091166259484,22.570892,0.17375946,-0.035751343,1011.47034,23.73819,-0.19,0.26869774,0.04184246,0.010967255,0.43162614,0.1773993
2013-04-18,PLAYAS,Antioquia,66.38,244222000.0,311080000.0,78.5077793493635,22.322296,-0.23846817,-0.10184097,1011.52124,23.726593,-0.19,0.7750988,0.14710426,0.11610985,0.47065488,0.25930417
2013-04-19,PLAYAS,Antioquia,64.17,178151000.0,311080000.0,57.26854828339977,21.159882,-0.066295624,0.17668915,1013.17847,23.887512,-0.19,0.6799698,0.18572807,0.14919043,0.4949511,0.18871716
2013-04-20,PLAYAS,Antioquia,59.41,258109000.0,311080000.0,82.97190433329047,20.764374,-0.04827118,-0.096343994,1013.6089,24.043518,-0.19,0.09024143,0.054359436,0.0056028366,0.47931373,0.10776025
2013-04-21,PLAYAS,Antioquia,68.87,270552000.0,311080000.0,86.97184004114698,20.576141,0.09045029,-0.11261749,1015.21606,23.947266,-0.19,2.765417,1.8951297,0.7184744,0.50582415,0.1444436
2013-04-22,PLAYAS,Antioquia,65.49000000000001,267106000.0,311080000.0,85.86408640864086,21.53946,0.063179016,-0.2819748,1014.1061,23.703278,-0.19,0.12660027,0.18692017,0.0070929527,0.4916194,0.28896606
2013-04-23,PLAYAS,Antioquia,61.28,295750000.0,311080000.0,95.07200720072008,21.69809,0.13110352,0.19229507,1013.8967,23.499542,-0.19,0.14066696,0.16474724,0.012278557,0.49819443,0.23273489
2013-04-24,PLAYAS,Antioquia,72.25,224189000.0,311080000.0,72.06795679567956,21.723358,-0.29037094,-0.018486023,1013.4384,23.470276,-0.19,0.03385544,0.13446808,0.0023841858,0.48675877,0.2909588
2013-04-25,PLAYAS,Antioquia,93.71,222195000.0,311080000.0,71.42696412498393,22.500275,0.13629532,0.054714203,1013.4264,23.577179,-0.19,0.08702278,0.12135506,0.0062584877,0.48158538,0.14686748
2013-04-26,PLAYAS,Antioquia,90.55,308940000.0,311080000.0,99.31207406454932,22.09018,0.16138077,0.15914917,1013.3964,23.405792,-0.19,0.07581711,0.113129616,0.01180172,0.48031807,0.22665438
2013-04-27,PLAYAS,Antioquia,99.84,356569000.0,311080000.0,114.62292657837212,21.251251,-0.34602356,-0.11167145,1013.3861,23.358917,-0.19,0.35369396,0.11456013,0.02348423,0.49721986,0.36359707
2013-04-28,PLAYAS,Antioquia,88.31,271718000.0,311080000.0,87.34666323775234,21.57071,0.036632538,0.034282684,1012.9917,23.425873,-0.19,0.3131628,0.11271238,0.026285648,0.50221837,0.050172158
2013-04-29,PLAYAS,Antioquia,91.26,286114000.0,311080000.0,91.97441172688696,21.039825,-0.36650085,0.09317398,1012.6981,23.26294,-0.19,0.38683414,0.2027154,0.055789948,0.4978549,0.37815905
2013-04-30,PLAYAS,Antioquia,82.5,249982000.0,311080000.0,80.35939308216537,21.90738,0.20569229,-0.15633774,1012.58154,23.10141,-0.19,0.052690506,0.085532665,0.0030398369,0.48571295,0.2583618
2013-05-01,PLAYAS,Antioquia,65.16,319510000.0,401620000.0,79.55530103082515,21.458527,0.21006775,0.05411148,1013.46936,22.878693,-0.27,0.06496906,0.08255243,0.003516674,0.4855894,0.21692513
2013-05-02,PLAYAS,Antioquia,57.87,348772000.0,401620000.0,86.84129276430457,21.499176,-0.13077927,-0.33132172,1013.63904,22.763245,-0.27,0.7200241,0.22029877,0.09417534,0.49811378,0.3561984
2013-05-03,PLAYAS,Antioquia,89.14,463284000.0,401620000.0,115.353817040984,20.712494,-0.19071198,-0.040489197,1014.64404,22.854004,-0.27,0.92327595,0.3322959,0.2297759,0.50225693,0.19496264
2013-05-04,PLAYAS,Antioquia,89.42,428873000.0,401620000.0,106.78576764105374,21.669525,0.119457245,-0.09024811,1012.66516,22.732239,-0.27,0.54097176,0.269413,0.11014938,0.48766512,0.14971559
2013-05-05,PLAYAS,Antioquia,99.68,650932000.0,401620000.0,162.07658981126437,20.591278,0.15551758,0.046180725,1015.28467,22.435791,-0.27,1.1199713,0.467062,0.3118217,0.5058404,0.16222939
2013-05-06,PLAYAS,Antioquia,84.76,421846000.0,401620000.0,105.03610377969224,21.00351,-0.6559372,-0.08152771,1016.4506,22.31903,-0.27,0.26357174,0.19270182,0.03540516,0.50314575,0.6609844
2013-05-07,PLAYAS,Antioquia,68.63,330271000.0,401620000.0,82.23469946715801,20.566315,-0.24642563,0.06129074,1016.13794,22.291779,-0.27,0.13029575,0.19228458,0.008702278,0.49557918,0.25393334
2013-05-08,PLAYAS,Antioquia,63.3,292736000.0,401620000.0,72.88880035854788,21.69632,-0.081279755,-0.06639099,1015.1914,22.270294,-0.27,0.05853176,0.18811226,0.006556511,0.49199846,0.10494838
2013-05-09,PLAYAS,Antioquia,56.47,235727000.0,401620000.0,58.69403914147702,22.797272,-0.1372757,0.35993195,1014.6231,22.403168,-0.27,0.0035762787,0.16200542,5.9604645e-05,0.4753021,0.38522154
2013-05-10,PLAYAS,Antioquia,62.24,395308000.0,401620000.0,98.42836512125888,21.802765,-0.2091484,0.14897919,1015.5444,22.707062,-0.27,0.29337406,0.16367435,0.021219254,0.48794627,0.25678366
2013-05-11,PLAYAS,Antioquia,69.32000000000001,264697000.0,401620000.0,65.90732533240377,21.802704,-0.21792603,-0.070121765,1014.27203,22.538055,-0.27,0.06735325,0.13530254,0.0041127205,0.4840369,0.22892971
2013-05-12,PLAYAS,Antioquia,66.71000000000001,263367000.0,401620000.0,65.57616652557144,22.154205,0.18780136,-0.08802414,1012.568,22.534271,-0.27,0.04541874,0.1218915,0.0029206276,0.4741156,0.20740685
2013-05-13,PLAYAS,Antioquia,72.13000000000001,331494000.0,401620000.0,82.5392161744933,22.038788,0.32915115,-0.0088272095,1012.2463,22.417816,-0.27,0.044465065,0.10997057,0.0033974648,0.4733641,0.3292695
2013-05-14,PLAYAS,Antioquia,62.56,280928000.0,401620000.0,69.9487077336786,22.759186,-0.14942169,-0.08698273,1012.15405,22.087158,-0.27,0.25260448,0.10764599,0.012755394,0.4764233,0.17289545
2013-05-15,PLAYAS,Antioquia,72.96000000000001,429398000.0,401620000.0,106.91648822269808,22.16861,0.06361771,0.087394714,1012.1486,22.181519,-0.27,0.04351139,0.08702278,0.0013709068,0.4737018,0.108097404
2013-05-16,PLAYAS,Antioquia,67.61,346206000.0,401620000.0,86.20238035954385,21.683258,-0.06105423,-0.16270447,1012.5136,22.242493,-0.27,0.15056133,0.0834465,0.0047683716,0.47306448,0.17378251
2013-05-17,PLAYAS,Antioquia,79.64,733482000.0,401620000.0,182.6308450774364,21.115875,-0.072719574,0.15307236,1014.3111,22.289795,-0.27,0.6135702,0.24747849,0.107228756,0.48872086,0.16946764
2013-05-18,PLAYAS,Antioquia,90.27,310214000.0,401620000.0,77.24067526517604,23.186066,-0.04168701,-0.09728241,1013.6392,22.220184,-0.27,0.0017881393,0.07337332,5.9604645e-05,0.47408807,0.10583796
2013-05-19,PLAYAS,Antioquia,84.76,323698000.0,401620000.0,80.59807778497087,22.720795,0.43357468,0.12788773,1012.7042,22.061066,-0.27,0.0590086,0.071287155,0.001013279,0.46887457,0.45204234
2013-05-20,PLAYAS,Antioquia,83.95,469487000.0,401620000.0,116.8983118370599,21.759796,0.17716217,0.029312134,1012.5683,21.807037,-0.27,0.4222393,0.105023384,0.03761053,0.49015582,0.1795707
2013-05-21,PLAYAS,Antioquia,92.12,482740000.0,401620000.0,120.1981973009312,20.948944,-0.065071106,-0.026508331,1012.65576,21.364258,-0.27,0.3761053,0.12624264,0.060915947,0.5040928,0.07026336
2013-05-22,PLAYAS,Antioquia,111.4,919635000.0,401620000.0,228.98137542951048,21.551361,0.38298416,-0.05834198,1012.743,21.126007,-0.27,0.4606247,0.12332201,0.0564456,0.49476328,0.38740245
2013-05-23,PLAYAS,Antioquia,104.05,913750000.0,401620000.0,227.51605995717347,21.030487,0.3070259,-0.13923264,1013.823,20.930511,-0.27,0.8471012,0.34481287,0.11110306,0.5033408,0.3371211
2013-05-24,PLAYAS,Antioquia,95.62,1039038000.0,401620000.0,258.71171754394703,21.015839,-0.5311127,0.16493988,1014.6714,21.000671,-0.27,0.84245205,1.1612177,0.09763241,0.50503767,0.55613476
2013-05-25,PLAYAS,Antioquia,79.77,596041000.0,401620000.0,148.4091927692844,21.47342,0.08161926,-0.092918396,1014.127,20.978668,-0.27,0.022053719,0.19329786,0.0017285347,0.48636535,0.12367511
2013-05-26,PLAYAS,Antioquia,70.36,458319000.0,401620000.0,114.11757382600469,22.0466,0.18253708,0.11458588,1013.40094,21.135529,-0.27,0.015735626,0.14960766,0.00023841858,0.4750745,0.21552195
2013-05-27,PLAYAS,Antioquia,67.5,362672000.0,401620000.0,90.30227578307851,22.03836,0.11821747,-0.17633057,1013.79047,21.248383,-0.27,0.259161,0.12928247,0.0052452087,0.46902102,0.21229187
2013-05-28,PLAYAS,Antioquia,55.38,359417000.0,401620000.0,89.49180817688362,21.211212,0.2742958,-0.09371948,1012.8975,21.473236,-0.27,0.08332729,0.11360645,0.0071525574,0.4839183,0.2898647
2013-05-29,PLAYAS,Antioquia,72.25,337886000.0,401620000.0,84.13077037996116,21.042206,0.00522995,-0.34865952,1013.8861,21.743073,-0.27,0.44178963,0.16212463,0.036627054,0.4912277,0.34869874
2013-05-30,PLAYAS,Antioquia,79.9,410490000.0,401620000.0,102.20855535082912,20.73642,-0.04059601,-0.076488495,1013.9984,22.089905,-0.27,0.08451939,0.09697676,0.007838011,0.48952872,0.08659403
2013-05-31,PLAYAS,Antioquia,83.55,482657000.0,401620000.0,120.17753099945222,20.816498,-0.06428146,-0.10709381,1014.4945,22.320312,-0.27,0.6213188,0.23412704,0.048160553,0.49267954,0.12490473
2013-06-01,PLAYAS,Antioquia,78.88,383347000.0,370100000.0,103.5793028911105,20.68332,-0.24378586,0.0153160095,1015.0414,22.485718,-0.34,0.14173985,0.104010105,0.015735626,0.49764246,0.24426651
2013-06-02,PLAYAS,Antioquia,68.17999999999999,322091000.0,370100000.0,87.02810051337477,22.183136,0.57979965,-0.02968216,1013.32513,22.440887,-0.34,0.21791458,0.15443563,0.05310774,0.49579936,0.5805589
2013-06-03,PLAYAS,Antioquia,69.89999999999999,291974000.0,370100000.0,78.8905701161848,22.278656,-0.29953766,0.24006271,1012.14624,22.388275,-0.34,0.0071525574,0.10585785,0.0005364418,0.47599876,0.38386574
2013-06-04,PLAYAS,Antioquia,67.84,237403000.0,370100000.0,64.14563631450959,22.478973,-0.111572266,0.4404602,1012.16736,22.252167,-0.34,0.0,0.10150671,0.0,0.4589603,0.4543716
2013-06-05,PLAYAS,Antioquia,61.49,228438000.0,370100000.0,61.72331802215617,21.759003,0.12516785,0.3256073,1012.33826,22.348541,-0.34,0.023961067,0.09602308,0.00047683716,0.44680035,0.34883678
2013-06-06,PLAYAS,Antioquia,55.38,246760000.0,370100000.0,66.67387192650635,21.299591,0.4254074,0.061260223,1012.58734,22.503448,-0.34,0.058174133,0.09357929,0.0041127205,0.45119745,0.42979562
2013-06-07,PLAYAS,Antioquia,48.7,222593000.0,370100000.0,60.144015131045656,22.183197,-0.10612488,0.48287582,1012.305,22.666138,-0.34,0.018239021,0.08606911,0.0022053719,0.46275133,0.4944002
2013-06-08,PLAYAS,Antioquia,51.45,245841000.0,370100000.0,66.42556065928127,22.48172,-0.19745636,0.7294388,1011.89404,22.64328,-0.34,0.0,0.077843666,0.0,0.442366,0.7556917
2013-06-09,PLAYAS,Antioquia,79.51,255219000.0,370100000.0,68.95947041340177,23.108246,-0.15846634,0.4704628,1011.8572,22.5708,-0.34,0.0014305115,0.07164478,0.0,0.42466652,0.49643412
2013-06-10,PLAYAS,Antioquia,85.03,235687000.0,370100000.0,63.68197784382599,23.104584,-0.23376846,0.067604065,1012.0442,22.492432,-0.34,0.11110306,0.06735325,0.0014305115,0.41261214,0.2433475
2013-06-11,PLAYAS,Antioquia,77.86999999999999,251477000.0,370100000.0,67.94839232639826,22.206451,-0.20149231,0.018432617,1013.0133,22.547882,-0.34,0.0063180923,0.061154366,0.00035762787,0.43392646,0.20233367
2013-06-12,PLAYAS,Antioquia,85.3,444930000.0,370100000.0,120.21885976763036,21.68338,-0.18202591,0.12452316,1014.1147,22.61026,-0.34,0.03862381,0.05787611,0.0016093254,0.41877872,0.22054353
2013-06-13,PLAYAS,Antioquia,78.36999999999999,423483000.0,370100000.0,114.42393947581736,22.502777,0.10616684,0.121585846,1013.687,22.203125,-0.34,0.08881092,0.05555153,0.0032186508,0.43271574,0.16141412
2013-06-14,PLAYAS,Antioquia,69.44,302662000.0,370100000.0,81.77843825992976,22.666168,-0.20651627,0.45267487,1011.20844,21.938568,-0.34,0.0023841858,0.048995018,0.00011920929,0.4249236,0.49755755
2013-06-15,PLAYAS,Antioquia,75.51,361092000.0,370100000.0,97.5660632261551,21.776398,-0.27856827,0.2817917,1012.8733,22.076935,-0.34,0.09059906,0.048816204,0.0031590462,0.439365,0.39624086
2013-06-16,PLAYAS,Antioquia,72.25,706693000.0,370100000.0,190.94650094569036,22.497223,-0.35557938,0.17775345,1012.2503,21.978973,-0.34,0.2988577,0.061035156,0.018239021,0.4392003,0.39753363
2013-06-17,PLAYAS,Antioquia,70.36,416752000.0,370100000.0,112.60524182653336,22.642365,0.003162384,0.10635376,1011.6859,21.950409,-0.34,0.10120869,0.043272972,0.0030994415,0.43494922,0.106400765
2013-06-18,PLAYAS,Antioquia,71.89,528655000.0,370100000.0,142.841124020535,23.08139,-0.07325363,0.039813995,1011.2605,21.804901,-0.34,0.34856796,0.08749962,0.049114227,0.43108833,0.08337415
2013-06-19,PLAYAS,Antioquia,76.37,351462000.0,370100000.0,94.96406376654956,21.724396,-0.1565628,-0.13110352,1011.3536,21.443573,-0.34,0.00667572,0.036656857,0.0005364418,0.42532024,0.20420589
2013-06-20,PLAYAS,Antioquia,75.51,316721000.0,370100000.0,85.5771413131586,22.149384,-0.10985565,0.31726456,1011.7647,21.065216,-0.34,0.042319298,0.036478043,0.0022053719,0.41329038,0.33574554
2013-06-21,PLAYAS,Antioquia,80.41,378198000.0,370100000.0,102.18805728181572,22.056915,-0.028438568,0.17789459,1012.40985,20.898712,-0.34,0.21648407,0.0564456,0.023722649,0.4092449,0.18015338
2013-06-22,PLAYAS,Antioquia,74.89,279624000.0,370100000.0,75.55363415293164,23.079926,-0.0047454834,0.3175125,1012.15155,20.832123,-0.34,0.02169609,0.03170967,0.00035762787,0.4062941,0.31754798
2013-06-23,PLAYAS,Antioquia,73.08,394062000.0,370100000.0,106.47446636044312,23.029694,-0.21139145,0.070186615,1011.8864,20.64206,-0.34,0.18382072,0.034809113,0.0049471855,0.40225834,0.22273864
2013-06-24,PLAYAS,Antioquia,83.42,700797000.0,370100000.0,189.35341799513645,22.297455,-0.14949036,-0.10451126,1013.3242,20.16397,-0.34,0.3733635,0.13589859,0.03105402,0.4075501,0.18240058
2013-06-25,PLAYAS,Antioquia,98.77,550268000.0,370100000.0,148.68089705485005,21.310394,-0.090904236,0.16225052,1014.9536,20.244202,-0.34,0.99766254,0.22029877,0.14644861,0.42912245,0.18598068
2013-06-26,PLAYAS,Antioquia,100.91,299865000.0,370100000.0,81.02269656849501,22.749847,0.11051941,-0.18903351,1012.8553,20.379303,-0.34,0.00667572,0.027239323,5.9604645e-05,0.4197687,0.21897079
2013-06-27,PLAYAS,Antioquia,105.48,298915000.0,370100000.0,80.7660091867063,22.532318,0.18355942,0.21273804,1012.57263,20.451508,-0.34,0.13101101,0.030755997,0.00423193,0.41984323,0.28098315
2013-06-28,PLAYAS,Antioquia,108.41,622639000.0,370100000.0,168.23534179951366,20.84726,0.27105713,0.022891998,1013.69653,20.189667,-0.34,0.5736351,0.08916855,0.06324053,0.47292396,0.27202207
2013-06-29,PLAYAS,Antioquia,105.81,398862000.0,370100000.0,107.77141313158604,20.845062,-0.07639313,-0.08806229,1013.9877,20.34616,-0.34,0.14007092,0.037014484,0.011622906,0.47969046,0.11657991
2013-06-30,PLAYAS,Antioquia,106.61,504879000.0,370100000.0,136.41691434747366,20.98648,0.06674576,0.17531586,1013.84265,20.467987,-0.34,0.24080276,0.033140182,0.00834465,0.47123432,0.1875917
2013-07-01,PLAYAS,Antioquia,96.81,464587000.0,331280000.0,140.2399782661193,20.89389,0.10269928,-0.009475708,1014.1972,20.644867,-0.35,0.029087067,0.026285648,0.00166893,0.46352625,0.1031355
2013-07-02,PLAYAS,Antioquia,109.56,289510000.0,331280000.0,87.39133059647428,21.290619,-0.44742966,-0.29358292,1014.3187,20.785553,-0.35,0.012278557,0.024557114,0.0004172325,0.4566864,0.5351488
2013-07-03,PLAYAS,Antioquia,104.53,303032000.0,331280000.0,91.47307413668196,20.98648,0.019752502,-0.0583992,1014.3297,20.800018,-0.35,0.11372566,0.028908253,0.0053048134,0.44438675,0.061649233
2013-07-04,PLAYAS,Antioquia,93.57,290366000.0,331280000.0,87.6497222893021,20.46817,-0.022613525,-0.13501358,1013.83624,21.126587,-0.35,0.09036064,0.030219555,0.006914139,0.45010272,0.13689426
2013-07-05,PLAYAS,Antioquia,98.31,330636000.0,331280000.0,99.80560251147064,20.157013,-0.13572311,-0.045898438,1014.1983,21.331543,-0.35,0.118374825,0.027358532,0.0044107437,0.4621154,0.14327396
2013-07-06,PLAYAS,Antioquia,108.57,256955000.0,331280000.0,77.5642960637527,22.004547,-0.36268997,0.51548004,1012.08594,21.698792,-0.35,0.0551939,0.025391579,0.0028014183,0.44604552,0.6302886
2013-07-07,PLAYAS,Antioquia,112.07,256629000.0,331280000.0,77.46588988167109,22.124603,-0.0736084,0.41910553,1011.3684,21.740265,-0.35,0.0021457672,0.022232533,0.00017881393,0.42891312,0.42552045
2013-07-08,PLAYAS,Antioquia,109.89,480276000.0,331280000.0,144.97585124366094,22.598907,-0.00063323975,0.35898972,1013.16565,21.600433,-0.35,0.14805794,0.0269413,0.005543232,0.4276911,0.35899028
2013-07-09,PLAYAS,Antioquia,109.89,348610000.0,331280000.0,105.2312243419464,21.75058,0.01643753,0.5865822,1013.96967,21.585327,-0.35,0.11467934,0.025749207,0.0045895576,0.4199959,0.58681244
2013-07-10,PLAYAS,Antioquia,95.32,230933000.0,331280000.0,69.7093093455687,22.535492,-0.17092133,0.4726677,1012.8342,21.47168,-0.35,0.06365776,0.024914742,0.0041127205,0.4152984,0.502622
2013-07-11,PLAYAS,Antioquia,91.4,223281000.0,331280000.0,67.3994808017387,21.633759,-0.35518646,0.29581833,1014.5545,21.054138,-0.35,0.051259995,0.021994114,0.0017285347,0.41351366,0.4622401
2013-07-12,PLAYAS,Antioquia,81.78,232612000.0,331280000.0,70.21613136923447,21.178131,-0.44540787,0.06690216,1013.5781,20.633392,-0.35,0.024914742,0.020563602,0.0005364418,0.40201277,0.45040435
2013-07-13,PLAYAS,Antioquia,82.1,219197000.0,331280000.0,66.16668679063028,21.978302,-0.3110466,0.04462433,1013.517,20.679901,-0.35,0.007748604,0.02002716,0.00023841858,0.39493185,0.3142313
2013-07-14,PLAYAS,Antioquia,97.71,236927000.0,331280000.0,71.51865491427192,22.367523,-0.13700104,0.19597244,1012.38403,20.495697,-0.35,0.10740757,0.020861626,0.0014901161,0.39200038,0.23911186
2013-07-15,PLAYAS,Antioquia,100.61,195906000.0,331280000.0,59.13607824197054,22.167511,-0.020389557,0.7187424,1011.58966,20.192719,-0.35,0.00011920929,0.019013882,0.0,0.37813574,0.7190315
2013-07-16,PLAYAS,Antioquia,90.98,239184000.0,331280000.0,72.19995170248733,22.80783,-0.093608856,0.33029556,1011.46576,20.301178,-0.35,0.0,0.018656254,0.0,0.3661632,0.34330422
2013-07-17,PLAYAS,Antioquia,81.19,290345000.0,331280000.0,87.6433832407631,23.24942,-0.022331238,0.37631607,1011.97534,20.552307,-0.35,0.00023841858,0.018239021,0.0,0.3553192,0.37697807
2013-07-18,PLAYAS,Antioquia,81.06,197141000.0,331280000.0,59.5088746679546,22.60794,-0.4278183,0.45941544,1012.83826,20.323273,-0.35,0.00035762787,0.017940998,0.0,0.3587245,0.62776667
2013-07-19,PLAYAS,Antioquia,82.89,242393000.0,331280000.0,73.16861869113741,21.82431,0.16301727,0.19140625,1013.3145,20.241486,-0.35,0.3091097,0.026345253,0.008881092,0.37000477,0.25141796
2013-07-20,PLAYAS,Antioquia,89.14,254304000.0,331280000.0,76.7640666505675,21.624725,0.05498886,0.4942665,1012.485,20.427643,-0.35,0.15926361,0.021278858,0.00423193,0.37065843,0.49731594
2013-07-21,PLAYAS,Antioquia,100.76,198474000.0,331280000.0,59.911253320454,22.638336,-0.062057495,0.19964981,1011.60425,20.915436,-0.35,0.046133995,0.018954277,0.0021457672,0.36669293,0.20907219
2013-07-22,PLAYAS,Antioquia,91.55,291565000.0,331280000.0,88.01165177493358,22.362274,0.05487442,0.24946976,1013.4309,20.967743,-0.35,0.4066229,0.17297268,0.05865097,0.36694878,0.25543368
2013-07-23,PLAYAS,Antioquia,98.62,282515000.0,331280000.0,85.27982371407873,22.79953,-0.1589508,0.6059685,1012.96423,20.961823,-0.35,0.005841255,0.017344952,0.00011920929,0.35837626,0.6264688
2013-07-24,PLAYAS,Antioquia,108.74,212593000.0,331280000.0,64.17320695484182,23.51358,-0.5522003,0.50268555,1010.8645,20.842743,-0.35,0.00166893,0.017821789,0.00011920929,0.35033602,0.7467382
2013-07-25,PLAYAS,Antioquia,97.56,205136000.0,331280000.0,61.922241004588265,23.877472,-0.48223877,0.852314,1011.742,20.491241,-0.35,0.0,0.017642975,0.0,0.3398699,0.979282
2013-07-26,PLAYAS,Antioquia,98.62,150210000.0,331280000.0,45.342308621106014,23.125885,-0.63591385,0.8799248,1013.54626,20.406036,-0.35,0.00047683716,0.017642975,5.9604645e-05,0.33085635,1.0856583
2013-07-27,PLAYAS,Antioquia,107.92,193589000.0,331280000.0,58.436669886500844,22.420807,-0.68429565,0.41282272,1013.59344,20.32486,-0.35,0.0,0.017404556,0.0,0.3247478,0.7991765
2013-07-28,PLAYAS,Antioquia,111.9,195241000.0,331280000.0,58.9353417049022,22.708893,-0.053474426,0.9839668,1012.8172,19.992218,-0.35,0.0,0.017046928,0.0,0.31897956,0.9854188
2013-07-29,PLAYAS,Antioquia,107.1,170217000.0,331280000.0,51.38161072204781,22.654266,-0.49110413,0.8712158,1013.72034,20.221252,-0.35,0.0030994415,0.01692772,5.9604645e-05,0.32256958,1.0001001
2013-07-30,PLAYAS,Antioquia,104.05,206620000.0,331280000.0,62.37020043467761,22.582855,-0.41646194,0.17004776,1014.73016,20.326263,-0.35,0.14805794,0.018060207,0.0019669533,0.32182112,0.44984084
2013-07-31,PLAYAS,Antioquia,102.94,177720000.0,331280000.0,53.646462207196336,23.031647,-0.06663513,0.35390472,1014.0009,20.114899,-0.35,0.0015497208,0.015854836,0.0,0.31810433,0.3601233
2013-08-01,PLAYAS,Antioquia,103.26,319330000.0,338010000.0,94.4735362859087,22.282318,-0.0386734,0.283535,1013.60596,19.987518,-0.28,0.44167042,0.034093857,0.018715858,0.3464131,0.28616032
2013-08-02,PLAYAS,Antioquia,109.89,471421000.0,338010000.0,139.4695423212331,21.780304,-0.35601807,0.35791397,1013.9383,20.141052,-0.28,0.44095516,0.055909157,0.04082918,0.34974927,0.504828
2013-08-03,PLAYAS,Antioquia,102.16,575327000.0,338010000.0,170.2100529570131,22.78366,-0.28468323,0.7862549,1012.6875,20.127106,-0.28,0.05686283,0.016987324,0.002026558,0.3485148,0.8362065
2013-08-04,PLAYAS,Antioquia,90.41,252636000.0,338010000.0,74.74216739149729,22.986176,-0.43140793,0.45087433,1012.4361,20.243134,-0.28,0.21600723,0.14275312,0.02527237,0.3553896,0.6240196
2013-08-05,PLAYAS,Antioquia,93.27,248604000.0,338010000.0,73.54930327505103,22.985565,-0.0058784485,0.34059906,1012.7072,20.48819,-0.28,0.37169456,0.022411346,0.0075101852,0.35290632,0.34064978
2013-08-06,PLAYAS,Antioquia,83.95,174386000.0,338010000.0,51.59196473477115,23.249908,-0.34738922,0.13771439,1011.95294,20.339233,-0.28,0.0013113022,0.014662743,0.0,0.34164858,0.37369043
2013-08-07,PLAYAS,Antioquia,83.42,197818000.0,338010000.0,58.52430401467412,21.97055,0.25865173,0.20017242,1012.5709,20.375977,-0.28,0.12552738,0.16248226,0.056385994,0.35182282,0.32706225
2013-08-08,PLAYAS,Antioquia,106.29,431620000.0,338010000.0,127.69444690985476,21.21402,0.20536423,-0.08876419,1012.655,20.524017,-0.28,0.25439262,0.02336502,0.008046627,0.38106394,0.2237265
2013-08-09,PLAYAS,Antioquia,120.43,559665000.0,338010000.0,165.5764622348451,21.153778,-0.14704514,-0.13881683,1013.41187,20.463745,-0.28,0.58555603,0.056505203,0.038683414,0.45921445,0.20221865
2013-08-10,PLAYAS,Antioquia,113.26,578632000.0,338010000.0,171.18783467944735,21.260223,0.014141083,0.31393433,1013.2314,20.411652,-0.28,0.17356873,0.081300735,0.006854534,0.44353402,0.31425264
2013-08-11,PLAYAS,Antioquia,122.41,500149000.0,338010000.0,147.9686991509127,20.846954,-0.27384567,-0.15149689,1013.5775,20.312225,-0.28,1.211524,0.34433603,0.233531,0.47198433,0.31295806
2013-08-12,PLAYAS,Antioquia,110.89,501481000.0,338010000.0,148.36277033223868,20.6279,-0.1626854,-0.056949615,1013.4264,20.15155,-0.28,1.3207197,0.37276745,0.13363361,0.47959656,0.1723653
2013-08-13,PLAYAS,Antioquia,111.9,809194000.0,338010000.0,239.39942605248365,21.259491,-0.2419281,0.1421547,1013.39703,20.122284,-0.28,0.5813837,0.21398067,0.050246716,0.48302376,0.28060144
2013-08-14,PLAYAS,Antioquia,107.1,354975000.0,338010000.0,105.01908227567232,22.493256,0.031719208,0.16661835,1011.5114,20.180817,-0.28,0.02360344,0.15592575,0.0012516975,0.4626231,0.16961068
2013-08-15,PLAYAS,Antioquia,105.32999999999998,278222000.0,338010000.0,82.3117659240851,22.700287,-0.3273697,0.5680542,1011.59094,20.186829,-0.28,0.057578087,0.13971329,0.0019669533,0.4496566,0.6556344
2013-08-16,PLAYAS,Antioquia,113.26,317053000.0,338010000.0,93.7998875772906,22.268402,-0.31509018,0.18296051,1012.22375,19.999847,-0.28,0.0014305115,0.120162964,5.9604645e-05,0.42848268,0.36435747
2013-08-17,PLAYAS,Antioquia,115.49,322512000.0,338010000.0,95.41492855240968,22.453583,-0.20868301,0.18621826,1012.6486,20.087372,-0.28,0.19323826,0.10752678,0.0033974648,0.42491794,0.2796888
2013-08-18,PLAYAS,Antioquia,108.08,459541000.0,338010000.0,135.95485340670393,20.94339,-0.4190712,-0.22692871,1014.0566,20.298187,-0.28,0.03325939,0.09268522,0.0013113022,0.42829853,0.47656828
2013-08-19,PLAYAS,Antioquia,105.32999999999998,335331000.0,338010000.0,99.20741989881957,21.636871,-0.42448425,0.20979309,1012.28345,20.55716,-0.28,0.0035762787,0.08189678,0.00023841858,0.4175385,0.47349766
2013-08-20,PLAYAS,Antioquia,103.42,685696000.0,338010000.0,202.86263720008284,22.898468,-0.32408142,0.37063217,1011.6653,20.703613,-0.28,0.21481514,0.07647276,0.0038146973,0.41670716,0.49233827
2013-08-21,PLAYAS,Antioquia,100.29999999999998,518981000.0,338010000.0,153.5401319487589,22.86679,-0.44195175,0.71632385,1012.53674,20.52884,-0.28,0.17523766,0.07605553,0.010371208,0.41718856,0.8416895
2013-08-22,PLAYAS,Antioquia,98.46,629187000.0,338010000.0,186.1444927664862,22.852081,-0.24868393,0.15600967,1011.3113,20.503082,-0.28,0.023007393,0.059902668,0.00023841858,0.40510982,0.29356894
2013-08-23,PLAYAS,Antioquia,103.73000000000002,384203000.0,338010000.0,113.6661637229668,21.636017,0.15478516,0.14648056,1010.697,20.393402,-0.28,0.23579597,0.059962273,0.0053346157,0.40868038,0.21310796
2013-08-24,PLAYAS,Antioquia,110.56,455892000.0,338010000.0,134.87529954735066,21.15512,0.34223557,0.09238815,1013.33954,20.075897,-0.28,0.34546852,0.06568432,0.015079975,0.41299146,0.35448658
2013-08-25,PLAYAS,Antioquia,111.9,443394000.0,338010000.0,131.17777580544953,21.20816,-0.031261444,-0.087020874,1013.7605,19.559387,-0.28,0.042676926,0.048816204,0.0005662441,0.42157206,0.09246572
2013-08-26,PLAYAS,Antioquia,109.56,501426000.0,338010000.0,148.34649862430103,21.796844,-0.42225647,0.4041481,1013.22675,19.357422,-0.28,0.2603531,0.10359287,0.057816505,0.4270852,0.58449656
2013-08-27,PLAYAS,Antioquia,106.58,443174000.0,338010000.0,131.11268897369902,22.045929,-0.8819771,0.43864822,1013.335,19.221344,-0.28,0.1001358,0.046253204,0.0027418137,0.42033663,0.98503596
2013-08-28,PLAYAS,Antioquia,105.97,319443000.0,338010000.0,94.50696724948966,22.030243,-0.46271515,0.72476196,1013.1805,19.055908,-0.28,0.015497208,0.04172325,0.00023841858,0.40076828,0.8598751
2013-08-29,PLAYAS,Antioquia,108.41,494341000.0,338010000.0,146.25040679269844,22.051544,-0.34310913,0.94031525,1013.4995,19.103607,-0.28,0.019550323,0.039458275,0.00035762787,0.3871377,1.0009578
2013-08-30,PLAYAS,Antioquia,105.48,232624000.0,338010000.0,68.82163249608,22.596466,-1.0656128,0.34472656,1013.66064,19.209839,-0.28,0.008821487,0.037312508,0.00011920929,0.37318033,1.1199852
2013-08-31,PLAYAS,Antioquia,105.81,250218000.0,338010000.0,74.02680394071182,22.409882,-0.26750565,0.3483162,1013.2389,19.575195,-0.28,0.0,0.03528595,0.0,0.36110768,0.43918496
2013-09-01,PLAYAS,Antioquia,107.1,569928000.0,397880000.0,143.2411782446969,21.874054,-0.65688705,-0.072963715,1013.2372,19.894989,-0.21,0.030994415,0.034034252,0.0007748604,0.35403192,0.6609269
2013-09-02,PLAYAS,Antioquia,109.4,455744000.0,397880000.0,114.54307831506986,21.441498,-0.23724365,0.03969574,1013.90234,20.20697,-0.21,0.10538101,0.0359416,0.004172325,0.37174386,0.24054168
2013-09-03,PLAYAS,Antioquia,112.07,578210000.0,397880000.0,145.32271036493415,21.027496,-0.3424301,0.0023498535,1013.53094,20.593323,-0.21,0.31363964,0.038087368,0.007390976,0.3802809,0.3424382
2013-09-04,PLAYAS,Antioquia,108.9,346933000.0,397880000.0,87.19538554337991,20.502716,-0.1380806,0.05337143,1013.9377,21.179016,-0.21,0.33676624,0.07110834,0.021576881,0.40388802,0.14803635
2013-09-05,PLAYAS,Antioquia,105.97,314929000.0,397880000.0,79.15175429777823,21.495026,-0.34923935,0.07785034,1013.1119,21.213135,-0.21,0.023126602,0.028967857,0.0006556511,0.40085277,0.35781112
2013-09-06,PLAYAS,Antioquia,114.46,711044000.0,397880000.0,178.70815321202377,21.987457,-0.10297012,0.2581787,1013.4406,21.082153,-0.21,0.19454956,0.031232834,0.0039339066,0.39703408,0.2779552
2013-09-07,PLAYAS,Antioquia,116.88,601647000.0,397880000.0,151.21317985322207,21.445526,-0.31208038,0.21958542,1013.9369,20.703033,-0.21,0.3324747,0.055372715,0.029027462,0.40259075,0.38159132
2013-09-08,PLAYAS,Antioquia,106.61,351805000.0,397880000.0,88.41987533929829,21.714996,-0.2925415,0.14184189,1013.09436,20.464203,-0.21,0.0013113022,0.025987625,5.9604645e-05,0.396722,0.32511482
2013-09-09,PLAYAS,Antioquia,96.06,354706000.0,397880000.0,89.14898964511913,21.87326,0.20573807,-0.043231964,1013.573,20.163391,-0.21,0.11789799,0.027656555,0.0028014183,0.40857726,0.2102312
2013-09-10,PLAYAS,Antioquia,103.1,458841000.0,397880000.0,115.32145370463456,22.313019,-0.3285904,0.4104271,1013.8886,20.087036,-0.21,0.19717216,0.031352043,0.006914139,0.4092755,0.52575856
2013-09-11,PLAYAS,Antioquia,109.07,510686000.0,397880000.0,128.3517643510606,21.110687,-0.4535904,0.42930603,1013.8674,19.809204,-0.21,0.17535686,0.032782555,0.008821487,0.40572,0.6245382
2013-09-12,PLAYAS,Antioquia,121.69,506248000.0,397880000.0,127.23635266914648,21.03067,-0.19803238,-0.06907654,1012.69904,19.728088,-0.21,0.32389164,0.035107136,0.011742115,0.4016905,0.2097341
2013-09-13,PLAYAS,Antioquia,110.06,410766000.0,397880000.0,103.23866492409772,21.161652,-0.32419205,0.086704254,1010.96014,19.61493,-0.21,0.30565262,0.036597252,0.012636185,0.40283015,0.33558622
2013-09-14,PLAYAS,Antioquia,113.26,337453000.0,397880000.0,84.8127576153614,22.033356,-0.03400421,-0.28405,1010.85205,19.803802,-0.21,0.15377998,0.031113625,0.004708767,0.40772873,0.2860781
2013-09-15,PLAYAS,Antioquia,112.24,386943000.0,397880000.0,97.2511812606816,22.966034,-0.27732468,0.29587936,1011.48,19.943207,-0.21,0.0150203705,0.03194809,0.00059604645,0.4082682,0.40552875
2013-09-16,PLAYAS,Antioquia,102.47,326568000.0,397880000.0,82.07700814315874,23.043976,-0.28073502,0.13072968,1011.2978,19.98285,-0.21,0.03540516,0.04184246,0.00166893,0.39805365,0.30968112
2013-09-17,PLAYAS,Antioquia,95.62,308117000.0,397880000.0,77.43968030561979,22.15152,-0.07249451,0.1343422,1011.4347,20.051178,-0.21,0.38731098,0.2862811,0.05865097,0.3970014,0.15265411
2013-09-18,PLAYAS,Antioquia,99.99,298382000.0,397880000.0,74.9929627023223,22.812347,-0.4128914,-0.13230896,1011.71906,20.216919,-0.21,0.1924038,0.093221664,0.027954578,0.3907481,0.43357232
2013-09-19,PLAYAS,Antioquia,94.29,278384000.0,397880000.0,69.96682416809088,21.76236,-0.20491028,0.70057297,1014.0545,20.477814,-0.21,0.29456615,0.166893,0.01680851,0.38936362,0.72992516
2013-09-20,PLAYAS,Antioquia,82.63000000000001,240054000.0,397880000.0,60.333266311450686,22.50296,-0.44082642,0.33649445,1013.72406,20.479156,-0.21,0.00846386,0.07325411,8.940697e-05,0.37717307,0.5545777
2013-09-21,PLAYAS,Antioquia,65.49000000000001,234097000.0,397880000.0,58.83608123052176,22.648895,-0.39640808,0.34238815,1011.78925,20.375061,-0.21,0.13029575,0.07271767,0.002026558,0.36998257,0.52380246
2013-09-22,PLAYAS,Antioquia,58.89,238822000.0,397880000.0,60.02362521363225,23.139862,-0.4790535,0.33438492,1010.54846,20.268799,-0.21,0.02169609,0.0680089,0.00029802322,0.36557862,0.5842136
2013-09-23,PLAYAS,Antioquia,46.650000000000006,248561000.0,397880000.0,62.4713481451694,23.836395,-0.39945602,0.85328674,1012.09326,20.126892,-0.21,0.43857098,0.20307302,0.13875961,0.3705336,0.9421589
2013-09-24,PLAYAS,Antioquia,59.51,275779000.0,397880000.0,69.31210415200563,23.316986,-0.06660843,0.8417702,1012.0092,20.077667,-0.21,0.20837784,0.10031462,0.018239021,0.36551136,0.8444014
2013-09-25,PLAYAS,Antioquia,72.36,227927000.0,397880000.0,57.2853624208304,23.796112,0.06426239,0.92943573,1010.41516,20.247833,-0.21,0.00035762787,0.058174133,0.0,0.35562575,0.9316547
2013-09-26,PLAYAS,Antioquia,67.39,269722000.0,397880000.0,67.78978586508495,21.84787,-0.26076508,0.18902206,1011.6094,20.547363,-0.21,0.034332275,0.056922436,0.0010728836,0.36445504,0.32206795
2013-09-27,PLAYAS,Antioquia,67.95,290862000.0,397880000.0,73.10294561174223,22.614532,-0.12547684,0.14410782,1011.7456,20.479462,-0.21,0.0551939,0.05632639,0.0022053719,0.36995482,0.19107983
2013-09-28,PLAYAS,Antioquia,67.5,515494000.0,397880000.0,129.56016889514424,21.624908,0.46011353,0.41646194,1013.3897,20.43515,-0.21,0.46503544,0.17517805,0.049352646,0.37723696,0.6206005
2013-09-29,PLAYAS,Antioquia,67.72,488173000.0,397880000.0,122.69352568613652,21.48941,-0.20362854,-0.044822693,1014.34784,20.44046,-0.21,0.40185452,0.14615059,0.036239624,0.45143968,0.20850338
2013-09-30,PLAYAS,Antioquia,65.25999999999999,461013000.0,397880000.0,115.86734693877553,21.508942,0.08191681,0.19989777,1014.1103,20.3255,-0.21,0.4131794,0.2400279,0.018894672,0.46071082,0.21603121
2013-10-01,PLAYAS,Antioquia,75.75,432532000.0,454160000.0,95.23780165580412,20.170685,-0.115348816,0.015083313,1014.34106,20.447723,-0.13,0.28789043,0.18066168,0.013709068,0.44803572,0.1163308
2013-10-02,PLAYAS,Antioquia,64.05999999999999,289352000.0,454160000.0,63.71146732429099,22.278778,0.39013672,-0.13002777,1011.2431,20.460938,-0.13,0.0015497208,0.1052618,0.0,0.43101883,0.4112346
2013-10-03,PLAYAS,Antioquia,54.41,361773000.0,454160000.0,79.65760965298573,22.751251,0.15449905,0.3601761,1011.1739,20.290009,-0.13,0.45120716,0.15473366,0.06842613,0.4230965,0.39191425
2013-10-04,PLAYAS,Antioquia,71.3,823067000.0,454160000.0,181.22842170160297,21.137848,-0.1745491,0.13228989,1013.9945,20.632416,-0.13,0.5246401,0.29361248,0.047802925,0.43512374,0.21901599
2013-10-05,PLAYAS,Antioquia,84.88,376622000.0,454160000.0,82.92716223357407,22.658234,-0.14681244,0.19606018,1012.9778,20.89151,-0.13,0.0032186508,0.068843365,0.00011920929,0.42464048,0.24493568
2013-10-06,PLAYAS,Antioquia,83.84,273275000.0,454160000.0,60.17152545358464,22.88675,-0.48947525,0.1723671,1011.97015,20.807068,-0.13,0.00047683716,0.06210804,0.0,0.40690243,0.5189378
2013-10-07,PLAYAS,Antioquia,71.54,276368000.0,454160000.0,60.85256297340145,21.75418,-0.24061203,0.27288055,1012.97656,20.880463,-0.13,0.066399574,0.057935715,0.0013709068,0.40580216,0.36381033
2013-10-08,PLAYAS,Antioquia,75.51,396519000.0,454160000.0,87.30821736832834,22.816864,-0.4908905,0.24002838,1012.71014,20.905762,-0.13,0.012636185,0.052034855,0.0004172325,0.40783766,0.54643124
2013-10-09,PLAYAS,Antioquia,76.99000000000001,278893000.0,454160000.0,61.408534437202746,22.914886,0.0069007874,0.44787598,1012.1122,20.812164,-0.13,0.023841858,0.048577785,0.0005662441,0.4006702,0.44792914
2013-10-10,PLAYAS,Antioquia,73.34,427268000.0,454160000.0,94.07873877047736,22.23111,-0.059768677,0.008674622,1011.78546,20.68988,-0.13,0.00846386,0.044465065,0.00011920929,0.39577878,0.060394898
2013-10-11,PLAYAS,Antioquia,65.49000000000001,324474000.0,454160000.0,71.44486524572838,21.343903,-0.32346725,0.029026031,1012.03076,20.492432,-0.13,0.30887127,0.05030632,0.008523464,0.39790875,0.32476696
2013-10-12,PLAYAS,Antioquia,53.83,344449000.0,454160000.0,75.84309494451294,21.581512,0.31443787,-0.4441414,1011.7551,20.4328,-0.13,0.038146973,0.040471554,0.0008940697,0.3972885,0.5441808
2013-10-13,PLAYAS,Antioquia,68.63,600881000.0,454160000.0,132.30601550114497,21.34494,-0.058784485,-0.08240509,1012.33435,20.387146,-0.13,0.76055527,0.2425909,0.09700656,0.4349233,0.10122359
2013-10-14,PLAYAS,Antioquia,69.32000000000001,517192000.0,454160000.0,113.87880923022723,21.118378,0.032661438,0.1243248,1012.52783,20.391724,-0.13,0.15997887,0.04285574,0.005543232,0.44713745,0.12854347
2013-10-15,PLAYAS,Antioquia,71.65,596437000.0,454160000.0,131.3275057248547,20.691193,0.19231033,-0.41733932,1013.14545,20.312134,-0.13,0.4338026,0.0808239,0.044107437,0.46288604,0.45951647
2013-10-16,PLAYAS,Antioquia,73.68,485194000.0,454160000.0,106.8332746168751,19.539337,0.047611237,0.042575836,1014.6936,20.288635,-0.13,1.5206337,0.62036514,0.4312396,0.4650569,0.06387121
2013-10-17,PLAYAS,Antioquia,71.89,356461000.0,454160000.0,78.48797780517879,21.136444,0.11946106,-0.05524063,1014.22656,20.43805,-0.13,0.29468536,0.11974573,0.030189753,0.48826015,0.13161486
2013-10-18,PLAYAS,Antioquia,61.81,328741000.0,454160000.0,72.384401972873,21.883331,0.013595581,-0.021186829,1013.0808,20.467133,-0.13,0.020503998,0.097453594,0.00071525574,0.46140027,0.025173826
2013-10-19,PLAYAS,Antioquia,60.03,330687000.0,454160000.0,72.8128853267571,22.531036,-0.27650833,6.1035156e-05,1012.39343,20.540955,-0.13,0.047326088,0.09453297,0.002503395,0.4506355,0.27650833
2013-10-20,PLAYAS,Antioquia,54.8,297052000.0,454160000.0,65.40690505548706,21.9003,0.21708679,-0.0006752014,1012.41156,20.78836,-0.13,0.032544136,0.08696318,0.0005364418,0.45095956,0.21708785
2013-10-21,PLAYAS,Antioquia,67.5,462288000.0,454160000.0,101.78967764664436,21.475128,0.09782791,0.12240219,1012.9458,20.996918,-0.13,0.12087822,0.086426735,0.0048577785,0.45889392,0.15669268
2013-10-22,PLAYAS,Antioquia,67.72,587312000.0,454160000.0,129.31830192002818,20.715973,-0.14271927,0.048164368,1013.3189,21.38028,-0.13,0.57828426,0.1437664,0.065624714,0.4817593,0.15062734
2013-10-23,PLAYAS,Antioquia,64.94,344104000.0,454160000.0,75.76713052668663,21.842865,-0.024227142,-0.22725677,1012.3119,21.650055,-0.13,0.029921532,0.081539154,0.0017285347,0.4673074,0.2285445
2013-10-24,PLAYAS,Antioquia,62.23,322876000.0,454160000.0,71.09300686982562,22.092255,0.06266403,-0.04006195,1011.9397,21.543457,-0.13,0.0039339066,0.08124113,0.00011920929,0.4513938,0.074375674
2013-10-25,PLAYAS,Antioquia,59.41,297364000.0,454160000.0,65.47560331160824,22.740631,0.09497452,0.6275635,1011.7653,21.39087,-0.13,0.009775162,0.07891655,0.00029802322,0.44744107,0.6347094
2013-10-26,PLAYAS,Antioquia,61.6,251433000.0,454160000.0,55.36220715166461,21.99228,0.014347076,0.16256714,1012.91187,21.06717,-0.13,0.06222725,0.0770092,0.0017881393,0.43914703,0.163199
2013-10-27,PLAYAS,Antioquia,59.51,332364000.0,454160000.0,73.18213845340848,20.984833,0.15203476,0.070617676,1012.96783,21.188507,-0.13,0.15294552,0.078737736,0.0064373016,0.43794617,0.1676348
2013-10-28,PLAYAS,Antioquia,58.48,346340000.0,454160000.0,76.2594680288885,21.519073,0.11658859,-0.0863266,1012.7017,20.992462,-0.13,0.028729439,0.070393085,0.00062584877,0.43516454,0.14506957
2013-10-29,PLAYAS,Antioquia,48.16,331023000.0,454160000.0,72.88686806411837,21.314423,0.014541626,-0.16272736,1012.315,21.152039,-0.13,0.07534027,0.0692606,0.0022053719,0.43982983,0.1633758
2013-10-30,PLAYAS,Antioquia,45.51,281460000.0,454160000.0,61.97375374317421,21.176666,-0.16906357,-0.38689423,1012.4864,21.394928,-0.13,0.12910366,0.06943941,0.0046491623,0.45169336,0.42221987
2013-10-31,PLAYAS,Antioquia,45.95,247722000.0,454160000.0,54.54509423991545,20.336212,-0.20230865,-0.42930984,1012.4403,21.1987,-0.13,0.12457371,0.070393085,0.007688999,0.44982782,0.4745901
2013-11-01,PLAYAS,Antioquia,42.96,273507000.0,426730000.0,64.0936892180067,20.856964,-0.055576324,-0.17610168,1012.7434,21.302277,-0.1,0.8369684,0.15366077,0.091433525,0.4895806,0.1846633
2013-11-02,PLAYAS,Antioquia,44.91,314058000.0,426730000.0,73.59641928151291,20.605988,0.08696365,-0.036720276,1013.4603,21.739044,-0.1,0.33068657,0.13011694,0.025510788,0.4910695,0.09439839
2013-11-03,PLAYAS,Antioquia,70.36,336689000.0,426730000.0,78.89977268999134,20.214874,-0.42346573,-0.2151947,1014.3758,22.040436,-0.1,1.9322634,0.6250739,0.3402233,0.506383,0.47500736
2013-11-04,PLAYAS,Antioquia,72.72,449536000.0,426730000.0,105.3443629461252,19.981049,-0.39837265,0.11175537,1013.7753,22.301086,-0.1,0.903368,0.38069487,0.13774633,0.4930828,0.41375116
2013-11-05,PLAYAS,Antioquia,67.39,763389000.0,426730000.0,178.8927424835376,20.05191,-0.39559937,-0.11342621,1013.33704,22.239258,-0.1,0.51140785,0.243783,0.0551939,0.5047401,0.41153902
2013-11-06,PLAYAS,Antioquia,72.84,495849000.0,426730000.0,116.19736132917772,21.048248,0.14685822,-0.04341507,1012.52234,22.126617,-0.1,0.5978346,0.21147728,0.06121397,0.4949112,0.15314113
2013-11-07,PLAYAS,Antioquia,75.38,788972000.0,426730000.0,184.88786820706304,20.205414,-0.27585983,-0.4004364,1013.40735,22.08429,-0.1,1.054883,0.40727854,0.24017692,0.50363266,0.48625916
2013-11-08,PLAYAS,Antioquia,78.12,424377000.0,426730000.0,99.44859747381248,20.598236,-0.19815445,-0.44892883,1012.92017,22.185333,-0.1,1.1107922,0.4464388,0.32687187,0.50301796,0.4907161
2013-11-09,PLAYAS,Antioquia,76.37,571121000.0,426730000.0,133.8366180020153,21.062347,-0.093803406,-0.48073196,1013.1094,22.539246,-0.1,0.06508827,0.11956692,0.011384487,0.48998496,0.48979822
2013-11-10,PLAYAS,Antioquia,69.32000000000001,415439000.0,426730000.0,97.35406463103132,20.321442,-0.28073883,-0.317585,1012.2544,22.507263,-0.1,0.07224083,0.10484457,0.00333786,0.48917404,0.4238803
2013-11-11,PLAYAS,Antioquia,61.18,344801000.0,426730000.0,80.8007405150798,21.623016,0.12620926,-0.17072296,1011.3141,22.346527,-0.1,0.04851818,0.096559525,0.0010728836,0.47903383,0.21230899
2013-11-12,PLAYAS,Antioquia,64.72,472082000.0,426730000.0,110.62779743631803,21.842377,-0.040985107,-0.0923996,1010.47485,22.242249,-0.1,0.029921532,0.08970499,0.0017285347,0.46816164,0.101081476
2013-11-13,PLAYAS,Antioquia,67.39,413050000.0,426730000.0,96.79422585709932,21.875397,0.10091019,-0.22041321,1010.59216,22.238464,-0.1,0.04518032,0.08255243,0.0016987324,0.4687424,0.24241462
2013-11-14,PLAYAS,Antioquia,66.71000000000001,526669000.0,426730000.0,123.41972675930916,21.63034,0.16980743,-0.15032578,1011.6064,22.384521,-0.1,0.024318695,0.07605553,0.0011920929,0.46649018,0.22678712
2013-11-15,PLAYAS,Antioquia,75.26,519998000.0,426730000.0,121.85644318421484,22.040253,-0.102191925,-0.107040405,1011.5372,22.484772,-0.1,0.027060509,0.07170439,0.0016093254,0.47047457,0.14798932
2013-11-16,PLAYAS,Antioquia,77.99000000000001,380315000.0,426730000.0,89.1230989150048,21.94278,-0.28660202,-0.25943756,1011.27985,22.364838,-0.1,0.041246414,0.06723404,0.0016093254,0.4629724,0.3865858
2013-11-17,PLAYAS,Antioquia,76.87,335722000.0,426730000.0,78.67316570196611,22.174347,0.28443146,-0.28936386,1010.84155,22.159515,-0.1,0.09691715,0.06318092,0.0017881393,0.4546185,0.40574956
2013-11-18,PLAYAS,Antioquia,85.42999999999999,314686000.0,426730000.0,73.74358493661097,21.185028,-0.33878326,-0.27823257,1011.3106,22.342987,-0.1,0.32031536,0.08529425,0.027418137,0.4629523,0.4383919
2013-11-19,PLAYAS,Antioquia,92.7,400288000.0,426730000.0,93.8035760316828,20.190765,0.10323334,0.033359528,1011.72375,22.583008,-0.1,0.5069971,0.12791157,0.072300434,0.48216587,0.10848954
2013-11-20,PLAYAS,Antioquia,101.54,499673000.0,426730000.0,117.09347831181309,20.337006,0.56446075,-0.2269516,1013.52985,22.662079,-0.1,0.049948692,0.05787611,0.0041127205,0.48723742,0.60837734
2013-11-21,PLAYAS,Antioquia,98.92,401233000.0,426730000.0,94.02502753497528,20.64328,-0.38222122,-0.26104736,1013.66284,22.719208,-0.1,0.14817715,0.059068203,0.0070631504,0.48423243,0.46285936
2013-11-22,PLAYAS,Antioquia,81.19,285100000.0,426730000.0,66.81039533194291,20.8096,0.042503357,-0.012943268,1012.5627,22.70224,-0.1,0.10967255,0.055372715,0.004827976,0.4800422,0.044430435
2013-11-23,PLAYAS,Antioquia,65.71000000000001,362793000.0,426730000.0,85.01698966559651,21.051605,-0.03326416,-0.15701294,1010.8642,22.784119,-0.1,0.09572506,0.055730343,0.0070929527,0.4822948,0.16049787
2013-11-24,PLAYAS,Antioquia,74.65,371936000.0,426730000.0,87.15956225247815,20.04367,0.13422394,-0.35882187,1011.8727,22.727173,-0.1,0.6169081,0.20223856,0.15497208,0.50239146,0.3831047
2013-11-25,PLAYAS,Antioquia,76.25,363843000.0,426730000.0,85.26304689147705,20.656097,0.34407043,-0.35919952,1013.0087,22.683868,-0.1,0.24461746,0.08589029,0.038802624,0.49795103,0.497402
2013-11-26,PLAYAS,Antioquia,78.25,458155000.0,426730000.0,107.36414126028168,20.544098,-0.4395256,-0.23290253,1012.4403,22.676788,-0.1,0.22923946,0.06479025,0.015258789,0.49860764,0.4974197
2013-11-27,PLAYAS,Antioquia,79.51,375395000.0,426730000.0,87.97014505659317,20.483368,-0.07028961,-0.6706886,1012.05096,22.460724,-0.1,0.10275841,0.074744225,0.0094771385,0.49285173,0.6743618
2013-11-28,PLAYAS,Antioquia,64.17,349238000.0,426730000.0,81.84050804958639,20.478607,0.009536743,-0.6944542,1012.3811,22.420166,-0.1,0.09727478,0.08803606,0.0070929527,0.481035,0.6945197
2013-11-29,PLAYAS,Antioquia,51.080000000000005,306241000.0,426730000.0,71.7645818198861,19.35788,-0.018676758,-0.30641937,1012.29456,22.335693,-0.1,0.06842613,0.09024143,0.0070929527,0.48307404,0.30698803
2013-11-30,PLAYAS,Antioquia,56.07,465408000.0,426730000.0,109.06381084057834,20.333588,0.058311462,-0.46830368,1012.1208,22.18103,-0.1,0.11634827,0.09417534,0.011920929,0.48956636,0.47192007
2013-12-01,PLAYAS,Antioquia,59.3,444342000.0,312160000.0,142.34431060994362,20.770966,0.1802063,-0.3134842,1011.8164,22.070374,-0.15,0.06425381,0.090420246,0.009655952,0.49229717,0.36158904
2013-12-02,PLAYAS,Antioquia,65.93,735045000.0,312160000.0,235.47059200410047,20.402008,-0.46277618,0.008388519,1012.7992,22.281677,-0.15,0.4618168,0.19037724,0.089764595,0.4957258,0.4628522
2013-12-03,PLAYAS,Antioquia,75.26,462349000.0,312160000.0,148.11282675551,19.693878,-0.044776917,-0.46311188,1014.0836,22.566742,-0.15,0.11742115,0.15884638,0.01347065,0.4856082,0.4652715
2013-12-04,PLAYAS,Antioquia,70.25,368260000.0,312160000.0,117.9715530497181,20.52597,-0.08773804,-0.16522598,1013.90674,22.746185,-0.15,0.10538101,0.14203787,0.003516674,0.48519367,0.18707643
2013-12-05,PLAYAS,Antioquia,55.58,343901000.0,312160000.0,110.1681829830856,21.710114,-0.3065529,-0.05753708,1012.9794,22.618256,-0.15,0.10514259,0.13417006,0.005185604,0.48745167,0.31190574
2013-12-06,PLAYAS,Antioquia,60.01,312403000.0,312160000.0,100.0778446950282,21.388214,0.59900665,-0.183918,1012.16046,22.37259,-0.15,0.013589859,0.12046099,0.0010728836,0.47877234,0.6266058
2013-12-07,PLAYAS,Antioquia,65.71000000000001,345140000.0,312160000.0,110.5650948231676,20.975739,-0.121204376,0.05267334,1012.8039,22.460968,-0.15,0.09560585,0.11467934,0.00500679,0.47752377,0.13215514
2013-12-08,PLAYAS,Antioquia,74.03999999999999,377237000.0,312160000.0,120.8473218862122,20.453705,-0.3710823,-0.156456,1013.08575,22.535828,-0.15,0.15640259,0.108242035,0.00667572,0.4799105,0.4027165
2013-12-09,PLAYAS,Antioquia,76.87,407922000.0,312160000.0,130.67721681189133,20.388702,0.2868843,0.0033454895,1013.865,22.404022,-0.15,0.12719631,0.104784966,0.009506941,0.48551333,0.28690383
2013-12-10,PLAYAS,Antioquia,76.62,312085000.0,312160000.0,99.9759738595592,20.518158,0.080314636,-0.083004,1014.382,22.27002,-0.15,0.035881996,0.091433525,0.00166893,0.48153755,0.11549937
2013-12-11,PLAYAS,Antioquia,71.65,354661000.0,312160000.0,113.61513326499232,21.282623,-0.04664612,-0.1577301,1013.6305,22.225128,-0.15,0.04041195,0.088095665,0.004529953,0.47222614,0.16448297
2013-12-12,PLAYAS,Antioquia,59.92,295681000.0,312160000.0,94.72097642234752,21.238312,0.18922424,-0.32986832,1011.9361,22.113678,-0.15,0.007748604,0.07843971,0.00023841858,0.4652114,0.38028795
2013-12-13,PLAYAS,Antioquia,78.88,307118000.0,312160000.0,98.38480266529984,20.707184,0.034282684,-0.25417328,1011.0114,21.854004,-0.15,0.03325939,0.07468462,0.0017285347,0.4698026,0.25647488
2013-12-14,PLAYAS,Antioquia,76.62,279610000.0,312160000.0,89.57265504869298,21.236908,0.09675598,0.124191284,1010.9308,21.708557,-0.15,0.0067949295,0.06866455,5.9604645e-05,0.4679824,0.15743314
2013-12-15,PLAYAS,Antioquia,84.89,473150000.0,312160000.0,151.57291132752434,21.453644,0.08459473,-0.18684006,1011.5684,21.794952,-0.15,0.0052452087,0.06425381,0.00011920929,0.4664726,0.2050987
2013-12-16,PLAYAS,Antioquia,83.95,287726000.0,312160000.0,92.1726037929267,21.998322,0.083847046,-0.0026016235,1011.90784,21.911194,-0.15,0.07867813,0.06514788,0.00461936,0.46809003,0.0838874
2013-12-17,PLAYAS,Antioquia,77.12,417463000.0,312160000.0,133.73366222450025,21.094513,0.19390488,-0.15185928,1011.83795,22.148834,-0.15,0.052809715,0.060856342,0.0033974648,0.474973,0.2462932
2013-12-18,PLAYAS,Antioquia,73.92,362725000.0,312160000.0,116.19842388518708,20.336212,-0.18065262,-0.1455574,1012.7528,22.399384,-0.15,0.24569035,0.08660555,0.03105402,0.49440926,0.23199639
2013-12-19,PLAYAS,Antioquia,59.51,341229000.0,312160000.0,109.31221168631473,20.700043,0.1938858,-0.42456436,1012.4411,22.609589,-0.15,0.015616417,0.05632639,0.0021457672,0.48580506,0.4667404
2013-12-20,PLAYAS,Antioquia,69.44,242846000.0,312160000.0,77.79536135315223,20.77005,-0.24629593,-0.48864365,1011.33264,22.803558,-0.15,0.046372414,0.05531311,0.002026558,0.48289466,0.5472059
2013-12-21,PLAYAS,Antioquia,76.99000000000001,233575000.0,312160000.0,74.82541004613019,22.185577,-0.6131973,-0.3562622,1011.27344,23.025208,-0.15,0.047564507,0.053286552,0.0009536743,0.4678167,0.7091782
2013-12-22,PLAYAS,Antioquia,93.13,387600000.0,312160000.0,124.16709379805228,21.950409,-0.59360886,-0.013442993,1012.03796,23.149994,-0.15,0.016450882,0.051259995,0.00071525574,0.4588527,0.5937611
2013-12-23,PLAYAS,Antioquia,94.29,600512000.0,312160000.0,192.37314197847255,20.320953,-0.25427246,-0.3430252,1013.45374,23.196075,-0.15,0.30875206,0.10192394,0.052511692,0.48537523,0.42699036
2013-12-24,PLAYAS,Antioquia,103.1,397558000.0,312160000.0,127.35712455151204,20.043915,-0.18683243,-0.401783,1014.04126,23.31955,-0.15,0.9864569,0.27561188,0.22697449,0.50243396,0.4430981
2013-12-25,PLAYAS,Antioquia,101.07,296773000.0,312160000.0,95.07079702716555,20.792755,0.09742355,-0.23998642,1013.44,23.456207,-0.15,0.07021427,0.05555153,0.007927418,0.4881574,0.2590074
2013-12-26,PLAYAS,Antioquia,91.12,241692000.0,312160000.0,77.42567913890312,20.65738,-0.2936287,0.039081573,1014.16205,23.427734,-0.15,0.09536743,0.0551939,0.009059906,0.4786418,0.29621813
2013-12-27,PLAYAS,Antioquia,84.22,278988000.0,312160000.0,89.37339825730395,21.511627,0.4020157,0.2016449,1014.0225,23.255219,-0.15,0.008702278,0.04506111,0.00035762787,0.46798104,0.44975245
2013-12-28,PLAYAS,Antioquia,91.26,256255000.0,312160000.0,82.09091491542799,21.462555,-0.22371674,0.124679565,1012.09796,23.218842,-0.15,0.0,0.043451786,0.0,0.4561352,0.2561136
2013-12-29,PLAYAS,Antioquia,83.82,223555000.0,312160000.0,71.61551768323936,21.712677,-0.29932022,0.029075623,1010.66125,23.130005,-0.15,0.0,0.04184246,0.0,0.4432962,0.3007291
2013-12-30,PLAYAS,Antioquia,79.64,236288000.0,312160000.0,75.69451563300872,21.769012,0.10027313,-0.16641235,1011.4941,23.212646,-0.15,0.016570091,0.041484833,0.0008940697,0.43726432,0.19428785
2013-12-31,PLAYAS,Antioquia,74.65,226036000.0,312160000.0,72.41030240902101,22.040375,-0.26418304,0.07008362,1011.96954,23.355377,-0.15,0.04684925,0.040709972,0.0016093254,0.440296,0.27332103
2014-01-01,PLAYAS,Antioquia,68.97999999999999,214521000.0,233650000.0,91.81296811470148,21.896027,0.017959595,-0.11821747,1011.8067,23.4263,-0.28,0.14054775,0.042557716,0.0044703484,0.4444958,0.1195739
2014-01-02,PLAYAS,Antioquia,53.35,242501000.0,233650000.0,103.78814466081748,21.141693,-0.25029755,-0.16799164,1010.65845,23.331573,-0.28,0.11348724,0.04553795,0.008821487,0.44370478,0.3014466
2014-01-03,PLAYAS,Antioquia,65.71000000000001,307272000.0,233650000.0,131.5095227904986,22.239838,-0.15908813,0.05325699,1011.1072,23.405182,-0.28,0.08177757,0.041127205,0.0055134296,0.44166797,0.16776574
2014-01-04,PLAYAS,Antioquia,60.34,251382000.0,233650000.0,107.58912903916114,21.840424,-0.17221451,0.0068130493,1010.9736,23.54425,-0.28,0.038266182,0.035762787,0.0011324883,0.43785113,0.17234921
2014-01-05,PLAYAS,Antioquia,63.85,237974000.0,233650000.0,101.85063128611172,22.070343,0.009880066,0.044765472,1011.2986,23.579071,-0.28,0.049710274,0.034451485,0.0013113022,0.43844113,0.045842808
2014-01-06,PLAYAS,Antioquia,56.67,451732000.0,233650000.0,193.33704258506316,20.433075,0.27236176,-0.07445145,1012.35016,23.824371,-0.28,0.07236004,0.03415346,0.0020563602,0.44796944,0.28235427
2014-01-07,PLAYAS,Antioquia,75.75,252531000.0,233650000.0,108.08089022041516,19.776337,0.0028648376,-0.38610458,1013.15094,24.239258,-0.28,0.13017654,0.03683567,0.0056028366,0.45516062,0.38611522
2014-01-08,PLAYAS,Antioquia,61.81,242727000.0,233650000.0,103.88487053284828,20.349884,-0.094631195,-0.14136887,1013.0828,24.540436,-0.28,0.24437904,0.039875507,0.0094771385,0.45436424,0.17011826
2014-01-09,PLAYAS,Antioquia,49.15,245965000.0,233650000.0,105.27070404451102,19.639862,-0.475235,-0.15549088,1012.78424,24.745483,-0.28,0.09346008,0.032901764,0.0030994415,0.45179352,0.5000257
2014-01-10,PLAYAS,Antioquia,49.24,183991000.0,233650000.0,78.74641557885727,21.03061,-0.35588074,0.041103363,1011.9433,24.917542,-0.28,0.08904934,0.032663345,0.0034570694,0.44044235,0.35824654
2014-01-11,PLAYAS,Antioquia,50.24999999999999,264369000.0,233650000.0,113.14744275625937,21.790985,-0.3959465,0.14195251,1012.96295,25.06961,-0.28,0.064611435,0.029981136,0.0015497208,0.43459114,0.4206235
2014-01-12,PLAYAS,Antioquia,72.72,269272000.0,233650000.0,115.245880590627,20.616425,-0.46315384,-0.025341034,1013.71844,25.125427,-0.28,0.094652176,0.0295043,0.002026558,0.42592573,0.4638466
2014-01-13,PLAYAS,Antioquia,60.34,246804000.0,233650000.0,105.62978814466082,21.623505,-0.21209717,0.20998001,1012.58325,25.080688,-0.28,0.007867813,0.027775764,0.00029802322,0.4215952,0.29845738
2014-01-14,PLAYAS,Antioquia,56.77,200215000.0,233650000.0,85.69013481703402,22.660614,0.15568924,0.031852722,1012.7294,25.090637,-0.28,0.012755394,0.026643276,0.00017881393,0.41257918,0.15891424
2014-01-15,PLAYAS,Antioquia,49.79,210870000.0,233650000.0,90.25037449176118,21.450287,0.2911644,-0.15246582,1012.2541,25.166351,-0.28,0.11277199,0.029444695,0.0036358833,0.4234092,0.32866782
2014-01-16,PLAYAS,Antioquia,66.82000000000001,247639000.0,233650000.0,105.9871602824738,21.593658,-0.12208557,0.011692047,1012.0,25.254791,-0.28,0.07379055,0.026881695,0.0013709068,0.42025632,0.12264416
2014-01-17,PLAYAS,Antioquia,64.72,256857000.0,233650000.0,109.93237748769526,21.5112,-0.111946106,0.08188629,1011.9469,25.339142,-0.28,0.06532669,0.02759695,0.00295043,0.4158749,0.13869858
2014-01-18,PLAYAS,Antioquia,58.18,202746000.0,233650000.0,86.77337898566232,22.344208,0.26010513,-0.078323364,1013.2081,25.423767,-0.28,0.008583069,0.024437904,0.00023841858,0.4090548,0.27164173
2014-01-19,PLAYAS,Antioquia,61.07,177824000.0,233650000.0,76.1069976460518,22.068512,-0.15849304,-0.15217209,1013.4675,25.431274,-0.28,0.07092953,0.026583672,0.0029802322,0.41131026,0.21971889
2014-01-20,PLAYAS,Antioquia,65.93,242540000.0,233650000.0,103.80483629360154,21.84787,-0.5438385,-0.3997345,1012.1873,25.500305,-0.28,0.032901764,0.024676323,0.0017285347,0.40915725,0.674943
2014-01-21,PLAYAS,Antioquia,60.650000000000006,208071000.0,233650000.0,89.05242884656538,21.945343,0.1550026,-0.18969727,1011.88654,25.445862,-0.28,0.037550926,0.024735928,0.0022053719,0.41017216,0.24497114
2014-01-22,PLAYAS,Antioquia,60.13,290478000.0,233650000.0,124.32184891932378,20.862518,0.19866943,-0.0746994,1012.9989,25.382385,-0.28,0.289917,0.036418438,0.01424551,0.42852888,0.21224877
2014-01-23,PLAYAS,Antioquia,66.71000000000001,229772000.0,233650000.0,98.34025251444469,21.194916,-0.14208603,-0.14793396,1013.41064,25.42218,-0.28,0.047564507,0.024676323,0.0028014183,0.43084806,0.20511678
2014-01-24,PLAYAS,Antioquia,69.89999999999999,200660000.0,233650000.0,85.8805906270062,21.962189,-0.05016327,-0.27487946,1013.58923,25.34378,-0.28,0.08249283,0.026464462,0.005096197,0.42669198,0.27941915
2014-01-25,PLAYAS,Antioquia,72.6,180398000.0,233650000.0,77.20864540980098,22.032501,-0.02475357,-0.38334656,1012.83826,25.430237,-0.28,0.24414062,0.02682209,0.00590086,0.42537582,0.3841449
2014-01-26,PLAYAS,Antioquia,80.03,213653000.0,233650000.0,91.44147228760968,21.578339,-0.2131195,-0.28458023,1012.9313,25.292236,-0.28,0.15461445,0.0269413,0.006377697,0.42616206,0.35553598
2014-01-27,PLAYAS,Antioquia,75.14,156963000.0,233650000.0,67.17868606890647,20.923798,-0.037906647,-0.24216843,1011.7594,25.052734,-0.28,0.049114227,0.022053719,0.0016093254,0.4259779,0.24511725
2014-01-28,PLAYAS,Antioquia,68.97999999999999,229571000.0,233650000.0,98.25422640701905,21.015717,0.15600586,-0.1035614,1012.1958,25.04419,-0.28,0.33700466,0.03951788,0.019431114,0.4192849,0.18725061
2014-01-29,PLAYAS,Antioquia,77.86999999999999,225044000.0,233650000.0,96.31671303231327,21.690094,-0.09241867,-0.17443085,1011.65564,25.209808,-0.28,0.06210804,0.0218153,0.0022649765,0.4181857,0.19740145
2014-01-30,PLAYAS,Antioquia,72.00999999999999,226120000.0,233650000.0,96.77723090092016,21.020538,-0.23369217,-0.10261154,1012.2463,25.387054,-0.28,0.1128912,0.021576881,0.0023841858,0.416479,0.25522766
2014-01-31,PLAYAS,Antioquia,65.71000000000001,208769000.0,233650000.0,89.35116627434196,21.3284,-0.14940262,-0.07657242,1011.0153,25.196869,-0.28,0.06389618,0.021636486,0.0027418137,0.41413122,0.16788234
2014-02-01,PLAYAS,Antioquia,58.79,216560000.0,208830000.0,103.70157544414116,21.948822,-0.12787247,-0.024364471,1010.7103,24.88916,-0.32,0.04172325,0.020980835,0.0025629997,0.40833646,0.13017294
2014-02-02,PLAYAS,Antioquia,64.17,218267000.0,208830000.0,104.51898673562228,21.724152,0.2210083,-0.15465164,1011.58936,24.648071,-0.32,0.14948845,0.022113323,0.0039339066,0.41187647,0.26974395
2014-02-03,PLAYAS,Antioquia,62.77,319100000.0,208830000.0,152.8037159411962,21.677399,-0.109745026,-0.17648697,1011.83966,24.73935,-0.32,0.041484833,0.019133091,0.0012814999,0.4104147,0.20782593
2014-02-04,PLAYAS,Antioquia,76.25,195476000.0,208830000.0,93.60532490542546,21.309967,0.12672806,-0.19437027,1011.7533,24.787903,-0.32,0.14388561,0.020861626,0.0036358833,0.41711354,0.23203406
2014-02-05,PLAYAS,Antioquia,88.86,243305000.0,208830000.0,116.50864339414836,20.98233,-0.11752701,-0.44302368,1012.1887,24.538422,-0.32,0.06902218,0.020682812,0.0036358833,0.419292,0.45834768
2014-02-06,PLAYAS,Antioquia,103.42,255774000.0,208830000.0,122.47952880333284,20.261993,0.20334244,-0.32069778,1012.7617,24.304108,-0.32,0.05507469,0.02014637,0.0035762787,0.43492702,0.37973046
2014-02-07,PLAYAS,Antioquia,98.46,222680000.0,208830000.0,106.6321888617536,21.089935,0.0016174316,-0.19859695,1012.8675,24.49704,-0.32,0.044584274,0.017404556,0.0011324883,0.4535954,0.19860354
2014-02-08,PLAYAS,Antioquia,80.54,225248000.0,208830000.0,107.86189723698702,22.098297,-0.24510574,-0.2030487,1011.5144,24.554321,-0.32,0.067830086,0.01680851,0.0009536743,0.43698084,0.3182854
2014-02-09,PLAYAS,Antioquia,73.92,187479000.0,208830000.0,89.77589426806493,22.402863,0.011959076,-0.11071777,1011.52124,24.534454,-0.32,0.07045269,0.01758337,0.0019669533,0.4281594,0.11136177
2014-02-10,PLAYAS,Antioquia,70.25,265018000.0,208830000.0,126.90609586745198,22.07785,0.48706818,-0.089416504,1011.17596,24.394836,-0.32,0.08749962,0.019192696,0.0039339066,0.42087698,0.49520776
2014-02-11,PLAYAS,Antioquia,77.99000000000001,242713000.0,208830000.0,116.22515922041852,22.47049,0.27484894,0.19024658,1011.41046,24.12445,-0.32,0.43141842,0.0680089,0.052690506,0.41642526,0.3342689
2014-02-12,PLAYAS,Antioquia,78.5,221348000.0,208830000.0,105.99434947086148,21.965668,-0.17272568,-0.108730316,1011.3152,24.086975,-0.32,0.13422966,0.01847744,0.00333786,0.4124316,0.2040991
2014-02-13,PLAYAS,Antioquia,75.38,248876000.0,208830000.0,119.17636354929849,21.5914,0.5371704,-0.17025375,1011.6769,24.026947,-0.32,0.040888786,0.015676022,0.0009536743,0.4166947,0.5635054
2014-02-14,PLAYAS,Antioquia,69.08999999999999,216454000.0,208830000.0,103.65081645357468,20.819427,0.08438873,-0.036304474,1013.20233,24.11258,-0.32,0.044107437,0.016629696,0.0020861626,0.4376492,0.091866605
2014-02-15,PLAYAS,Antioquia,75.75,181814000.0,208830000.0,87.06316142316717,21.337433,-0.26809692,-0.29051208,1013.47034,24.04892,-0.32,0.12803078,0.018060207,0.003695488,0.44505596,0.3953141
2014-02-16,PLAYAS,Antioquia,86.24000000000001,217455000.0,208830000.0,104.1301537135469,21.291595,-0.111953735,-0.1781311,1012.52673,24.064758,-0.32,0.13458729,0.019848347,0.005543232,0.4367923,0.2103909
2014-02-17,PLAYAS,Antioquia,83.02000000000001,156969000.0,208830000.0,75.16592443614422,21.281403,0.102306366,0.03901291,1012.1356,23.884033,-0.32,0.47302246,0.15169382,0.13756752,0.44176847,0.109492466
2014-02-18,PLAYAS,Antioquia,85.03,204894000.0,208830000.0,98.11521333141788,20.880646,0.51304626,-0.30874634,1011.5781,23.730988,-0.32,0.07009506,0.01847744,0.0045895576,0.45822835,0.5987827
2014-02-19,PLAYAS,Antioquia,81.06,310589000.0,208830000.0,148.72815208542832,21.133392,0.23094177,-0.2709465,1011.5058,23.716156,-0.32,0.047922134,0.0166893,0.0027120113,0.4653128,0.35601422
2014-02-20,PLAYAS,Antioquia,90.41,236641000.0,208830000.0,113.31753100608152,21.376556,-0.030708313,0.046562195,1011.6355,23.575958,-0.32,0.2580881,0.022828579,0.009059906,0.46429384,0.05577668
2014-02-21,PLAYAS,Antioquia,87.62,406335000.0,208830000.0,194.57692860221232,21.721893,-0.015911102,-0.17105865,1011.3547,23.863464,-0.32,0.26261806,0.02026558,0.0064969063,0.45864034,0.17179705
2014-02-22,PLAYAS,Antioquia,94.44,290494000.0,208830000.0,139.105492505866,21.318512,-0.005138397,-0.31666183,1011.9075,24.381317,-0.32,0.09179115,0.019490719,0.005990267,0.47411793,0.31670353
2014-02-23,PLAYAS,Antioquia,82.89,177434000.0,208830000.0,84.9657616242877,21.00589,0.088897705,-0.1825409,1012.0034,24.592133,-0.32,0.38599968,0.117599964,0.06055832,0.45887727,0.20303689
2014-02-24,PLAYAS,Antioquia,77.24,251854000.0,208830000.0,120.60240386917587,21.952423,0.30356598,-0.17833328,1011.58844,24.91513,-0.32,0.42152405,0.083744526,0.018656254,0.44690406,0.35207254
2014-02-25,PLAYAS,Antioquia,90.41,352314000.0,208830000.0,168.70851889096394,21.057037,0.08356476,0.008441925,1011.9864,24.940674,-0.32,0.23651123,0.023841858,0.009655952,0.4473932,0.08399009
2014-02-26,PLAYAS,Antioquia,85.97,250478000.0,208830000.0,119.94349470861468,21.234283,0.18864822,-0.18813705,1011.6252,25.257996,-0.32,0.10740757,0.02259016,0.0066161156,0.44253176,0.26642767
2014-02-27,PLAYAS,Antioquia,117.41,706013000.0,208830000.0,338.08025666810323,20.943329,0.16270447,-0.06097412,1012.1719,25.262054,-0.32,0.53298473,0.19812584,0.10609627,0.44748974,0.1737544
2014-02-28,PLAYAS,Antioquia,114.8,585706000.0,208830000.0,280.4702389503424,19.747162,0.3639717,-0.108566284,1013.91986,25.350647,-0.32,1.5280247,0.54854155,0.28771162,0.47596657,0.37981844
2014-03-01,PLAYAS,Antioquia,96.66,317597000.0,226520000.0,140.2070457354759,21.291718,0.006340027,-0.15468216,1014.2402,25.618439,-0.14,0.6610155,0.16057491,0.07298589,0.47632402,0.15481204
2014-03-02,PLAYAS,Antioquia,80.03,231629000.0,226520000.0,102.25542998410737,20.551971,-0.12899399,-0.26628876,1012.6194,25.534424,-0.14,0.264287,0.07364154,0.013589859,0.48059517,0.29588705
2014-03-03,PLAYAS,Antioquia,94.15,335635000.0,226520000.0,148.17013950203074,20.45877,0.19190979,-0.011054993,1012.2564,25.647003,-0.14,0.3941059,0.1000762,0.019788742,0.47703636,0.19222793
2014-03-04,PLAYAS,Antioquia,99.22,336028000.0,226520000.0,148.34363411619282,20.9971,0.017829895,-0.20368576,1012.6111,25.700775,-0.14,0.12075901,0.10085106,0.006735325,0.47397763,0.20446464
2014-03-05,PLAYAS,Antioquia,97.26,272874000.0,226520000.0,120.4635352286774,21.34665,-0.0746727,-0.085739136,1013.3336,25.593903,-0.14,0.19025803,0.11605024,0.020444393,0.47648066,0.113697894
2014-03-06,PLAYAS,Antioquia,96.21,270352000.0,226520000.0,119.35016775560656,21.010284,0.21773529,-0.15505981,1013.9441,25.30185,-0.14,0.10454655,0.102341175,0.00846386,0.49132758,0.26730543
2014-03-07,PLAYAS,Antioquia,93.42,351569000.0,226520000.0,155.2043969627406,20.788422,-0.07709885,-0.41075134,1013.6091,24.948608,-0.14,0.33521652,0.120818615,0.02759695,0.48498324,0.41792452
2014-03-08,PLAYAS,Antioquia,78.25,330753000.0,226520000.0,146.0149214197422,20.018402,0.005970001,-0.18169403,1015.1411,24.97873,-0.14,0.27740002,0.11461973,0.014305115,0.4888659,0.18179208
2014-03-09,PLAYAS,Antioquia,80.16,341013000.0,226520000.0,150.544322797104,20.572418,-0.13203812,-0.21565247,1014.97375,24.978973,-0.14,0.0385046,0.13279915,0.0014901161,0.4902701,0.2528637
2014-03-10,PLAYAS,Antioquia,87.62,227471000.0,226520000.0,100.41983047854497,19.635101,-0.08412933,-0.012042999,1014.1395,24.773224,-0.14,0.39362907,0.25445223,0.039219856,0.49583906,0.08498693
2014-03-11,PLAYAS,Antioquia,77.99000000000001,254321000.0,226520000.0,112.27308846900937,21.063385,-0.74415207,-0.19735718,1012.3514,24.60257,-0.14,0.19073486,0.21398067,0.030636787,0.49737987,0.76987803
2014-03-12,PLAYAS,Antioquia,76.49000000000001,297230000.0,226520000.0,131.21578668550237,22.007172,-0.30176544,0.07482529,1012.4808,24.380524,-0.14,0.14936924,0.16444921,0.011861324,0.48447213,0.31090385
2014-03-13,PLAYAS,Antioquia,74.89,256418000.0,226520000.0,113.19883453999648,20.772491,-0.5010071,0.073093414,1013.2614,24.1333,-0.14,0.09202957,0.1373887,0.007212162,0.48594403,0.50631094
2014-03-14,PLAYAS,Antioquia,72.36,244318000.0,226520000.0,107.85714285714285,21.034698,-0.043293,-0.17623901,1013.58716,24.224243,-0.14,0.16021729,0.122487545,0.009417534,0.49079782,0.18147857
2014-03-15,PLAYAS,Antioquia,75.02,261594000.0,226520000.0,115.48384248631469,21.330353,0.13653946,-0.22406006,1012.2516,23.97165,-0.14,0.09596348,0.10532141,0.005543232,0.48842278,0.2623851
2014-03-16,PLAYAS,Antioquia,76.49000000000001,287337000.0,226520000.0,126.84840190711635,20.840118,0.051166534,-0.19601059,1010.7509,23.598358,-0.14,0.18966198,0.10043383,0.011146069,0.48740727,0.2025788
2014-03-17,PLAYAS,Antioquia,70.71,226531000.0,226520000.0,100.00485608334806,21.995209,0.14370728,-0.079273224,1010.17017,23.33789,-0.14,0.09083748,0.08624792,0.0056028366,0.4799763,0.16412199
2014-03-18,PLAYAS,Antioquia,65.16,291197000.0,226520000.0,128.55244570015893,21.054596,-0.11925888,0.05438614,1011.7567,23.33612,-0.14,0.31650066,0.09089708,0.017106533,0.48906508,0.13107453
2014-03-19,PLAYAS,Antioquia,58.38,202409000.0,226520000.0,89.35590676319973,22.11087,-0.06285858,-0.05714798,1011.27094,23.305847,-0.14,0.012278557,0.06937981,0.00059604645,0.47559336,0.08495347
2014-03-20,PLAYAS,Antioquia,64.83,204713000.0,226520000.0,90.37303549355464,22.494537,-0.26296234,0.07342529,1009.73206,23.341278,-0.14,0.0038146973,0.064611435,0.00035762787,0.46185836,0.273021
2014-03-21,PLAYAS,Antioquia,62.45,190516000.0,226520000.0,84.10559773971393,22.338776,-0.018035889,0.042663574,1011.3164,23.246796,-0.14,0.092983246,0.06556511,0.0053048134,0.4595732,0.04631926
2014-03-22,PLAYAS,Antioquia,57.57,198089000.0,226520000.0,87.44879039378421,21.516144,-0.3405838,0.24718475,1012.84076,23.285828,-0.14,0.123143196,0.06598234,0.009000301,0.46352458,0.42082968
2014-03-23,PLAYAS,Antioquia,55.48,255215000.0,226520000.0,112.66775560656896,22.215363,0.16658783,0.030937195,1013.1195,23.312012,-0.14,0.08165836,0.05811453,0.0037550926,0.4613341,0.16943617
2014-03-24,PLAYAS,Antioquia,59.3,225866000.0,226520000.0,99.71128377185238,21.720428,0.05744171,-0.24593735,1012.8564,23.339935,-0.14,0.091314316,0.054061413,0.002503395,0.4574837,0.25255638
2014-03-25,PLAYAS,Antioquia,55.48,231874000.0,226520000.0,102.3635882041321,21.695892,0.11527634,-0.084495544,1013.3784,23.77832,-0.14,0.23913383,0.055611134,0.006377697,0.4657007,0.142927
2014-03-26,PLAYAS,Antioquia,58.48,349513000.0,226520000.0,154.29675083877802,21.345856,0.17641068,0.037872314,1014.79517,23.927704,-0.14,0.28717518,0.055253506,0.008165836,0.48061135,0.18043016
2014-03-27,PLAYAS,Antioquia,51.27,185576000.0,226520000.0,81.92477485431749,21.758942,-0.32347107,0.20285797,1013.3192,23.942352,-0.14,0.02503395,0.04643202,0.0010728836,0.4704789,0.38181788
2014-03-28,PLAYAS,Antioquia,56.77,193251000.0,226520000.0,85.31299664488787,22.690277,-0.17271042,-0.19092941,1011.21967,23.857025,-0.14,0.00023841858,0.04339218,0.0,0.45372796,0.25745472
2014-03-29,PLAYAS,Antioquia,53.06,181459000.0,226520000.0,80.10727529577963,22.858551,-0.10646057,-0.21089554,1011.2395,23.974915,-0.14,0.03516674,0.042557716,0.001013279,0.44468406,0.23624305
2014-03-30,PLAYAS,Antioquia,61.7,181007000.0,226520000.0,79.90773441638707,22.345367,-0.014247894,-0.056404114,1011.762,24.031158,-0.14,0.04696846,0.04118681,0.0011920929,0.44005346,0.058175825
2014-03-31,PLAYAS,Antioquia,59.3,188452000.0,226520000.0,83.19441991877096,21.735016,-0.4103508,0.014328003,1013.3011,24.036621,-0.14,0.11384487,0.04607439,0.007748604,0.43892276,0.41060087
2014-04-01,PLAYAS,Antioquia,48.79,164430000.0,315700000.0,52.08425720620843,22.26004,-0.28931808,0.44682693,1012.6356,23.957825,0.15,0.012755394,0.037372112,0.00047683716,0.4358454,0.532315
2014-04-02,PLAYAS,Antioquia,34.68,145787000.0,315700000.0,46.178967374089325,22.486969,-0.075050354,0.16018677,1011.8699,23.902405,0.15,0.0,0.03528595,0.0,0.42241305,0.17689645
2014-04-03,PLAYAS,Antioquia,46.21,215685000.0,315700000.0,68.31960722204624,22.162506,0.36819077,0.3542366,1012.0764,23.978638,0.15,0.29182434,0.06300211,0.02926588,0.43672037,0.5109286
2014-04-04,PLAYAS,Antioquia,62.24,182221000.0,315700000.0,57.719670573329104,22.627045,0.32221603,-0.16531372,1012.2014,24.043213,0.15,0.1090765,0.03629923,0.003695488,0.4348012,0.36214885
2014-04-05,PLAYAS,Antioquia,51.55,252974000.0,315700000.0,80.1311371555274,22.432709,0.29530334,0.24196625,1011.71155,23.86087,0.15,0.20337105,0.041365623,0.009775162,0.44574675,0.38177446
2014-04-06,PLAYAS,Antioquia,59.1,175348000.0,315700000.0,55.54260373772569,23.028778,-0.33866882,0.45155716,1011.27344,23.781403,0.15,0.0019073486,0.030577183,0.0,0.43367875,0.56444705
2014-04-07,PLAYAS,Antioquia,54.31,209043000.0,315700000.0,66.21571111815014,23.174835,0.093761444,0.344162,1011.8591,23.710205,0.15,0.0064373016,0.029861927,0.00029802322,0.43270123,0.35670534
2014-04-08,PLAYAS,Antioquia,38.35,178667000.0,315700000.0,56.5939182768451,23.134186,0.02653122,-0.22455978,1012.15485,23.865234,0.15,0.044107437,0.029861927,0.0011920929,0.42621493,0.22612165
2014-04-09,PLAYAS,Antioquia,52.21,215746000.0,315700000.0,68.33892936331961,22.667267,-0.10589218,-0.12511063,1013.1933,23.854797,0.15,0.051140785,0.030040741,0.002503395,0.42131037,0.16390797
2014-04-10,PLAYAS,Antioquia,54.8,168909000.0,315700000.0,53.503009185936016,22.56137,-0.29229355,0.17771149,1012.97925,23.791656,0.15,0.06818771,0.028550625,0.001847744,0.41966853,0.3420773
2014-04-11,PLAYAS,Antioquia,36.34,144913000.0,315700000.0,45.902122267975926,23.399017,-0.28919983,0.48882675,1011.5439,23.844025,0.15,0.019311905,0.027149916,0.001013279,0.40877813,0.5679684
2014-04-12,PLAYAS,Antioquia,39.61,180085000.0,315700000.0,57.04307887234717,22.727264,-0.1509819,-0.02361679,1011.03156,23.796448,0.15,0.028014183,0.027000904,0.001847744,0.39958954,0.15281783
2014-04-13,PLAYAS,Antioquia,62.34,183109000.0,315700000.0,58.00095026924296,22.689056,-0.18235779,0.12792969,1010.992,23.832733,0.15,0.02348423,0.024676323,0.00029802322,0.39347005,0.2227563
2014-04-14,PLAYAS,Antioquia,47.35,219986000.0,315700000.0,69.68197656002533,22.97232,0.093128204,0.10676956,1010.7509,23.898224,0.15,0.20086765,0.028014183,0.0044107437,0.40619838,0.14167781
2014-04-15,PLAYAS,Antioquia,52.77,224901000.0,315700000.0,71.23883433639531,21.66098,0.17946243,0.1937294,1011.59656,23.9357,0.15,0.36931038,0.043332577,0.02026558,0.40703186,0.26407924
2014-04-16,PLAYAS,Antioquia,52.39,237801000.0,315700000.0,75.32499208108963,21.85434,-0.021625519,-0.21405411,1012.4992,23.953339,0.15,0.13279915,0.035762787,0.013291836,0.43520087,0.21514373
2014-04-17,PLAYAS,Antioquia,63.63,265297000.0,315700000.0,84.0345264491606,21.409271,0.106342316,-0.07564926,1011.96625,23.907318,0.15,0.12862682,0.02604723,0.003993511,0.4352113,0.13050479
2014-04-18,PLAYAS,Antioquia,58.28,212605000.0,315700000.0,67.34399746594869,21.763397,0.019264221,-0.05921936,1010.70703,24.115204,0.15,0.008583069,0.02193451,0.00035762787,0.42470887,0.062273934
2014-04-19,PLAYAS,Antioquia,56.47,330908000.0,315700000.0,104.81723154893888,22.315948,-0.085697174,0.11847687,1011.9984,24.602997,0.15,0.34749508,0.032663345,0.011622906,0.42651433,0.14622167
2014-04-20,PLAYAS,Antioquia,51.55,277048000.0,315700000.0,87.75673107380425,23.299164,-0.10235214,0.13615036,1012.7388,24.632446,0.15,0.23519993,0.038325787,0.017642975,0.44185165,0.17033169
2014-04-21,PLAYAS,Antioquia,50.24999999999999,273628000.0,315700000.0,86.67342413683878,22.292206,0.48205948,0.039031982,1012.1174,24.84439,0.15,0.049829483,0.02193451,0.001847744,0.4361249,0.4836371
2014-04-22,PLAYAS,Antioquia,58.28,345029000.0,315700000.0,109.29014887551472,21.997406,0.108314514,0.23100662,1012.2994,25.187103,0.15,0.66661835,0.102341175,0.08225441,0.46266705,0.25513935
2014-04-23,PLAYAS,Antioquia,69.89999999999999,314667000.0,315700000.0,99.67279062401012,21.889984,-0.3515854,-0.034111023,1011.96606,25.209076,0.15,0.26714802,0.032424927,0.011920929,0.45865512,0.35323626
2014-04-24,PLAYAS,Antioquia,69.78,704234000.0,315700000.0,223.0706366803928,21.578339,-0.030460358,0.5871391,1013.6139,25.203613,0.15,0.4582405,0.07593632,0.04440546,0.48702577,0.5879287
2014-04-25,PLAYAS,Antioquia,65.82000000000001,272093000.0,315700000.0,86.18720304086158,22.742828,0.099845886,-0.10215378,1012.1975,25.276062,0.15,0.062823296,0.05620718,0.0033974648,0.45739254,0.14284466
2014-04-26,PLAYAS,Antioquia,69.08999999999999,785462000.0,315700000.0,248.80012670256573,21.9617,-0.24465942,0.16371155,1012.40125,25.392975,0.15,0.46038628,0.07981062,0.02425909,0.46727872,0.2943802
2014-04-27,PLAYAS,Antioquia,56.47,411325000.0,315700000.0,130.28983211910042,21.935211,-0.025245667,-0.12452316,1013.0105,25.469818,0.15,0.24437904,0.169456,0.015735626,0.4793053,0.12705652
2014-04-28,PLAYAS,Antioquia,55.09,297479000.0,315700000.0,94.22838137472284,22.808197,0.27274704,-0.06042099,1011.5591,25.410187,0.15,0.018715858,0.12040138,0.00029802322,0.46831822,0.27935934
2014-04-29,PLAYAS,Antioquia,62.45,228491000.0,315700000.0,72.37598986379474,22.50473,-0.016010284,0.11768341,1011.1194,25.257355,0.15,0.022768974,0.11122227,0.00047683716,0.45875534,0.11876748
2014-04-30,PLAYAS,Antioquia,71.89,225635000.0,315700000.0,71.47133354450428,22.611298,-0.3978424,-0.2715416,1012.16595,25.08551,0.15,0.022411346,0.10293722,0.0015497208,0.4539979,0.4816777
2014-05-01,PLAYAS,Antioquia,70.36,236299000.0,402090000.0,58.767688825884754,21.895721,-0.1203537,-0.21986008,1012.1909,24.98816,0.31,0.1244545,0.0962019,0.0034570694,0.4645661,0.25064608
2014-05-02,PLAYAS,Antioquia,70.6,232131000.0,402090000.0,57.7311049764978,21.612274,-0.21489716,-0.11559677,1012.2419,25.093872,0.31,0.20730495,0.094652176,0.007748604,0.4537634,0.24401517
2014-05-03,PLAYAS,Antioquia,54.02,276379000.0,402090000.0,68.73560645626601,21.675934,0.07079315,0.15902328,1013.88513,24.967438,0.31,0.3669262,0.17750263,0.033795834,0.46084315,0.17406917
2014-05-04,PLAYAS,Antioquia,57.27,197290000.0,402090000.0,49.06612947350096,21.912079,-0.012073517,-0.053741455,1015.1239,24.902405,0.31,0.20515919,0.12397766,0.012218952,0.46892592,0.055080976
2014-05-05,PLAYAS,Antioquia,61.49,231977000.0,402090000.0,57.69280509338706,22.11966,0.22354126,0.09634018,1013.8237,24.854797,0.31,0.033140182,0.08004904,0.000834465,0.4534356,0.24341759
2014-05-06,PLAYAS,Antioquia,66.94,397147000.0,402090000.0,98.77067323236092,22.456146,-0.009067535,-0.22352219,1012.8253,24.93988,0.31,0.2477169,0.085651875,0.01013279,0.4563908,0.22370604
2014-05-07,PLAYAS,Antioquia,62.13,329474000.0,402090000.0,81.9403616105847,20.926056,-0.1148262,-0.024536133,1014.25903,24.888062,0.31,0.30577183,0.08773804,0.014781952,0.4678672,0.11741839
2014-05-08,PLAYAS,Antioquia,57.17,283819000.0,402090000.0,70.58593847148649,20.934723,-0.17454529,0.05532074,1015.02295,24.550446,0.31,0.4991293,0.1745224,0.03540516,0.48133057,0.18310228
2014-05-09,PLAYAS,Antioquia,58.69,541502000.0,402090000.0,134.67183963789202,20.978058,-0.16509247,0.08615875,1015.4986,24.567383,0.31,1.8219948,0.9237528,0.26899576,0.50421923,0.1862226
2014-05-10,PLAYAS,Antioquia,76.37,524773000.0,402090000.0,130.51132830958244,20.856598,-0.040016174,0.09504318,1014.9392,24.756073,0.31,1.1488199,0.36507845,0.19276142,0.50262207,0.10312372
2014-05-11,PLAYAS,Antioquia,87.33999999999999,739841000.0,402090000.0,183.99885597751745,21.24765,-0.10677338,0.19036102,1014.15405,24.793213,0.31,1.1326075,0.3465414,0.20611286,0.49913967,0.21826102
2014-05-12,PLAYAS,Antioquia,98.77,452100000.0,402090000.0,112.43751398940536,21.61972,-0.03572464,-0.25753784,1012.90533,24.859497,0.31,0.12385845,0.14674664,0.028848648,0.49157915,0.2600038
2014-05-13,PLAYAS,Antioquia,100.76,526486000.0,402090000.0,130.93735233405457,22.57901,0.058380127,0.18347168,1010.95233,24.7753,0.31,0.017762184,0.10699034,0.0011026859,0.47773144,0.19253595
2014-05-14,PLAYAS,Antioquia,99.07,353623000.0,402090000.0,87.94623094332114,23.075226,0.058288574,-0.25583267,1011.09015,24.69925,0.31,0.012755394,0.096440315,0.0014305115,0.46046352,0.26238886
2014-05-15,PLAYAS,Antioquia,94.73,433137000.0,402090000.0,107.72140565545028,21.620941,-0.1047287,-0.1214447,1013.3862,24.729675,0.31,0.14603138,0.09691715,0.010550022,0.48140147,0.16036494
2014-05-16,PLAYAS,Antioquia,92.41,343613000.0,402090000.0,85.45673854112263,22.394562,0.1037941,-0.007926941,1012.5386,24.582123,0.31,0.03874302,0.08273125,0.0032186508,0.47656387,0.10409635
2014-05-17,PLAYAS,Antioquia,96.51,496819000.0,402090000.0,123.55915342336291,21.178986,-0.041915894,-0.032707214,1012.3137,24.570404,0.31,0.21743774,0.09524822,0.021219254,0.4889223,0.053166755
2014-05-18,PLAYAS,Antioquia,100.15,369243000.0,402090000.0,91.83093337312542,21.404388,-0.16281891,-0.1324997,1012.47296,24.534363,0.31,0.13029575,0.07253885,0.0031590462,0.4834178,0.20991944
2014-05-19,PLAYAS,Antioquia,101.38,295452000.0,402090000.0,73.4790718495859,22.201447,0.21207428,0.09298706,1012.65436,24.511322,0.31,0.0076293945,0.06622076,0.00023841858,0.47041255,0.23156445
2014-05-20,PLAYAS,Antioquia,89.7,261973000.0,402090000.0,65.15282648163347,21.750336,0.21308899,-0.13009262,1012.60126,24.679382,0.31,0.026583672,0.062823296,0.0005364418,0.46393335,0.24966179
2014-05-21,PLAYAS,Antioquia,96.06,341390000.0,402090000.0,84.90387724141361,20.967499,-0.40729523,-0.29849243,1013.72766,25.056305,0.31,0.4942417,0.09274483,0.03325939,0.47489917,0.5049625
2014-05-22,PLAYAS,Antioquia,85.57000000000001,250504000.0,402090000.0,62.30047999204158,22.777985,0.06310272,-0.30195236,1012.97546,24.95877,0.31,0.030994415,0.05954504,0.0026226044,0.47132936,0.30847558
2014-05-23,PLAYAS,Antioquia,84.76,279113000.0,402090000.0,69.4155537317516,21.670563,-0.17824936,-0.009902954,1013.59607,24.806274,0.31,0.2990961,0.071525574,0.017166138,0.46939546,0.17852423
2014-05-24,PLAYAS,Antioquia,88.86,332633000.0,402090000.0,82.72600661543436,21.930817,-0.38346863,0.17557526,1013.5414,24.760101,0.31,0.2219677,0.06407499,0.011503696,0.47522014,0.42175213
2014-05-25,PLAYAS,Antioquia,87.89,244037000.0,402090000.0,60.69213360192992,22.748444,-0.17264557,0.14551163,1012.4291,24.644196,0.31,0.035762787,0.05209446,0.0013113022,0.45637536,0.22578779
2014-05-26,PLAYAS,Antioquia,80.67,235832000.0,402090000.0,58.65154567385411,22.408356,0.113269806,-0.070308685,1013.2081,24.73764,0.31,0.079512596,0.054121017,0.0056028366,0.44181198,0.13331677
2014-05-27,PLAYAS,Antioquia,85.03,237743000.0,402090000.0,59.12681240518292,21.922943,-0.14390945,0.053642273,1013.46893,24.657745,0.31,0.06508827,0.04929304,0.0026226044,0.4391964,0.15358198
2014-05-28,PLAYAS,Antioquia,85.03,254417000.0,402090000.0,63.27364520381009,22.04715,-0.04636383,0.33732224,1012.7875,24.526459,0.31,0.0064373016,0.044882298,0.00011920929,0.43643737,0.3404936
2014-05-29,PLAYAS,Antioquia,92.12,354291000.0,402090000.0,88.1123629038275,21.444672,0.30603027,-0.13406754,1013.03143,24.534576,0.31,0.86832047,0.18423796,0.14126301,0.4434948,0.3341087
2014-05-30,PLAYAS,Antioquia,101.54,333451000.0,402090000.0,82.92944365689273,20.865631,0.0017127991,-0.2445755,1013.15894,24.411865,0.31,0.19454956,0.052452087,0.010728836,0.45742708,0.2445815
2014-05-31,PLAYAS,Antioquia,102.63,476219000.0,402090000.0,118.4359223059514,22.501068,-0.28359222,-0.045143127,1011.65875,24.31018,0.31,0.05674362,0.044345856,0.003695488,0.45485213,0.28716275
2014-06-01,PLAYAS,Antioquia,93.42,356692000.0,370650000.0,96.23418319169026,22.25766,-0.105522156,0.12506866,1011.2508,24.240295,0.23,0.016212463,0.039994717,0.00035762787,0.44716212,0.16363709
2014-06-02,PLAYAS,Antioquia,82.37,315872000.0,370650000.0,85.22109807095643,21.79599,0.15045929,0.013282776,1011.1205,24.41623,0.23,0.202775,0.042378902,0.0038146973,0.44642287,0.15104446
2014-06-03,PLAYAS,Antioquia,86.11,346472000.0,370650000.0,93.47686496694996,22.173615,0.00033569336,0.1918068,1011.27875,24.495148,0.23,0.05733967,0.04118681,0.003695488,0.45712912,0.19180709
2014-06-04,PLAYAS,Antioquia,105.16,374633000.0,370650000.0,101.07459867799813,22.540619,0.017578125,-0.007575989,1010.1158,24.526947,0.23,0.02515316,0.03749132,0.0009536743,0.4414042,0.019141214
2014-06-05,PLAYAS,Antioquia,103.57,260745000.0,370650000.0,70.34803723188993,22.483673,0.058036804,0.036563873,1010.2933,24.518188,0.23,0.32293797,0.11622906,0.03951788,0.4401152,0.06859437
2014-06-06,PLAYAS,Antioquia,104.05,301000000.0,370650000.0,81.20868744098206,22.535248,0.1792221,-0.0020332336,1010.1214,24.33841,0.23,0.0038146973,0.034809113,0.00011920929,0.4281461,0.17923364
2014-06-07,PLAYAS,Antioquia,105.16,743706000.0,370650000.0,200.64912990692028,22.404205,-0.13854599,-0.031806946,1011.04266,24.130585,0.23,0.0032186508,0.033915043,0.00023841858,0.4170691,0.14215018
2014-06-08,PLAYAS,Antioquia,103.86,518541000.0,370650000.0,139.90044516390125,22.012238,-0.2590294,0.15049362,1012.2919,24.268799,0.23,0.28431416,0.04541874,0.012755394,0.41964555,0.29957396
2014-06-09,PLAYAS,Antioquia,103.73000000000002,269116000.0,370650000.0,72.60650209092135,22.506805,0.04740143,0.14342117,1011.8695,24.486938,0.23,0.233531,0.04851818,0.016480684,0.42213872,0.15105142
2014-06-10,PLAYAS,Antioquia,109.56,471580000.0,370650000.0,127.2305409415891,22.549408,0.3266449,0.35918427,1013.197,24.433502,0.23,0.014185905,0.03170967,0.00071525574,0.42288068,0.48549998
2014-06-11,PLAYAS,Antioquia,106.94,296007000.0,370650000.0,79.8615944961554,22.718475,-0.17956161,0.3481331,1012.26013,24.359344,0.23,0.005841255,0.03027916,0.00017881393,0.41492575,0.39171293
2014-06-12,PLAYAS,Antioquia,102.32,264803000.0,370650000.0,71.44287063267232,22.968414,-0.18675613,0.41688156,1011.368,24.350433,0.23,0.0,0.029206276,0.0,0.39994255,0.456802
2014-06-13,PLAYAS,Antioquia,94.0,229186000.0,370650000.0,61.833535680561184,23.50473,-0.023925781,0.356884,1011.3105,24.298431,0.23,0.1988411,0.03218651,0.0038146973,0.38671398,0.3576851
2014-06-14,PLAYAS,Antioquia,90.13,407944000.0,370650000.0,110.06178335356806,22.490509,-0.23938751,0.1885109,1011.7575,24.305878,0.23,0.02837181,0.028729439,0.0011324883,0.3936874,0.30470106
2014-06-15,PLAYAS,Antioquia,89.28,637468000.0,370650000.0,171.98651018481047,23.040924,-0.058425903,0.9374771,1011.91626,24.33844,0.23,0.08738041,0.030696392,0.003874302,0.4007849,0.93929595
2014-06-16,PLAYAS,Antioquia,87.2,240843000.0,370650000.0,64.97855119384865,23.007294,-0.2711296,0.84217453,1011.9205,24.42984,0.23,0.00011920929,0.026166439,0.0,0.3896067,0.88474244
2014-06-17,PLAYAS,Antioquia,87.2,258944000.0,370650000.0,69.86213408876299,23.58603,-0.065761566,0.7947197,1012.1256,24.592377,0.23,0.00059604645,0.025212765,0.0,0.3745401,0.7974359
2014-06-18,PLAYAS,Antioquia,84.61999999999999,242856000.0,370650000.0,65.5216511533792,22.900848,-0.20035553,0.39713287,1012.9508,24.736877,0.23,0.0,0.024557114,0.0,0.3621736,0.44481105
2014-06-19,PLAYAS,Antioquia,81.45,229804000.0,370650000.0,62.00026979630378,22.912628,-0.21052933,1.2450104,1013.11237,24.855408,0.23,0.0,0.023782253,0.0,0.35306588,1.2626851
2014-06-20,PLAYAS,Antioquia,70.36,187700000.0,370650000.0,50.640766221502766,22.632172,-0.08708954,1.1107788,1012.48096,24.52005,0.23,0.0,0.023126602,0.0,0.34535396,1.1141877
2014-06-21,PLAYAS,Antioquia,64.72,209660000.0,370650000.0,56.565493052745175,22.627289,-0.37587357,0.3509369,1012.0122,24.170868,0.23,0.0,0.022351742,0.0,0.33752826,0.514235
2014-06-22,PLAYAS,Antioquia,63.85,162103000.0,370650000.0,43.73479023337381,23.052765,-0.110385895,0.928051,1011.48267,23.983398,0.23,0.0,0.0218153,0.0,0.32970008,0.9345928
2014-06-23,PLAYAS,Antioquia,73.32,215043000.0,370650000.0,58.017806556050175,23.33554,-0.42222595,0.35118866,1011.8116,23.785736,0.23,0.0,0.020980835,0.0,0.32246655,0.54918873
2014-06-24,PLAYAS,Antioquia,83.42,393517000.0,370650000.0,106.16943207878052,22.883575,-0.14169312,0.09980774,1013.64825,23.590546,0.23,0.029325485,0.020861626,0.0005364418,0.32714438,0.17331626
2014-06-25,PLAYAS,Antioquia,99.84,610116000.0,370650000.0,164.60704168352893,21.368073,-0.28637314,0.25071716,1014.1453,23.449219,0.23,0.16713142,0.023961067,0.00423193,0.3632589,0.3806162
2014-06-26,PLAYAS,Antioquia,101.85,423341000.0,370650000.0,114.21583704303252,22.318512,0.10166931,0.25795364,1013.2981,23.256195,0.23,0.08571148,0.022172928,0.0030994415,0.38951564,0.27726653
2014-06-27,PLAYAS,Antioquia,103.89,382129000.0,370650000.0,103.09699177121274,23.167694,-0.54509354,0.28722382,1013.0017,23.36679,0.23,0.0063180923,0.018656254,0.00023841858,0.37666225,0.6161367
2014-06-28,PLAYAS,Antioquia,97.26,277645000.0,370650000.0,74.9075947659517,21.976837,0.060165405,0.041145325,1014.923,23.48581,0.23,0.043034554,0.019013882,0.0009536743,0.3846492,0.07288905
2014-06-29,PLAYAS,Antioquia,86.66,195098000.0,370650000.0,52.63671927694591,23.325043,-0.3036728,0.7678604,1013.58453,23.634644,0.23,0.007867813,0.017881393,0.00035762787,0.3716294,0.825728
2014-06-30,PLAYAS,Antioquia,84.76,267953000.0,370650000.0,72.29272898961284,22.937286,-0.14149094,0.4735794,1012.34485,23.7695,0.23,0.019073486,0.017642975,0.00071525574,0.36951202,0.49426425
2014-07-01,PLAYAS,Antioquia,75.75,230195000.0,330210000.0,69.71169861603222,22.417145,-0.54145813,-0.03293991,1012.83014,23.89859,0.1,0.4054308,0.02771616,0.0113248825,0.3707325,0.5424592
2014-07-02,PLAYAS,Antioquia,66.38,331425000.0,330210000.0,100.36794766966476,22.779266,-0.041496277,0.43922043,1013.21814,23.907135,0.1,0.33938885,0.038981438,0.023007393,0.38005233,0.4411763
2014-07-03,PLAYAS,Antioquia,64.61,325190000.0,330210000.0,98.47975530722871,23.546417,-0.5417671,0.39947128,1013.40546,23.916351,0.1,0.00166893,0.015556812,0.0,0.3740055,0.67311877
2014-07-04,PLAYAS,Antioquia,69.21000000000001,343321000.0,330210000.0,103.97050361890918,22.864777,-0.11854172,0.2586136,1013.91425,23.88736,0.1,0.37896633,0.05376339,0.03862381,0.37241006,0.2844875
2014-07-05,PLAYAS,Antioquia,64.05999999999999,381545000.0,330210000.0,115.5461675903213,21.58731,-0.20868683,0.08567047,1013.8139,23.61966,0.1,0.39172173,0.04965067,0.034809113,0.41910234,0.22558728
2014-07-06,PLAYAS,Antioquia,54.6,301482000.0,330210000.0,91.3000817661488,22.555695,-0.058677673,0.4949913,1012.5997,23.21933,0.1,0.24425983,0.043809414,0.029325485,0.43162656,0.49845707
2014-07-07,PLAYAS,Antioquia,55.88,471722000.0,330210000.0,142.85515278156325,22.471222,-0.14530563,0.22904968,1013.7636,23.046295,0.1,0.06818771,0.015318394,0.0010430813,0.40913808,0.2712517
2014-07-08,PLAYAS,Antioquia,59.3,309474000.0,330210000.0,93.7203597710548,23.307404,-0.47463608,0.7707405,1013.9391,23.427582,0.1,0.015616417,0.014305115,0.00035762787,0.40078956,0.90516317
2014-07-09,PLAYAS,Antioquia,58.89,225404000.0,330210000.0,68.26080373095908,22.856293,-0.18871307,0.9063339,1012.5403,24.173676,0.1,0.00011920929,0.013589859,0.0,0.38184658,0.925772
2014-07-10,PLAYAS,Antioquia,59.51,200535000.0,330210000.0,60.729535749977295,23.162933,0.2457695,0.7812004,1011.6926,23.492584,0.1,0.015377998,0.013828278,0.00059604645,0.3710019,0.81894857
2014-07-11,PLAYAS,Antioquia,60.440000000000005,215125000.0,330210000.0,65.14793616183641,23.042267,-0.26930237,0.779583,1010.77454,23.383392,0.1,0.0,0.013113022,0.0,0.35829788,0.8247869
2014-07-12,PLAYAS,Antioquia,62.98,176730000.0,330210000.0,53.52048696284183,23.070282,-0.27272797,0.88882065,1011.5062,23.308624,0.1,0.0,0.012755394,0.0,0.34732506,0.9297219
2014-07-13,PLAYAS,Antioquia,52.96,174204000.0,330210000.0,52.75551921504496,23.57016,-0.18966293,0.9544792,1012.0261,23.361633,0.1,0.0,0.0123381615,0.0,0.33805928,0.9731406
2014-07-14,PLAYAS,Antioquia,53.92,175043000.0,330210000.0,53.00959995154598,23.71872,-0.4099083,0.8392868,1012.6174,23.294708,0.1,0.0,0.011861324,0.0,0.3302379,0.93403804
2014-07-15,PLAYAS,Antioquia,50.24999999999999,162330000.0,330210000.0,49.15962569274098,23.661652,-0.3979454,0.7852974,1013.305,23.043427,0.1,0.0,0.01180172,0.0,0.32463032,0.8803707
2014-07-16,PLAYAS,Antioquia,45.6,175306000.0,330210000.0,53.08924623724297,23.421783,-0.29306412,0.9109955,1013.64734,22.87851,0.1,0.0,0.011384487,0.0,0.31942672,0.9569741
2014-07-17,PLAYAS,Antioquia,47.18,179630000.0,330210000.0,54.39871596862602,23.501312,-0.0130729675,0.8808594,1013.21204,22.78897,0.1,0.0,0.011086464,0.0,0.31320584,0.88095635
2014-07-18,PLAYAS,Antioquia,51.73,158934000.0,330210000.0,48.13118924320887,23.525848,-0.17152786,0.8575287,1013.7089,22.852661,0.1,0.0,0.010848045,0.0,0.30811834,0.8745154
2014-07-19,PLAYAS,Antioquia,42.54,152805000.0,330210000.0,46.2750976651222,23.548065,0.09038925,1.0860596,1012.5037,22.78543,0.1,0.0,0.010371208,0.0,0.30320123,1.0898145
2014-07-20,PLAYAS,Antioquia,46.73,165453000.0,330210000.0,50.105387480694105,23.124786,-0.35198975,0.76488876,1012.3653,22.507172,0.1,0.0,0.01001358,0.0,0.29834178,0.8419926
2014-07-21,PLAYAS,Antioquia,52.68000000000001,141982000.0,330210000.0,42.99748644801793,24.240631,-0.5858002,0.5630913,1012.1887,22.433167,0.1,0.0056028366,0.009715557,5.9604645e-05,0.29413024,0.8125476
2014-07-22,PLAYAS,Antioquia,58.18,164012000.0,330210000.0,49.66899851609582,24.350494,-0.48218536,0.97439957,1011.67126,22.296143,0.1,0.004529953,0.009655952,0.00017881393,0.2975297,1.0871786
2014-07-23,PLAYAS,Antioquia,64.83,161515000.0,330210000.0,48.9128130583568,24.33957,-0.55147934,0.68532944,1011.51263,22.167023,0.1,0.0,0.00923872,0.0,0.2927576,0.87966233
2014-07-24,PLAYAS,Antioquia,55.19,153792000.0,330210000.0,46.573998364677024,24.5372,-0.36423874,0.9619217,1011.10547,21.759644,0.1,0.00023841858,0.008881092,0.0,0.29083806,1.0285734
2014-07-25,PLAYAS,Antioquia,47.89,145703000.0,330210000.0,44.12434511371551,25.05362,-0.79779434,0.5611496,1011.11017,21.461853,0.1,0.0,0.008523464,0.0,0.28749782,0.9753792
2014-07-26,PLAYAS,Antioquia,43.72,201638000.0,330210000.0,61.06356560976348,23.772491,-0.34231186,-0.04783249,1012.04297,21.374207,0.1,0.0,0.008285046,0.0,0.2930116,0.34563762
2014-07-27,PLAYAS,Antioquia,48.25,221350000.0,330210000.0,67.03310014839042,22.38443,-0.38384247,0.34487915,1014.1289,21.182922,0.1,0.4491806,0.015497208,0.0074505806,0.34859717,0.51602
2014-07-28,PLAYAS,Antioquia,61.39,154162000.0,330210000.0,46.68604827231156,24.134369,-0.22057724,0.89993286,1013.33453,21.066376,0.1,0.08738041,0.008821487,0.0010728836,0.33406797,0.92657083
2014-07-29,PLAYAS,Antioquia,64.05999999999999,149214000.0,330210000.0,45.1876078858908,23.96103,-0.5676918,0.74700165,1013.0494,21.143372,0.1,0.00023841858,0.00756979,0.0,0.31963095,0.9382353
2014-07-30,PLAYAS,Antioquia,62.02,146910000.0,330210000.0,44.489870082674656,23.774017,-0.31887436,0.97940063,1013.67017,20.860657,0.1,0.019073486,0.0076293945,5.9604645e-05,0.33235818,1.0300031
2014-07-31,PLAYAS,Antioquia,54.02,139303000.0,330210000.0,42.186184549226255,23.60495,-0.61232376,0.5991554,1012.47845,20.834076,0.1,0.0,0.0071525574,0.0,0.32082155,0.8566958
2014-08-01,PLAYAS,Antioquia,51.55,186306000.0,339990000.0,54.79749404394247,23.984161,-0.5334511,0.5028038,1010.9306,21.212769,0.11,0.00023841858,0.0067949295,0.0,0.31381088,0.7330633
2014-08-02,PLAYAS,Antioquia,54.7,158767000.0,339990000.0,46.69754992793906,23.10849,-0.7161827,0.8128128,1012.0642,21.518646,0.11,0.20575523,0.01180172,0.0052452087,0.3460331,1.08332
2014-08-03,PLAYAS,Antioquia,58.08,165485000.0,339990000.0,48.67349039677637,22.87558,-0.9206848,0.5045891,1013.77155,21.596985,0.11,0.039219856,0.00667572,0.00029802322,0.33487824,1.0498908
2014-08-04,PLAYAS,Antioquia,61.7,193555000.0,339990000.0,56.92961557692874,21.906708,-0.3925171,-0.009075165,1014.14966,21.952423,0.11,0.31363964,0.01180172,0.005364418,0.34523603,0.392622
2014-08-05,PLAYAS,Antioquia,67.27,163686000.0,339990000.0,48.14435718697609,22.457123,-0.66794586,0.42459106,1013.52264,22.123596,0.11,0.10550022,0.007987022,0.0015497208,0.34216875,0.79147285
2014-08-06,PLAYAS,Antioquia,74.16,247883000.0,339990000.0,72.90890908556133,22.767914,-0.53533936,0.4014778,1013.54175,22.026642,0.11,0.0044107437,0.0060796738,0.00017881393,0.34525514,0.66915816
2014-08-07,PLAYAS,Antioquia,78.62,518160000.0,339990000.0,152.40448248477895,22.202728,-0.48851395,0.4404335,1013.88983,21.749664,0.11,0.07081032,0.009179115,0.00333786,0.36364493,0.6577443
2014-08-08,PLAYAS,Antioquia,71.3,454630000.0,339990000.0,133.71863878349365,21.428253,-0.17584991,0.27404404,1014.5722,21.806824,0.11,0.28455257,0.08100271,0.046670437,0.3726841,0.32561225
2014-08-09,PLAYAS,Antioquia,59.0,388847000.0,339990000.0,114.37012853319214,23.08139,-0.61245346,0.8074951,1013.0753,21.847473,0.11,0.009179115,0.0057816505,0.00011920929,0.36703873,1.0134829
2014-08-10,PLAYAS,Antioquia,54.99000000000001,406668000.0,339990000.0,119.61175328686136,21.750824,-0.6269989,-0.040229797,1013.3669,21.8544,0.11,0.116586685,0.0628829,0.02002716,0.38324988,0.6282882
2014-08-11,PLAYAS,Antioquia,56.47,359217000.0,339990000.0,105.65516632842144,22.441437,-0.21208572,0.26433182,1013.10425,21.7948,0.11,0.29313564,0.012457371,0.0071525574,0.38979965,0.3388977
2014-08-12,PLAYAS,Antioquia,57.87,369425000.0,339990000.0,108.65760757669342,22.616425,-0.03527832,0.17621231,1013.7402,21.784393,0.11,0.017762184,0.005722046,0.0004172325,0.38739556,0.17970903
2014-08-13,PLAYAS,Antioquia,58.38,276290000.0,339990000.0,81.26415482808318,22.55014,-0.3181343,0.23973846,1013.5605,21.714508,0.11,0.49972534,0.12278557,0.02336502,0.38863313,0.39835158
2014-08-14,PLAYAS,Antioquia,70.83,337858000.0,339990000.0,99.37292273302155,21.973358,-0.0862236,0.89998245,1013.59845,21.800415,0.11,0.12981892,0.012636185,0.0076293945,0.38356805,0.90410334
2014-08-15,PLAYAS,Antioquia,74.03999999999999,203099000.0,339990000.0,59.736756963440094,23.127045,-0.32476044,0.8723221,1011.8108,21.978455,0.11,0.0,0.005066395,0.0,0.3695919,0.93081427
2014-08-16,PLAYAS,Antioquia,73.44000000000001,171915000.0,339990000.0,50.564722491838,23.932098,-0.46715546,0.7687645,1012.6983,22.13388,0.11,0.0009536743,0.004887581,0.0,0.3630213,0.8995738
2014-08-17,PLAYAS,Antioquia,55.97,171865000.0,339990000.0,50.55001617694638,23.453033,-0.77274704,0.87833405,1012.3053,22.055359,0.11,0.01180172,0.005185604,0.0004172325,0.3534855,1.1698755
2014-08-18,PLAYAS,Antioquia,59.1,172418000.0,339990000.0,50.71266801964763,23.749847,-0.7018814,0.7337074,1012.0642,21.803375,0.11,0.00059604645,0.0047683716,0.0,0.34303048,1.015364
2014-08-19,PLAYAS,Antioquia,70.95,172027000.0,339990000.0,50.597664637195216,22.761627,-0.7114601,0.8197136,1012.9334,21.779022,0.11,0.1758337,0.007390976,0.0028014183,0.35076737,1.0854058
2014-08-20,PLAYAS,Antioquia,66.38,179608000.0,339990000.0,52.8274361010618,23.020172,-0.75372696,0.9388428,1013.0878,21.938171,0.11,0.057697296,0.00500679,0.00059604645,0.33944106,1.2039644
2014-08-21,PLAYAS,Antioquia,63.96,168906000.0,339990000.0,49.67969646166064,23.454437,-0.7015152,0.7707138,1013.1897,22.415253,0.11,0.006556511,0.0045895576,5.9604645e-05,0.3311824,1.0421724
2014-08-22,PLAYAS,Antioquia,57.57,172037000.0,339990000.0,50.600605900173534,22.838165,-0.43234634,0.28335953,1012.3511,22.350525,0.11,0.35870075,0.009536743,0.005066395,0.34503114,0.5169294
2014-08-23,PLAYAS,Antioquia,53.35,333348000.0,339990000.0,98.04641312979794,20.61258,0.042224884,0.21128845,1013.03577,22.170044,0.11,0.5520582,0.03218651,0.027775764,0.36787826,0.21546637
2014-08-24,PLAYAS,Antioquia,45.6,262352000.0,339990000.0,77.16462248889673,21.977203,-0.43518448,0.2001152,1012.1314,21.9859,0.11,0.08606911,0.008404255,0.004172325,0.39881176,0.47899023
2014-08-25,PLAYAS,Antioquia,60.34,350257000.0,339990000.0,103.0197946998441,21.647491,-0.22753525,0.101989746,1011.60767,21.786102,0.11,0.32699108,0.08422136,0.050008297,0.40734482,0.24934754
2014-08-26,PLAYAS,Antioquia,66.60000000000001,293880000.0,339990000.0,86.43783640695315,21.378204,0.35806656,0.024894714,1013.22986,21.494629,0.11,0.13291836,0.012040138,0.00756979,0.46078807,0.35893095
2014-08-27,PLAYAS,Antioquia,68.17999999999999,287931000.0,339990000.0,84.68807906114885,21.614777,-0.039936066,0.20913696,1013.8736,21.042389,0.11,0.5851984,0.24604797,0.19729137,0.45298102,0.21291585
2014-08-28,PLAYAS,Antioquia,82.5,376703000.0,339990000.0,110.79825877231684,20.673553,-0.36458206,0.13972092,1014.3088,20.9404,0.11,0.5373955,0.14966726,0.03761053,0.4461481,0.39043826
2014-08-29,PLAYAS,Antioquia,84.35000000000001,238774000.0,339990000.0,70.22971263860703,22.249115,-0.28731155,0.5555954,1013.5622,21.392181,0.11,0.00047683716,0.006854534,0.0,0.43590033,0.62548715
2014-08-30,PLAYAS,Antioquia,84.22,196225000.0,339990000.0,57.71493279214095,23.284393,-0.20505905,0.7752495,1014.02295,21.367645,0.11,0.031113625,0.008046627,0.00059604645,0.41278374,0.8019108
2014-08-31,PLAYAS,Antioquia,78.88,197950000.0,339990000.0,58.22230065590165,23.33377,-0.18596649,0.5424347,1012.382,20.832123,0.11,0.0,0.007927418,0.0,0.39418685,0.5734274
2014-09-01,PLAYAS,Antioquia,83.69,184774000.0,397940000.0,46.432628034377046,24.218903,-0.5336075,0.3240013,1011.48486,20.759735,0.28,0.0,0.008106232,0.0,0.37799743,0.62427056
2014-09-02,PLAYAS,Antioquia,87.89,194239000.0,397940000.0,48.81112730562396,22.18924,0.45199203,-0.02204895,1011.91626,21.000793,0.28,0.0150203705,0.008761883,0.00047683716,0.39167714,0.4525295
2014-09-03,PLAYAS,Antioquia,91.12,260828000.0,397940000.0,65.54455445544555,22.45224,-0.045562744,-0.072654724,1011.858,21.042725,0.28,0.34427643,0.035464764,0.027060509,0.39073837,0.08575939
2014-09-04,PLAYAS,Antioquia,84.35000000000001,272878000.0,397940000.0,68.57264914308689,22.342072,-0.28781128,0.24168777,1012.6172,20.891632,0.28,0.3889799,0.17255545,0.08785725,0.42371672,0.37583017
2014-09-05,PLAYAS,Antioquia,78.25,187075000.0,397940000.0,47.010855907925816,23.10904,-0.23662567,0.34676743,1012.91064,20.647491,0.28,0.0269413,0.01090765,0.000834465,0.41897663,0.41980872
2014-09-06,PLAYAS,Antioquia,70.25,218750000.0,397940000.0,54.97059858270092,22.83603,-0.26353836,-0.030956268,1011.8278,20.245728,0.28,0.058174133,0.012278557,0.00166893,0.39998373,0.26535025
2014-09-07,PLAYAS,Antioquia,59.92,163027000.0,397940000.0,40.967733829220485,23.233551,-0.38462448,0.9014473,1010.8894,20.04477,0.28,0.00035762787,0.011086464,0.0,0.3861753,0.9800731
2014-09-08,PLAYAS,Antioquia,52.3,145070000.0,397940000.0,36.455244509222496,23.387848,-0.34035873,0.70993805,1011.865,20.09317,0.28,0.0019073486,0.011444092,5.9604645e-05,0.3841808,0.7873094
2014-09-09,PLAYAS,Antioquia,67.16,158528000.0,397940000.0,39.83716138111273,23.135773,-0.2763481,0.4738922,1011.98267,20.067688,0.28,0.00023841858,0.01168251,0.0,0.3713423,0.5485819
2014-09-10,PLAYAS,Antioquia,69.44,199565000.0,397940000.0,50.14952002814495,22.605927,0.08895111,0.10966873,1010.97156,19.970673,0.28,0.31363964,0.0218153,0.01013279,0.3762021,0.1412074
2014-09-11,PLAYAS,Antioquia,64.39,436635000.0,397940000.0,109.7238277127205,21.618439,-0.33007812,0.09376526,1011.47656,20.24588,0.28,0.34189224,0.039100647,0.0269413,0.38047895,0.3431377
2014-09-12,PLAYAS,Antioquia,63.63,454788000.0,397940000.0,114.2855706890486,21.386078,0.20067215,0.26010895,1011.9461,20.314331,0.28,0.5289316,0.048577785,0.033438206,0.43866417,0.3285209
2014-09-13,PLAYAS,Antioquia,65.93,757833000.0,397940000.0,190.43901090616677,21.773285,-0.08906937,-0.27519608,1012.1956,19.668304,0.28,0.5636215,0.068724155,0.04029274,0.46354988,0.28925115
2014-09-14,PLAYAS,Antioquia,61.49,453046000.0,397940000.0,113.8478162537066,21.876678,-0.25975037,0.29750824,1012.8745,19.89209,0.28,0.28789043,0.06437302,0.009059906,0.44359848,0.39494482
2014-09-15,PLAYAS,Antioquia,64.5,461229000.0,397940000.0,115.90415640548824,21.10373,-0.1147728,0.16326141,1015.0158,20.268494,0.28,0.35357475,0.16313791,0.03156066,0.43842947,0.19956724
2014-09-16,PLAYAS,Antioquia,77.99000000000001,318312000.0,397940000.0,79.98994823340202,22.385284,-0.43601227,-0.14099884,1014.433,20.628326,0.28,0.041604042,0.13518333,0.0015497208,0.42441303,0.4582438
2014-09-17,PLAYAS,Antioquia,72.00999999999999,368945000.0,397940000.0,92.71372568728954,21.872406,0.057941437,-0.1410904,1013.91907,20.986237,0.28,0.03015995,0.1219511,0.0007748604,0.41914874,0.15252446
2014-09-18,PLAYAS,Antioquia,77.99000000000001,268916000.0,397940000.0,67.57702166155703,21.334015,-0.40644455,-0.07354355,1014.1169,21.179382,0.28,0.2771616,0.11831522,0.009298325,0.42274255,0.4130446
2014-09-19,PLAYAS,Antioquia,82.24000000000001,249739000.0,397940000.0,62.75795346032065,21.687286,0.02002716,-0.26342773,1012.77686,21.671844,0.28,0.029087067,0.10043383,0.0006556511,0.4335563,0.26418793
2014-09-20,PLAYAS,Antioquia,74.53,473963000.0,397940000.0,119.10413630195508,21.204132,-0.40118027,0.1644516,1013.82,21.727936,0.28,0.101327896,0.09560585,0.0028014183,0.4673428,0.43357807
2014-09-21,PLAYAS,Antioquia,70.25,356750000.0,397940000.0,89.64919334573051,21.254425,0.27295303,-0.21774292,1014.5083,21.812592,0.28,0.11074543,0.09846687,0.010371208,0.46715927,0.34916377
2014-09-22,PLAYAS,Antioquia,77.62,389106000.0,397940000.0,97.7800673468362,21.183563,0.30786133,0.009643555,1013.89935,21.910858,0.28,0.39720535,0.2310276,0.14573336,0.44845882,0.30801234
2014-09-23,PLAYAS,Antioquia,81.71000000000001,346790000.0,397940000.0,87.1463034628336,21.054474,0.10542297,0.016746521,1013.8162,21.726807,0.28,0.707984,0.33187866,0.05340576,0.47364137,0.10674479
2014-09-24,PLAYAS,Antioquia,86.52,305271000.0,397940000.0,76.71282102829572,22.421051,0.22891617,0.06749725,1013.8187,21.56485,0.28,0.074505806,0.10967255,0.0030398369,0.46847463,0.23865978
2014-09-25,PLAYAS,Antioquia,88.31,366396000.0,397940000.0,92.0731768608333,22.080353,-0.088443756,-0.15392303,1012.58594,21.310608,0.28,0.041365623,0.10794401,0.000834465,0.4578143,0.17752352
2014-09-26,PLAYAS,Antioquia,94.0,462134000.0,397940000.0,116.13157762476756,21.182709,-0.26459122,0.083343506,1012.78,21.13382,0.28,0.1718998,0.10937452,0.0057816505,0.44258186,0.27740702
2014-09-27,PLAYAS,Antioquia,86.11,357178000.0,397940000.0,89.75674724832889,22.112091,-0.04536438,0.13660812,1012.2058,21.266296,0.28,0.28562546,0.1577735,0.058412552,0.4327759,0.14394341
2014-09-28,PLAYAS,Antioquia,76.12,248690000.0,397940000.0,62.49434588128864,22.55716,-0.18188095,0.35189438,1012.0467,21.452301,0.28,0.011205673,0.17279387,0.00029802322,0.41989642,0.3961191
2014-09-29,PLAYAS,Antioquia,74.29,278325000.0,397940000.0,69.94144845956677,22.964203,0.03376007,0.24789047,1012.0239,21.631805,0.28,0.012993813,0.0859499,0.00017881393,0.4051516,0.25017878
2014-09-30,PLAYAS,Antioquia,71.54,226553000.0,397940000.0,56.93144695180178,23.07779,-0.11408234,0.50354767,1011.83966,21.793365,0.28,0.060796738,0.08016825,0.0014305115,0.39623478,0.5163091
2014-10-01,PLAYAS,Antioquia,65.49000000000001,212888000.0,453130000.0,46.98166089201774,22.905304,-0.2539749,0.5161705,1011.995,21.885925,0.54,0.00011920929,0.07212162,0.0,0.3845988,0.5752697
2014-10-02,PLAYAS,Antioquia,62.02,185442000.0,453130000.0,40.92467945181294,23.485199,-0.07552719,0.60033035,1011.6281,22.252655,0.54,0.0,0.06568432,0.0,0.37326014,0.6050627
2014-10-03,PLAYAS,Antioquia,61.92,207301000.0,453130000.0,45.74868139386048,23.189423,-0.2019844,0.2521782,1012.03796,22.495483,0.54,0.0011920929,0.060081482,0.0,0.36267874,0.3230968
2014-10-04,PLAYAS,Antioquia,64.05999999999999,181335000.0,453130000.0,40.01831703926025,22.818695,-0.12712097,-0.07575607,1011.79315,22.46753,0.54,0.166893,0.058412552,0.0030398369,0.37049785,0.14798218
2014-10-05,PLAYAS,Antioquia,59.61,236728000.0,453130000.0,52.242844216891406,22.76297,0.5514488,0.23658752,1010.64575,22.130493,0.54,0.1553297,0.054061413,0.002771616,0.38244238,0.6000579
2014-10-06,PLAYAS,Antioquia,62.88,319987000.0,453130000.0,70.61704146712864,22.221588,0.37145233,-0.057144165,1012.02563,21.727692,0.54,0.90777874,0.1206398,0.07259846,0.4567931,0.37582216
2014-10-07,PLAYAS,Antioquia,88.44999999999999,744594000.0,453130000.0,164.3223798909805,22.08603,0.2585678,0.01134491,1012.57404,21.589783,0.54,0.29075146,0.05352497,0.008285046,0.46602845,0.25881657
2014-10-08,PLAYAS,Antioquia,99.68,570015000.0,453130000.0,125.79502571006114,21.424469,-0.07632065,-0.118198395,1012.9459,21.541077,0.54,0.80668926,0.24282932,0.14054775,0.47435457,0.1406972
2014-10-09,PLAYAS,Antioquia,105.16,906056000.0,453130000.0,199.95497980711937,19.931183,-0.06731033,-0.20819473,1013.08734,21.461395,0.54,1.0857582,0.25880337,0.21636486,0.5023292,0.21880522
2014-10-10,PLAYAS,Antioquia,98.92,467989000.0,453130000.0,103.2791914020259,20.92276,-0.44710922,0.014961243,1013.23706,21.37619,0.54,0.62441826,0.12201071,0.07921457,0.50156397,0.44735947
2014-10-11,PLAYAS,Antioquia,100.15,419274000.0,453130000.0,92.5284134795754,21.2706,-0.07336426,0.2952118,1013.4461,21.321716,0.54,0.47886372,0.099003315,0.0564456,0.5082243,0.30419123
2014-10-12,PLAYAS,Antioquia,99.99,482990000.0,453130000.0,106.58972038929228,21.838531,-0.15843964,0.0050468445,1012.7633,21.482483,0.54,0.06508827,0.049114227,0.0035762787,0.47924083,0.15852
2014-10-13,PLAYAS,Antioquia,102.94,595182000.0,453130000.0,131.34906097587887,22.153473,-0.22692871,0.32024384,1012.52783,22.002838,0.54,0.07748604,0.050663948,0.0029802322,0.4702013,0.39249557
2014-10-14,PLAYAS,Antioquia,102.79,500997000.0,453130000.0,110.5636351598879,22.146515,-0.24605179,0.3113098,1013.64624,22.311676,0.54,0.06771088,0.04976988,0.0015795231,0.4614671,0.39680636
2014-10-15,PLAYAS,Antioquia,102.16,475714000.0,453130000.0,104.98400017654978,22.376617,-0.4122162,0.4045639,1014.15186,22.521637,0.54,0.015258789,0.04810095,0.0004172325,0.45048177,0.5775761
2014-10-16,PLAYAS,Antioquia,101.69,472280000.0,453130000.0,104.22616026305916,22.281586,0.25857544,0.041698456,1013.5767,22.722473,0.54,0.1180172,0.048160553,0.0015497208,0.43905783,0.26191607
2014-10-17,PLAYAS,Antioquia,104.05,428493000.0,453130000.0,94.56292896078388,21.38974,0.54099655,0.0671463,1013.498,22.875214,0.54,0.09596348,0.05197525,0.0066161156,0.4430161,0.5451476
2014-10-18,PLAYAS,Antioquia,110.89,619262000.0,453130000.0,136.6632092335533,20.950165,0.33900452,0.08527756,1013.8005,23.123596,0.54,0.3260374,0.091552734,0.019550323,0.46095988,0.3495659
2014-10-19,PLAYAS,Antioquia,106.13,465543000.0,453130000.0,102.73939046189837,20.60141,0.47004318,-0.17879868,1014.1925,23.08136,0.54,0.58043003,0.10162592,0.05674362,0.49303642,0.50290114
2014-10-20,PLAYAS,Antioquia,99.38,346080000.0,453130000.0,76.37543309866925,20.722748,0.28412247,0.0023727417,1014.1155,23.023773,0.54,0.10442734,0.073969364,0.012874603,0.48488998,0.28413236
2014-10-21,PLAYAS,Antioquia,89.14,294888000.0,453130000.0,65.0780129322711,22.01944,0.14679718,-0.019813538,1012.8075,23.00003,0.54,0.047564507,0.06753206,0.0009536743,0.4715783,0.14812829
2014-10-22,PLAYAS,Antioquia,89.84,484693000.0,453130000.0,106.96555072495752,21.485565,0.22184372,-0.07477188,1013.4283,22.618256,0.54,0.26273727,0.07349253,0.0075101852,0.46527046,0.23410568
2014-10-23,PLAYAS,Antioquia,89.0,411725000.0,453130000.0,90.86244565577208,21.622284,0.039474487,-0.41733932,1012.4997,22.741638,0.54,0.016450882,0.06663799,0.0010728836,0.4589078,0.41920203
2014-10-24,PLAYAS,Antioquia,79.77,481653000.0,453130000.0,106.29466157614812,21.748444,0.16497803,0.030292511,1012.8256,22.72821,0.54,0.17547607,0.071287155,0.0073313713,0.46876043,0.16773605
2014-10-25,PLAYAS,Antioquia,69.55,352306000.0,453130000.0,77.74943173040849,21.453583,0.3515854,-0.2046814,1013.5595,22.551239,0.54,0.24402142,0.10174513,0.03695488,0.47524884,0.4068252
2014-10-26,PLAYAS,Antioquia,78.36999999999999,505737000.0,453130000.0,111.60969258270256,20.171478,0.546875,-0.020439148,1013.3639,22.399933,0.54,0.32389164,0.12946129,0.034213066,0.4928155,0.5472568
2014-10-27,PLAYAS,Antioquia,76.25,336176000.0,453130000.0,74.18974687175866,21.03769,0.03376007,-0.13899994,1014.4322,22.650574,0.54,0.4749298,0.4428029,0.064730644,0.49600846,0.14304098
2014-10-28,PLAYAS,Antioquia,84.35000000000001,346097000.0,453130000.0,76.37918478140931,20.570465,0.13420105,-0.08646774,1013.77454,22.802368,0.54,0.06043911,0.16075373,0.0043809414,0.48817897,0.15964521
2014-10-29,PLAYAS,Antioquia,86.66,400067000.0,453130000.0,88.28967404497605,20.732147,-0.18637085,-0.1758995,1012.53937,22.824493,0.54,0.076293945,0.11843443,0.0022649765,0.48868877,0.25627083
2014-10-30,PLAYAS,Antioquia,87.2,531565000.0,453130000.0,117.30960210094234,21.033905,0.5708847,-0.11463165,1011.07,22.842651,0.54,0.33926964,0.14102459,0.044345856,0.5009057,0.5822798
2014-10-31,PLAYAS,Antioquia,96.51,603308000.0,453130000.0,133.142365325624,21.253265,-0.098049164,-0.18603897,1011.7558,23.144623,0.54,0.23913383,0.1180172,0.014424324,0.49473616,0.21029535
2014-11-01,PLAYAS,Antioquia,90.41,435231000.0,427530000.0,101.80127710336116,20.903534,0.114528656,-0.28697586,1014.09283,23.127655,0.71,0.22757053,0.09602308,0.018179417,0.4913724,0.30898535
2014-11-02,PLAYAS,Antioquia,80.67,358429000.0,427530000.0,83.8371576263654,21.30008,-0.2728386,-0.07479477,1014.40704,23.196167,0.71,0.081300735,0.08624792,0.0030398369,0.48664856,0.28290486
2014-11-03,PLAYAS,Antioquia,74.65,305067000.0,427530000.0,71.3556943372395,21.83664,-0.10689545,-0.07667923,1011.5506,23.036316,0.71,0.0551939,0.07200241,0.0014007092,0.4714321,0.13155356
2014-11-04,PLAYAS,Antioquia,74.29,365501000.0,427530000.0,85.49131055130634,22.139374,0.16386795,0.005596161,1010.6791,22.873932,0.71,0.16903877,0.07724762,0.010311604,0.47476318,0.16396348
2014-11-05,PLAYAS,Antioquia,66.38,357642000.0,427530000.0,83.65307697705424,21.013153,-0.44765472,0.01076889,1012.6344,22.81363,0.71,0.8815527,0.25707483,0.08162856,0.50090426,0.44778425
2014-11-06,PLAYAS,Antioquia,67.16,461763000.0,427530000.0,108.0071573924637,20.822052,0.005924225,0.04932022,1013.77325,22.60495,0.71,1.893878,0.5683303,0.43982267,0.4996316,0.04967475
2014-11-07,PLAYAS,Antioquia,66.71000000000001,519152000.0,427530000.0,121.43054288587936,21.582245,0.22890091,0.07061386,1013.02435,22.287598,0.71,0.097990036,0.07981062,0.0140964985,0.49325082,0.23954529
2014-11-08,PLAYAS,Antioquia,64.72,440562000.0,427530000.0,103.04820714335835,21.42215,0.099056244,-0.11961746,1012.45764,22.126678,0.71,0.23460388,0.08547306,0.019997358,0.50039583,0.15530768
2014-11-09,PLAYAS,Antioquia,63.3,388712000.0,427530000.0,90.9204032465558,21.048615,-0.3464508,0.007411957,1013.1406,22.094177,0.71,0.36227703,0.09328127,0.026345253,0.49594617,0.34653008
2014-11-10,PLAYAS,Antioquia,61.7,582766000.0,427530000.0,136.30996655205482,20.83786,-0.28767395,-0.2835617,1012.8728,22.162018,0.71,0.4014969,0.22596121,0.07092953,0.4945565,0.40393507
2014-11-11,PLAYAS,Antioquia,65.60000000000001,635761000.0,427530000.0,148.7055879119594,21.3143,-0.4187622,0.04604721,1012.77325,22.3992,0.71,0.3284216,0.16736984,0.055611134,0.4941488,0.42128628
2014-11-12,PLAYAS,Antioquia,64.5,645069000.0,427530000.0,150.88274507052137,20.741547,0.004470825,-0.13333893,1013.0703,22.61972,0.71,1.4989376,0.45013428,0.28949976,0.50372875,0.13341387
2014-11-13,PLAYAS,Antioquia,63.3,576667000.0,427530000.0,134.88339999532198,20.329254,0.0008239746,-0.20214844,1013.2527,22.750458,0.71,0.89120865,0.37515163,0.14406443,0.49998125,0.20215012
2014-11-14,PLAYAS,Antioquia,77.49000000000001,659104000.0,427530000.0,154.1655556335228,20.350311,0.16690826,-0.028556824,1013.6672,22.754517,0.71,0.4042387,0.3209114,0.09804964,0.49975857,0.16933358
2014-11-15,PLAYAS,Antioquia,74.41,383806000.0,427530000.0,89.77288143522092,20.065887,-0.31952667,-0.15187073,1014.13794,22.774963,0.71,0.07677078,0.1937151,0.011861324,0.49225456,0.35378242
2014-11-16,PLAYAS,Antioquia,64.61,331592000.0,427530000.0,77.55993731434052,20.468231,0.039424896,0.04139328,1013.9553,22.945526,0.71,0.035643578,0.15127659,0.0017285347,0.48289156,0.05716403
2014-11-17,PLAYAS,Antioquia,61.18,324067000.0,427530000.0,75.79982691273128,21.613983,0.04712677,0.022415161,1012.54376,22.678558,0.71,0.005364418,0.13113022,0.00029802322,0.47330084,0.052185934
2014-11-18,PLAYAS,Antioquia,63.2,324694000.0,427530000.0,75.9464832877225,22.084076,0.12136078,-0.18429947,1013.16327,22.558594,0.71,0.26214123,0.13285875,0.017285347,0.47513983,0.22066884
2014-11-19,PLAYAS,Antioquia,58.38,301088000.0,427530000.0,70.42499941524571,20.747833,0.03060913,-0.48875046,1013.33734,22.572998,0.71,0.57947636,0.27680397,0.17160177,0.49365148,0.489708
2014-11-20,PLAYAS,Antioquia,66.25999999999999,279395000.0,427530000.0,65.3509695226066,20.911224,-0.0034446716,-0.18231964,1012.6103,22.583038,0.71,0.04708767,0.10561943,0.006198883,0.5009958,0.18235219
2014-11-21,PLAYAS,Antioquia,71.3,324960000.0,427530000.0,76.00870114377939,21.157196,0.0012283325,-0.42102432,1013.3022,22.470062,0.71,0.16975403,0.108361244,0.015109777,0.4938405,0.4210261
2014-11-22,PLAYAS,Antioquia,67.95,333685000.0,427530000.0,78.04949360278812,20.747223,0.07782745,-0.280056,1013.22314,22.425934,0.71,0.044584274,0.09173155,0.004976988,0.49040604,0.29066902
2014-11-23,PLAYAS,Antioquia,60.440000000000005,374621000.0,427530000.0,87.6244941875424,21.390717,-0.22370148,-0.18981934,1011.6853,22.395447,0.71,0.023841858,0.08171797,0.0009834766,0.48608768,0.29338324
2014-11-24,PLAYAS,Antioquia,78.36999999999999,529763000.0,427530000.0,123.91247397843426,21.978363,0.108047485,-0.04510498,1011.26,22.417084,0.71,0.033140182,0.077843666,0.002503395,0.47686648,0.117084235
2014-11-25,PLAYAS,Antioquia,77.99000000000001,325904000.0,427530000.0,76.22950436226698,21.896515,-0.07356262,0.054019928,1011.8025,22.373016,0.71,0.012516975,0.07098913,0.0004172325,0.47228354,0.09126671
2014-11-26,PLAYAS,Antioquia,78.25,321629000.0,427530000.0,75.22957453278133,20.02359,-0.36300278,-0.35826492,1013.0172,22.590607,0.71,0.731349,0.17040968,0.10424852,0.48845905,0.5100243
2014-11-27,PLAYAS,Antioquia,82.5,281151000.0,427530000.0,65.76170093326785,20.632477,-0.217453,-0.32767487,1012.8789,22.846954,0.71,0.09596348,0.06908178,0.006198883,0.48885638,0.39326406
2014-11-28,PLAYAS,Antioquia,76.74,262036000.0,427530000.0,61.29066966060861,21.657135,-0.09049225,-0.080905914,1011.15466,22.947632,0.71,0.009417534,0.059604645,0.00023841858,0.4751891,0.12138622
2014-11-29,PLAYAS,Antioquia,70.71,239177000.0,427530000.0,55.943910368863,22.13095,-0.13801956,0.061210632,1010.5513,22.972656,0.71,0.02002716,0.05686283,0.001013279,0.4660826,0.1509839
2014-11-30,PLAYAS,Antioquia,65.60000000000001,340356000.0,427530000.0,79.60985194021472,22.94223,0.09340286,0.04899597,1010.9389,22.843475,0.71,0.18763542,0.05888939,0.0064373016,0.46702448,0.10547369
2014-12-01,PLAYAS,Antioquia,74.77000000000001,472472000.0,313220000.0,150.84349658387077,22.65274,-0.049438477,0.18531418,1011.3125,22.609192,0.77,0.067830086,0.050902367,0.0012516975,0.4569015,0.19179548
2014-12-02,PLAYAS,Antioquia,86.11,369298000.0,313220000.0,117.90370985249984,22.010406,0.012355804,0.46757507,1009.1395,22.325653,0.77,0.1347065,0.049173832,0.0023245811,0.456657,0.4677383
2014-12-03,PLAYAS,Antioquia,87.21,254472000.0,313220000.0,81.24385416001533,22.153595,-0.34222412,0.22301483,1008.9416,22.227753,0.77,0.009298325,0.044882298,0.00071525574,0.45060802,0.40847638
2014-12-04,PLAYAS,Antioquia,83.16,240594000.0,313220000.0,76.81310261158292,21.795074,-0.0259552,0.18016052,1011.3663,22.305511,0.77,0.05364418,0.044226646,0.0020563602,0.44928822,0.18202057
2014-12-05,PLAYAS,Antioquia,85.57000000000001,276470000.0,313220000.0,88.26703275652896,21.70401,-0.11537552,0.36737823,1013.01404,22.372437,0.77,0.30100346,0.06133318,0.02092123,0.4533686,0.38506916
2014-12-06,PLAYAS,Antioquia,95.18,282341000.0,313220000.0,90.14143413575124,20.4216,0.079753876,-0.1584816,1013.0803,22.343445,0.77,0.4274845,0.11897087,0.07981062,0.47670516,0.17741786
2014-12-07,PLAYAS,Antioquia,104.05,361940000.0,313220000.0,115.55456228848732,20.398834,0.08187866,-0.119400024,1012.6945,22.300903,0.77,0.21266937,0.072300434,0.033080578,0.4911209,0.14477734
2014-12-08,PLAYAS,Antioquia,107.92,326690000.0,313220000.0,104.30049166719876,20.641144,-0.09277344,-0.15706253,1012.09576,22.566193,0.77,0.22864342,0.08058548,0.043034554,0.49150443,0.18241587
2014-12-09,PLAYAS,Antioquia,90.27,385078000.0,313220000.0,122.94170231785968,20.45224,-0.10883331,0.025512695,1011.7534,22.722015,0.77,0.08094311,0.045239925,0.008165836,0.48981073,0.11178366
2014-12-10,PLAYAS,Antioquia,75.38,412779000.0,313220000.0,131.7856458719111,20.436737,0.05435562,-0.10387421,1011.82904,23.305023,0.77,0.31864643,0.13244152,0.09572506,0.4989836,0.11723644
2014-12-11,PLAYAS,Antioquia,63.63,407490000.0,313220000.0,130.09705638209564,20.839325,-0.23098755,-0.08600998,1013.5761,23.40561,0.77,0.18942356,0.06991625,0.02527237,0.4985345,0.24648117
2014-12-12,PLAYAS,Antioquia,69.89999999999999,290336000.0,313220000.0,92.6939531319839,21.536896,0.18214417,-0.062278748,1013.9183,23.237762,0.77,0.011086464,0.0577569,0.00035762787,0.4904438,0.19249712
2014-12-13,PLAYAS,Antioquia,68.41000000000001,314399000.0,313220000.0,100.37641274503544,20.306671,0.2742691,0.08098602,1013.572,23.371826,0.77,0.3734827,0.109910965,0.047028065,0.49750277,0.28597602
2014-12-14,PLAYAS,Antioquia,71.77,306037000.0,313220000.0,97.70672370857544,21.033905,-0.070762634,-0.19251251,1013.5092,23.666718,0.77,1.3215542,0.5953312,0.42498112,0.50520176,0.20510587
2014-12-15,PLAYAS,Antioquia,58.28,292387000.0,313220000.0,93.34876444671475,20.172455,-0.15380478,-0.0716095,1014.1761,23.65445,0.77,1.2640953,0.54091215,0.39711595,0.49968243,0.16965798
2014-12-16,PLAYAS,Antioquia,65.82000000000001,263428000.0,313220000.0,84.10318625885958,21.083221,-0.19741058,-0.28242874,1014.53925,23.502075,0.77,0.06365776,0.1320839,0.0070035458,0.49040955,0.34458226
2014-12-17,PLAYAS,Antioquia,57.07,233958000.0,313220000.0,74.69446395504758,21.103363,-0.36556244,0.09670639,1014.3197,23.18283,0.77,0.08106232,0.12362003,0.005453825,0.48431832,0.3781376
2014-12-18,PLAYAS,Antioquia,58.28,249494000.0,313220000.0,79.65455590319903,21.522003,-0.1968689,-0.07038498,1013.66,23.031158,0.77,0.10597706,0.11610985,0.0059604645,0.48514444,0.20907272
2014-12-19,PLAYAS,Antioquia,54.99000000000001,232057000.0,313220000.0,74.08754230253496,21.620758,-0.32206726,-0.21136856,1012.5533,22.850098,0.77,0.02515316,0.10240078,0.0009834766,0.47993037,0.3852324
2014-12-20,PLAYAS,Antioquia,62.34,255396000.0,313220000.0,81.53885447927975,22.000214,0.060890198,0.173172,1012.73315,22.764618,0.77,0.1090765,0.0975132,0.0044703484,0.4733279,0.18356512
2014-12-21,PLAYAS,Antioquia,73.92,226919000.0,313220000.0,72.44716173935252,21.447723,-0.66457367,-0.14160156,1012.9203,22.68161,0.77,0.06484985,0.09149313,0.0056028366,0.47441244,0.6794919
2014-12-22,PLAYAS,Antioquia,84.35000000000001,208314000.0,313220000.0,66.5072473022157,21.879608,-0.493721,0.28577042,1011.8008,22.548431,0.77,0.017881393,0.07921457,0.00047683716,0.4675157,0.5704605
2014-12-23,PLAYAS,Antioquia,94.59,208968000.0,313220000.0,66.71604622948726,21.878815,-0.004749298,0.27261734,1010.1092,22.448425,0.77,0.0009536743,0.07224083,0.0,0.4530952,0.2726587
2014-12-24,PLAYAS,Antioquia,75.88000000000001,192063000.0,313220000.0,61.31888129749058,21.845367,-0.26644135,0.047683716,1011.21924,22.467865,0.77,0.00059604645,0.06598234,0.0,0.44092274,0.2706746
2014-12-25,PLAYAS,Antioquia,58.48,251664000.0,313220000.0,80.3473596832897,21.653412,-0.17923737,-0.11512375,1012.59766,22.621948,0.77,0.011205673,0.061690807,0.00071525574,0.43489704,0.21302466
2014-12-26,PLAYAS,Antioquia,50.62,225403000.0,313220000.0,71.96315688653343,22.840302,-0.13266373,0.52970505,1010.6344,22.61258,0.77,0.0027418137,0.056385994,0.0,0.43058944,0.5460651
2014-12-27,PLAYAS,Antioquia,50.62,182427000.0,313220000.0,58.24244939659026,21.377655,-0.34226227,0.18117905,1011.8861,22.573944,0.77,0.0,0.052154064,0.0,0.42225373,0.3872587
2014-12-28,PLAYAS,Antioquia,46.82,166040000.0,313220000.0,53.01066343145393,22.456024,-0.230793,-0.0037155151,1012.32,22.875366,0.77,0.0113248825,0.04863739,0.00017881393,0.41781068,0.2308229
2014-12-29,PLAYAS,Antioquia,72.25,184621000.0,313220000.0,58.94291552263585,22.170868,-0.15102386,0.001373291,1012.70795,23.022003,0.77,0.013113022,0.045239925,0.00017881393,0.40966138,0.15103011
2014-12-30,PLAYAS,Antioquia,65.16,221453000.0,313220000.0,70.70206244811953,21.852875,-0.28059387,0.05305481,1013.3047,23.166443,0.77,0.01859665,0.042259693,0.00017881393,0.40440017,0.28556564
2014-12-31,PLAYAS,Antioquia,72.13000000000001,204231000.0,313220000.0,65.20369069663495,22.322723,-0.07626724,0.013996124,1012.08954,23.29361,0.77,0.014781952,0.039696693,0.00023841858,0.39960015,0.07754085
2015-01-01,PLAYAS,Antioquia,71.89,195284000.0,232710000.0,83.91732198874135,22.66446,0.062412262,0.21919632,1011.70044,23.373718,0.69,0.05221367,0.0590086,0.0010728836,0.37932885,0.22790857
2015-01-02,PLAYAS,Antioquia,81.45,163599000.0,232710000.0,70.30166301405183,22.509918,-0.10294342,0.4004364,1011.1233,23.633942,0.69,0.00059604645,0.062048435,0.0,0.3735289,0.41345695
2015-01-03,PLAYAS,Antioquia,81.45,178611000.0,232710000.0,76.75261054531391,21.940765,-0.18621826,0.36655807,1010.72437,23.67688,0.69,0.0,0.059068203,0.0,0.36400965,0.41114727
2015-01-04,PLAYAS,Antioquia,84.22,178319000.0,232710000.0,76.62713248248893,21.96817,-0.23741913,0.53159714,1011.77435,23.574188,0.69,0.0,0.056266785,0.0,0.35467783,0.5822056
2015-01-05,PLAYAS,Antioquia,74.65,155121000.0,232710000.0,66.65850199819518,22.394318,-0.42126083,0.20505905,1012.40906,23.58664,0.69,0.0,0.05340576,0.0,0.34607467,0.46851882
2015-01-06,PLAYAS,Antioquia,68.75,214011000.0,232710000.0,91.964677065876,21.71347,-0.14279556,0.29689026,1011.6611,23.536133,0.69,0.0,0.051021576,0.0,0.3397336,0.3294456
2015-01-07,PLAYAS,Antioquia,73.2,159720000.0,232710000.0,68.63478148768853,21.247162,-0.026603699,0.31801987,1010.0464,23.554474,0.69,0.0,0.0487566,0.0,0.3331408,0.3191307
2015-01-08,PLAYAS,Antioquia,75.88000000000001,145813000.0,232710000.0,62.65867388595248,21.081757,-0.2013359,0.29140854,1011.0186,23.556915,0.69,0.0,0.046610832,0.0,0.32692516,0.3541964
2015-01-09,PLAYAS,Antioquia,73.08,168234000.0,232710000.0,72.29341240170169,22.170807,-0.18117142,0.4804039,1011.22577,23.575623,0.69,0.0,0.04464388,0.0,0.3216073,0.5134306
2015-01-10,PLAYAS,Antioquia,61.81,137863000.0,232710000.0,59.24240470972455,23.221466,-0.1535492,0.2492714,1012.1813,23.654816,0.69,0.0027418137,0.042915344,5.9604645e-05,0.32055447,0.2927688
2015-01-11,PLAYAS,Antioquia,64.61,172769000.0,232710000.0,74.24218985002793,22.783417,-0.4317305,0.34550858,1011.41437,23.876587,0.69,0.0,0.041007996,0.0,0.3178498,0.5529624
2015-01-12,PLAYAS,Antioquia,68.63,160652000.0,232710000.0,69.03527996218469,23.219635,-0.40668488,0.3305359,1011.39624,24.224335,0.69,0.004172325,0.03951788,0.00017881393,0.3144709,0.52406734
2015-01-13,PLAYAS,Antioquia,57.87,245926000.0,232710000.0,105.67917150100983,21.152496,0.24773407,-0.31132507,1011.71063,24.243378,0.69,0.26464462,0.041604042,0.0036358833,0.35645765,0.39786363
2015-01-14,PLAYAS,Antioquia,53.44,162592000.0,232710000.0,69.86893558506296,22.165436,-0.36286926,0.04254532,1011.8097,24.159576,0.69,0.04553795,0.0384748,0.0019967556,0.35397282,0.3653549
2015-01-15,PLAYAS,Antioquia,60.86,173042000.0,232710000.0,74.35950324438141,22.169098,0.16867065,-0.072647095,1012.5517,24.061615,0.69,0.27441978,0.040113926,0.004708767,0.3678711,0.18365018
2015-01-16,PLAYAS,Antioquia,68.17999999999999,193754000.0,232710000.0,83.25985131708994,21.370575,-0.110961914,-0.040115356,1013.7036,24.061127,0.69,0.18429756,0.038921833,0.0046491623,0.3779548,0.11799063
2015-01-17,PLAYAS,Antioquia,64.5,166628000.0,232710000.0,71.60328305616433,21.30783,-0.1724472,0.018791199,1014.34674,24.157257,0.69,0.37276745,0.041246414,0.008165836,0.38917756,0.17346801
2015-01-18,PLAYAS,Antioquia,62.66,163542000.0,232710000.0,70.27716900863736,20.950043,0.08836365,-0.13252258,1014.78546,24.191742,0.69,0.09381771,0.035107136,0.0028014183,0.41589925,0.15928079
2015-01-19,PLAYAS,Antioquia,54.6,180665000.0,232710000.0,77.63525417902109,21.695587,-0.21665955,-0.053775787,1013.8817,24.071014,0.69,0.13041496,0.037312508,0.0057816505,0.45987585,0.22323349
2015-01-20,PLAYAS,Antioquia,46.91,201529000.0,232710000.0,86.60091959950152,21.336761,0.17409897,-0.14326477,1012.3617,23.964996,0.69,0.07498264,0.03218651,0.00166893,0.4387066,0.22546673
2015-01-21,PLAYAS,Antioquia,72.6,331211000.0,232710000.0,142.3277899531606,20.49234,0.121315,-0.2430458,1013.2424,23.916748,0.69,0.197649,0.043272972,0.013232231,0.46068007,0.27164057
2015-01-22,PLAYAS,Antioquia,88.17,360290000.0,232710000.0,154.82360018907653,20.619965,0.122657776,-0.13901138,1014.1439,23.965729,0.69,0.22828579,0.03528595,0.006377697,0.46968347,0.18538904
2015-01-23,PLAYAS,Antioquia,87.33999999999999,429452000.0,232710000.0,184.54385286407972,20.326508,-0.15025711,0.061893463,1014.4172,23.995117,0.69,0.12505054,0.035643578,0.007212162,0.4721563,0.16250539
2015-01-24,PLAYAS,Antioquia,83.82,349329000.0,232710000.0,150.11344591981438,20.345428,-0.07121658,-0.24604797,1013.1205,23.921844,0.69,0.16152859,0.040233135,0.012218952,0.46788186,0.25614724
2015-01-25,PLAYAS,Antioquia,67.61,293364000.0,232710000.0,126.06420007734948,21.571625,-0.318676,0.14223099,1012.1241,23.82425,0.69,0.034213066,0.02837181,0.0011324883,0.457953,0.3489757
2015-01-26,PLAYAS,Antioquia,69.89999999999999,159650000.0,232710000.0,68.604701130162,21.908417,-0.16925812,-0.239254,1011.6838,23.967743,0.69,0.051021576,0.028729439,0.0018179417,0.4425557,0.2930713
2015-01-27,PLAYAS,Antioquia,63.3,155961000.0,232710000.0,67.0194662885136,21.865448,-0.15244675,0.022773743,1012.90393,24.179169,0.69,0.060915947,0.030040741,0.0039041042,0.4365404,0.15413843
2015-01-28,PLAYAS,Antioquia,57.98,173490000.0,232710000.0,74.55201753255125,20.574554,0.03666687,0.0035591125,1012.73267,24.19931,0.69,0.12099743,0.03296137,0.007122755,0.45254546,0.0368392
2015-01-29,PLAYAS,Antioquia,74.16,233690000.0,232710000.0,100.42112500537152,21.479095,-0.022857666,0.3457718,1010.86127,24.128113,0.69,0.011920929,0.025212765,0.00011920929,0.44550422,0.34652647
2015-01-30,PLAYAS,Antioquia,86.79,226280000.0,232710000.0,97.23690430149112,22.075409,-0.02462387,0.00497818,1011.84686,23.990173,0.69,0.1963377,0.030398369,0.0057816505,0.438876,0.025122046
2015-01-31,PLAYAS,Antioquia,83.95,304139000.0,232710000.0,130.69442653946973,21.247467,0.017932892,-0.053649902,1012.53033,23.874176,0.69,0.18155575,0.029325485,0.005185604,0.43660894,0.05656766
2015-02-01,PLAYAS,Antioquia,94.44,305455000.0,208900000.0,146.22067975107706,21.729767,0.2837677,0.2855301,1012.2586,23.789581,0.61,0.034213066,0.024676323,0.0010728836,0.4272643,0.40255627
2015-02-02,PLAYAS,Antioquia,103.27,200280000.0,208900000.0,95.87362374341792,22.159698,-0.2358284,0.06123352,1011.84686,23.901093,0.61,0.004053116,0.02336502,0.0,0.4137265,0.24364847
2015-02-03,PLAYAS,Antioquia,90.69,231926000.0,208900000.0,111.02249880325516,22.511444,-0.28123093,0.4435196,1011.78766,23.871979,0.61,0.039100647,0.024139881,0.0012516975,0.40795636,0.5251671
2015-02-04,PLAYAS,Antioquia,72.96000000000001,153394000.0,208900000.0,73.42939205361418,22.05661,-0.27336884,0.2735138,1010.9258,23.973053,0.61,0.008702278,0.022470951,0.00011920929,0.4024582,0.38670444
2015-02-05,PLAYAS,Antioquia,76.25,146218000.0,208900000.0,69.99425562470081,22.827911,-0.38298035,0.030090332,1010.9472,24.100159,0.61,0.0026226044,0.021994114,0.0,0.39448625,0.3841606
2015-02-06,PLAYAS,Antioquia,76.25,260290000.0,208900000.0,124.60028721876496,21.085175,0.27605057,-0.09634018,1012.9487,24.089142,0.61,0.2156496,0.027656555,0.005841255,0.4072759,0.29237875
2015-02-07,PLAYAS,Antioquia,82.63000000000001,223556000.0,208900000.0,107.01579703207275,20.163177,-0.15242767,-0.08666229,1013.1364,24.120056,0.61,0.36597252,0.034749508,0.013291836,0.424733,0.17534123
2015-02-08,PLAYAS,Antioquia,77.12,272725000.0,208900000.0,130.55289612254668,20.448334,-0.0743103,0.04632187,1014.40015,24.172485,0.61,0.29945374,0.05441904,0.032901764,0.43299156,0.087565616
2015-02-09,PLAYAS,Antioquia,86.66,278201000.0,208900000.0,133.17424605074197,20.523163,-0.010124207,0.07720566,1014.42017,24.798553,0.61,0.5993843,0.22125244,0.10365248,0.4818634,0.077866636
2015-02-10,PLAYAS,Antioquia,93.71,326729000.0,208900000.0,156.40449976065102,20.621552,-0.012348175,-0.12107468,1013.42456,24.83371,0.61,0.5043745,0.10102987,0.07098913,0.49285167,0.12170273
2015-02-11,PLAYAS,Antioquia,92.7,274526000.0,208900000.0,131.41503111536622,21.004913,0.07270813,0.12753677,1013.97144,24.933594,0.61,0.07867813,0.039756298,0.0042915344,0.4804639,0.14680634
2015-02-12,PLAYAS,Antioquia,81.45,228907000.0,208900000.0,109.5773097175682,21.253326,-0.09143448,0.14907455,1014.4405,24.971802,0.61,0.22232533,0.054091215,0.012814999,0.47128743,0.17488135
2015-02-13,PLAYAS,Antioquia,102.63,647114000.0,208900000.0,309.772139779799,21.869293,0.17248917,-0.07939148,1014.21375,24.88556,0.61,0.1887083,0.050902367,0.0062584877,0.4687847,0.18988292
2015-02-14,PLAYAS,Antioquia,84.49,279729000.0,208900000.0,133.90569650550503,22.4487,0.13503647,0.024730682,1013.7539,25.041473,0.61,0.045657158,0.048279762,0.002592802,0.46805286,0.13728239
2015-02-15,PLAYAS,Antioquia,78.75,244634000.0,208900000.0,117.10579224509334,22.515717,-0.29095078,-0.11223602,1012.5836,25.171753,0.61,0.06377697,0.04941225,0.0036656857,0.46076554,0.31184816
2015-02-16,PLAYAS,Antioquia,85.84,194717000.0,208900000.0,93.2106270943035,22.81308,-0.18079758,0.068595886,1011.8627,25.506958,0.61,0.06270409,0.048696995,0.003874302,0.45313805,0.19337311
2015-02-17,PLAYAS,Antioquia,73.32,199006000.0,208900000.0,95.26376256582095,23.435028,-0.2072525,-0.27778625,1011.8027,25.513092,0.61,0.00834465,0.044196844,0.00017881393,0.44164315,0.34658158
2015-02-18,PLAYAS,Antioquia,74.77000000000001,149729000.0,208900000.0,71.67496409765438,22.213043,0.11833191,-0.038837433,1013.5048,25.580322,0.61,0.1513958,0.05197525,0.008940697,0.4402138,0.12454231
2015-02-19,PLAYAS,Antioquia,75.26,191790000.0,208900000.0,91.80947821924366,22.410248,-0.16076279,-0.2769394,1013.8497,25.68689,0.61,0.049948692,0.044226646,0.0020861626,0.44516128,0.32021883
2015-02-20,PLAYAS,Antioquia,72.84,149040000.0,208900000.0,71.34514121589277,21.33847,-0.24129868,-0.29820633,1013.28375,26.05893,0.61,0.020980835,0.04184246,0.00047683716,0.438984,0.38360405
2015-02-21,PLAYAS,Antioquia,80.25999999999999,182190000.0,208900000.0,87.21397797989468,21.621185,-0.310112,-0.38131714,1013.0153,26.256134,0.61,0.053048134,0.040769577,0.00047683716,0.42926964,0.49149996
2015-02-22,PLAYAS,Antioquia,86.92999999999999,148174000.0,208900000.0,70.93058879846816,22.085175,-0.13207626,0.0049819946,1012.10425,25.966248,0.61,0.0320673,0.039994717,0.001013279,0.41975045,0.13217019
2015-02-23,PLAYAS,Antioquia,73.44000000000001,156838000.0,208900000.0,75.07802776448061,22.370575,-0.18534088,-0.09834671,1011.4306,25.509369,0.61,0.0013113022,0.038206577,0.0,0.40831822,0.20981734
2015-02-24,PLAYAS,Antioquia,67.72,175517000.0,208900000.0,84.01962661560556,22.384003,-0.016384125,-0.16244507,1011.7136,25.364471,0.61,0.10097027,0.043809414,0.006914139,0.40680903,0.16326922
2015-02-25,PLAYAS,Antioquia,66.38,154106000.0,208900000.0,73.77022498803255,22.169891,0.041366577,0.056121826,1012.1614,25.339478,0.61,0.057458878,0.038683414,0.0029802322,0.41858575,0.069719814
2015-02-26,PLAYAS,Antioquia,66.71000000000001,195246000.0,208900000.0,93.46385830540927,21.99466,-0.026123047,-0.0121536255,1012.255,25.383698,0.61,0.13935566,0.040888786,0.006198883,0.41649276,0.028811876
2015-02-27,PLAYAS,Antioquia,64.94,193578000.0,208900000.0,92.6653901388224,22.141083,-0.034053802,-0.19050217,1012.0711,25.366486,0.61,0.2541542,0.03886223,0.00500679,0.4261008,0.19352192
2015-02-28,PLAYAS,Antioquia,73.2,234273000.0,208900000.0,112.14600287218764,22.301178,0.31033707,-0.02747345,1012.2406,25.287018,0.61,0.1128912,0.03528595,0.0026226044,0.4223369,0.31155077
2015-03-01,PLAYAS,Antioquia,70.36,225456000.0,226580000.0,99.50392797246006,21.84964,0.10802078,-0.4856758,1012.6889,25.240509,0.65,0.49960613,0.065118074,0.033289194,0.44391096,0.49754345
2015-03-02,PLAYAS,Antioquia,80.54,211099000.0,226580000.0,93.1675346455998,21.139496,-0.0077781677,-0.2728157,1012.6456,25.081146,0.65,0.10371208,0.0371933,0.0060796738,0.46104562,0.27292657
2015-03-03,PLAYAS,Antioquia,76.74,170333000.0,226580000.0,75.17565539765204,22.267487,-0.033985138,-0.066207886,1011.36206,25.022247,0.65,0.08749962,0.034034252,0.0036358833,0.45023584,0.07442092
2015-03-04,PLAYAS,Antioquia,71.07,162986000.0,226580000.0,71.93309206461294,22.445831,-0.31645203,-0.09272385,1010.7128,24.96994,0.65,0.09763241,0.034689903,0.005066395,0.43682092,0.32975686
2015-03-05,PLAYAS,Antioquia,80.03,184173000.0,226580000.0,81.28387324565274,22.247894,0.39994812,-0.10349274,1011.3875,25.092285,0.65,0.13256073,0.034868717,0.0060796738,0.43392003,0.41312134
2015-03-06,PLAYAS,Antioquia,78.5,193902000.0,226580000.0,85.57772089328273,21.728485,0.04030609,-0.0121154785,1011.58844,25.039734,0.65,0.15962124,0.030696392,0.0026524067,0.43846038,0.042087596
2015-03-07,PLAYAS,Antioquia,74.65,210119000.0,226580000.0,92.73501632977316,21.548065,0.13434982,-0.08847046,1011.97034,24.79361,0.65,0.34677982,0.036776066,0.0094771385,0.43372688,0.16086298
2015-03-08,PLAYAS,Antioquia,68.86,200575000.0,226580000.0,88.52281754788595,23.07016,-0.11281586,0.27495956,1009.6833,24.609772,0.65,0.33342838,0.056624413,0.029921532,0.42807442,0.29720393
2015-03-09,PLAYAS,Antioquia,76.49000000000001,123982000.0,226580000.0,54.71886309471269,22.158417,-0.041217804,0.43634796,1008.04266,24.529816,0.65,0.0,0.026106834,0.0,0.4098863,0.4382904
2015-03-10,PLAYAS,Antioquia,79.25999999999999,268219000.0,226580000.0,118.37717362520964,24.279083,0.19736099,0.36876297,1009.3884,24.782104,0.65,0.006556511,0.025570393,0.00035762787,0.39939693,0.4182553
2015-03-11,PLAYAS,Antioquia,76.74,207179000.0,226580000.0,91.43746138229322,24.264923,0.29559326,0.032260895,1009.6986,24.894745,0.65,0.00059604645,0.024735928,0.0,0.39040917,0.2973485
2015-03-12,PLAYAS,Antioquia,74.65,191732000.0,226580000.0,84.62000176538088,23.756012,-0.14550018,-0.20476532,1009.82935,25.074677,0.65,0.0,0.024020672,0.0,0.3816598,0.25119543
2015-03-13,PLAYAS,Antioquia,75.02,234310000.0,226580000.0,103.41159855238767,22.462128,-0.01789093,0.053646088,1009.9497,24.999878,0.65,0.11229515,0.025868416,0.0023841858,0.390963,0.056550756
2015-03-14,PLAYAS,Antioquia,82.76,209509000.0,226580000.0,92.46579574543208,21.887482,0.41650772,-0.099731445,1010.6575,25.037842,0.65,0.22232533,0.029742718,0.00667572,0.40133807,0.4282815
2015-03-15,PLAYAS,Antioquia,74.29,170335000.0,226580000.0,75.1765380880925,21.64505,0.24443817,-0.3070221,1011.5033,25.250397,0.65,0.24485588,0.062942505,0.018835068,0.42597437,0.39244437
2015-03-16,PLAYAS,Antioquia,80.80000000000001,149612000.0,226580000.0,66.03054108924,22.184967,0.19262695,0.031280518,1012.0386,25.537018,0.65,0.18644333,0.028252602,0.005811453,0.4312684,0.19515023
2015-03-17,PLAYAS,Antioquia,75.02,147937000.0,226580000.0,65.29128784535263,21.958588,0.09443283,0.0070381165,1012.73517,25.518799,0.65,0.22637844,0.030815601,0.0075101852,0.43871903,0.09469475
2015-03-18,PLAYAS,Antioquia,70.02000000000001,192214000.0,226580000.0,84.83273016153235,20.69693,-0.15592957,0.32107544,1012.8747,25.581604,0.65,0.6417036,0.11527538,0.06592274,0.46787095,0.35693622
2015-03-19,PLAYAS,Antioquia,71.45,335997000.0,226580000.0,148.29066996204432,19.511383,-0.010845184,-0.022403717,1014.1044,25.772644,0.65,0.57041645,0.10031462,0.054180622,0.4880948,0.024890652
2015-03-20,PLAYAS,Antioquia,82.77,262748000.0,226580000.0,115.9625739253244,20.78769,-0.40008545,-0.26207733,1015.3156,26.076874,0.65,0.27894974,0.093102455,0.031530857,0.48706394,0.47828117
2015-03-21,PLAYAS,Antioquia,73.32,301494000.0,226580000.0,133.062935828405,21.16568,0.017433167,-0.14308167,1015.5631,26.347198,0.65,0.42903423,0.17118454,0.06097555,0.49803406,0.14413978
2015-03-22,PLAYAS,Antioquia,59.72,248830000.0,226580000.0,109.81993115014564,21.634125,-0.11264801,-0.035606384,1014.97546,26.617401,0.65,0.08869171,0.19681454,0.0066161156,0.4941339,0.11814139
2015-03-23,PLAYAS,Antioquia,67.84,189244000.0,226580000.0,83.52193485744549,21.20523,-0.119132996,-0.11276245,1015.17456,26.910248,0.65,0.22399426,0.18060207,0.013887882,0.49390465,0.1640367
2015-03-24,PLAYAS,Antioquia,71.07,139577000.0,226580000.0,61.60164180421926,21.539215,-0.17297745,-0.14516449,1015.5636,27.074646,0.65,0.18906593,0.20134449,0.007927418,0.48681158,0.22581835
2015-03-25,PLAYAS,Antioquia,61.31999999999999,149853000.0,226580000.0,66.13690528731574,21.5784,0.23031235,-0.091495514,1014.8903,27.140686,0.65,0.13041496,0.1321435,0.005811453,0.47868556,0.24782093
2015-03-26,PLAYAS,Antioquia,49.33,199230000.0,226580000.0,87.9292082266749,21.906036,-0.13490295,-0.17204285,1014.0731,27.204773,0.65,0.14603138,0.124931335,0.013738871,0.486768,0.2186265
2015-03-27,PLAYAS,Antioquia,42.71,164234000.0,226580000.0,72.48389089946156,22.339325,0.303051,-0.12615967,1013.39874,27.313904,0.65,0.051617622,0.101327896,0.0022649765,0.48065382,0.32826236
2015-03-28,PLAYAS,Antioquia,74.89,226584000.0,226580000.0,100.00176538088093,21.860443,0.2305069,-0.03573227,1014.52045,27.068481,0.65,0.06377697,0.09286404,0.0032186508,0.48858756,0.23325999
2015-03-29,PLAYAS,Antioquia,83.93,246306000.0,226580000.0,108.70597581428194,20.730804,0.0055389404,-0.061332703,1015.4858,26.924744,0.65,0.3027916,0.09679794,0.012516975,0.4930272,0.061582305
2015-03-30,PLAYAS,Antioquia,83.69,244017000.0,226580000.0,107.69573660517256,21.192047,0.00705719,-0.034763336,1014.8734,27.366333,0.65,0.19979477,0.095784664,0.013291836,0.48819798,0.03547243
2015-03-31,PLAYAS,Antioquia,80.16,289976000.0,226580000.0,127.97952158178128,21.769806,-0.13350296,-0.07670212,1013.7511,27.258362,0.65,0.10728836,0.18721819,0.01579523,0.48523977,0.15396836
2015-04-01,PLAYAS,Antioquia,74.16,230229000.0,313860000.0,73.35404320397629,22.289581,0.25003052,0.17673111,1012.9872,27.154114,0.81,0.04172325,0.18429756,0.0013113022,0.48069972,0.30618483
2015-04-02,PLAYAS,Antioquia,67.67999999999999,209856000.0,313860000.0,66.86293251768303,22.335846,0.34280014,-0.13237381,1013.14703,26.934326,0.81,0.071167946,0.15830994,0.004172325,0.47779572,0.36747074
2015-04-03,PLAYAS,Antioquia,91.46,338829000.0,313860000.0,107.95545784744792,21.052826,0.06170273,0.16438293,1012.3311,26.784332,0.81,0.17988682,0.1359582,0.0060796738,0.48546785,0.17558181
2015-04-04,PLAYAS,Antioquia,105.01,289030000.0,313860000.0,92.08882941438858,21.708893,0.30107117,-0.19758606,1011.42487,26.69345,0.81,0.006198883,0.11229515,0.00023841858,0.4773305,0.36011678
2015-04-05,PLAYAS,Antioquia,96.06,257402000.0,313860000.0,82.01172497291786,21.614227,-0.0795517,-0.011493683,1011.15717,26.637146,0.81,0.18405914,0.11706352,0.015974045,0.47823134,0.08037771
2015-04-06,PLAYAS,Antioquia,95.18,247680000.0,313860000.0,78.91416555151979,21.819305,0.22450638,-0.21694946,1010.835,26.565735,0.81,0.022172928,0.09071827,0.0018775463,0.4697674,0.31220216
2015-04-07,PLAYAS,Antioquia,113.36,401876000.0,313860000.0,128.04307653093736,22.116364,0.38121796,0.11310959,1010.65515,26.481964,0.81,0.315547,0.12874603,0.048041344,0.46858782,0.39764422
2015-04-08,PLAYAS,Antioquia,106.34,476688000.0,313860000.0,151.8791818008029,21.255707,0.014225006,0.27178192,1011.47076,26.676056,0.81,0.48720837,0.19353628,0.048339367,0.48562974,0.27215394
2015-04-09,PLAYAS,Antioquia,95.63,259392000.0,313860000.0,82.645765627987,23.059235,-0.014591217,0.06588745,1011.1167,26.76175,0.81,0.052571297,0.07772446,0.0056624413,0.47329533,0.067483775
2015-04-10,PLAYAS,Antioquia,80.23,276618000.0,313860000.0,88.13419996176638,23.22348,-0.21109009,0.4150734,1011.2703,26.722351,0.81,0.007390976,0.06836653,0.00017881393,0.45990333,0.46566615
2015-04-11,PLAYAS,Antioquia,89.56,562613000.0,313860000.0,179.2560377238259,22.423004,-0.28110886,0.10385132,1011.95874,26.637512,0.81,0.00011920929,0.064492226,0.0,0.4478032,0.29967865
2015-04-12,PLAYAS,Antioquia,86.11,236962000.0,313860000.0,75.49926718919264,23.558502,-0.31166077,0.4868698,1012.427,26.508118,0.81,0.008940697,0.061154366,0.00011920929,0.43680432,0.57807845
2015-04-13,PLAYAS,Antioquia,84.76,242810000.0,313860000.0,77.36251832027018,23.499908,0.030231476,-0.094875336,1013.08673,26.340881,0.81,0.002503395,0.057697296,0.00017881393,0.43950135,0.09957546
2015-04-14,PLAYAS,Antioquia,104.68,528482000.0,313860000.0,168.3814439559039,22.174896,-0.1553917,0.03256607,1013.9984,26.364532,0.81,0.55134296,0.09334087,0.022888184,0.4394786,0.15876754
2015-04-15,PLAYAS,Antioquia,104.53,482764000.0,313860000.0,153.8150767858281,21.208282,-0.30062103,-0.24860764,1013.02014,26.469208,0.81,0.5002022,0.08696318,0.033050776,0.44478792,0.39010096
2015-04-16,PLAYAS,Antioquia,92.12,482200000.0,313860000.0,153.63537883132608,21.306427,0.2564621,-0.017982483,1013.32623,26.366974,0.81,1.070857,1.2238026,0.1386404,0.4888242,0.25709176
2015-04-17,PLAYAS,Antioquia,86.38,442099000.0,313860000.0,140.85866309819664,21.28598,-0.043453217,-0.115745544,1013.66235,26.404083,0.81,1.0199547,0.4286766,0.20700693,0.5008788,0.123633385
2015-04-18,PLAYAS,Antioquia,77.57,367539000.0,313860000.0,117.10284840374688,21.87088,0.35351562,0.2661438,1013.4266,26.424408,0.81,0.14054775,0.16158819,0.020325184,0.492913,0.44249952
2015-04-19,PLAYAS,Antioquia,81.76,379521000.0,313860000.0,120.92047409673104,20.77121,-0.50276184,0.1409874,1012.2078,26.221283,0.81,0.44202805,0.14060736,0.022530556,0.4846161,0.522156
2015-04-20,PLAYAS,Antioquia,99.84,416639000.0,313860000.0,132.74676607404575,21.818756,0.44421387,-0.17422104,1012.02155,26.159576,0.81,0.110030174,0.11497736,0.010609627,0.49227193,0.47715712
2015-04-21,PLAYAS,Antioquia,94.88,420969000.0,313860000.0,134.12636207226151,21.053864,-0.010677338,0.16931152,1013.52673,25.965302,0.81,0.49471855,0.20802021,0.044107437,0.50263625,0.16964786
2015-04-22,PLAYAS,Antioquia,84.35000000000001,286156000.0,313860000.0,91.17313451857515,21.887482,-0.05588913,0.026168823,1011.83624,25.804504,0.81,0.024914742,0.11855364,0.0007748604,0.47738102,0.061712254
2015-04-23,PLAYAS,Antioquia,78.74,275408000.0,313860000.0,87.7486777544128,22.839996,-0.2268753,0.2000618,1011.1869,25.65689,0.81,0.000834465,0.11563301,0.00011920929,0.45873618,0.3024849
2015-04-24,PLAYAS,Antioquia,73.37,248753000.0,313860000.0,79.25603772382591,23.40622,-0.20969391,-0.031169891,1011.8956,25.7641,0.81,0.00023841858,0.10728836,0.0,0.44283518,0.21199787
2015-04-25,PLAYAS,Antioquia,73.44000000000001,220854000.0,313860000.0,70.36704263047218,21.944244,0.09309387,0.5613098,1012.5614,26.110535,0.81,0.31757355,0.108242035,0.009417534,0.4556375,0.5689773
2015-04-26,PLAYAS,Antioquia,79.64,202898000.0,313860000.0,64.64602051870261,23.327423,-0.3798027,0.32253265,1011.77783,26.12613,0.81,0.015854836,0.09024143,0.00023841858,0.45548046,0.49827445
2015-04-27,PLAYAS,Antioquia,77.49000000000001,212015000.0,313860000.0,67.55081883642389,24.009003,-0.32530975,0.29322815,1009.6786,26.109589,0.81,0.0,0.08177757,0.0,0.43518224,0.43796024
2015-04-28,PLAYAS,Antioquia,79.47999999999999,233806000.0,313860000.0,74.49372331612821,23.705597,-0.21908951,0.31778336,1009.90967,26.037537,0.81,0.0014305115,0.07432699,0.00011920929,0.43289286,0.38598767
2015-04-29,PLAYAS,Antioquia,73.81,216144000.0,313860000.0,68.86637354234372,23.821686,-0.29710007,0.4901352,1009.98,25.935211,0.81,0.0,0.06735325,0.0,0.4139608,0.57315004
2015-04-30,PLAYAS,Antioquia,72.36,181806000.0,313860000.0,57.92582680175875,21.452484,0.21224213,-0.0001335144,1011.60846,25.906158,0.81,0.12660027,0.06985664,0.008046627,0.41274756,0.21224217
2015-05-01,PLAYAS,Antioquia,72.36,248479000.0,402890000.0,61.67415423564745,21.37436,0.2627449,0.30820465,1013.51514,26.273926,1.02,0.46288967,0.09739399,0.03963709,0.44381145,0.40499997
2015-05-02,PLAYAS,Antioquia,65.79,180402000.0,402890000.0,44.776986274169126,22.441559,-0.32110977,-0.33665085,1011.3206,26.208496,1.02,0.00035762787,0.054121017,0.0,0.43388534,0.46523678
2015-05-03,PLAYAS,Antioquia,70.95,213908000.0,402890000.0,53.09340018367297,22.396637,0.14004517,0.05638504,1011.0591,26.23645,1.02,0.20384789,0.055253506,0.004708767,0.4261441,0.15096994
2015-05-04,PLAYAS,Antioquia,76.18,0.0,0.0,,21.729889,-0.26802063,-0.21052551,1012.6755,26.571136,1.02,0.14173985,0.05275011,0.004887581,0.43095797,0.34081674
2015-05-05,PLAYAS,Antioquia,69.89999999999999,178742000.0,402890000.0,44.36496314130408,22.312775,-0.00522995,0.035354614,1012.8642,26.676758,1.02,0.032305717,0.047326088,0.0014305115,0.42415422,0.03573935
2015-05-06,PLAYAS,Antioquia,68.75,235989000.0,402890000.0,58.57405247089776,22.925812,0.19554138,0.30473328,1012.0025,26.633026,1.02,0.00011920929,0.043690205,0.0,0.41141105,0.3620757
2015-05-07,PLAYAS,Antioquia,67.7,296849000.0,402890000.0,73.67991263123929,23.567352,0.03510666,0.37978745,1011.198,26.649475,1.02,0.0034570694,0.041604042,0.0,0.40779465,0.38140658
2015-05-08,PLAYAS,Antioquia,70.95,351194000.0,402890000.0,87.16870609843878,23.003937,0.17965317,0.66269684,1011.9345,26.64328,1.02,0.37431717,0.07367134,0.03361702,0.45566183,0.6866166
2015-05-09,PLAYAS,Antioquia,62.88,187499000.0,402890000.0,46.53850927052049,23.036163,-0.048908234,-0.08692932,1010.7378,26.546722,1.02,0.0,0.03916025,0.0,0.442268,0.099743284
2015-05-10,PLAYAS,Antioquia,55.86,165768000.0,402890000.0,41.14472933058651,24.126495,-0.08332062,0.64987564,1010.6236,26.467987,1.02,0.0017881393,0.03761053,0.0,0.42215753,0.6551951
2015-05-11,PLAYAS,Antioquia,55.28,157197000.0,402890000.0,39.01734964878751,24.235748,0.12596512,0.2976761,1010.6503,26.381927,1.02,0.0,0.036418438,0.0,0.40515333,0.32323098
2015-05-12,PLAYAS,Antioquia,51.01,169035000.0,402890000.0,41.95562064086972,23.998566,-0.2915535,0.29894257,1010.5522,26.29544,1.02,0.0,0.035107136,0.0,0.3912959,0.41757646
2015-05-13,PLAYAS,Antioquia,54.690000000000005,183748000.0,402890000.0,45.60748591426941,24.235138,-0.24233627,0.45067215,1010.1188,26.161285,1.02,0.0,0.0333786,0.0,0.3761073,0.5116955
2015-05-14,PLAYAS,Antioquia,72.1,182151000.0,402890000.0,45.2110998039167,23.076263,-0.34988022,0.4621582,1011.0692,25.919525,1.02,0.007987022,0.03260374,0.00023841858,0.38839623,0.5796606
2015-05-15,PLAYAS,Antioquia,74.21,295261000.0,402890000.0,73.2857603812455,22.841644,-0.5938263,-0.014064789,1012.0142,25.857452,1.02,0.00047683716,0.03117323,0.0,0.37521347,0.5939928
2015-05-16,PLAYAS,Antioquia,75.14,437252000.0,402890000.0,108.52887885030653,22.774261,0.08042145,0.3727455,1012.8336,25.832733,1.02,0.03015995,0.030457973,0.00029802322,0.36732787,0.38132247
2015-05-17,PLAYAS,Antioquia,65.60000000000001,332474000.0,402890000.0,82.52227655191243,22.516815,0.37677765,0.19914627,1014.07794,26.058258,1.02,0.10275841,0.033199787,0.0041127205,0.39067778,0.42616972
2015-05-18,PLAYAS,Antioquia,64.46,473611000.0,402890000.0,117.55342649358384,22.503265,-0.27900314,0.23759842,1013.85315,26.176361,1.02,0.10895729,0.03117323,0.0031590462,0.38576192,0.36646387
2015-05-19,PLAYAS,Antioquia,75.61,287920000.0,402890000.0,71.46367494849711,22.99997,-0.25120163,0.1174202,1013.8791,26.231476,1.02,0.09441376,0.029921532,0.0025629997,0.38624382,0.27729002
2015-05-20,PLAYAS,Antioquia,73.0,251335000.0,402890000.0,62.38303258954056,23.57492,-0.074962616,0.221138,1012.3783,26.106354,1.02,0.0067949295,0.026583672,0.00011920929,0.37770858,0.2334982
2015-05-21,PLAYAS,Antioquia,92.98,823806000.0,402890000.0,204.47417409218397,23.022247,-0.12899017,0.22234344,1013.4214,26.039032,1.02,0.18143654,0.03159046,0.005722046,0.37618142,0.25705072
2015-05-22,PLAYAS,Antioquia,85.42999999999999,473458000.0,402890000.0,117.51545086748244,22.328644,0.12146759,0.23750687,1014.7992,26.183258,1.02,0.20098686,0.031411648,0.0063180923,0.37776452,0.2667656
2015-05-23,PLAYAS,Antioquia,66.82000000000001,351727000.0,402890000.0,87.30100027302737,23.391266,0.17876053,0.12168503,1013.4628,26.107208,1.02,0.0011920929,0.024974346,0.0,0.37179375,0.21624656
2015-05-24,PLAYAS,Antioquia,59.2,293323000.0,402890000.0,72.80473578396088,24.048798,-0.48442078,-0.036045074,1011.8708,25.857758,1.02,0.0014305115,0.0243783,0.00011920929,0.3665973,0.48575994
2015-05-25,PLAYAS,Antioquia,53.15,478172000.0,402890000.0,118.68549728213657,21.365082,0.31573868,0.047893524,1013.84906,25.754303,1.02,0.39994717,0.04094839,0.017344952,0.37767726,0.31935045
2015-05-26,PLAYAS,Antioquia,45.69,292918000.0,402890000.0,72.70421206781008,22.662323,0.104400635,0.18127823,1012.99097,25.630219,1.02,0.020980835,0.024020672,0.00059604645,0.3819915,0.209192
2015-05-27,PLAYAS,Antioquia,61.260000000000005,344690000.0,402890000.0,85.55436967906873,23.06253,0.29724884,0.16003418,1012.03687,25.597595,1.02,0.2644062,0.060915947,0.0371933,0.3822894,0.3375912
2015-05-28,PLAYAS,Antioquia,73.83999999999999,349117000.0,402890000.0,86.65318076894438,21.579254,0.078933716,0.05771637,1012.683,25.597687,1.02,0.27108192,0.035226345,0.009596348,0.38570797,0.097784
2015-05-29,PLAYAS,Antioquia,76.57000000000001,945595000.0,402890000.0,234.70302067561863,21.201569,-0.064704895,0.091560364,1013.65936,25.690704,1.02,0.3503561,0.055909157,0.016510487,0.41138762,0.11211611
2015-05-30,PLAYAS,Antioquia,81.02000000000001,1148545000.0,402890000.0,285.0765717689692,21.681854,0.17192459,-0.18764114,1012.6739,25.570892,1.02,0.042319298,0.055909157,0.0019073486,0.41184676,0.25449413
2015-05-31,PLAYAS,Antioquia,90.17,733762000.0,402890000.0,182.12464940802695,22.858185,0.072143555,-0.060207367,1011.90436,25.586243,1.02,0.01168251,0.065505505,0.00047683716,0.40270823,0.09396606
2015-06-01,PLAYAS,Antioquia,85.03,431035000.0,370170000.0,116.44244536294136,23.05777,0.01474762,0.43214035,1012.8886,25.746643,1.25,0.42045116,0.26333332,0.073581934,0.40099463,0.43239194
2015-06-02,PLAYAS,Antioquia,71.7,314546000.0,370170000.0,84.97339060431693,23.641937,-0.30508423,0.4650116,1010.9875,25.797089,1.25,0.0,0.089764595,0.0,0.3834914,0.5561584
2015-06-03,PLAYAS,Antioquia,63.580000000000005,295908000.0,370170000.0,79.93840667801281,23.766754,-0.1457634,0.3518219,1010.96936,25.364868,1.25,0.006556511,0.08612871,0.00011920929,0.37131637,0.38082227
2015-06-04,PLAYAS,Antioquia,56.27,297831000.0,370170000.0,80.45789772266797,23.56363,-0.62403107,0.4723091,1012.1323,25.227753,1.25,0.0032186508,0.08124113,0.0,0.35970962,0.7826178
2015-06-05,PLAYAS,Antioquia,54.31,282655000.0,370170000.0,76.35815976443256,22.522675,-0.072071075,0.41754532,1013.2886,25.072723,1.25,0.0076293945,0.07647276,0.00017881393,0.3563536,0.42371964
2015-06-06,PLAYAS,Antioquia,55.88,260056000.0,370170000.0,70.25312694167545,23.4971,-0.42123795,0.20241165,1012.1333,24.87439,1.25,0.0011920929,0.07146597,0.0,0.34942943,0.46734557
2015-06-07,PLAYAS,Antioquia,70.36,318282000.0,370170000.0,85.98265661722992,22.403717,0.24488449,0.3736267,1013.035,25.033905,1.25,0.26333332,0.07367134,0.00667572,0.36507756,0.44672737
2015-06-08,PLAYAS,Antioquia,78.21000000000001,267323000.0,370170000.0,72.21627900694276,21.989471,0.25774765,0.04895401,1013.8064,25.28711,1.25,0.28049946,0.073075294,0.010728836,0.38395894,0.2623554
2015-06-09,PLAYAS,Antioquia,73.44000000000001,563819000.0,370170000.0,152.31353162060674,21.609894,-0.2474289,-0.26457214,1013.6708,25.56369,1.25,0.23210049,0.14704466,0.0076293945,0.39179754,0.36224228
2015-06-10,PLAYAS,Antioquia,92.41,497509000.0,370170000.0,134.40014047599752,22.058746,-0.024585724,-0.044239044,1012.95404,25.888031,1.25,0.011205673,0.05710125,0.00029802322,0.38709778,0.050611768
2015-06-11,PLAYAS,Antioquia,88.73,398064000.0,370170000.0,107.535456682065,22.46695,-0.2363205,0.5170288,1012.97437,25.794708,1.25,0.31149387,0.15968084,0.0113248825,0.39085263,0.56847703
2015-06-12,PLAYAS,Antioquia,85.42999999999999,246774000.0,370170000.0,66.66504578977226,23.980682,-0.2374382,0.4674301,1011.89154,25.529755,1.25,0.0,0.053822994,0.0,0.3752315,0.52427834
2015-06-13,PLAYAS,Antioquia,80.80000000000001,265551000.0,370170000.0,71.73758003079666,22.861664,-0.15003586,0.2795639,1012.21826,25.348389,1.25,0.0013113022,0.052034855,0.0,0.3786653,0.31728023
2015-06-14,PLAYAS,Antioquia,83.2,243113000.0,370170000.0,65.67604073803928,23.371246,-0.25962067,0.28203583,1011.608,25.166962,1.25,0.023126602,0.051259995,0.0005364418,0.37214664,0.3833368
2015-06-15,PLAYAS,Antioquia,83.34,313857000.0,370170000.0,84.78725990761001,22.97763,-0.16363907,0.18070602,1012.0181,25.071991,1.25,0.18155575,0.057280064,0.008165836,0.38078713,0.24378763
2015-06-16,PLAYAS,Antioquia,80.67,233936000.0,370170000.0,63.19690952805468,24.386017,-0.15348053,0.9360161,1010.45734,25.092346,1.25,0.00011920929,0.047802925,0.0,0.36627322,0.9485159
2015-06-17,PLAYAS,Antioquia,69.89999999999999,218966000.0,370170000.0,59.152821676527,23.454803,-0.0022087097,0.49030685,1010.878,24.987274,1.25,0.0,0.046253204,0.0,0.35447708,0.49031183
2015-06-18,PLAYAS,Antioquia,71.3,192047000.0,370170000.0,51.88075748980199,23.970917,-0.23012924,0.62939453,1010.6309,24.83554,1.25,0.0,0.04476309,0.0,0.3448065,0.67014694
2015-06-19,PLAYAS,Antioquia,56.26,196532000.0,370170000.0,53.09236296836588,24.106293,0.34094238,1.2783699,1010.2903,24.696808,1.25,0.0,0.04285574,0.0,0.33352405,1.3230538
2015-06-20,PLAYAS,Antioquia,63.54,192780000.0,370170000.0,52.07877461706784,23.622223,-0.18480682,0.75336456,1011.4255,24.499115,1.25,0.0,0.041007996,0.0,0.32822415,0.7757008
2015-06-21,PLAYAS,Antioquia,60.02,187711000.0,370170000.0,50.70940378744901,23.802032,-0.44955444,0.4632187,1012.10095,24.588287,1.25,0.00011920929,0.039458275,0.0,0.32388148,0.64550036
2015-06-22,PLAYAS,Antioquia,61.18,209823000.0,370170000.0,56.68287543561067,23.384064,-0.34407425,0.78567505,1013.33734,24.457123,1.25,0.011205673,0.038206577,0.0004172325,0.3425894,0.85771346
2015-06-23,PLAYAS,Antioquia,53.26,186038000.0,370170000.0,50.25744928006052,24.607574,0.002117157,1.2798882,1011.8761,24.488739,1.25,0.0,0.03629923,0.0,0.33253372,1.27989
2015-06-24,PLAYAS,Antioquia,49.120000000000005,179118000.0,370170000.0,48.38803792851933,24.205658,0.51216507,1.3060188,1011.6928,24.30188,1.25,0.0,0.034570694,0.0,0.32490847,1.4028536
2015-06-25,PLAYAS,Antioquia,49.8,185411000.0,370170000.0,50.088067644595725,23.757294,0.44210434,1.3274918,1011.1223,24.249329,1.25,0.0,0.032901764,0.0,0.3160545,1.3991749
2015-06-26,PLAYAS,Antioquia,48.68,184113000.0,370170000.0,49.73741794310722,22.876373,0.38970566,1.3491936,1011.60376,24.422821,1.25,0.0,0.031471252,0.0,0.30941945,1.4043481
2015-06-27,PLAYAS,Antioquia,51.77,185108000.0,370170000.0,50.00621336142853,24.34616,0.3591118,1.4951782,1011.90704,24.500671,1.25,0.0,0.029861927,0.0,0.3032323,1.5376993
2015-06-28,PLAYAS,Antioquia,63.09,187665000.0,370170000.0,50.69697706459194,23.990997,0.16046524,1.3982887,1011.86206,24.485779,1.25,0.0,0.02849102,0.0,0.29836696,1.4074659
2015-06-29,PLAYAS,Antioquia,76.74,155986000.0,370170000.0,42.139017208309696,23.329498,-0.17889023,0.36763382,1012.02295,24.622162,1.25,0.0,0.027120113,0.0,0.292876,0.40884757
2015-06-30,PLAYAS,Antioquia,73.42999999999999,172278000.0,370170000.0,46.54023826890348,23.559357,-0.54388046,0.42739868,1013.105,24.830902,1.25,0.02014637,0.025808811,0.00017881393,0.28880402,0.6917193
2015-07-01,PLAYAS,Antioquia,61.42,157248000.0,328210000.0,47.91078882422839,23.749542,-0.020534515,1.0254097,1011.97577,24.889954,1.57,0.0,0.024497509,0.0,0.28641918,1.0256152
2015-07-02,PLAYAS,Antioquia,49.7,149816000.0,328210000.0,45.6463849364736,24.48117,-0.12050629,0.75074387,1010.3055,24.628265,1.57,0.0,0.023186207,0.0,0.2822768,0.7603539
2015-07-03,PLAYAS,Antioquia,37.95,139364000.0,328210000.0,42.461838457085406,24.635284,-0.29210663,0.84885025,1009.0697,24.373291,1.57,0.0,0.022053719,0.0,0.2787895,0.8977043
2015-07-04,PLAYAS,Antioquia,42.120000000000005,153485000.0,328210000.0,46.76426678041498,24.907745,-0.22958755,0.7647972,1009.2944,24.209503,1.57,0.0,0.02092123,0.0,0.27554753,0.79851437
2015-07-05,PLAYAS,Antioquia,58.92,148206000.0,328210000.0,45.15584534292069,24.778656,-0.6334915,0.20549393,1011.27936,24.1044,1.57,0.0,0.019669533,0.0,0.2734908,0.66598743
2015-07-06,PLAYAS,Antioquia,59.3,188458000.0,328210000.0,57.41994454769812,23.291595,-0.2529602,0.09234619,1012.1914,24.044342,1.57,0.21779537,0.0218153,0.002861023,0.2896492,0.26928923
2015-07-07,PLAYAS,Antioquia,52.51,199812000.0,328210000.0,60.8793150726669,22.530304,-0.427845,0.012004852,1012.98065,24.031769,1.57,0.05555153,0.0192523,0.0011920929,0.32461458,0.42801338
2015-07-08,PLAYAS,Antioquia,72.36,359806000.0,328210000.0,109.62676335273149,22.475311,0.007915497,0.28136444,1013.312,23.88739,1.57,0.43118,0.024914742,0.0075101852,0.3427719,0.28147575
2015-07-09,PLAYAS,Antioquia,78.9,252596000.0,328210000.0,76.9617013497456,23.771637,-0.47381973,0.4736023,1011.84595,23.890259,1.57,0.2683401,0.020086765,0.0033974648,0.3396495,0.66992855
2015-07-10,PLAYAS,Antioquia,75.14999999999999,285689000.0,328210000.0,87.04457511958806,23.220612,-0.2049141,0.5457573,1011.96234,23.818329,1.57,0.34749508,0.082314014,0.06622076,0.34609544,0.58295864
2015-07-11,PLAYAS,Antioquia,56.23,181463000.0,328210000.0,55.28868712105055,23.260406,-0.46878433,0.4223671,1012.1103,23.662323,1.57,0.020503998,0.015974045,0.0005364418,0.33758456,0.6309934
2015-07-12,PLAYAS,Antioquia,61.83,242677000.0,328210000.0,73.93955089729137,22.97873,-0.13573456,0.33330917,1013.9822,23.560913,1.57,0.3170967,0.023305416,0.008523464,0.34441823,0.3598873
2015-07-13,PLAYAS,Antioquia,45.89,174519000.0,328210000.0,53.17296852624844,23.17691,-0.283432,-0.12308884,1013.42267,23.754211,1.57,0.27012825,0.037431717,0.022947788,0.34455356,0.30900577
2015-07-14,PLAYAS,Antioquia,40.91,197994000.0,328210000.0,60.32540141982268,23.423492,-0.52555084,0.24796295,1012.83826,23.862122,1.57,0.18668175,0.018119812,0.004053116,0.34903413,0.5811104
2015-07-15,PLAYAS,Antioquia,45.86,479733000.0,328210000.0,146.16647877883062,22.524506,0.07065201,0.006664276,1013.3081,23.90802,1.57,0.32687187,0.0872612,0.010967255,0.3534823,0.07096562
2015-07-16,PLAYAS,Antioquia,67.85,739487000.0,328210000.0,225.30910088053383,22.691925,-0.38609314,0.3919449,1013.1202,24.20581,1.57,0.004887581,0.01347065,0.0,0.34957647,0.55017155
2015-07-17,PLAYAS,Antioquia,84.26,241237000.0,328210000.0,73.50080740989002,22.872406,-0.33057785,0.66363144,1013.02966,24.170502,1.57,0.243783,0.025987625,0.012874603,0.35073733,0.7414097
2015-07-18,PLAYAS,Antioquia,109.56,547290000.0,328210000.0,166.74994668047896,22.49228,-0.26657867,0.47708893,1013.8661,24.168732,1.57,0.02193451,0.013232231,0.0004172325,0.3461748,0.54651445
2015-07-19,PLAYAS,Antioquia,114.9,498386000.0,328210000.0,151.84973035556504,21.630219,-0.5369415,-0.020664215,1014.03546,24.101776,1.57,0.053048134,0.013053417,0.00071525574,0.34449503,0.53733903
2015-07-20,PLAYAS,Antioquia,117.65,671967000.0,328210000.0,204.73690624904788,21.59085,0.0059547424,0.12961578,1014.2567,23.99112,1.57,0.3027916,0.030517578,0.018537045,0.36038154,0.1297525
2015-07-21,PLAYAS,Antioquia,116.97,553035000.0,328210000.0,168.50035038542396,22.266449,-0.5921898,-0.044498444,1013.8817,23.979889,1.57,0.33187866,0.068604946,0.018119812,0.404747,0.5938593
2015-07-22,PLAYAS,Antioquia,112.34,353863000.0,328210000.0,107.81603241826878,23.083466,-0.35014725,0.76063156,1012.6156,23.93753,1.57,0.00166893,0.01168251,5.9604645e-05,0.39459467,0.837355
2015-07-23,PLAYAS,Antioquia,111.97,304418000.0,328210000.0,92.750982602602,21.96524,-0.48419952,0.45352173,1014.4775,24.10849,1.57,0.0121593475,0.01180172,0.00047683716,0.39423543,0.6634238
2015-07-24,PLAYAS,Antioquia,108.76999999999998,248562000.0,328210000.0,75.73261021906707,23.054657,-0.50893784,0.5299568,1014.66907,24.155975,1.57,0.28848648,0.01579523,0.004827976,0.38574547,0.7347598
2015-07-25,PLAYAS,Antioquia,110.93,194926000.0,328210000.0,59.39063404527589,23.837128,-0.17910767,1.0353432,1011.4241,24.250061,1.57,0.0,0.0104904175,0.0,0.36931485,1.0507213
2015-07-26,PLAYAS,Antioquia,111.6,209540000.0,328210000.0,63.84327107644496,23.367584,-0.07248306,0.7645569,1010.1758,23.972687,1.57,0.0,0.0104904175,0.0,0.35641092,0.76798505
2015-07-27,PLAYAS,Antioquia,113.41,205534000.0,328210000.0,62.62271106913256,23.874237,-0.36442184,0.4409752,1010.8809,23.665588,1.57,0.0,0.01001358,0.0,0.34758994,0.5720685
2015-07-28,PLAYAS,Antioquia,112.27,213753000.0,328210000.0,65.1269004600713,24.035736,-0.40476608,0.5991554,1010.95,23.599213,1.57,0.00059604645,0.010192394,0.0,0.3398876,0.72306484
2015-07-29,PLAYAS,Antioquia,115.51,327320000.0,328210000.0,99.72883215014777,23.640656,-0.36811447,0.4060669,1011.9306,23.675873,1.57,0.007748604,0.009953976,0.00023841858,0.33384052,0.5480863
2015-07-30,PLAYAS,Antioquia,116.55,552891000.0,328210000.0,168.45647603668382,22.372894,-0.43710327,0.7689476,1013.09045,23.863586,1.57,0.00846386,0.009417534,0.00011920929,0.341252,0.88449967
2015-07-31,PLAYAS,Antioquia,111.04,228535000.0,328210000.0,69.63072423143718,23.393219,-0.3866272,0.42322922,1012.53955,23.703613,1.57,0.0,0.009119511,0.0,0.33223218,0.57323956
2015-08-01,PLAYAS,Antioquia,114.7,385783000.0,338660000.0,113.9145455619205,23.749054,-0.3653679,0.7057953,1012.22296,23.39328,1.91,0.002503395,0.009119511,5.9604645e-05,0.3403286,0.79475826
2015-08-02,PLAYAS,Antioquia,114.68,214354000.0,338660000.0,63.29474989665152,24.186066,-0.42421722,0.7041168,1010.96075,23.435364,1.91,0.0047683716,0.008881092,5.9604645e-05,0.32538295,0.8220345
2015-08-03,PLAYAS,Antioquia,108.88,221375000.0,338660000.0,65.36792062835882,24.075409,-0.39400864,0.80739594,1010.178,23.530182,1.91,0.0,0.008523464,0.0,0.31883264,0.8984047
2015-08-04,PLAYAS,Antioquia,113.12,204634000.0,338660000.0,60.42461465776885,25.019623,-0.22509766,1.0005112,1010.5253,23.69397,1.91,0.0,0.008225441,0.0,0.31561837,1.0255201
2015-08-05,PLAYAS,Antioquia,101.16,187226000.0,338660000.0,55.28435599125967,25.298492,-0.47392273,0.95635986,1010.7422,23.66043,1.91,0.0,0.008046627,0.0,0.30834618,1.0673457
2015-08-06,PLAYAS,Antioquia,82.71,165517000.0,338660000.0,48.87409200968524,25.331085,-0.64842224,0.56298065,1009.9114,23.562317,1.91,0.0,0.007748604,0.0,0.3013185,0.85871917
2015-08-07,PLAYAS,Antioquia,65.16,190797000.0,338660000.0,56.33880588200555,24.674103,-0.5345688,0.6251488,1010.1944,23.38861,1.91,0.3862381,0.012636185,0.004887581,0.3309636,0.8225417
2015-08-08,PLAYAS,Antioquia,49.66,258550000.0,338660000.0,76.34500679147227,22.59909,-0.0799942,-0.073783875,1012.1867,23.187347,1.91,0.00846386,0.00756979,0.00032782555,0.33918646,0.10882615
2015-08-09,PLAYAS,Antioquia,75.73,552065000.0,338660000.0,163.01452784503633,21.461456,-0.12838745,-0.054035187,1013.8147,23.2435,1.91,0.4223585,0.03284216,0.025689602,0.4012271,0.13929515
2015-08-10,PLAYAS,Antioquia,61.650000000000006,206635000.0,338660000.0,61.01547274552649,21.834137,-0.001914978,0.031166077,1013.03284,22.976227,1.91,0.09894371,0.009655952,0.0024437904,0.41495293,0.031224854
2015-08-11,PLAYAS,Antioquia,55.02,297413000.0,338660000.0,87.82052796314888,23.069305,-0.25650406,0.60253143,1011.77545,22.73285,1.91,0.18930435,0.009775162,0.0028014183,0.3996944,0.65485764
2015-08-12,PLAYAS,Antioquia,71.83,221501000.0,338660000.0,65.40512608515915,23.508698,-0.19617462,0.46126175,1011.8058,22.584747,1.91,0.026345253,0.0069737434,0.00029802322,0.38350976,0.5012453
2015-08-13,PLAYAS,Antioquia,71.5,262150000.0,338660000.0,77.40801984291029,22.990936,-0.21469498,0.27777863,1011.6188,22.448334,1.91,0.08535385,0.031471252,0.024855137,0.38177556,0.35107675
2015-08-14,PLAYAS,Antioquia,66.86999999999999,456310000.0,338660000.0,134.73985708380084,23.024261,-0.14326096,0.21465683,1012.16486,22.168304,1.91,0.14519691,0.007748604,0.0013709068,0.36949527,0.2580722
2015-08-15,PLAYAS,Antioquia,55.59,216751000.0,338660000.0,64.00253942006732,23.20694,-0.6074066,0.5509224,1012.27454,21.999725,1.91,0.010967255,0.0064969063,0.00017881393,0.37250656,0.8200355
2015-08-16,PLAYAS,Antioquia,54.47,237718000.0,338660000.0,70.19370460048427,23.133759,-1.0235901,0.5720711,1012.6503,21.977997,1.91,0.013589859,0.006198883,0.00017881393,0.36036894,1.1726048
2015-08-17,PLAYAS,Antioquia,41.99,259619000.0,338660000.0,76.66066261146874,23.542572,-0.44961166,0.5284691,1012.39966,21.998291,1.91,0.0010728836,0.0059604645,0.0,0.34980038,0.6938517
2015-08-18,PLAYAS,Antioquia,53.91,541770000.0,338660000.0,159.97460579932675,22.992401,-0.52096176,0.43522644,1013.28174,22.086212,1.91,0.19359589,0.009059906,0.0032186508,0.3565435,0.6788396
2015-08-19,PLAYAS,Antioquia,74.72,272620000.0,338660000.0,80.49961613417587,24.207489,-0.2769127,0.85173416,1011.8223,22.446259,1.91,0.39100647,0.030100346,0.024437904,0.3589213,0.8956181
2015-08-20,PLAYAS,Antioquia,80.62,390709000.0,338660000.0,115.36910175397152,24.057037,-0.49477768,0.66550446,1010.5714,22.514252,1.91,0.00011920929,0.005543232,0.0,0.34647977,0.82927746
2015-08-21,PLAYAS,Antioquia,85.63,465404000.0,338660000.0,137.42514616429457,23.615143,-0.5204277,0.66389465,1011.02435,22.557007,1.91,0.064730644,0.007867813,0.0027418137,0.35975048,0.84356457
2015-08-22,PLAYAS,Antioquia,79.25999999999999,241602000.0,338660000.0,71.34057757042461,22.70578,-0.13944244,0.11885071,1012.077,22.841156,1.91,0.079512596,0.007390976,0.002026558,0.3604589,0.18322033
2015-08-23,PLAYAS,Antioquia,78.4,260934000.0,338660000.0,77.04895765664679,22.578094,-0.29649353,0.028060913,1010.92096,22.790802,1.91,0.03504753,0.00590086,0.00059604645,0.36175156,0.29781845
2015-08-24,PLAYAS,Antioquia,73.37,326136000.0,338660000.0,96.3018957066084,23.054535,-0.24051285,0.6175232,1011.0503,22.627808,1.91,0.49638748,0.02771616,0.02270937,0.3674751,0.66270757
2015-08-25,PLAYAS,Antioquia,64.17,312859000.0,338660000.0,92.38144451662434,22.94992,-0.13483429,0.14863586,1012.1384,22.355682,1.91,0.32436848,0.056624413,0.051558018,0.3628671,0.2006811
2015-08-26,PLAYAS,Antioquia,71.67,554464000.0,338660000.0,163.7229079312585,22.166351,-0.38687897,-0.035564423,1013.40955,21.959106,1.91,0.26619434,0.063598156,0.019669533,0.37094837,0.3885102
2015-08-27,PLAYAS,Antioquia,84.78,416562000.0,338660000.0,123.00301187031242,22.083038,0.33498383,0.02980423,1012.97516,21.80722,1.91,0.21195412,0.008702278,0.0038146973,0.37797734,0.33630708
2015-08-28,PLAYAS,Antioquia,84.56,503184000.0,338660000.0,148.58087757633024,23.0607,-0.20087814,0.63570786,1011.47046,21.994446,1.91,0.43404102,0.14770031,0.06496906,0.42078036,0.6666907
2015-08-29,PLAYAS,Antioquia,73.21,270393000.0,338660000.0,79.84202444930018,23.97171,-0.40507507,0.963768,1011.508,21.992584,1.91,0.00011920929,0.0046491623,0.0,0.40123028,1.0454351
2015-08-30,PLAYAS,Antioquia,60.84,220067000.0,338660000.0,64.98169255300301,23.430756,-0.24154663,0.6375656,1011.4402,22.151459,1.91,0.0,0.0046491623,0.0,0.38057315,0.68178785
2015-08-31,PLAYAS,Antioquia,56.48,287982000.0,338660000.0,85.03572904978445,23.336884,-0.35746002,0.5906143,1012.8752,22.50943,1.91,0.02014637,0.004887581,0.0004172325,0.3724874,0.69036436
2015-09-01,PLAYAS,Antioquia,46.06,193940000.0,396570000.0,48.90435484277681,23.506989,-0.24053955,0.5738487,1013.1114,22.649658,2.21,0.059962273,0.0059604645,0.0017881393,0.37422606,0.62222314
2015-09-02,PLAYAS,Antioquia,63.75999999999999,262067000.0,396570000.0,66.08341528607812,22.987396,-0.0083351135,0.46951294,1013.6014,22.769379,2.21,0.008583069,0.0042915344,0.00023841858,0.36238948,0.4695869
2015-09-03,PLAYAS,Antioquia,80.76,215809000.0,396570000.0,54.41889199889049,23.628387,-0.044181824,0.16109085,1012.3528,23.015503,2.21,0.23758411,0.0094771385,0.0051259995,0.3658951,0.1670398
2015-09-04,PLAYAS,Antioquia,73.45,237967000.0,396570000.0,60.00630405729128,23.333649,-0.36132812,0.40597916,1012.27155,22.93808,2.21,0.083208084,0.010073185,0.00590086,0.36285555,0.54348606
2015-09-05,PLAYAS,Antioquia,69.76,290005000.0,396570000.0,73.12832539022115,24.466827,-0.6455879,0.4194641,1011.5661,23.071625,2.21,0.007867813,0.004351139,0.00023841858,0.3583256,0.7698921
2015-09-06,PLAYAS,Antioquia,72.85000000000001,419415000.0,396570000.0,105.76064755276496,22.788116,-0.13195038,0.25429153,1012.9239,23.379059,2.21,0.39756298,0.2450943,0.03159046,0.36129034,0.2864875
2015-09-07,PLAYAS,Antioquia,71.52,262123000.0,396570000.0,66.09753637441057,23.002655,-0.55685043,0.3856163,1012.08734,23.178802,2.21,0.012874603,0.0047683716,0.00035762787,0.3586434,0.6773347
2015-09-08,PLAYAS,Antioquia,76.46,493152000.0,396570000.0,124.35433845222784,23.228546,-0.22769928,-0.04553604,1011.15015,22.684235,2.21,0.022649765,0.0049471855,0.00059604645,0.35548759,0.23220786
2015-09-09,PLAYAS,Antioquia,74.42,226378000.0,396570000.0,57.08399525934892,23.994598,-0.5141525,0.1361351,1009.8859,22.291168,2.21,0.38468838,0.030100346,0.025391579,0.35664105,0.5318699
2015-09-10,PLAYAS,Antioquia,72.88,365556000.0,396570000.0,92.1794386867388,22.490936,-0.0008583069,0.04575348,1011.78076,22.062775,2.21,0.2758503,0.081300735,0.010728836,0.36690846,0.04576153
2015-09-11,PLAYAS,Antioquia,71.67999999999999,429566000.0,396570000.0,108.32034697531331,20.560455,-0.063323975,0.19288635,1014.46716,22.114716,2.21,0.613451,0.03361702,0.028014183,0.44249842,0.20301495
2015-09-12,PLAYAS,Antioquia,62.62,262741000.0,396570000.0,66.25337267065083,21.439484,-0.044452667,0.3947487,1012.90674,22.19693,2.21,0.0,0.0075101852,0.0,0.43652064,0.3972437
2015-09-13,PLAYAS,Antioquia,51.35999999999999,185842000.0,396570000.0,46.86234460498777,22.654327,-0.51867294,0.6158104,1011.9575,22.533478,2.21,0.0,0.008523464,0.0,0.41005552,0.8051361
2015-09-14,PLAYAS,Antioquia,75.29,200872000.0,396570000.0,50.65234384850089,23.06546,-0.2790718,0.55630875,1012.5464,22.92395,2.21,0.0044107437,0.009298325,5.9604645e-05,0.39199358,0.6223829
2015-09-15,PLAYAS,Antioquia,81.76,224114000.0,396570000.0,56.513099831051264,23.271393,-0.3861122,0.30139542,1012.70935,23.415009,2.21,0.0,0.0094771385,0.0,0.37933648,0.48981816
2015-09-16,PLAYAS,Antioquia,83.39999999999999,201460000.0,396570000.0,50.800615275991625,23.610748,-0.43857956,0.0055885315,1012.2297,23.626251,2.21,0.0075101852,0.009715557,0.00011920929,0.37093398,0.43861517
2015-09-17,PLAYAS,Antioquia,79.21000000000001,250454000.0,396570000.0,63.15505459313614,22.657257,0.02936554,0.21022415,1011.6941,23.727875,2.21,0.093102455,0.011563301,0.002026558,0.37825358,0.21226524
2015-09-18,PLAYAS,Antioquia,89.51,301166000.0,396570000.0,75.94270872733692,22.680573,0.16207123,0.0016403198,1011.10596,23.564392,2.21,0.14472008,0.014483929,0.0046491623,0.3975157,0.16207953
2015-09-19,PLAYAS,Antioquia,98.56,349012000.0,396570000.0,88.00766573366619,21.819733,0.44254303,0.3708992,1011.9839,23.53946,2.21,0.22518635,0.022292137,0.01257658,0.43759432,0.57741714
2015-09-20,PLAYAS,Antioquia,99.09,563016000.0,396570000.0,141.97140479612676,22.620148,-0.2028122,0.3106346,1012.15784,23.624908,2.21,0.55778027,0.14948845,0.058054924,0.44789925,0.37098065
2015-09-21,PLAYAS,Antioquia,98.3,366623000.0,396570000.0,92.4484958519303,23.3721,-0.3067932,0.3641472,1010.6211,23.637634,2.21,0.036597252,0.015556812,0.000834465,0.42990053,0.47615674
2015-09-22,PLAYAS,Antioquia,93.7,237707000.0,396570000.0,59.94074186146203,24.26004,-0.4644127,0.26546478,1010.28796,23.382538,2.21,0.005841255,0.016748905,0.00011920929,0.4126494,0.5349305
2015-09-23,PLAYAS,Antioquia,88.44999999999999,228738000.0,396570000.0,57.67909826764506,23.739532,-0.23505402,0.30823517,1010.33575,23.306335,2.21,0.020861626,0.018417835,0.0005364418,0.40448272,0.38763297
2015-09-24,PLAYAS,Antioquia,82.78999999999999,213111000.0,396570000.0,53.73855813601634,22.974945,-0.6203079,0.6527939,1011.39685,23.157928,2.21,0.099897385,0.123500824,0.003993511,0.3993019,0.900512
2015-09-25,PLAYAS,Antioquia,74.26,169284000.0,396570000.0,42.68704137983206,22.740509,-0.3229103,0.3905449,1011.6266,23.644348,2.21,0.06222725,0.023424625,0.0023841858,0.39045537,0.50675076
2015-09-26,PLAYAS,Antioquia,66.86999999999999,170651000.0,396570000.0,43.031747232518846,23.170135,-0.17739487,0.501297,1011.2497,24.353577,2.21,0.0017881393,0.02270937,5.9604645e-05,0.3788905,0.53175896
2015-09-27,PLAYAS,Antioquia,63.07000000000001,150784000.0,396570000.0,38.02203898429029,23.67514,-0.23392105,0.28316498,1012.00903,24.084534,2.21,0.06866455,0.025510788,0.0019669533,0.37594464,0.36728933
2015-09-28,PLAYAS,Antioquia,59.86,154158000.0,396570000.0,38.87283455632045,23.908234,-0.39708328,0.6111374,1010.8161,23.538666,2.21,0.0013113022,0.023722649,0.0,0.36637807,0.72881
2015-09-29,PLAYAS,Antioquia,57.77,172471000.0,396570000.0,43.4906826033235,23.330658,-0.2075882,-0.0019416809,1010.2461,23.625793,2.21,0.027537346,0.024020672,0.00059604645,0.35844392,0.20759727
2015-09-30,PLAYAS,Antioquia,65.75,215714000.0,396570000.0,54.39493658118365,21.703278,-0.15452957,0.32139206,1010.8269,23.95871,2.21,0.27024746,0.029683113,0.0066161156,0.36168307,0.35661218
2015-10-01,PLAYAS,Antioquia,59.72,155348000.0,453150000.0,34.281805141785284,20.657135,0.17064667,-0.032672882,1011.58936,24.26941,2.47,0.7237196,0.0988245,0.07560849,0.39163256,0.17374638
2015-10-02,PLAYAS,Antioquia,59.68,199540000.0,453150000.0,44.03398433189893,21.565155,-0.07390213,-0.112098694,1011.387,24.005432,2.47,0.07688999,0.02783537,0.0028014183,0.4314518,0.13426706
2015-10-03,PLAYAS,Antioquia,63.16,330885000.0,453150000.0,73.0188679245283,22.6492,-0.098358154,0.15604782,1011.5558,23.88858,2.47,0.055789948,0.030398369,0.0022649765,0.45369947,0.18445934
2015-10-04,PLAYAS,Antioquia,64.78,185607000.0,453150000.0,40.959285004965245,23.103607,-0.16402817,0.0016441345,1011.89,23.83966,2.47,0.019073486,0.030875206,0.0005364418,0.43170264,0.16403641
2015-10-05,PLAYAS,Antioquia,61.31999999999999,222910000.0,453150000.0,49.191217036301445,23.954803,-0.22581863,0.5489197,1012.2534,23.910126,2.47,0.023007393,0.030636787,0.00047683716,0.41359252,0.59355444
2015-10-06,PLAYAS,Antioquia,57.47,165654000.0,453150000.0,36.55610724925521,23.998383,-0.387043,0.30952835,1012.28925,24.20404,2.47,0.011563301,0.029683113,0.00017881393,0.39723128,0.49559066
2015-10-07,PLAYAS,Antioquia,63.91,258456000.0,453150000.0,57.03541873551804,23.7518,-0.34901428,0.03476715,1012.2261,23.986115,2.47,0.014781952,0.029206276,0.00029802322,0.39713618,0.35074168
2015-10-08,PLAYAS,Antioquia,65.55,289478000.0,453150000.0,63.881275515833615,23.688812,-0.36429214,0.3200798,1012.1303,23.86438,2.47,0.2785921,0.03629923,0.007867813,0.39785492,0.4849328
2015-10-09,PLAYAS,Antioquia,69.08,319911000.0,453150000.0,70.59715326050976,23.145355,-0.52070236,-0.078437805,1011.9405,23.927734,2.47,0.61655045,0.08785725,0.030875206,0.39671123,0.5265771
2015-10-10,PLAYAS,Antioquia,67.95,190795000.0,453150000.0,42.10415977049542,22.621796,-0.13438416,-0.05099106,1012.0764,24.013336,2.47,0.35953522,0.28935075,0.07110834,0.3951777,0.14373305
2015-10-11,PLAYAS,Antioquia,73.54,496425000.0,453150000.0,109.54981794107913,21.566193,-0.38983917,0.07622528,1012.6255,23.898926,2.47,0.23663044,0.050663948,0.007748604,0.4016542,0.39722142
2015-10-12,PLAYAS,Antioquia,73.61999999999999,218384000.0,453150000.0,48.19243076244069,21.94931,-0.19107819,-0.08421707,1013.0066,23.768402,2.47,0.20515919,0.05596876,0.00923872,0.40677053,0.20881425
2015-10-13,PLAYAS,Antioquia,70.71,311955000.0,453150000.0,68.8414432307183,21.845184,-0.16255951,-0.34677887,1013.02515,23.66977,2.47,0.18143654,0.14543533,0.0071823597,0.4189933,0.3829898
2015-10-14,PLAYAS,Antioquia,59.64,326547000.0,453150000.0,72.06156901688183,21.733002,-0.36546707,0.04862213,1013.0408,23.598877,2.47,0.58197975,0.13923645,0.0885725,0.42364588,0.36868727
2015-10-15,PLAYAS,Antioquia,54.41,583595000.0,453150000.0,128.78627386075252,22.110077,-0.5071678,-0.0135269165,1011.92456,23.451233,2.47,0.09346008,0.056415796,0.0030696392,0.44402644,0.5073482
2015-10-16,PLAYAS,Antioquia,54.35,450329000.0,453150000.0,99.37746882930595,21.942535,-0.20462036,-0.10480499,1011.9364,23.63971,2.47,0.27418137,0.19657612,0.03439188,0.43936098,0.22989906
2015-10-17,PLAYAS,Antioquia,60.29,280890000.0,453150000.0,61.98609731876862,22.938568,0.20331955,0.18571854,1012.97,23.633942,2.47,0.119924545,0.081419945,0.00333786,0.4274756,0.27537286
2015-10-18,PLAYAS,Antioquia,75.7,230676000.0,453150000.0,50.90499834491891,22.632416,-0.50296783,0.21866226,1014.2473,23.700623,2.47,0.09548664,0.08440018,0.0035762787,0.41655177,0.5484431
2015-10-19,PLAYAS,Antioquia,77.85,190014000.0,453150000.0,41.93181065872228,22.872528,0.05237961,0.10813904,1014.0403,23.789948,2.47,0.00667572,0.07843971,0.00011920929,0.4001433,0.12015688
2015-10-20,PLAYAS,Antioquia,68.17999999999999,172224000.0,453150000.0,38.005958291956304,23.587006,-0.6853447,0.15012741,1012.13904,23.848755,2.47,0.009655952,0.07516146,0.00011920929,0.38469827,0.70159507
2015-10-21,PLAYAS,Antioquia,52.94,213527000.0,453150000.0,47.120600242745226,22.41983,-0.32709122,0.067035675,1012.4992,23.82138,2.47,0.1924038,0.076174736,0.0051259995,0.38491362,0.33388987
2015-10-22,PLAYAS,Antioquia,62.580000000000005,188204000.0,453150000.0,41.53238442016992,23.122894,-0.2181549,0.03647232,1012.5062,23.6846,2.47,0.17738342,0.07164478,0.0039339066,0.38311163,0.22118272
2015-10-23,PLAYAS,Antioquia,62.82,180705000.0,453150000.0,39.87752399867593,22.644073,0.43922043,-0.123867035,1011.6202,23.564789,2.47,0.118136406,0.06765127,0.0032484531,0.38672817,0.45635253
2015-10-24,PLAYAS,Antioquia,51.39,294793000.0,453150000.0,65.05417632130641,21.185394,0.1684227,-0.2014885,1012.6902,23.540833,2.47,0.3643036,0.14412403,0.021994114,0.44348437,0.26260963
2015-10-25,PLAYAS,Antioquia,61.62,322615000.0,453150000.0,71.1938651660598,22.075958,-0.29175568,-0.1072731,1012.84656,23.616608,2.47,0.084757805,0.06937981,0.004172325,0.44572276,0.3108519
2015-10-26,PLAYAS,Antioquia,45.4,261486000.0,453150000.0,57.70407149950347,21.765839,0.11367798,0.37271118,1013.6089,23.533173,2.47,0.31983852,0.08380413,0.018298626,0.4518631,0.3896618
2015-10-27,PLAYAS,Antioquia,47.17,234386000.0,453150000.0,51.7237117952113,21.583344,0.2734337,-0.019889832,1014.39984,23.533234,2.47,0.27239323,0.07742643,0.01335144,0.45695755,0.27415612
2015-10-28,PLAYAS,Antioquia,65.93,218551000.0,453150000.0,48.22928390157784,22.067047,0.10701752,-0.29360962,1014.1069,23.486542,2.47,0.0056028366,0.06324053,0.00023841858,0.43414313,0.31250498
2015-10-29,PLAYAS,Antioquia,66.97,240854000.0,453150000.0,53.15105373496635,22.04483,-0.26664352,0.037223816,1013.6244,23.519012,2.47,0.054359436,0.06330013,0.001937151,0.43391168,0.26922923
2015-10-30,PLAYAS,Antioquia,65.2,244095000.0,453150000.0,53.86626944720291,21.853912,-0.23107147,-0.107803345,1013.3681,23.710754,2.47,0.14102459,0.06902218,0.0053048134,0.4427266,0.25498155
2015-10-31,PLAYAS,Antioquia,58.53,205861000.0,453150000.0,45.42888668211409,21.834015,0.003047943,-0.16362381,1013.177,23.69986,2.47,0.30839443,0.08505583,0.010967255,0.43968043,0.1636522
2015-11-01,PLAYAS,Antioquia,70.28999999999999,278318000.0,427420000.0,65.11581114594543,21.280243,-0.104286194,-0.23796463,1013.0081,23.824982,2.64,0.46527386,0.0975132,0.022292137,0.44927615,0.25981295
2015-11-02,PLAYAS,Antioquia,64.83,327183000.0,427420000.0,76.54835992700389,20.47409,-0.46070862,-0.104587555,1013.5067,23.932068,2.64,0.9086132,0.21129847,0.120818615,0.47030634,0.47243094
2015-11-03,PLAYAS,Antioquia,70.47,216995000.0,427420000.0,50.76856487763792,21.76004,0.05285263,-0.31708527,1013.08905,23.78186,2.64,0.15771389,0.11098385,0.014901161,0.46618348,0.3214599
2015-11-04,PLAYAS,Antioquia,83.91,339769000.0,427420000.0,79.49300453886107,21.381866,-0.29336166,0.023685455,1012.84314,23.739044,2.64,0.2720356,0.114023685,0.019788742,0.47538716,0.29431626
2015-11-05,PLAYAS,Antioquia,98.24,507296000.0,427420000.0,118.687941603107,20.18277,-0.0210495,-0.48031998,1013.65924,23.522705,2.64,0.66769123,0.2643466,0.075519085,0.48549885,0.480781
2015-11-06,PLAYAS,Antioquia,103.76,370755000.0,427420000.0,86.74254831313462,20.871674,-0.009857178,-0.20173645,1013.27966,23.41092,2.64,0.24020672,0.15348196,0.017285347,0.48633206,0.20197713
2015-11-07,PLAYAS,Antioquia,89.61,344498000.0,427420000.0,80.59941041598428,21.177216,0.060016632,0.17876434,1012.90436,23.397797,2.64,0.08535385,0.13625622,0.004172325,0.48556936,0.18857011
2015-11-08,PLAYAS,Antioquia,71.44,290701000.0,427420000.0,68.01296148986945,21.990265,-0.1486206,-0.0010871887,1011.8342,23.605255,2.64,0.098347664,0.15300512,0.003695488,0.4755644,0.14862458
2015-11-09,PLAYAS,Antioquia,60.150000000000006,236828000.0,427420000.0,55.40873145851856,22.137115,-0.024745941,-0.22635269,1012.4267,23.808289,2.64,0.18167496,0.16379356,0.016093254,0.46176946,0.22770135
2015-11-10,PLAYAS,Antioquia,68.84,612225000.0,427420000.0,143.23733096251928,22.146881,-0.50984955,0.004070282,1012.3925,23.695038,2.64,0.034451485,0.13583899,0.00166893,0.45049024,0.5098658
2015-11-11,PLAYAS,Antioquia,79.60000000000001,339145000.0,427420000.0,79.34701230639651,22.522491,-0.20806885,0.2337265,1011.77686,23.743927,2.64,0.052690506,0.120043755,0.00166893,0.44623053,0.31292287
2015-11-12,PLAYAS,Antioquia,66.22,258530000.0,427420000.0,60.48617285105985,23.153778,-0.24897003,0.006828308,1011.42847,23.779083,2.64,0.0269413,0.105023384,0.0007748604,0.43086874,0.24906366
2015-11-13,PLAYAS,Antioquia,77.78,230458000.0,427420000.0,53.91839408544289,23.069733,0.08559036,-0.15857697,1010.70123,23.965363,2.64,0.16117096,0.097453594,0.004887581,0.43360686,0.1802009
2015-11-14,PLAYAS,Antioquia,63.06,203908000.0,427420000.0,47.70670534836929,23.95108,0.031951904,0.27713394,1010.09283,24.02127,2.64,0.00071525574,0.083982944,0.0,0.42533854,0.2789698
2015-11-15,PLAYAS,Antioquia,71.84,224810000.0,427420000.0,52.59697721210986,22.784943,-0.10879135,0.37356186,1011.03595,23.842438,2.64,0.09548664,0.07867813,0.002026558,0.42189765,0.389081
2015-11-16,PLAYAS,Antioquia,84.28999999999999,224149000.0,427420000.0,52.442328388938286,22.453033,-0.29416656,0.015361786,1010.73706,23.715302,2.64,0.033974648,0.07176399,0.0010728836,0.412992,0.2945674
2015-11-17,PLAYAS,Antioquia,85.16,256347000.0,427420000.0,59.97543399934491,21.29953,0.19957352,0.037963867,1010.4941,23.968597,2.64,0.33283234,0.08749962,0.022113323,0.45340025,0.20315227
2015-11-18,PLAYAS,Antioquia,80.78,271623000.0,427420000.0,63.549436151794495,20.333466,-0.15539932,-0.36402512,1011.5466,24.205566,2.64,1.0253191,0.19609928,0.104665756,0.4734661,0.3958071
2015-11-19,PLAYAS,Antioquia,62.8,290866000.0,427420000.0,68.05156520518459,21.177643,0.30701447,-0.0663681,1012.6133,24.12384,2.64,0.12600422,0.07593632,0.014781952,0.48733145,0.31410605
2015-11-20,PLAYAS,Antioquia,64.19,291295000.0,427420000.0,68.15193486500398,21.335602,-0.24807358,-0.35272217,1011.16296,24.077576,2.64,0.05185604,0.06514788,0.0029802322,0.47331825,0.43122318
2015-11-21,PLAYAS,Antioquia,90.82,261381000.0,427420000.0,61.15319825932338,21.422882,0.03393936,-0.2550125,1010.5789,24.055786,2.64,0.16534328,0.07146597,0.008881092,0.46410158,0.25726107
2015-11-22,PLAYAS,Antioquia,94.94,325483000.0,427420000.0,76.15062467830236,22.292145,-0.3416748,-0.11771011,1010.9025,24.067596,2.64,0.12087822,0.0718236,0.006020069,0.46214837,0.36138254
2015-11-23,PLAYAS,Antioquia,81.02000000000001,345060000.0,427420000.0,80.73089700996677,21.90689,-0.0643692,-0.19077301,1011.72955,24.197021,2.64,0.36263466,0.090420246,0.018209219,0.4622768,0.20133986
2015-11-24,PLAYAS,Antioquia,75.57000000000001,250957000.0,427420000.0,58.71437929905012,21.644989,0.3571167,0.00573349,1011.1144,24.491516,2.64,0.048279762,0.1411438,0.0019669533,0.4612599,0.3571627
2015-11-25,PLAYAS,Antioquia,61.81,279127000.0,427420000.0,65.30508633194516,22.072662,-0.18154907,-0.013191223,1011.3791,24.703644,2.64,0.017642975,0.15163422,0.00035762787,0.45954525,0.18202767
2015-11-26,PLAYAS,Antioquia,72.84,256946000.0,427420000.0,60.11557718403444,22.246613,0.35684204,-0.2217598,1011.46906,24.713226,2.64,0.0150203705,0.1347065,0.00017881393,0.45070148,0.4201353
2015-11-27,PLAYAS,Antioquia,97.56,318901000.0,427420000.0,74.61068738009452,22.177765,-0.059547424,-0.012844086,1011.57904,24.927338,2.64,0.06663799,0.12052059,0.00166893,0.4449245,0.06091688
2015-11-28,PLAYAS,Antioquia,91.35,310020000.0,427420000.0,72.53287164849563,21.442963,-0.23196411,-0.3699913,1011.0325,25.123566,2.64,0.14436245,0.117480755,0.011146069,0.4700444,0.43669316
2015-11-29,PLAYAS,Antioquia,74.74,206769000.0,427420000.0,48.37607037574283,22.10025,0.064331055,-0.18189621,1010.6155,25.03128,2.64,0.007867813,0.0962019,0.00035762787,0.46924502,0.19293708
2015-11-30,PLAYAS,Antioquia,67.92,195054000.0,427420000.0,45.63520658836742,23.15152,-0.26103592,0.50128937,1009.27185,24.80368,2.64,0.0029802322,0.08678436,0.00017881393,0.45278177,0.5651821
2015-12-01,PLAYAS,Antioquia,83.94,224795000.0,312770000.0,71.8723023307862,22.521698,-0.22174072,0.3211937,1010.4381,24.578156,2.75,0.00667572,0.0783205,0.00011920929,0.44302064,0.3903003
2015-12-02,PLAYAS,Antioquia,81.53,177715000.0,312770000.0,56.81970777248458,23.172577,-0.13162613,0.51576614,1010.42847,24.620941,2.75,0.0,0.071167946,0.0,0.43168187,0.5322971
2015-12-03,PLAYAS,Antioquia,73.14,254949000.0,312770000.0,81.51325254979697,22.421356,-0.09768295,0.051994324,1012.4964,24.81186,2.75,0.05352497,0.06520748,0.00059604645,0.41843203,0.110658795
2015-12-04,PLAYAS,Antioquia,80.0,249108000.0,312770000.0,79.64574607539086,22.613007,-0.09157181,-0.034049988,1013.7042,24.877045,2.75,0.052452087,0.063061714,0.003695488,0.427364,0.09769748
2015-12-05,PLAYAS,Antioquia,89.48,226700000.0,312770000.0,72.48137609105733,22.483734,0.4016533,-0.05129242,1013.5153,25.11905,2.75,0.004529953,0.054478645,5.9604645e-05,0.41611138,0.40491515
2015-12-06,PLAYAS,Antioquia,75.41,257070000.0,312770000.0,82.19138664194136,22.659393,-0.02645111,-0.10661316,1011.9342,25.208649,2.75,0.12636185,0.052005053,0.0019669533,0.40799138,0.10984547
2015-12-07,PLAYAS,Antioquia,81.97,178467000.0,312770000.0,57.0601400390063,22.107086,0.10650253,-0.033355713,1010.8183,25.440033,2.75,0.2708435,0.05364418,0.006735325,0.41355386,0.11160374
2015-12-08,PLAYAS,Antioquia,80.80000000000001,196606000.0,312770000.0,62.8596092975669,22.36441,0.23965073,0.11109924,1011.6089,25.424072,2.75,0.03349781,0.04452467,0.00071525574,0.40793934,0.26415053
2015-12-09,PLAYAS,Antioquia,78.68,171356000.0,312770000.0,54.7865843910861,22.683258,-0.37579727,-0.1754036,1012.5559,25.436584,2.75,0.06389618,0.042378902,0.0015497208,0.4053333,0.4147168
2015-12-10,PLAYAS,Antioquia,79.14999999999999,211256000.0,312770000.0,67.54356236211912,22.890839,-0.16025162,0.17004395,1012.5556,25.28241,2.75,0.02336502,0.038802624,0.00047683716,0.40185195,0.23365685
2015-12-11,PLAYAS,Antioquia,85.92,173822000.0,312770000.0,55.5750231799725,22.891876,-0.20442581,0.112766266,1012.0486,25.360992,2.75,0.01835823,0.03671646,0.00029802322,0.3912565,0.23346551
2015-12-12,PLAYAS,Antioquia,69.69999999999999,159990000.0,312770000.0,51.15260415001439,22.920746,-0.44045258,0.09926605,1010.9517,25.35086,2.75,0.0009536743,0.034034252,0.0,0.38087788,0.45149997
2015-12-13,PLAYAS,Antioquia,75.53999999999999,155679000.0,312770000.0,49.77427502637721,22.873077,-0.033851624,0.24588013,1010.9855,25.355042,2.75,0.06330013,0.033020973,0.00071525574,0.37410846,0.24819945
2015-12-14,PLAYAS,Antioquia,97.46,170475000.0,312770000.0,54.50490775969562,22.142792,0.22262955,0.08843231,1011.3066,25.265015,2.75,0.030636787,0.031650066,0.001013279,0.38288143,0.23954998
2015-12-15,PLAYAS,Antioquia,97.64,223684000.0,312770000.0,71.51708923490105,21.834198,-0.22280884,-0.27763367,1011.7439,25.148285,2.75,0.254035,0.03504753,0.005841255,0.39922482,0.35598347
2015-12-16,PLAYAS,Antioquia,87.8,167703000.0,312770000.0,53.61863350065544,22.834259,0.11468887,0.008918762,1011.0578,25.123627,2.75,0.018715858,0.028789043,0.0006556511,0.39411348,0.11503514
2015-12-17,PLAYAS,Antioquia,82.77,215196000.0,312770000.0,68.8032739712888,22.647308,-0.18378067,0.1329422,1010.1383,25.247925,2.75,0.18239021,0.03105402,0.004172325,0.3940998,0.22682364
2015-12-18,PLAYAS,Antioquia,88.98,166306000.0,312770000.0,53.17197940978994,22.592499,-0.059436798,-0.03565979,1010.7056,25.213165,2.75,0.0023841858,0.025749207,0.0,0.38373667,0.069313444
2015-12-19,PLAYAS,Antioquia,83.16,228219000.0,312770000.0,72.96703648048086,23.165009,-0.07188034,0.10151672,1011.9241,25.180267,2.75,0.07259846,0.026226044,0.0015199184,0.3854088,0.12438822
2015-12-20,PLAYAS,Antioquia,80.43,159199000.0,312770000.0,50.89970265690443,23.53952,-0.17702103,0.4574852,1011.673,25.178833,2.75,0.0,0.023543835,0.0,0.37433797,0.49053964
2015-12-21,PLAYAS,Antioquia,81.26,142297000.0,312770000.0,45.49573168782173,23.235443,-0.43954468,0.37722015,1010.6381,25.444,2.75,0.0,0.02259016,0.0,0.36336222,0.5792189
2015-12-22,PLAYAS,Antioquia,74.85000000000001,151790000.0,312770000.0,48.53086932889983,23.010345,-0.3895645,0.33898926,1009.3828,25.506805,2.75,0.00011920929,0.0218153,0.0,0.35467923,0.5164051
2015-12-23,PLAYAS,Antioquia,80.72,145785000.0,312770000.0,46.610928158071424,23.300507,-0.45666122,0.1700859,1009.71155,25.399872,2.75,0.0,0.02092123,0.0,0.34631783,0.48730758
2015-12-24,PLAYAS,Antioquia,70.14,148918000.0,312770000.0,47.61262269399239,23.287384,-0.3268509,0.46920013,1010.20795,25.260406,2.75,0.0011920929,0.02002716,0.0,0.33925477,0.5718219
2015-12-25,PLAYAS,Antioquia,77.73,167127000.0,312770000.0,53.43447261566007,23.773163,-0.20023346,0.5704956,1010.36,25.205902,2.75,0.0,0.019073486,0.0,0.3307161,0.6046145
2015-12-26,PLAYAS,Antioquia,80.56,137683000.0,312770000.0,44.02052626530678,23.769318,-0.12765884,0.3832512,1009.46515,25.322815,2.75,0.0,0.01835823,0.0,0.3224009,0.40395328
2015-12-27,PLAYAS,Antioquia,86.07000000000001,119283000.0,312770000.0,38.13760910573264,23.213959,-0.47752762,0.18964005,1008.29376,25.357117,2.75,0.0,0.01770258,0.0,0.31594822,0.5138054
2015-12-28,PLAYAS,Antioquia,82.09,143025000.0,312770000.0,45.72849058413531,23.845123,0.041893005,0.19126892,1009.3781,25.344849,2.75,0.002026558,0.01680851,5.9604645e-05,0.31035453,0.19580303
2015-12-29,PLAYAS,Antioquia,92.5,152885000.0,312770000.0,48.880966844646224,24.037933,-0.23759079,0.35227966,1011.6033,25.312408,2.75,0.0,0.016331673,0.0,0.30525476,0.42491215
2015-12-30,PLAYAS,Antioquia,88.32,137197000.0,312770000.0,43.865140518591936,23.853485,-0.12581635,0.43102646,1012.29126,25.292084,2.75,0.01335144,0.01591444,0.00029802322,0.30530068,0.44901398
2015-12-31,PLAYAS,Antioquia,86.37,120582000.0,312770000.0,38.55293026824823,24.11966,-0.18743896,0.64624405,1009.85266,25.20758,2.75,0.0,0.01513958,0.0,0.30111885,0.67287797
2016-01-01,PLAYAS,Antioquia,84.13000000000001,151116000.0,233030000.0,64.84830279363172,24.861298,-0.42395782,0.43392563,1009.7459,25.086792,2.63,0.0009536743,0.014364719,0.0,0.29660398,0.60665613
2016-01-02,PLAYAS,Antioquia,72.53,140707000.0,233030000.0,60.381495944728144,22.321198,-0.14484406,0.18052292,1011.8667,25.238556,2.63,0.37372112,0.020623207,0.006735325,0.32942647,0.23144832
2016-01-03,PLAYAS,Antioquia,81.89999999999999,169230000.0,233030000.0,72.62155087327812,22.89505,0.3534584,-0.08304596,1011.6342,25.177307,2.63,0.029087067,0.01603365,0.002682209,0.3496971,0.36308327
2016-01-04,PLAYAS,Antioquia,74.3,208672000.0,233030000.0,89.54726859202677,21.824432,0.19155884,-0.11403656,1012.3658,25.286957,2.63,0.6971359,0.03170967,0.018537045,0.368007,0.22293301
2016-01-05,PLAYAS,Antioquia,85.16,173955000.0,233030000.0,74.64918679998284,22.28897,0.3470497,-0.13856506,1013.7261,25.44815,2.63,0.12218952,0.016272068,0.0033974648,0.36514276,0.3736894
2016-01-06,PLAYAS,Antioquia,82.80999999999999,152041000.0,233030000.0,65.24524739303952,22.446259,-0.085998535,-0.11362457,1014.2294,25.573517,2.63,0.18262863,0.01591444,0.0036358833,0.36724484,0.14250015
2016-01-07,PLAYAS,Antioquia,76.85,208205000.0,233030000.0,89.34686521048792,23.02536,-0.117515564,-0.034866333,1013.3136,25.490967,2.63,0.16903877,0.017344952,0.005364418,0.3648071,0.12257883
2016-01-08,PLAYAS,Antioquia,70.65,142671000.0,233030000.0,61.22430588336266,23.342438,-0.115550995,-0.08744812,1012.8553,25.438751,2.63,0.12660027,0.014901161,0.0032484531,0.37237695,0.14491104
2016-01-09,PLAYAS,Antioquia,79.85,143826000.0,233030000.0,61.71995022100158,23.059235,-0.20515823,-0.296669,1011.7711,25.353241,2.63,0.0538826,0.011950731,0.00059604645,0.37537003,0.3606971
2016-01-10,PLAYAS,Antioquia,76.95,125985000.0,233030000.0,54.06385443934257,22.751312,-0.5440674,-0.3106537,1012.21533,25.243256,2.63,0.025868416,0.01180172,0.00071525574,0.37060145,0.6265102
2016-01-11,PLAYAS,Antioquia,83.08,124820000.0,233030000.0,53.56391880873708,22.125336,-0.8349228,-0.447464,1014.0744,25.105896,2.63,0.038146973,0.012636185,0.0019669533,0.36771637,0.9472698
2016-01-12,PLAYAS,Antioquia,70.21,113735000.0,233030000.0,48.80702055529331,22.339508,-0.42790222,-0.32608414,1013.2686,25.100922,2.63,0.00011920929,0.010371208,0.0,0.36100724,0.53798807
2016-01-13,PLAYAS,Antioquia,91.23,144294000.0,233030000.0,61.9207827318371,22.444122,-0.7335701,0.12555695,1013.6356,25.182007,2.63,0.017046928,0.010669231,0.0003874302,0.3512845,0.7442376
2016-01-14,PLAYAS,Antioquia,88.58,113286000.0,233030000.0,48.61434150109428,22.530853,-0.4850235,-0.2173729,1013.71735,25.415314,2.63,0.056624413,0.010669231,0.0007748604,0.3462307,0.5315061
2016-01-15,PLAYAS,Antioquia,77.88000000000001,137438000.0,233030000.0,58.97867227395614,22.821503,-0.34386444,0.20682526,1011.7689,25.387085,2.63,0.0034570694,0.009596348,0.0,0.34369808,0.4012723
2016-01-16,PLAYAS,Antioquia,76.81,140000000.0,233030000.0,60.07810153199159,22.93637,-0.21252823,0.05322647,1011.2389,25.295258,2.63,0.0052452087,0.009298325,0.0,0.33583173,0.219092
2016-01-17,PLAYAS,Antioquia,65.14,124564000.0,233030000.0,53.45406170879286,23.553986,-0.39436722,-0.08369827,1012.3145,25.233551,2.63,0.0056028366,0.008821487,5.9604645e-05,0.32797462,0.4031512
2016-01-18,PLAYAS,Antioquia,55.81,92366000.0,233030000.0,39.636956615028105,22.628204,-0.4203186,-0.014427185,1012.4775,25.08255,2.63,0.005722046,0.008702278,0.0,0.321913,0.42056614
2016-01-19,PLAYAS,Antioquia,57.45,118486000.0,233030000.0,50.84581384371111,22.248505,-0.2700081,-0.23239899,1013.8317,24.981873,2.63,0.0121593475,0.00846386,0.00017881393,0.31821984,0.35624945
2016-01-20,PLAYAS,Antioquia,69.36,112574000.0,233030000.0,48.30880144187444,22.835358,-0.29558563,-0.14393616,1012.6122,25.24408,2.63,0.00011920929,0.007927418,0.0,0.31597918,0.32876813
2016-01-21,PLAYAS,Antioquia,81.56,119653000.0,233030000.0,51.34660773290992,23.271698,-0.25225067,-0.26243973,1012.02594,25.601532,2.63,0.002026558,0.007927418,0.0,0.31180316,0.3640124
2016-01-22,PLAYAS,Antioquia,83.69,135710000.0,233030000.0,58.23713684933271,23.935028,-0.24334335,-0.05709076,1012.2036,25.513763,2.63,0.05030632,0.009357929,0.0017285347,0.30751613,0.24995068
2016-01-23,PLAYAS,Antioquia,78.29,134878000.0,233030000.0,57.880101274514,23.07724,-0.3990097,-0.21990967,1012.7634,25.569733,2.63,0.09906292,0.009596348,0.0021457672,0.3109353,0.4555974
2016-01-24,PLAYAS,Antioquia,82.8,128515000.0,233030000.0,55.14955155988499,22.384491,-0.0274086,-0.32489014,1013.08936,25.576447,2.63,0.18370152,0.013291836,0.0061392784,0.33161324,0.32604423
2016-01-25,PLAYAS,Antioquia,76.34,125662000.0,233030000.0,53.92524567652234,23.100616,-0.50211334,-0.29726028,1014.10016,25.822632,2.63,0.03695488,0.007390976,0.00035762787,0.34297955,0.5835079
2016-01-26,PLAYAS,Antioquia,69.49,123006000.0,233030000.0,52.78547826460112,23.111664,-0.45827866,-0.11656189,1013.0017,26.016205,2.63,0.008940697,0.0069737434,0.00011920929,0.33516857,0.47286996
2016-01-27,PLAYAS,Antioquia,63.18,128704000.0,233030000.0,55.23065699695319,24.108063,-0.31843567,0.25873184,1011.71,25.94168,2.63,0.02002716,0.006854534,0.00014901161,0.33041447,0.41029677
2016-01-28,PLAYAS,Antioquia,58.25,118391000.0,233030000.0,50.80504656052869,22.37973,-0.16082,-0.06651306,1012.7583,25.889282,2.63,0.04541874,0.007390976,0.0010728836,0.32824683,0.17403178
2016-01-29,PLAYAS,Antioquia,79.11,130286000.0,233030000.0,55.90953954426469,23.06546,0.17764664,-0.4250145,1013.3575,25.9346,2.63,0.10514259,0.008165836,0.0022649765,0.33476737,0.460647
2016-01-30,PLAYAS,Antioquia,81.92,110958000.0,233030000.0,47.615328498476586,23.07016,-0.34326935,-0.2884674,1013.67267,25.941986,2.63,0.06818771,0.006556511,0.0006556511,0.33524987,0.44838297
2016-01-31,PLAYAS,Antioquia,69.83,100379000.0,233030000.0,43.07556966914131,23.166595,-0.59851074,-0.24362564,1012.8081,26.103546,2.63,0.00011920929,0.005722046,0.0,0.32798678,0.6461954
2016-02-01,PLAYAS,Antioquia,57.58,120099000.0,210130000.0,57.15461856945701,22.650421,-0.35242462,0.0007171631,1012.3639,26.035736,2.28,0.019311905,0.0060796738,0.00059604645,0.32520545,0.35242537
2016-02-02,PLAYAS,Antioquia,52.78,117700000.0,210130000.0,56.012944367772334,23.327362,-0.21725082,0.15592194,1011.4783,26.093964,2.28,0.006556511,0.0054240227,0.0,0.31995037,0.26741272
2016-02-03,PLAYAS,Antioquia,77.46,150684000.0,210130000.0,71.7098938752201,23.566559,-0.05916214,-0.295681,1011.7753,26.205261,2.28,0.06592274,0.006377697,0.0011622906,0.3171073,0.30154172
2016-02-04,PLAYAS,Antioquia,79.19,96195000.0,210130000.0,45.77880359777281,23.088959,0.25284195,-0.24387741,1011.85626,26.23993,2.28,0.064611435,0.0070929527,0.001847744,0.32124174,0.35129082
2016-02-05,PLAYAS,Antioquia,75.68,125669000.0,210130000.0,59.80535858754104,23.065582,-0.35079193,0.03712845,1012.7308,26.347687,2.28,0.1449585,0.007688999,0.0027418137,0.3434784,0.35275134
2016-02-06,PLAYAS,Antioquia,71.0,114899000.0,210130000.0,54.679960024746585,23.127716,-0.3567772,0.50216675,1012.5505,26.161743,2.28,0.013232231,0.0049471855,0.00011920929,0.3399439,0.6160044
2016-02-07,PLAYAS,Antioquia,57.76,109112000.0,210130000.0,51.92595060200828,23.65207,-0.25386047,-0.03258896,1011.92236,25.956879,2.28,0.009417534,0.0051259995,0.00029802322,0.32881021,0.25594372
2016-02-08,PLAYAS,Antioquia,62.9,150805000.0,210130000.0,71.76747727597201,23.19217,0.28007507,0.24197006,1012.33575,25.805664,2.28,0.2696514,0.008165836,0.003516674,0.3432456,0.3701237
2016-02-09,PLAYAS,Antioquia,57.65,111485000.0,210130000.0,53.055251510969406,23.769257,-0.23491669,-0.38697052,1012.5595,25.766998,2.28,0.0027418137,0.0044703484,5.9604645e-05,0.33360434,0.4526942
2016-02-10,PLAYAS,Antioquia,60.48,118483000.0,210130000.0,56.38557083710084,23.84665,-0.09056854,-0.32215118,1012.9327,25.94867,2.28,0.11539459,0.0054836273,0.0013113022,0.34400874,0.33464018
2016-02-11,PLAYAS,Antioquia,52.13,136093000.0,210130000.0,64.76609717793747,23.522308,-0.010528564,0.10186005,1012.6097,26.208069,2.28,0.20110607,0.008404255,0.0042915344,0.36036152,0.10240273
2016-02-12,PLAYAS,Antioquia,71.61999999999999,121890000.0,210130000.0,58.00694807976014,23.407928,-0.06841278,-0.27754974,1012.2419,26.436737,2.28,0.053048134,0.0044107437,0.0005364418,0.349457,0.2858569
2016-02-13,PLAYAS,Antioquia,68.07,110920000.0,210130000.0,52.78637034216913,23.054657,0.12855911,-0.19560623,1011.44904,26.458984,2.28,0.28538704,0.007987022,0.0039041042,0.355629,0.23407103
2016-02-14,PLAYAS,Antioquia,86.71,149187000.0,210130000.0,70.99747775186789,24.031525,-0.2949791,0.1467514,1009.8733,26.479095,2.28,0.18405914,0.008583069,0.0045895576,0.36366332,0.3294672
2016-02-15,PLAYAS,Antioquia,73.2,142841000.0,210130000.0,67.97744253557322,24.703094,0.035160065,0.44168854,1009.0633,26.468842,2.28,0.0104904175,0.003993511,0.00011920929,0.3549224,0.44308576
2016-02-16,PLAYAS,Antioquia,65.10000000000001,111224000.0,210130000.0,52.9310426878599,25.625702,-0.1272316,0.14761734,1007.8714,26.581696,2.28,0.0,0.0035762787,0.0,0.34236643,0.19488141
2016-02-17,PLAYAS,Antioquia,60.07,261022000.0,210130000.0,124.21929281873123,23.350128,0.6242142,0.024852753,1011.3758,26.91803,2.28,0.23639202,0.0071525574,0.0037550926,0.37339765,0.6247087
2016-02-18,PLAYAS,Antioquia,70.96000000000001,144202000.0,210130000.0,68.62513682006377,23.42276,-0.29569626,-0.04144287,1011.1312,26.846802,2.28,0.09763241,0.005543232,0.0021457672,0.38059327,0.2985863
2016-02-19,PLAYAS,Antioquia,57.82000000000001,120521000.0,210130000.0,57.355446628277726,23.834076,-0.27943802,0.042678833,1011.1683,26.582214,2.28,0.14436245,0.006914139,0.003516674,0.37703186,0.28267843
2016-02-20,PLAYAS,Antioquia,43.54,144741000.0,210130000.0,68.88164469614048,23.40921,0.4802971,-0.18729019,1009.79205,26.357391,2.28,0.17642975,0.0067949295,0.0033974648,0.3816084,0.515522
2016-02-21,PLAYAS,Antioquia,60.16,251044000.0,210130000.0,119.47080378813116,21.872467,0.32910538,0.12829208,1010.052,26.259918,2.28,0.32293797,0.011742115,0.00846386,0.4017857,0.35322684
2016-02-22,PLAYAS,Antioquia,69.93,166279000.0,210130000.0,79.13149002998145,21.959076,0.13071442,-0.14624786,1010.8108,26.373077,2.28,0.10550022,0.0066161156,0.0031590462,0.4427899,0.19614968
2016-02-23,PLAYAS,Antioquia,64.86,182659000.0,210130000.0,86.92666444581926,23.740387,0.44534302,-0.2814331,1010.8836,26.499786,2.28,0.0064373016,0.0032782555,0.00011920929,0.4310954,0.5268159
2016-02-24,PLAYAS,Antioquia,69.74000000000001,116062000.0,210130000.0,55.23342692618854,23.85196,0.4461136,-0.21412659,1012.0861,26.448883,2.28,0.036597252,0.003695488,0.0006556511,0.42438573,0.49484092
2016-02-25,PLAYAS,Antioquia,59.260000000000005,149692000.0,210130000.0,71.2378051682292,22.500397,0.29426956,-0.47364426,1013.39685,26.414734,2.28,0.27549267,0.022947788,0.019788742,0.43831205,0.5576141
2016-02-26,PLAYAS,Antioquia,70.8,116088000.0,210130000.0,55.2458002189121,21.790924,-0.17974472,-0.34445572,1012.71606,26.598297,2.28,0.15306473,0.0061392784,0.0029802322,0.43444198,0.38853303
2016-02-27,PLAYAS,Antioquia,80.10000000000001,127210000.0,210130000.0,60.538714129348506,23.687653,-0.3554039,-0.17909622,1011.39594,26.588135,2.28,0.21445751,0.008046627,0.0049471855,0.4254068,0.39797914
2016-02-28,PLAYAS,Antioquia,67.58999999999999,96152000.0,210130000.0,45.75834007519155,23.441132,-0.06147003,0.07413864,1012.09094,26.386505,2.28,0.11086464,0.0072717667,0.004172325,0.4249985,0.09630734
2016-02-29,PLAYAS,Antioquia,76.95,101167000.0,210130000.0,48.14495788321515,23.776459,0.321064,-0.09800339,1012.8317,26.146881,2.28,0.06878376,0.0041127205,0.0013113022,0.42030123,0.33568847
2016-03-01,PLAYAS,Antioquia,83.81,131578000.0,227330000.0,57.879734306954646,23.647919,0.3610878,-0.18312073,1012.818,25.881378,1.71,0.16057491,0.0056624413,0.0027418137,0.4227196,0.40486738
2016-03-02,PLAYAS,Antioquia,73.92999999999999,113145000.0,227330000.0,49.771257643073945,23.173859,-0.19742584,-0.13443756,1013.6083,25.492126,1.71,0.4143715,0.0131726265,0.010311604,0.4253208,0.2388523
2016-03-03,PLAYAS,Antioquia,83.64,110251000.0,227330000.0,48.49821844895087,23.040741,-0.24123383,-0.14458466,1011.8744,25.700012,1.71,0.10728836,0.007212162,0.0042915344,0.42274028,0.28124452
2016-03-04,PLAYAS,Antioquia,81.27,101043000.0,227330000.0,44.44771917476796,23.329437,0.13384628,0.09139252,1012.72955,26.162506,1.71,0.49757957,0.03027916,0.027418137,0.4278259,0.16207227
2016-03-05,PLAYAS,Antioquia,74.46000000000001,101286000.0,227330000.0,44.55461223771609,23.16922,0.49856186,0.10155487,1013.28467,26.154755,1.71,0.13709068,0.0056028366,0.0027418137,0.42485425,0.5087999
2016-03-06,PLAYAS,Antioquia,55.66,122918000.0,227330000.0,54.07029428583997,23.09433,-0.35876083,-0.023609161,1014.71515,26.208954,1.71,0.11062622,0.007390976,0.004708767,0.43673593,0.35953683
2016-03-07,PLAYAS,Antioquia,55.75,107841000.0,227330000.0,47.43808560242819,21.940643,-0.17398071,-0.29913712,1015.45013,26.635895,1.71,0.22900105,0.012814999,0.010430813,0.45920894,0.34605247
2016-03-08,PLAYAS,Antioquia,65.14999999999999,150106000.0,227330000.0,66.03000043988915,21.647736,-0.13459015,-0.16257858,1014.72327,26.91867,1.71,0.18942356,0.008225441,0.0056028366,0.45353037,0.21105996
2016-03-09,PLAYAS,Antioquia,72.86,134091000.0,227330000.0,58.9851757357146,22.942474,0.27131653,-0.089645386,1013.16376,27.249054,1.71,0.051379204,0.004529953,0.0019669533,0.437126,0.28574282
2016-03-10,PLAYAS,Antioquia,60.6,99474000.0,227330000.0,43.75753310165838,22.821747,0.39299393,-0.27516556,1013.6853,27.610687,1.71,0.13148785,0.008761883,0.0059604645,0.43629998,0.47975028
2016-03-11,PLAYAS,Antioquia,42.34,99147000.0,227330000.0,43.61368935028373,22.991669,0.33664322,-0.3820076,1013.8261,27.444672,1.71,0.10871887,0.00667572,0.003874302,0.43379667,0.5091743
2016-03-12,PLAYAS,Antioquia,46.11,121589000.0,227330000.0,53.48568160823473,24.006134,-0.18343735,-0.16277313,1013.18,27.032043,1.71,0.048279762,0.0041127205,0.0013113022,0.42416486,0.24524346
2016-03-13,PLAYAS,Antioquia,50.49,116294000.0,227330000.0,51.15646856992038,23.450836,-0.24412441,-0.36125565,1013.1975,27.006317,1.71,0.0808239,0.0051259995,0.002026558,0.4162158,0.4360073
2016-03-14,PLAYAS,Antioquia,52.8,131856000.0,227330000.0,58.0020234900805,22.797272,-0.41516113,0.038253784,1014.5056,27.194305,1.71,0.09191036,0.0063180923,0.0035762787,0.41358048,0.4169198
2016-03-15,PLAYAS,Antioquia,51.31,116546000.0,227330000.0,51.26732063519993,23.606232,0.38023758,-0.21753311,1013.65186,27.226532,1.71,0.21374226,0.012218952,0.0094771385,0.41423762,0.43806538
2016-03-16,PLAYAS,Antioquia,58.25,99437000.0,227330000.0,43.7412572031848,24.2742,0.27952194,-0.2168808,1011.55096,26.899567,1.71,0.011920929,0.0030994415,0.00029802322,0.4040833,0.35379344
2016-03-17,PLAYAS,Antioquia,70.16,161808000.0,227330000.0,71.17758324902125,22.661407,0.1661911,-0.039848328,1012.4949,26.838287,1.71,0.37920475,0.014960766,0.0121593475,0.4256221,0.17090164
2016-03-18,PLAYAS,Antioquia,65.57,119565000.0,227330000.0,52.59534597281485,22.649872,0.35793304,-0.14856339,1012.0594,26.760284,1.71,0.15676022,0.011205673,0.00834465,0.44807202,0.38753986
2016-03-19,PLAYAS,Antioquia,61.55,118726000.0,227330000.0,52.22627897769762,24.401947,0.032081604,-0.08816528,1011.27936,26.652283,1.71,0.13136864,0.007390976,0.004529953,0.45816925,0.093820825
2016-03-20,PLAYAS,Antioquia,66.86999999999999,192235000.0,227330000.0,84.56209035323099,23.411102,0.34451675,-0.1579628,1011.92065,26.53128,1.71,0.26369095,0.021278858,0.018268824,0.44455475,0.379004
2016-03-21,PLAYAS,Antioquia,67.08,141984000.0,227330000.0,62.45722078036336,23.351532,-0.23975372,-0.036079407,1013.305,26.449219,1.71,0.54621696,0.036001205,0.03218651,0.43426466,0.24245323
2016-03-22,PLAYAS,Antioquia,60.12,145595000.0,227330000.0,64.04566049355563,23.393036,-0.16789246,0.23240662,1013.3803,26.598755,1.71,0.1963377,0.010669231,0.00756979,0.42972043,0.28670666
2016-03-23,PLAYAS,Antioquia,62.05,112374000.0,227330000.0,49.43210311001627,24.937286,-0.1591835,0.13350296,1012.0617,26.644989,1.71,0.00071525574,0.0032186508,0.0,0.42355543,0.2077557
2016-03-24,PLAYAS,Antioquia,72.92999999999999,118997000.0,227330000.0,52.34548893678793,24.29007,-0.28778076,-0.06137085,1010.71515,26.762054,1.71,0.0,0.0034570694,0.0,0.40876767,0.29425183
2016-03-25,PLAYAS,Antioquia,81.6,104609000.0,227330000.0,46.01636387630317,24.37387,0.0797081,0.0038719177,1010.0678,26.496063,1.71,0.03159046,0.0041127205,0.00059604645,0.39728063,0.07980209
2016-03-26,PLAYAS,Antioquia,70.73,107755000.0,227330000.0,47.400255135705805,25.335968,0.022029877,0.026447296,1010.83234,26.39856,1.71,0.002861023,0.003695488,5.9604645e-05,0.3867542,0.03442056
2016-03-27,PLAYAS,Antioquia,60.12,150170000.0,227330000.0,66.05815334535697,24.111969,0.28042984,-0.23079681,1012.8197,26.502106,1.71,0.17356873,0.008761883,0.0051259995,0.38635588,0.3631915
2016-03-28,PLAYAS,Antioquia,56.27,127703000.0,227330000.0,56.17516385870761,23.434235,0.28770065,-0.17048264,1013.8289,26.659637,1.71,0.33533573,0.015079975,0.011444092,0.41031098,0.3344189
2016-03-29,PLAYAS,Antioquia,58.49,111663000.0,227330000.0,49.11934192583469,23.468414,-0.17055511,-0.07961655,1013.1764,26.793488,1.71,0.15580654,0.009059906,0.0052452087,0.42289832,0.18822286
2016-03-30,PLAYAS,Antioquia,61.67,152812000.0,227330000.0,67.2203404742005,23.178741,-0.012088776,-0.115859985,1012.60046,26.558105,1.71,0.02527237,0.0045895576,0.00047683716,0.41670534,0.11648895
2016-03-31,PLAYAS,Antioquia,55.37,176027000.0,227330000.0,77.43236704350504,22.090668,0.04720688,-0.025600433,1014.3052,26.609802,1.71,0.10728836,0.00834465,0.004053116,0.4245368,0.05370169
2016-04-01,PLAYAS,Antioquia,46.52,138122000.0,313140000.0,44.108705371399374,22.824188,0.25864792,-0.25653458,1013.65955,26.715363,1.05,0.28300285,0.027656555,0.022172928,0.42929465,0.3642921
2016-04-02,PLAYAS,Antioquia,51.29,182435000.0,313140000.0,58.25988375806349,21.306732,-0.11585617,-0.25551224,1014.29407,26.69571,1.05,0.7158518,0.06020069,0.05364418,0.4666443,0.28055152
2016-04-03,PLAYAS,Antioquia,53.78,159629000.0,313140000.0,50.97687935108897,21.567474,-0.035915375,-0.27418137,1014.0683,26.637848,1.05,0.13613701,0.014960766,0.0073313713,0.46023905,0.27652365
2016-04-04,PLAYAS,Antioquia,66.25,138157000.0,313140000.0,44.11988248067957,21.657501,-0.21709442,-0.24874878,1014.0517,26.321655,1.05,0.12087822,0.018954277,0.0104904175,0.46813834,0.33016047
2016-04-05,PLAYAS,Antioquia,71.03,166197000.0,313140000.0,53.07434374401227,23.124725,0.087882996,-0.15667725,1014.1262,26.084625,1.05,0.51271915,0.07009506,0.060856342,0.4821796,0.17964181
2016-04-06,PLAYAS,Antioquia,80.88,171010000.0,313140000.0,54.61135594302867,22.733185,0.014785767,-0.022140503,1013.1447,25.81311,1.05,0.06330013,0.012934208,0.0030398369,0.46504813,0.026623689
2016-04-07,PLAYAS,Antioquia,65.03,129267000.0,313140000.0,41.28089672351025,23.518463,0.039482117,0.028263092,1011.5119,25.606445,1.05,0.032782555,0.012397766,0.0017881393,0.44770566,0.048555534
2016-04-08,PLAYAS,Antioquia,63.57000000000001,219948000.0,313140000.0,70.23950948457559,23.686798,0.27114868,-0.026657104,1011.42487,24.902557,1.05,0.29587746,0.118255615,0.014603138,0.44602674,0.27245587
2016-04-09,PLAYAS,Antioquia,60.36,360666000.0,313140000.0,115.17723701858591,22.51175,-0.3008995,0.23913956,1011.77075,24.941559,1.05,0.41270256,0.10031462,0.01770258,0.44558156,0.38435432
2016-04-10,PLAYAS,Antioquia,66.52,208265000.0,313140000.0,66.50859040684678,22.084442,0.42755508,-0.23552704,1011.6325,25.484161,1.05,0.12636185,0.028431416,0.004053116,0.44036654,0.48813558
2016-04-11,PLAYAS,Antioquia,67.97,173488000.0,313140000.0,55.402695280066425,22.2034,-0.03936386,-0.14774704,1012.70013,24.44693,1.05,0.2874136,0.038027763,0.01013279,0.44265616,0.15290095
2016-04-12,PLAYAS,Antioquia,70.99,215344000.0,313140000.0,68.76924059526091,20.803864,0.15161514,0.08835602,1014.28094,24.248505,1.05,3.1170845,0.9300709,0.65147877,0.5054554,0.17548202
2016-04-13,PLAYAS,Antioquia,65.93,222869000.0,313140000.0,71.17231909050265,20.557343,-0.22835922,-0.12195206,1014.8747,24.115845,1.05,1.4220476,1.19102,0.22816658,0.50714827,0.25888267
2016-04-14,PLAYAS,Antioquia,82.04,173123000.0,313140000.0,55.286133997572975,21.40036,0.26696777,-0.19818115,1012.8706,24.071808,1.05,0.23078918,0.1975298,0.022888184,0.49338955,0.33248693
2016-04-15,PLAYAS,Antioquia,66.25,148619000.0,313140000.0,47.46088011751933,23.330658,0.4572029,0.2601204,1010.8661,23.941864,1.05,0.06854534,0.12373924,0.0044107437,0.48524705,0.5260201
2016-04-16,PLAYAS,Antioquia,77.86,181707000.0,313140000.0,58.02739988503545,22.94992,0.36717224,-0.09418106,1011.02045,24.228851,1.05,0.81562996,0.14603138,0.05221367,0.48310733,0.37905872
2016-04-17,PLAYAS,Antioquia,68.32000000000001,163316000.0,313140000.0,52.15430797726257,22.367462,-0.46895218,0.36305618,1012.6758,24.294983,1.05,0.38456917,0.14060736,0.06097555,0.48701066,0.59306484
2016-04-18,PLAYAS,Antioquia,68.39,150408000.0,313140000.0,48.03219007472696,23.663666,-0.21256256,0.09803772,1012.79095,24.086304,1.05,0.002503395,0.0705719,5.9604645e-05,0.46700123,0.23408169
2016-04-19,PLAYAS,Antioquia,56.55,131574000.0,313140000.0,42.01762789806477,23.263336,-0.018054962,-0.002002716,1012.34125,23.858795,1.05,0.06830692,0.0667572,0.003874302,0.46609825,0.018165696
2016-04-20,PLAYAS,Antioquia,58.02,156223000.0,313140000.0,49.88918694513636,22.842865,0.43362808,0.098552704,1012.1741,23.631714,1.05,0.47433376,0.17869473,0.05722046,0.46412563,0.44468635
2016-04-21,PLAYAS,Antioquia,63.18,207907000.0,313140000.0,66.39426454620936,23.713104,0.026672363,-0.1003418,1011.47595,23.310364,1.05,0.11396408,0.056564808,0.0030994415,0.44816753,0.103826255
2016-04-22,PLAYAS,Antioquia,41.91,132445000.0,313140000.0,42.29577824615188,23.685883,-0.18157959,0.15926361,1012.2264,23.12622,1.05,0.5649328,0.25075674,0.019073486,0.44011128,0.24152856
2016-04-23,PLAYAS,Antioquia,45.92,133333000.0,313140000.0,42.57935747588938,22.861908,-0.28838348,-0.04970932,1012.165,23.066559,1.05,0.086545944,0.0500679,0.002026558,0.44147104,0.29263636
2016-04-24,PLAYAS,Antioquia,66.38,226078000.0,313140000.0,72.19710033850674,20.935883,-0.44502258,-0.17023468,1013.8522,23.230743,1.05,0.11789799,0.05209446,0.005841255,0.46874467,0.47647136
2016-04-25,PLAYAS,Antioquia,56.7,282055000.0,313140000.0,90.0731302292904,21.780914,0.03425598,-0.27003098,1012.6281,23.31546,1.05,0.056266785,0.047683716,0.0020861626,0.4781472,0.27219516
2016-04-26,PLAYAS,Antioquia,45.32,293342000.0,313140000.0,93.67758829916332,22.393463,0.1219635,-0.09543228,1011.1217,23.44638,1.05,0.20134449,0.051021576,0.005841255,0.4800566,0.15486257
2016-04-27,PLAYAS,Antioquia,61.44,328604000.0,313140000.0,104.93836622596922,22.371735,-0.15254211,-0.05319214,1012.09576,23.461151,1.05,1.0631084,0.25951862,0.14066696,0.47812152,0.1615503
2016-04-28,PLAYAS,Antioquia,84.38,262870000.0,313140000.0,83.94647761384684,21.707062,-0.36616898,-0.073596954,1013.6658,23.475006,1.05,0.21958351,0.074863434,0.014781952,0.48308128,0.37349194
2016-04-29,PLAYAS,Antioquia,81.38,315391000.0,313140000.0,100.7188477997062,22.136322,-0.5130043,-0.18803406,1013.41846,23.609802,1.05,0.16784668,0.070512295,0.006854534,0.48681533,0.5463792
2016-04-30,PLAYAS,Antioquia,65.55,210999000.0,313140000.0,67.38168231461967,22.572357,0.26509094,0.08775711,1011.2403,23.690796,1.05,0.15068054,0.0783205,0.016093254,0.4769937,0.27923918
2016-05-01,PLAYAS,Antioquia,50.0,317618000.0,402340000.0,78.94268529104738,21.681488,0.020648956,-0.02168274,1012.4772,24.074768,0.49,0.23210049,0.08511543,0.024020672,0.4995289,0.029941954
2016-05-02,PLAYAS,Antioquia,68.03,252624000.0,402340000.0,62.78868618581299,22.087982,-0.110500336,-0.19837189,1014.0673,24.100372,0.49,0.25606155,0.08833408,0.028312206,0.48848423,0.22707209
2016-05-03,PLAYAS,Antioquia,76.9,219246000.0,402340000.0,54.49271760202814,21.789825,0.14554214,-0.2753601,1014.5414,24.18338,0.49,0.13589859,0.06324053,0.00423193,0.48509228,0.3114574
2016-05-04,PLAYAS,Antioquia,71.39,353013000.0,402340000.0,87.73997116866332,21.634796,-0.023033142,0.17733765,1014.77594,24.324127,0.49,0.51665306,0.17619133,0.059247017,0.4907968,0.1788272
2016-05-05,PLAYAS,Antioquia,77.12,164720000.0,402340000.0,40.94049808619575,22.801727,0.30729294,0.046131134,1012.585,24.427917,0.49,0.017523766,0.22149086,0.000834465,0.47340435,0.31073627
2016-05-06,PLAYAS,Antioquia,86.26,286407000.0,402340000.0,71.18531590197345,22.446564,0.47190094,0.032238007,1013.0491,24.27304,0.49,0.17249584,0.18435717,0.008285046,0.47387555,0.47300082
2016-05-07,PLAYAS,Antioquia,81.94,272070000.0,402340000.0,67.62191181587713,22.039581,-0.37973785,0.052791595,1013.9392,24.1044,0.49,0.24354458,0.16659498,0.01847744,0.47710213,0.38338986
2016-05-08,PLAYAS,Antioquia,75.44999999999999,302243000.0,402340000.0,75.12129045086246,21.3956,-0.4920349,-0.22349548,1014.10455,24.142487,0.49,0.344038,0.25773048,0.07086992,0.49159604,0.5404152
2016-05-09,PLAYAS,Antioquia,84.28999999999999,359151000.0,402340000.0,89.26554655266689,21.576141,-0.00074768066,-0.17464828,1013.84436,24.167969,0.49,0.47957897,0.15556812,0.032305717,0.47858775,0.17464988
2016-05-10,PLAYAS,Antioquia,80.67,467315000.0,402340000.0,116.14927673112294,19.86148,-0.047389984,-0.36763,1015.0522,24.27298,0.49,0.908494,0.37628412,0.13008714,0.50227714,0.37067187
2016-05-11,PLAYAS,Antioquia,82.75,303628000.0,402340000.0,75.46552666898643,21.996185,-0.124759674,-0.1053009,1014.7328,24.331085,0.49,0.14293194,0.19359589,0.011742115,0.48961717,0.16325825
2016-05-12,PLAYAS,Antioquia,70.61,227645000.0,402340000.0,56.58025550529403,23.164093,0.07323074,-0.0055351257,1013.9003,24.225525,0.49,0.014305115,0.13446808,0.0002682209,0.47096923,0.07343963
2016-05-13,PLAYAS,Antioquia,59.040000000000006,176864000.0,402340000.0,43.95884078142864,23.638336,-0.22576904,0.5151787,1012.7361,24.10492,0.49,0.088214874,0.10854006,0.0010728836,0.45607287,0.56247735
2016-05-14,PLAYAS,Antioquia,75.02,178514000.0,402340000.0,44.36894169110703,23.194733,-0.03011322,0.24089813,1012.14545,23.943573,0.49,0.0,0.08994341,0.0,0.4396428,0.24277297
2016-05-15,PLAYAS,Antioquia,67.7,152680000.0,402340000.0,37.9480041755729,23.956757,-0.17878723,0.36125183,1012.4459,23.909454,0.49,0.0,0.07712841,0.0,0.42505231,0.4030729
2016-05-16,PLAYAS,Antioquia,54.8,158934000.0,402340000.0,39.5024108962569,24.168549,-0.24685669,0.5223274,1012.2551,23.619202,0.49,0.00071525574,0.06687641,0.0,0.41042838,0.5777232
2016-05-17,PLAYAS,Antioquia,71.39,254123000.0,402340000.0,63.16125664860566,24.291962,-0.101867676,0.09631729,1012.5467,23.211212,0.49,0.00047683716,0.05865097,0.0,0.39710325,0.14019288
2016-05-18,PLAYAS,Antioquia,72.83,207571000.0,402340000.0,51.59094298354625,23.146698,0.0818634,0.08018875,1012.73096,23.039642,0.49,0.0063180923,0.05209446,5.9604645e-05,0.38817835,0.114594296
2016-05-19,PLAYAS,Antioquia,58.91,180701000.0,402340000.0,44.91251180593528,23.057037,0.12851715,0.06448746,1013.0098,22.788818,0.49,0.023245811,0.04720688,0.0004172325,0.39705133,0.14378905
2016-05-20,PLAYAS,Antioquia,69.13,172396000.0,402340000.0,42.84833722722075,24.126862,-0.23421097,0.22011185,1012.21576,22.720276,0.49,0.009059906,0.042557716,0.00011920929,0.38478482,0.3214094
2016-05-21,PLAYAS,Antioquia,55.900000000000006,186310000.0,402340000.0,46.30660635283592,24.319977,-0.18286514,0.3143158,1012.3375,22.682861,0.49,0.0051259995,0.03886223,0.00011920929,0.39833245,0.36364004
2016-05-22,PLAYAS,Antioquia,80.02,183644000.0,402340000.0,45.64398270119799,24.694672,0.115428925,0.11381531,1012.29706,22.534088,0.49,0.46014786,0.0590086,0.02360344,0.39224395,0.16210417
2016-05-23,PLAYAS,Antioquia,67.23,143102000.0,402340000.0,35.56743053139136,25.12442,-0.03376007,0.4002838,1012.2564,22.651459,0.49,0.0039339066,0.032901764,5.9604645e-05,0.3760737,0.40170497
2016-05-24,PLAYAS,Antioquia,58.34,151461000.0,402340000.0,37.64502659442263,24.593842,-0.07316971,0.07728577,1014.46857,22.76593,0.49,0.0,0.030398369,0.0,0.37793145,0.10642789
2016-05-25,PLAYAS,Antioquia,55.17,140101000.0,402340000.0,34.82154396778844,23.13266,0.10082626,0.25605774,1014.483,22.836517,0.49,0.035881996,0.029087067,0.0009536743,0.37782916,0.27519357
2016-05-26,PLAYAS,Antioquia,74.83,302409000.0,402340000.0,75.16254908783615,21.866425,-0.14460373,0.4679451,1013.9327,22.579407,0.49,0.56421757,0.07998943,0.046551228,0.46264005,0.48977837
2016-05-27,PLAYAS,Antioquia,69.08,206612000.0,402340000.0,51.35258736392107,22.197174,0.36698532,-0.021282196,1012.5531,22.385956,0.49,0.13566017,0.03248453,0.0067949295,0.4678472,0.3676019
2016-05-28,PLAYAS,Antioquia,67.74,226219000.0,402340000.0,56.22582890092957,22.296783,0.11301041,0.06751633,1013.9025,22.29129,0.49,0.32424927,0.03373623,0.009328127,0.45585206,0.13164273
2016-05-29,PLAYAS,Antioquia,75.2,187098000.0,402340000.0,46.50246060545807,21.406403,-0.055278778,-0.13437271,1015.5709,22.443512,0.49,0.42295456,0.03516674,0.011563301,0.44759026,0.1452989
2016-05-30,PLAYAS,Antioquia,76.09,232542000.0,402340000.0,57.79738529601829,22.3143,0.19362259,-0.11446762,1013.4299,22.418549,0.49,0.053167343,0.025391579,0.0023841858,0.43532884,0.22492787
2016-05-31,PLAYAS,Antioquia,71.73,487984000.0,402340000.0,121.2864741263608,22.32309,0.46889877,-0.042216778,1012.70825,22.33554,0.49,0.623703,0.065505505,0.042915344,0.47650185,0.4707954
2016-06-01,PLAYAS,Antioquia,73.35000000000001,202233000.0,368390000.0,54.896441271478594,21.631622,-0.16891098,-0.20201111,1012.67487,22.27069,0.0,0.11205673,0.028252602,0.0061392784,0.46995023,0.26332378
2016-06-02,PLAYAS,Antioquia,71.92,194880000.0,368390000.0,52.90045875295204,22.05777,-0.019973755,0.13740158,1013.4545,22.542084,0.0,0.14591217,0.025868416,0.004172325,0.45781565,0.13884576
2016-06-03,PLAYAS,Antioquia,58.99,236047000.0,368390000.0,64.07530063248188,21.902985,-0.6534233,-0.13661575,1014.39764,22.868256,0.0,0.16224384,0.02861023,0.0072717667,0.45078468,0.6675522
2016-06-04,PLAYAS,Antioquia,49.47,328234000.0,368390000.0,89.09959553733815,22.228241,0.051750183,0.012908936,1013.4944,22.97342,0.0,0.047326088,0.023722649,0.0024735928,0.43780476,0.053335935
2016-06-05,PLAYAS,Antioquia,60.84,209403000.0,368390000.0,56.84274817448899,23.669586,-0.04925537,-0.19461823,1011.57513,22.795563,0.0,0.041484833,0.022172928,0.00059604645,0.4261247,0.20075443
2016-06-06,PLAYAS,Antioquia,57.31,231389000.0,368390000.0,62.8108797741524,22.130219,0.29417038,0.24259567,1014.1128,22.669159,0.0,0.19407272,0.026583672,0.005066395,0.42562905,0.38129893
2016-06-07,PLAYAS,Antioquia,52.31,300744000.0,368390000.0,81.63739515187709,21.14627,-0.068294525,-0.10211182,1015.1813,22.499512,0.0,0.20110607,0.035464764,0.011265278,0.42358255,0.122845285
2016-06-08,PLAYAS,Antioquia,68.71000000000001,225318000.0,368390000.0,61.16289801568989,22.466827,0.25172043,-0.010822296,1014.5464,22.348053,0.0,0.014066696,0.032931566,0.0005364418,0.41155022,0.25195298
2016-06-09,PLAYAS,Antioquia,66.14,168734000.0,368390000.0,45.80308911751133,22.815887,-0.19775772,0.15925217,1015.1917,22.282715,0.0,0.23019314,0.045776367,0.008672476,0.40374827,0.2539082
2016-06-10,PLAYAS,Antioquia,57.50999999999999,256223000.0,368390000.0,69.55210510600179,21.853485,-0.46113968,0.019348145,1015.28046,22.236298,0.0,0.31208992,0.054955482,0.017106533,0.40911287,0.4615454
2016-06-11,PLAYAS,Antioquia,57.53,178140000.0,368390000.0,48.35636146475203,22.641937,-0.17581558,0.24757004,1016.04767,22.266602,0.0,0.29277802,0.08058548,0.042140484,0.40171745,0.3036479
2016-06-12,PLAYAS,Antioquia,70.22,212666000.0,368390000.0,57.72849425880181,22.854218,-0.009674072,0.5433121,1015.85,22.48462,0.0,0.47075748,0.2272129,0.07724762,0.3945571,0.5433982
2016-06-13,PLAYAS,Antioquia,61.29,176647000.0,368390000.0,47.951084448546375,23.165375,-0.26564026,0.43493652,1014.64545,22.857788,0.0,0.00023841858,0.04041195,0.0,0.3840913,0.5096415
2016-06-14,PLAYAS,Antioquia,52.42,152416000.0,368390000.0,41.3735443415945,22.227264,-0.42710495,0.435997,1015.26794,22.82428,0.0,0.046610832,0.041902065,0.0017285347,0.37759978,0.6103377
2016-06-15,PLAYAS,Antioquia,53.81,151981000.0,368390000.0,41.25546296044952,22.628082,-0.5566139,0.46004486,1016.4986,22.632477,0.0,0.011920929,0.039696693,0.00029802322,0.36541033,0.72212213
2016-06-16,PLAYAS,Antioquia,53.44,152483000.0,368390000.0,41.39173158880534,23.295502,-0.059993744,0.6158829,1014.8616,22.653503,0.0,0.0,0.038266182,0.0,0.3516197,0.618798
2016-06-17,PLAYAS,Antioquia,66.01,136346000.0,368390000.0,37.01131952550286,24.05838,-0.39611053,0.40851974,1013.3166,22.760223,0.0,0.0042915344,0.037431717,0.00023841858,0.3390155,0.5690272
2016-06-18,PLAYAS,Antioquia,72.02,188133000.0,368390000.0,51.06897581367572,23.346527,0.24540329,0.1367302,1013.3089,22.677246,0.0,0.18644333,0.04452467,0.008761883,0.35439917,0.28092334
2016-06-19,PLAYAS,Antioquia,70.19999999999999,237055000.0,368390000.0,64.34892369499715,23.0607,-0.33815384,0.36904907,1012.9581,22.717163,0.0,0.042319298,0.036120415,0.0013113022,0.35530666,0.50054497
2016-06-20,PLAYAS,Antioquia,74.53999999999999,170497000.0,368390000.0,46.28165802546215,22.285187,-0.53329086,0.36213303,1013.3789,22.595612,0.0,0.014185905,0.03427267,0.0004172325,0.3546169,0.6446235
2016-06-21,PLAYAS,Antioquia,78.55,179316000.0,368390000.0,48.67558837101985,21.93399,-0.49282455,0.4577217,1013.47235,22.502625,0.0,0.0060796738,0.033080578,0.00011920929,0.3489945,0.67259586
2016-06-22,PLAYAS,Antioquia,81.8,165247000.0,368390000.0,44.85653790819512,23.590057,-0.5641022,0.68369293,1013.97687,22.302063,0.0,0.1578331,0.035881996,0.0041127205,0.34870034,0.88636744
2016-06-23,PLAYAS,Antioquia,88.51,168762000.0,368390000.0,45.81068975813676,23.609222,-0.15527725,0.564682,1013.6433,22.151093,0.0,0.36895275,0.13452768,0.025391579,0.35384512,0.5856422
2016-06-24,PLAYAS,Antioquia,87.09,354627000.0,368390000.0,96.26401368115312,22.616547,-0.46844482,0.26146317,1012.84375,21.977692,0.0,0.41854382,0.18852949,0.058174133,0.3522653,0.5364732
2016-06-25,PLAYAS,Antioquia,87.92,247377000.0,368390000.0,67.15084557126958,22.485626,-0.1750412,0.08382797,1013.14923,21.815735,0.0,0.3246069,0.09739399,0.065386295,0.3463428,0.19407873
2016-06-26,PLAYAS,Antioquia,82.89999999999999,273433000.0,368390000.0,74.22378457612857,23.13858,-0.13714981,0.8610344,1013.15594,21.823639,0.0,0.26500225,0.043988228,0.011742115,0.34662476,0.87188894
2016-06-27,PLAYAS,Antioquia,76.19,171190000.0,368390000.0,46.4697738809414,23.941559,-0.2674179,1.0303421,1011.5886,22.018524,0.0,0.0,0.031471252,0.0,0.33477074,1.0644798
2016-06-28,PLAYAS,Antioquia,65.96,148354000.0,368390000.0,40.27090854800619,24.753815,-0.07185364,0.90448403,1011.7455,22.409576,0.0,0.00011920929,0.030457973,0.0,0.32683188,0.9073337
2016-06-29,PLAYAS,Antioquia,58.01,136629000.0,368390000.0,37.08814028610983,24.21103,-0.060771942,0.7328186,1011.79346,22.64267,0.0,0.0,0.02926588,0.0,0.32050848,0.73533416
2016-06-30,PLAYAS,Antioquia,61.260000000000005,134659000.0,368390000.0,36.55338092782106,24.206085,-0.30264664,0.72808456,1011.7445,22.483887,0.0,0.00023841858,0.02837181,0.0,0.31533548,0.7884809
2016-07-01,PLAYAS,Antioquia,59.01,130361000.0,327660000.0,39.78544833058658,23.599274,0.008583069,0.69421387,1012.53314,22.154022,-0.31,0.05888939,0.029921532,0.0024437904,0.30996743,0.6942669
2016-07-02,PLAYAS,Antioquia,70.07,178628000.0,327660000.0,54.51626686199109,23.134491,-0.25736618,0.0051345825,1014.34515,22.423157,-0.31,0.00059604645,0.026404858,0.0,0.30875835,0.2574174
2016-07-03,PLAYAS,Antioquia,67.72,254007000.0,327660000.0,77.5215162058231,22.648956,-0.3877182,0.49848175,1015.08203,22.537048,-0.31,0.0910759,0.027418137,0.0019073486,0.33748654,0.63151366
2016-07-04,PLAYAS,Antioquia,64.03,235268000.0,327660000.0,71.80247817859977,23.278656,-0.59018326,0.39089203,1014.1731,22.427246,-0.31,0.051259995,0.025749207,0.00071525574,0.33484584,0.70789325
2016-07-05,PLAYAS,Antioquia,60.25,337373000.0,327660000.0,102.96435329304768,22.139435,-0.6183777,0.15174103,1014.4895,22.347809,-0.31,0.010967255,0.0243783,0.00023841858,0.3387483,0.6367231
2016-07-06,PLAYAS,Antioquia,72.89,538240000.0,327660000.0,164.2678386131966,22.226044,-0.21645737,0.3871727,1014.7427,22.573883,-0.31,0.047683716,0.02503395,0.0014901161,0.3495818,0.44357243
2016-07-07,PLAYAS,Antioquia,76.5,202284000.0,327660000.0,61.73594579747299,24.169403,-0.12079239,0.70155334,1012.71765,22.900879,-0.31,0.0,0.022530556,0.0,0.34949318,0.71187633
2016-07-08,PLAYAS,Antioquia,70.94,155878000.0,327660000.0,47.5730940609168,24.486847,-0.35126114,0.7501869,1013.3156,22.846588,-0.31,0.0,0.021636486,0.0,0.3341028,0.82835066
2016-07-09,PLAYAS,Antioquia,66.43,137399000.0,327660000.0,41.933406579991455,24.91153,-0.17484665,0.7810745,1012.8017,22.76587,-0.31,0.0,0.020682812,0.0,0.32110468,0.8004054
2016-07-10,PLAYAS,Antioquia,53.290000000000006,138476000.0,327660000.0,42.26210095831044,24.675873,-0.47406387,0.63783646,1012.9263,22.701263,-0.31,0.00071525574,0.02002716,0.0,0.3181007,0.794715
2016-07-11,PLAYAS,Antioquia,51.48,294679000.0,327660000.0,89.93438320209974,24.257904,-0.3690338,0.21932602,1013.0511,22.64679,-0.31,0.0035762787,0.018954277,0.0,0.31133634,0.42928994
2016-07-12,PLAYAS,Antioquia,50.82,262950000.0,327660000.0,80.25086980406519,22.665009,-0.2729187,0.1673317,1012.4952,22.566528,-0.31,0.046491623,0.0192523,0.0009536743,0.34201807,0.32013202
2016-07-13,PLAYAS,Antioquia,74.51,229457000.0,327660000.0,70.02899346883964,22.566559,-0.034313202,0.23601532,1013.33295,22.436676,-0.31,0.35345554,0.041007996,0.023424625,0.34410587,0.2384966
2016-07-14,PLAYAS,Antioquia,64.27000000000001,229588000.0,327660000.0,70.06897393639748,22.766083,-0.14725494,0.22283554,1013.6792,22.183502,-0.31,0.63478947,0.08803606,0.07098913,0.39176062,0.2670949
2016-07-15,PLAYAS,Antioquia,77.11,533200000.0,327660000.0,162.72965879265092,21.562836,0.18490982,0.03899765,1013.9534,22.207458,-0.31,0.07009506,0.019431114,0.0026226044,0.40425515,0.1889774
2016-07-16,PLAYAS,Antioquia,69.96,391855000.0,327660000.0,119.59195507538304,20.926605,-0.10295105,0.32351303,1014.33545,22.197662,-0.31,0.4502535,0.02759695,0.011205673,0.4246876,0.33949906
2016-07-17,PLAYAS,Antioquia,63.65,216124000.0,327660000.0,65.95983641579686,22.14267,-0.09537506,0.1195488,1012.5644,22.393707,-0.31,0.013113022,0.016570091,0.00035762787,0.4246988,0.1529324
2016-07-18,PLAYAS,Antioquia,48.61,380690000.0,327660000.0,116.18445950070196,21.525177,0.22529602,0.3295021,1014.10065,22.189026,-0.31,0.2220869,0.024199486,0.008285046,0.42186978,0.39916155
2016-07-19,PLAYAS,Antioquia,51.44,213307000.0,327660000.0,65.10010376609901,22.305511,-0.04522705,0.18749619,1013.64545,22.007477,-0.31,0.01168251,0.016212463,0.00011920929,0.41123477,0.1928738
2016-07-20,PLAYAS,Antioquia,69.13,269037000.0,327660000.0,82.1085881706647,22.320343,-0.18435287,0.38894272,1014.34424,22.154083,-0.31,0.036239624,0.017106533,0.0011920929,0.40309957,0.43042123
2016-07-21,PLAYAS,Antioquia,74.05000000000001,205792000.0,327660000.0,62.80656778367821,22.588776,-0.69524765,0.36880875,1013.54315,22.086151,-0.31,0.024199486,0.015974045,0.00029802322,0.38920295,0.7870128
2016-07-22,PLAYAS,Antioquia,73.64,194958000.0,327660000.0,59.50009155832265,22.68631,-0.40414047,0.48630905,1014.0563,21.865295,-0.31,0.0044107437,0.015497208,0.00011920929,0.37902874,0.63231796
2016-07-23,PLAYAS,Antioquia,66.67,224287000.0,327660000.0,68.45113837514496,22.3721,-0.19202423,-0.3594284,1013.7391,21.79242,-0.31,0.0072717667,0.015318394,0.00011920929,0.374465,0.40750715
2016-07-24,PLAYAS,Antioquia,64.66,225284000.0,327660000.0,68.75541720075688,21.01065,0.012325287,0.07675552,1013.3787,21.728546,-0.31,0.40471554,0.023007393,0.008106232,0.39449716,0.077738814
2016-07-25,PLAYAS,Antioquia,59.45,243107000.0,327660000.0,74.19489714948422,21.665741,0.14961624,0.08997345,1013.14764,21.696167,-0.31,0.04553795,0.016093254,0.0013709068,0.41327643,0.17458591
2016-07-26,PLAYAS,Antioquia,56.43,211982000.0,327660000.0,64.69572117438808,23.407684,-0.07865906,0.40350723,1011.34064,21.498901,-0.31,0.00047683716,0.014543533,0.0,0.4031608,0.4111026
2016-07-27,PLAYAS,Antioquia,63.74999999999999,212712200.0,327660000.0,64.91857413172191,22.631989,-0.1544838,0.41296768,1011.0572,21.18457,-0.31,0.5891323,0.20051003,0.067055225,0.4003819,0.4409167
2016-07-28,PLAYAS,Antioquia,68.19,163952000.0,327660000.0,50.03723371787829,22.287506,-0.6674843,0.6924248,1011.9428,20.890411,-0.31,0.002503395,0.014305115,0.00017881393,0.3855967,0.9617626
2016-07-29,PLAYAS,Antioquia,66.7,145639000.0,327660000.0,44.44820850882012,23.251373,-0.2943573,0.49361038,1012.3173,20.76358,-0.31,0.1437664,0.016868114,0.0025629997,0.3730427,0.5747151
2016-07-30,PLAYAS,Antioquia,62.21,168786000.0,327660000.0,51.51254349020326,22.078583,-0.22837067,0.30529022,1012.192,20.849243,-0.31,0.04863739,0.015616417,0.0011920929,0.3770918,0.38125488
2016-07-31,PLAYAS,Antioquia,62.66,181319000.0,327660000.0,55.337545016175305,22.66507,-0.48022842,0.6337967,1011.71985,20.930328,-0.31,0.009179115,0.014543533,0.00023841858,0.37258178,0.795184
2016-08-01,PLAYAS,Antioquia,62.970000000000006,289634000.0,338000000.0,85.6905325443787,23.623505,-0.4048996,1.1282272,1011.952,21.147858,-0.5,0.038146973,0.015199184,0.0012516975,0.37146792,1.1986828
2016-08-02,PLAYAS,Antioquia,65.4,158493000.0,338000000.0,46.8914201183432,23.1893,-0.50831985,0.4729042,1012.8308,21.067139,-0.5,0.010609627,0.014066696,0.00023841858,0.36120737,0.694282
2016-08-03,PLAYAS,Antioquia,62.52,172492000.0,338000000.0,51.03313609467456,23.249176,-0.45623398,0.7829399,1013.0117,21.103668,-0.5,0.0038146973,0.013768673,0.0,0.35339814,0.9061701
2016-08-04,PLAYAS,Antioquia,60.27,218809000.0,338000000.0,64.73639053254438,22.530914,-0.6178894,0.073085785,1014.3064,21.315704,-0.5,0.021457672,0.014126301,0.00071525574,0.35868654,0.6221968
2016-08-05,PLAYAS,Antioquia,55.02,174504000.0,338000000.0,51.6284023668639,22.535675,0.06689453,0.2953949,1013.7644,21.403778,-0.5,0.00059604645,0.013113022,0.0,0.3518267,0.3028746
2016-08-06,PLAYAS,Antioquia,51.82,149552000.0,338000000.0,44.246153846153845,23.95517,-0.4537773,0.60544586,1012.4169,21.328033,-0.5,0.0021457672,0.013232231,0.00011920929,0.35442376,0.7566231
2016-08-07,PLAYAS,Antioquia,61.71,187461000.0,338000000.0,55.46183431952662,24.227386,-0.59804535,0.21312714,1012.7639,21.023224,-0.5,0.025510788,0.01335144,0.0007748604,0.3569303,0.6348869
2016-08-08,PLAYAS,Antioquia,76.21,336438000.0,338000000.0,99.5378698224852,23.869232,-0.24677658,0.28977966,1012.71826,20.809448,-0.5,0.030517578,0.013649464,0.0010728836,0.35767913,0.38061914
2016-08-09,PLAYAS,Antioquia,80.24,221554000.0,338000000.0,65.54852071005918,23.298187,-0.4216423,0.3762474,1013.14966,20.710876,-0.5,0.24139881,0.10097027,0.014126301,0.35621145,0.5651056
2016-08-10,PLAYAS,Antioquia,85.17,250585000.0,338000000.0,74.13757396449704,22.736969,-0.39159775,0.32118607,1013.3522,20.693024,-0.5,0.20337105,0.15586615,0.029206276,0.35810423,0.50646746
2016-08-11,PLAYAS,Antioquia,81.03,217228000.0,338000000.0,64.26863905325445,23.367523,-0.46283722,0.40428162,1012.89484,20.686707,-0.5,0.0,0.014185905,0.0,0.3495607,0.614542
2016-08-12,PLAYAS,Antioquia,87.31,217186000.0,338000000.0,64.25621301775149,22.531342,-0.41619492,0.22286987,1013.1333,20.754059,-0.5,0.5404949,0.17416477,0.058412552,0.35482463,0.4721114
2016-08-13,PLAYAS,Antioquia,92.67,356494000.0,338000000.0,105.4715976331361,23.61966,-0.37779236,0.530365,1011.72906,20.814972,-0.5,0.004172325,0.016570091,0.00011920929,0.34982383,0.65116364
2016-08-14,PLAYAS,Antioquia,95.17,208098000.0,338000000.0,61.56745562130177,23.63443,-0.40957642,0.5155678,1011.4403,20.88681,-0.5,0.027894974,0.01835823,0.0008940697,0.3490699,0.658455
2016-08-15,PLAYAS,Antioquia,94.9,244479000.0,338000000.0,72.3310650887574,22.64328,-0.3978691,0.14984894,1012.1381,21.099976,-0.5,0.44059753,0.031530857,0.013113022,0.35446632,0.42515236
2016-08-16,PLAYAS,Antioquia,97.65,258231000.0,338000000.0,76.39970414201184,23.664398,0.11229324,0.3246994,1012.1064,21.384583,-0.5,0.0023841858,0.020384789,0.00011920929,0.3499325,0.34356874
2016-08-17,PLAYAS,Antioquia,104.97,547571000.0,338000000.0,162.00325443786983,23.671234,-0.24304199,0.3018074,1012.13794,21.42749,-0.5,0.24688244,0.039577484,0.018000603,0.35277778,0.38750112
2016-08-18,PLAYAS,Antioquia,100.77,287662000.0,338000000.0,85.10710059171598,23.11319,0.021736145,0.34926224,1012.16986,21.755829,-0.5,0.025987625,0.02670288,0.0011324883,0.359566,0.34993795
2016-08-19,PLAYAS,Antioquia,97.8,262774000.0,338000000.0,77.74378698224852,23.104523,-0.2068367,0.4698639,1012.35156,21.696228,-0.5,0.46014786,0.17690659,0.1449585,0.3620224,0.5133746
2016-08-20,PLAYAS,Antioquia,92.39,189624000.0,338000000.0,56.10177514792899,23.45877,-0.5686188,0.49638367,1011.3711,21.280212,-0.5,0.017881393,0.034987926,0.00029802322,0.3545719,0.7548007
2016-08-21,PLAYAS,Antioquia,90.92,176446000.0,338000000.0,52.20295857988165,24.18924,-0.13866806,1.0021935,1011.54315,21.094543,-0.5,0.00035762787,0.034868717,0.0,0.3451767,1.0117413
2016-08-22,PLAYAS,Antioquia,90.42,151969000.0,338000000.0,44.961242603550296,24.14206,0.020469666,1.1975899,1011.85657,21.00705,-0.5,0.0,0.033974648,0.0,0.33820832,1.1977648
2016-08-23,PLAYAS,Antioquia,83.32000000000001,154876000.0,338000000.0,45.82130177514793,23.975128,-0.5628319,0.3665657,1012.9217,20.910065,-0.5,0.0,0.033020973,0.0,0.32984418,0.6716771
2016-08-24,PLAYAS,Antioquia,81.58999999999999,158323000.0,338000000.0,46.84112426035503,23.624054,-0.2370758,0.30537033,1012.4263,20.691284,-0.5,0.27441978,0.0371933,0.0051259995,0.3386979,0.38659537
2016-08-25,PLAYAS,Antioquia,75.31,198468000.0,338000000.0,58.71834319526628,22.59787,-0.4894905,0.28069305,1011.7512,20.755188,-0.5,0.3963709,0.049591064,0.01859665,0.37749168,0.5642602
2016-08-26,PLAYAS,Antioquia,69.85,291680000.0,338000000.0,86.29585798816568,21.732635,-0.17084122,0.1378212,1012.7386,20.912994,-0.5,0.06604195,0.03159046,0.0014305115,0.393577,0.21950264
2016-08-27,PLAYAS,Antioquia,72.81,516076000.0,338000000.0,152.68520710059173,22.003632,-0.29893112,0.37665558,1013.9436,20.8013,-0.5,0.28002262,0.039339066,0.01001358,0.4073114,0.48086303
2016-08-28,PLAYAS,Antioquia,70.92,322741000.0,338000000.0,95.48550295857989,22.416046,-0.10712433,0.29146576,1014.07764,20.789825,-0.5,0.2193451,0.03874302,0.010073185,0.4062806,0.31052843
2016-08-29,PLAYAS,Antioquia,71.24000000000001,191218000.0,338000000.0,56.57337278106509,23.721832,-0.30709457,-0.44416428,1012.34015,20.821991,-0.5,0.054717064,0.029206276,0.0012516975,0.39452875,0.53998977
2016-08-30,PLAYAS,Antioquia,74.35000000000001,429515000.0,338000000.0,127.07544378698226,22.174835,-0.08283234,0.5633812,1013.3836,20.739258,-0.5,0.83494186,0.26863813,0.24163723,0.39252788,0.5694379
2016-08-31,PLAYAS,Antioquia,65.05,244208000.0,338000000.0,72.25088757396449,21.615875,-0.23921204,0.17163086,1013.4797,20.786102,-0.5,0.26845932,0.038564205,0.01180172,0.39211744,0.2944139
2016-09-01,PLAYAS,Antioquia,64.24,287238000.0,394450000.0,72.81987577639751,20.729767,-0.15961075,0.20072556,1014.6216,20.682648,-0.58,0.26011467,0.051379204,0.024557114,0.3944639,0.2564495
2016-09-02,PLAYAS,Antioquia,58.38,209062000.0,394450000.0,53.00088731144632,21.112091,-0.47280884,-0.22657013,1015.6163,20.717163,-0.58,0.046491623,0.029325485,0.0011324883,0.3943552,0.5242921
2016-09-03,PLAYAS,Antioquia,47.99,221633000.0,394450000.0,56.18785650906325,21.982513,-0.058254242,-0.1940422,1014.1858,20.73706,-0.58,0.0044107437,0.030398369,0.00017881393,0.3851262,0.20259796
2016-09-04,PLAYAS,Antioquia,61.74,290628000.0,394450000.0,73.67930029154519,22.866852,0.097206116,0.25228882,1012.40564,20.654968,-0.58,0.059843063,0.033318996,0.0019669533,0.39177483,0.27036765
2016-09-05,PLAYAS,Antioquia,75.98,374244000.0,394450000.0,94.87742426163013,22.371002,0.026256561,0.27383804,1012.91125,20.475586,-0.58,0.15568733,0.04029274,0.007927418,0.41235974,0.27509397
2016-09-06,PLAYAS,Antioquia,73.07000000000001,375883000.0,394450000.0,95.29293953606287,22.81485,-0.21737671,0.14708328,1014.30237,20.573517,-0.58,0.007867813,0.035345554,0.0004172325,0.40863806,0.26246166
2016-09-07,PLAYAS,Antioquia,75.08,455404000.0,394450000.0,115.45290911395614,21.518158,-0.24510574,0.09555054,1015.905,20.682648,-0.58,0.095009804,0.040113926,0.004529953,0.40683687,0.26307172
2016-09-08,PLAYAS,Antioquia,72.32,308466000.0,394450000.0,78.20154645709215,22.708282,-0.49951553,-0.1505127,1013.7972,20.979706,-0.58,0.012040138,0.036597252,0.00059604645,0.39712143,0.521699
2016-09-09,PLAYAS,Antioquia,68.78999999999999,213243000.0,394450000.0,54.06084421346178,22.88095,-0.4000702,0.48316956,1012.3633,21.085052,-0.58,0.0013113022,0.035703182,0.0,0.38701373,0.62730294
2016-09-10,PLAYAS,Antioquia,83.34,367981000.0,394450000.0,93.28964380783368,22.703522,-0.31551743,0.24863434,1014.60126,20.865326,-0.58,0.011920929,0.035107136,0.00017881393,0.38008636,0.4017092
2016-09-11,PLAYAS,Antioquia,94.42,893448000.0,394450000.0,226.5047534541767,22.031952,-0.38782883,0.5660515,1015.0533,20.683899,-0.58,0.4967451,0.09393692,0.05978346,0.40132666,0.68616724
2016-09-12,PLAYAS,Antioquia,94.94,612699000.0,394450000.0,155.32995309925212,21.614471,-0.00875473,-0.088329315,1014.3692,20.814148,-0.58,0.3015995,0.047922134,0.014305115,0.4121682,0.08876212
2016-09-13,PLAYAS,Antioquia,81.44,321481000.0,394450000.0,81.50107744961339,21.313263,-0.28838348,-0.027015686,1014.5569,21.20401,-0.58,0.16379356,0.039815903,0.006914139,0.44539937,0.28964612
2016-09-14,PLAYAS,Antioquia,73.99,434225000.0,394450000.0,110.08366079350996,21.624664,-0.1059494,0.035274506,1014.40967,20.97757,-0.58,0.5784035,0.073075294,0.04053116,0.4500781,0.111667216
2016-09-15,PLAYAS,Antioquia,76.46,676164000.0,394450000.0,171.41944479655217,21.968658,-0.09864426,0.37244034,1013.72705,20.651794,-0.58,0.20682812,0.15032291,0.015079975,0.46529058,0.38528237
2016-09-16,PLAYAS,Antioquia,76.94,329848000.0,394450000.0,83.62225884142477,22.286407,0.052246094,0.16733551,1013.96295,20.650604,-0.58,0.2912283,0.22256374,0.014185905,0.44158715,0.1753021
2016-09-17,PLAYAS,Antioquia,68.51,280677400.0,394450000.0,71.15664849790848,23.349884,-0.043266296,0.28784943,1011.77124,20.829895,-0.58,0.00047683716,0.108242035,0.0,0.41777235,0.29108292
2016-09-18,PLAYAS,Antioquia,72.71,321834000.0,394450000.0,81.59056914691342,23.302338,0.35944748,0.0915184,1011.90735,21.290527,-0.58,0.647068,0.31721592,0.118374825,0.41655105,0.37091523
2016-09-19,PLAYAS,Antioquia,74.24,325559000.0,394450000.0,82.5349220433515,22.26712,-0.08526611,0.58457565,1012.2278,21.375305,-0.58,0.4528761,0.26154518,0.07414818,0.40957505,0.59076136
2016-09-20,PLAYAS,Antioquia,67.38,246559000.0,394450000.0,62.50703511218152,24.102081,-0.27389145,0.017375946,1011.9534,21.385925,-0.58,0.0026226044,0.08940697,0.0,0.39464188,0.27444208
2016-09-21,PLAYAS,Antioquia,65.63,309390000.0,394450000.0,78.43579667892001,22.473114,0.5653763,0.12727737,1012.0797,21.261139,-0.58,0.04673004,0.086307526,0.0029206276,0.39512765,0.5795256
2016-09-22,PLAYAS,Antioquia,58.08,239759000.0,394450000.0,60.78311573076436,21.854828,-0.026218414,0.12297058,1012.9614,21.158844,-0.58,0.058054924,0.07939339,0.0019669533,0.39317584,0.12573452
2016-09-23,PLAYAS,Antioquia,53.53,273918000.0,394450000.0,69.4430219292686,22.591705,-0.25735855,0.23664856,1013.9111,21.105011,-0.58,0.017166138,0.07325411,0.00047683716,0.39545217,0.3496226
2016-09-24,PLAYAS,Antioquia,64.88000000000001,582568000.0,394450000.0,147.69121561668146,22.37564,0.2494812,0.19453049,1013.73456,21.113647,-0.58,0.5327463,0.26124716,0.11891127,0.38741386,0.31635895
2016-09-25,PLAYAS,Antioquia,60.57,556699000.0,394450000.0,141.1329699581696,22.667328,-0.45777512,-0.06406784,1013.3733,21.124908,-0.58,0.012397766,0.065386295,0.0004172325,0.37891087,0.46223667
2016-09-26,PLAYAS,Antioquia,56.63,357572000.0,394450000.0,90.65077956648496,22.868011,-0.041851044,0.29109955,1012.0781,21.119781,-0.58,0.3349781,0.09250641,0.030755997,0.37948763,0.2940926
2016-09-27,PLAYAS,Antioquia,71.28,645971000.0,394450000.0,163.76498922550385,23.37265,0.20996475,0.3394394,1012.5514,21.218842,-0.58,0.42927265,0.14972687,0.035643578,0.3779273,0.39912942
2016-09-28,PLAYAS,Antioquia,85.37,458432000.0,394450000.0,116.22056027379897,22.570892,-0.09725189,0.1328888,1013.5042,21.482574,-0.58,0.32520294,0.08136034,0.024318695,0.37780172,0.1646735
2016-09-29,PLAYAS,Antioquia,91.38,364566000.0,394450000.0,92.42388135378376,22.443268,0.08551407,0.020767212,1012.96466,21.53421,-0.58,0.19609928,0.09787083,0.0094771385,0.39324975,0.08799962
2016-09-30,PLAYAS,Antioquia,91.12,290931000.0,394450000.0,73.7561161110407,22.680695,0.2925682,-0.005844116,1011.6878,21.524536,-0.58,0.6995201,0.109791756,0.048935413,0.4208899,0.2926266
2016-10-01,PLAYAS,Antioquia,82.56,359636000.0,450350000.0,79.85700011102476,21.62088,-0.2430954,-0.022411346,1011.1125,21.515533,-0.64,2.2411346,2.9549599,1.0539293,0.4753387,0.24412628
2016-10-02,PLAYAS,Antioquia,78.82000000000001,276528000.0,450350000.0,61.402908848673256,21.822418,0.34371185,0.6570511,1011.53625,21.552094,-0.64,0.5174875,0.2207756,0.031888485,0.48245656,0.7415214
2016-10-03,PLAYAS,Antioquia,76.08,223906000.0,450350000.0,49.718219162873325,20.46225,0.12594604,0.13478851,1011.20844,21.570618,-0.64,1.9541979,0.75137615,0.41478872,0.49222437,0.18447316
2016-10-04,PLAYAS,Antioquia,78.36999999999999,281439000.0,450350000.0,62.49339402686799,21.8956,0.37769318,0.08894348,1012.7381,21.54129,-0.64,0.6906986,0.22536516,0.09018183,0.49480915,0.38802457
2016-10-05,PLAYAS,Antioquia,83.35000000000001,262379000.0,450350000.0,58.261130232041744,21.119904,-0.13232803,0.029808044,1013.20264,21.643555,-0.64,0.14257431,0.1360178,0.009417534,0.49425668,0.13564375
2016-10-06,PLAYAS,Antioquia,90.62,267062000.0,450350000.0,59.30098812035084,21.88272,-0.12818909,-0.41838455,1011.82794,21.695557,-0.64,0.06341934,0.12129545,0.002861023,0.48253983,0.43758208
2016-10-07,PLAYAS,Antioquia,91.05,326712000.0,450350000.0,72.54624181192406,20.912872,-0.10947037,0.044742584,1011.67487,21.71988,-0.64,0.6995201,0.21213293,0.10317564,0.4913543,0.11826098
2016-10-08,PLAYAS,Antioquia,97.06,366947000.0,450350000.0,81.48040413012102,21.40805,-0.014907837,-0.092502594,1011.9892,22.010223,-0.64,0.1783371,0.11974573,0.017404556,0.50131994,0.09369618
2016-10-09,PLAYAS,Antioquia,89.35,290768000.0,450350000.0,64.5648939713556,21.416107,-0.06090927,-0.114933014,1012.3964,22.29599,-0.64,0.1553297,0.10329485,0.006198883,0.4833486,0.13007513
2016-10-10,PLAYAS,Antioquia,88.55,613414000.0,450350000.0,136.2082824469857,21.254974,-0.3538437,-0.09127045,1013.27374,22.511719,-0.64,0.25331974,0.10716915,0.013113022,0.48281068,0.36542532
2016-10-11,PLAYAS,Antioquia,80.31,438750000.0,450350000.0,97.4242256023093,21.901093,0.24508667,0.07624817,1012.4189,22.51709,-0.64,0.043988228,0.0936389,0.002682209,0.47488633,0.25667346
2016-10-12,PLAYAS,Antioquia,82.47,594484000.0,450350000.0,132.00488508937494,20.759552,0.25481796,0.09382248,1013.3089,22.231415,-0.64,0.35381317,0.20474195,0.026136637,0.48799253,0.27154163
2016-10-13,PLAYAS,Antioquia,69.38,318178000.0,450350000.0,70.65127123348506,22.388275,-0.33742523,-0.040916443,1013.0497,21.911682,-0.64,0.06663799,0.08749962,0.0031590462,0.47692156,0.33989695
2016-10-14,PLAYAS,Antioquia,59.73,476845000.0,450350000.0,105.88320195403575,22.066925,-0.2561226,0.030879974,1013.4464,21.406525,-0.64,0.36275387,0.21260977,0.028550625,0.47004578,0.25797743
2016-10-15,PLAYAS,Antioquia,57.63,334080000.0,450350000.0,74.18230265349173,23.124908,-0.11216354,0.28850174,1011.9517,21.133545,-0.64,0.010728836,0.07867813,0.0004172325,0.45896333,0.30953822
2016-10-16,PLAYAS,Antioquia,49.92,464122000.0,450350000.0,103.05806594870656,22.282196,-0.42894363,-0.3201065,1012.27893,20.846497,-0.64,0.19741058,0.08511543,0.010788441,0.452561,0.5352203
2016-10-17,PLAYAS,Antioquia,52.370000000000005,407422000.0,450350000.0,90.46785833240811,21.389679,-0.06446457,-0.24588013,1011.9509,20.802765,-0.64,0.1616478,0.07778406,0.0071525574,0.4538552,0.25419033
2016-10-18,PLAYAS,Antioquia,69.27,476449000.0,450350000.0,105.795270345287,21.245453,0.019329071,0.0021018982,1013.09467,20.61377,-0.64,0.6196499,0.12528896,0.05698204,0.47869423,0.019443018
2016-10-19,PLAYAS,Antioquia,65.63,318030000.0,450350000.0,70.61840790496281,21.864471,-0.44119263,-0.035888672,1012.72266,20.447449,-0.64,0.09429455,0.07748604,0.007212162,0.4738362,0.4426499
2016-10-20,PLAYAS,Antioquia,59.05,396392000.0,450350000.0,88.01865215943155,22.199738,-0.2536888,0.3009491,1012.4208,20.51358,-0.64,0.29730797,0.08362532,0.012665987,0.46193877,0.3936094
2016-10-21,PLAYAS,Antioquia,50.16,380743000.0,450350000.0,84.5437992672366,21.78421,-0.1668663,-0.20934296,1011.63763,20.652893,-0.64,0.12600422,0.07945299,0.007212162,0.45399663,0.26771036
2016-10-22,PLAYAS,Antioquia,52.66,348882000.0,450350000.0,77.46907960475185,21.71048,0.021572113,0.017795563,1012.4406,20.7583,-0.64,0.088095665,0.07778406,0.0032782555,0.4521923,0.027964944
2016-10-23,PLAYAS,Antioquia,51.7,248109000.0,450350000.0,55.09248362384812,21.639313,-0.03460312,-0.0567894,1013.7064,21.01181,-0.64,0.1385212,0.08070469,0.0072717667,0.44864723,0.066501215
2016-10-24,PLAYAS,Antioquia,54.34,254661000.0,450350000.0,56.54735205950927,21.962372,0.12588501,-0.2122345,1013.3049,21.016144,-0.64,0.13959408,0.079631805,0.007659197,0.45640367,0.24676004
2016-10-25,PLAYAS,Antioquia,53.84,407984000.0,450350000.0,90.5926501609859,20.543793,-0.34726334,-0.095710754,1011.89154,21.207184,-0.64,0.07605553,0.075519085,0.00500679,0.46570742,0.36021155
2016-10-26,PLAYAS,Antioquia,54.510000000000005,384275000.0,450350000.0,85.32807816143,21.270111,-0.106987,-0.13373566,1012.1172,21.42926,-0.64,0.44834614,0.24676323,0.07390976,0.4992995,0.17126426
2016-10-27,PLAYAS,Antioquia,75.31,576351000.0,450350000.0,127.97846119684692,21.569183,-0.06641388,-0.30506134,1012.14343,21.42096,-0.64,0.30064583,0.15336275,0.07724762,0.4994899,0.312207
2016-10-28,PLAYAS,Antioquia,98.16,435847000.0,450350000.0,96.77961585433552,21.931976,-0.26220703,0.22224045,1012.39404,21.161957,-0.64,0.27012825,0.101327896,0.015735626,0.50005877,0.34371987
2016-10-29,PLAYAS,Antioquia,105.0,620762000.0,450350000.0,137.8399022982125,20.09317,0.13534546,-0.14622498,1014.33453,21.02005,-0.64,1.2718439,0.43028593,0.2629757,0.5026089,0.19924892
2016-10-30,PLAYAS,Antioquia,100.88,301871000.0,450350000.0,67.03030975907627,21.703949,-0.25328064,-0.072883606,1013.07733,20.886993,-0.64,0.024199486,0.18525124,0.0011324883,0.47850809,0.26355854
2016-10-31,PLAYAS,Antioquia,99.48,341420000.0,450350000.0,75.81214610858221,22.11557,-0.0309906,-0.07660675,1011.99097,20.759216,-0.64,0.20420551,0.17476082,0.016212463,0.47645596,0.08263783
2016-11-01,PLAYAS,Antioquia,97.97,413797000.0,425590000.0,97.22902323832795,20.361298,0.1271553,-0.1353836,1012.5572,20.91977,-0.6,1.0094643,0.2937913,0.13816357,0.5016123,0.1857342
2016-11-02,PLAYAS,Antioquia,97.17,324238000.0,425590000.0,76.18553067506285,20.908112,-0.30968094,-0.20110321,1013.8253,20.85849,-0.6,1.3332367,0.41091442,0.25093555,0.5048173,0.36924896
2016-11-03,PLAYAS,Antioquia,93.93,289218000.0,425590000.0,67.95695387579596,21.281158,-0.20423126,-0.2081604,1013.4528,20.943726,-0.6,0.09417534,0.13101101,0.002026558,0.4861312,0.2916182
2016-11-04,PLAYAS,Antioquia,89.62,286055000.0,425590000.0,67.2137503230809,21.759613,-0.23962402,0.3985176,1012.8336,20.919586,-0.6,0.04386902,0.12546778,0.0032186508,0.48503518,0.46501178
2016-11-05,PLAYAS,Antioquia,85.9,333586000.0,425590000.0,78.38201085551823,22.083527,-0.2185936,0.31557465,1013.0725,21.070251,-0.6,0.010728836,0.11456013,0.0009536743,0.4701386,0.3838887
2016-11-06,PLAYAS,Antioquia,87.66000000000001,416746000.0,425590000.0,97.92194365469112,23.020721,-0.55249405,0.268795,1012.77045,21.360199,-0.6,0.031352043,0.10430813,0.000834465,0.47087613,0.61441064
2016-11-07,PLAYAS,Antioquia,81.44,437645000.0,425590000.0,102.83253835851409,21.18576,-0.32326508,0.13581467,1013.1877,21.408112,-0.6,0.33140182,0.114142895,0.02002716,0.47236776,0.35063648
2016-11-08,PLAYAS,Antioquia,78.73,330255000.0,425590000.0,77.59933269108767,21.576324,-0.14976883,-0.30106354,1013.04517,21.251526,-0.6,0.05376339,0.091314316,0.003695488,0.46744287,0.33625877
2016-11-09,PLAYAS,Antioquia,67.58,335115000.0,425590000.0,78.74127681571466,21.95224,-0.22865295,-0.18205261,1012.4136,21.425568,-0.6,0.03886223,0.084102154,0.0026524067,0.468735,0.2922761
2016-11-10,PLAYAS,Antioquia,60.05,333050000.0,425590000.0,78.25606804671162,21.812653,0.02500534,-0.4201622,1012.9855,21.634857,-0.6,0.15366077,0.08440018,0.00834465,0.46028724,0.42090562
2016-11-11,PLAYAS,Antioquia,57.17,250925000.0,425590000.0,58.95932705185742,21.157867,0.09133911,0.43317413,1012.6841,21.771576,-0.6,0.14066696,0.07498264,0.00333786,0.46470135,0.44269928
2016-11-12,PLAYAS,Antioquia,58.02,231235000.0,425590000.0,54.332808571629975,21.260834,-0.12055969,-0.9703407,1013.34576,21.769989,-0.6,0.09787083,0.072181225,0.004053116,0.45494163,0.9778015
2016-11-13,PLAYAS,Antioquia,50.07,259594000.0,425590000.0,60.99626400996264,21.80307,0.33321762,-0.30355072,1013.08154,21.77298,-0.6,0.6593466,0.13703108,0.07289648,0.45955282,0.4507516
2016-11-14,PLAYAS,Antioquia,40.79,353804000.0,425590000.0,83.13259240113725,20.692719,0.09539032,0.18803024,1011.8058,21.776947,-0.6,0.24676323,0.072836876,0.01180172,0.4780599,0.21084279
2016-11-15,PLAYAS,Antioquia,67.22,354370000.0,425590000.0,83.26558424775018,20.26773,-0.14039612,-0.22632599,1012.09674,21.660126,-0.6,0.7580519,0.16510487,0.10430813,0.4979921,0.26633534
2016-11-16,PLAYAS,Antioquia,85.56,418557000.0,425590000.0,98.34747057026716,21.062714,-0.07312775,-0.5653534,1011.8569,21.501373,-0.6,0.07557869,0.063061714,0.0059604645,0.48234627,0.57006323
2016-11-17,PLAYAS,Antioquia,81.16,474409000.0,425590000.0,111.47089922225616,20.840302,-0.22098923,-0.6929245,1011.6409,21.317078,-0.6,0.059723854,0.05787611,0.0024437904,0.47528556,0.72731054
2016-11-18,PLAYAS,Antioquia,75.35,365393000.0,425590000.0,85.85563570572616,21.08487,-0.118694305,-0.2590866,1011.96906,21.14798,-0.6,0.10180473,0.063836575,0.010251999,0.47013944,0.28498107
2016-11-19,PLAYAS,Antioquia,72.07000000000001,513618000.0,425590000.0,120.68375666721492,20.474335,-0.06547165,0.1323204,1012.683,21.102264,-0.6,0.7817745,0.17046928,0.1167655,0.5021153,0.14763206
2016-11-20,PLAYAS,Antioquia,68.51,387875000.0,425590000.0,91.13818463779694,21.085907,-0.38277435,-0.33589935,1013.29956,21.210785,-0.6,0.74350834,0.23967028,0.12862682,0.50748265,0.50925887
2016-11-21,PLAYAS,Antioquia,60.07,295892000.0,425590000.0,69.5251298197796,21.430939,0.124507904,-0.22359467,1011.91455,21.384125,-0.6,0.021100044,0.053942204,0.004053116,0.48696366,0.2559234
2016-11-22,PLAYAS,Antioquia,71.59,272983000.0,425590000.0,64.14224958293192,20.992584,-0.31046677,-0.39510727,1011.59094,21.538818,-0.6,0.047564507,0.053584576,0.004529953,0.47197688,0.50249314
2016-11-23,PLAYAS,Antioquia,52.44,249775000.0,425590000.0,58.68911393594775,22.062225,-0.0879364,0.03856659,1011.8084,21.761078,-0.6,0.040769577,0.04887581,0.0008940697,0.464179,0.09602183
2016-11-24,PLAYAS,Antioquia,61.23,398879000.0,425590000.0,93.72377170516224,21.580658,-0.38866043,0.11911774,1011.98456,22.012299,-0.6,0.18131733,0.054597855,0.007688999,0.47632825,0.40650457
2016-11-25,PLAYAS,Antioquia,83.15,410925000.0,425590000.0,96.5541953523344,20.267487,-0.3286972,-0.13320923,1012.67126,22.140717,-0.6,0.2733469,0.08416176,0.03772974,0.4754868,0.354664
2016-11-26,PLAYAS,Antioquia,78.60000000000001,330532000.0,425590000.0,77.66441880683287,21.020844,-0.25374603,-0.087524414,1013.2355,22.068817,-0.6,0.41508675,0.07843971,0.03248453,0.47074884,0.2684168
2016-11-27,PLAYAS,Antioquia,70.99,402784000.0,425590000.0,94.64132145962076,20.315826,0.12038803,-0.43611908,1012.7028,21.906342,-0.6,1.1024475,0.3889203,0.34332275,0.49631956,0.45243025
2016-11-28,PLAYAS,Antioquia,60.47,427933000.0,425590000.0,100.55052985267513,21.715485,-0.21253967,-0.16859818,1011.30237,21.721832,-0.6,0.44703484,0.1180172,0.071942806,0.5040532,0.27129036
2016-11-29,PLAYAS,Antioquia,79.69000000000001,771391000.0,425590000.0,181.2521440823328,21.020844,0.008262634,-0.028949738,1011.5697,21.57074,-0.6,0.7522106,0.19037724,0.1373291,0.50052756,0.030105786
2016-11-30,PLAYAS,Antioquia,74.13,312688000.0,425590000.0,73.47165111962217,21.937897,-0.038646698,-0.05834198,1011.4947,21.52008,-0.6,0.0013113022,0.06502867,0.00014901161,0.48207638,0.0699811
2016-12-01,PLAYAS,Antioquia,71.33,461601000.0,310920000.0,148.46294866846776,21.791962,0.33800125,-0.3956337,1012.3961,21.560638,-0.45,0.09870529,0.08225441,0.010550022,0.49289262,0.5203565
2016-12-02,PLAYAS,Antioquia,71.78,486447000.0,310920000.0,156.45407178695484,20.966095,0.19073868,-0.20379639,1013.10455,21.54242,-0.45,0.07367134,0.08833408,0.010788441,0.4945717,0.27913117
2016-12-03,PLAYAS,Antioquia,74.25,538579000.0,310920000.0,173.22108580985463,20.247284,-0.031349182,0.07468414,1013.40717,21.559021,-0.45,0.68736076,0.26243925,0.13709068,0.4993904,0.08099686
2016-12-04,PLAYAS,Antioquia,79.17,502967000.0,310920000.0,161.76733564904154,21.331879,0.13237762,-0.2730484,1013.38763,21.6734,-0.45,0.14638901,0.20432472,0.010311604,0.49362704,0.30344567
2016-12-05,PLAYAS,Antioquia,85.42999999999999,488494000.0,310920000.0,157.11244049916377,21.251068,-0.08230591,0.17834854,1013.21765,21.83957,-0.45,0.09405613,0.1757145,0.004351139,0.48132354,0.19642419
2016-12-06,PLAYAS,Antioquia,80.02,436911000.0,310920000.0,140.52199922809726,21.50113,0.06889725,0.019927979,1013.2689,22.038391,-0.45,0.03182888,0.15318394,0.0023841858,0.4802073,0.07172137
2016-12-07,PLAYAS,Antioquia,86.71,378385000.0,310920000.0,121.69850765470218,21.42978,-0.058395386,0.055797577,1012.94763,22.285553,-0.45,0.049352646,0.13536215,0.002026558,0.4785914,0.08076751
2016-12-08,PLAYAS,Antioquia,76.64,466516000.0,310920000.0,150.04374115528108,21.166595,0.03327179,-0.20450592,1012.72546,22.60794,-0.45,0.062823296,0.12242794,0.0025629997,0.47234732,0.20719479
2016-12-09,PLAYAS,Antioquia,65.77,352271000.0,310920000.0,113.29956258844716,20.39627,0.18234634,-0.41586685,1013.4975,22.884827,-0.45,0.096678734,0.1116395,0.0035762787,0.47430658,0.45408747
2016-12-10,PLAYAS,Antioquia,61.260000000000005,401435000.0,310920000.0,129.1119902225653,21.835358,-0.3499794,0.084220886,1013.0062,23.109436,-0.45,0.04863739,0.10561943,0.006467104,0.47415638,0.35997048
2016-12-11,PLAYAS,Antioquia,67.44,510199000.0,310920000.0,164.09333590634247,21.56314,-0.5253372,0.046318054,1012.5386,23.19931,-0.45,0.0962019,0.092327595,0.0017881393,0.47031367,0.52737516
2016-12-12,PLAYAS,Antioquia,66.36,364351000.0,310920000.0,117.18480638106266,21.42221,-0.29515076,0.13575745,1012.7022,23.193085,-0.45,0.016331673,0.08356571,0.00029802322,0.46587902,0.32487544
2016-12-13,PLAYAS,Antioquia,75.86,368974000.0,310920000.0,118.67168403447832,21.847443,0.12699127,0.057548523,1013.1886,23.063904,-0.45,0.044465065,0.07998943,0.0034570694,0.4583654,0.13942245
2016-12-14,PLAYAS,Antioquia,85.32,391062000.0,310920000.0,125.775762253956,21.3779,-0.08823013,-0.27114487,1012.83795,23.017517,-0.45,0.108122826,0.07426739,0.0038146973,0.4637273,0.28513873
2016-12-15,PLAYAS,Antioquia,90.87,319424000.0,310920000.0,102.73510870963592,22.235626,-0.24350357,-0.21310425,1012.64764,22.948364,-0.45,0.059247017,0.06943941,0.0036358833,0.4588792,0.32358524
2016-12-16,PLAYAS,Antioquia,96.23,313958000.0,310920000.0,100.9771002187058,22.12613,-0.10462952,-0.24075699,1012.9263,22.870575,-0.45,0.09250641,0.06687641,0.004708767,0.47071654,0.26250955
2016-12-17,PLAYAS,Antioquia,89.61,327566000.0,310920000.0,105.35378875595008,21.6268,-0.40032196,-0.2994423,1012.6047,22.87027,-0.45,0.11217594,0.0667572,0.0076293945,0.4790451,0.49992335
2016-12-18,PLAYAS,Antioquia,87.99,311532000.0,310920000.0,100.19683519876496,21.753448,-0.09758377,-0.002029419,1012.5747,22.784302,-0.45,0.014185905,0.05686283,0.00017881393,0.4680065,0.09760487
2016-12-19,PLAYAS,Antioquia,85.33,266433000.0,310920000.0,85.6918178309533,22.094696,0.49013138,-0.16965103,1012.66205,22.712067,-0.45,0.1308918,0.060796738,0.0064969063,0.46085852,0.518662
2016-12-20,PLAYAS,Antioquia,86.86,274947000.0,310920000.0,88.43014280200696,21.861786,0.021930695,-0.21117401,1011.0758,22.558655,-0.45,0.17511845,0.057697296,0.0056028366,0.4489134,0.21230972
2016-12-21,PLAYAS,Antioquia,92.57,390557000.0,310920000.0,125.61334105236072,19.904816,-0.23141861,0.0048217773,1011.66376,22.442871,-0.45,0.27811527,0.08547306,0.034213066,0.47066283,0.23146884
2016-12-22,PLAYAS,Antioquia,84.76,381833000.0,310920000.0,122.8074745915348,20.461456,-0.11343002,-0.5685997,1013.1025,22.472198,-0.45,0.46777725,0.13750792,0.08839369,0.49684253,0.5798034
2016-12-23,PLAYAS,Antioquia,76.01,335950000.0,310920000.0,108.05030232857328,20.993744,-0.084365845,-0.18001556,1013.2527,22.647644,-0.45,0.16081333,0.08314848,0.03528595,0.49124518,0.19880442
2016-12-24,PLAYAS,Antioquia,72.11999999999999,354632000.0,310920000.0,114.05892190917277,21.855377,-0.15061188,-0.30384445,1012.517,22.675598,-0.45,0.09012222,0.051498413,0.0028312206,0.48671314,0.33912444
2016-12-25,PLAYAS,Antioquia,75.63,298519000.0,310920000.0,96.01151421587548,21.104034,0.109767914,0.034870148,1012.16296,22.662415,-0.45,0.14615059,0.053703785,0.0056028366,0.4863487,0.115173444
2016-12-26,PLAYAS,Antioquia,62.970000000000006,294836000.0,310920000.0,94.82696513572624,20.838898,-0.21185684,-0.45070267,1012.2958,22.746582,-0.45,0.12648106,0.05477667,0.007688999,0.4812646,0.49801227
2016-12-27,PLAYAS,Antioquia,55.42,290801000.0,310920000.0,93.52920365367297,20.934967,-0.11467743,-0.6479492,1012.3642,22.905304,-0.45,0.05853176,0.05286932,0.006854534,0.48247147,0.65801907
2016-12-28,PLAYAS,Antioquia,55.13,260455000.0,310920000.0,83.76913675543548,21.37436,-0.4233818,-0.2811432,1011.4853,22.950256,-0.45,0.061750412,0.04863739,0.0034570694,0.48303363,0.508226
2016-12-29,PLAYAS,Antioquia,59.79,210622000.0,310920000.0,67.74154123247138,22.034393,-0.2919426,-0.020175934,1011.08704,22.927368,-0.45,0.027775764,0.045120716,0.0012516975,0.4694698,0.29263893
2016-12-30,PLAYAS,Antioquia,85.78,334424000.0,310920000.0,107.55950083622795,21.413849,0.3263893,-0.10649872,1012.2645,22.989532,-0.45,0.083088875,0.050365925,0.008046627,0.46824846,0.34332484
2016-12-31,PLAYAS,Antioquia,105.21,370248000.0,310920000.0,119.08143573909686,20.710785,0.5115242,0.1532898,1013.21893,23.1745,-0.45,0.42295456,0.09953976,0.058084726,0.46915716,0.53399885
2017-01-01,PLAYAS,Antioquia,108.96999999999998,281033000.0,232490000.0,120.87960772506344,21.552887,0.13164902,-0.14886856,1012.4328,23.303864,-0.19,0.024914742,0.040888786,0.0004172325,0.46317726,0.19872925
2017-01-02,PLAYAS,Antioquia,109.16,268150000.0,232490000.0,115.33829412017722,22.413483,-0.30976486,0.016880035,1012.77325,23.50119,-0.19,0.17869473,0.047922134,0.008404255,0.45920783,0.31022444
2017-01-03,PLAYAS,Antioquia,105.78,260359000.0,232490000.0,111.98718224439762,21.920074,0.33521652,-0.03963089,1011.1747,23.621124,-0.19,0.091433525,0.045895576,0.007748604,0.45737025,0.33755106
2017-01-04,PLAYAS,Antioquia,105.36,226060000.0,232490000.0,97.23428964686651,22.141205,0.28530502,0.045715332,1010.85266,23.700562,-0.19,0.062942505,0.038266182,0.0008940697,0.45337278,0.28894436
2017-01-05,PLAYAS,Antioquia,111.24,347672000.0,232490000.0,149.54277603337778,20.68515,0.45690918,-0.14422989,1011.72205,23.807587,-0.19,0.16832352,0.049233437,0.012695789,0.45872885,0.47913283
2017-01-06,PLAYAS,Antioquia,111.1,244358000.0,232490000.0,105.10473568755646,21.15036,-0.0071258545,0.012149811,1012.3678,23.973969,-0.19,0.071525574,0.03939867,0.0036358833,0.45274067,0.014085301
2017-01-07,PLAYAS,Antioquia,108.24,283406000.0,232490000.0,121.90029678695858,21.855316,-0.030204773,0.03393936,1013.5592,24.310913,-0.19,0.044107437,0.037133694,0.0019073486,0.44632003,0.045433562
2017-01-08,PLAYAS,Antioquia,112.78,455014000.0,232490000.0,195.71336401565657,20.471527,-0.23741531,-0.028263092,1014.6914,24.422638,-0.19,0.20861626,0.041663647,0.007122755,0.45400792,0.23909168
2017-01-09,PLAYAS,Antioquia,112.26,381504000.0,232490000.0,164.09479977633447,20.211273,0.2541809,-0.48915482,1014.6678,24.58142,-0.19,1.3679266,0.34439564,0.30997396,0.4935438,0.55125344
2017-01-10,PLAYAS,Antioquia,107.93,251060000.0,232490000.0,107.98744032001376,20.491608,-0.5354881,-0.7011452,1012.26764,24.86792,-0.19,0.20766258,0.12725592,0.011980534,0.49256432,0.8822427
2017-01-11,PLAYAS,Antioquia,106.04,276756000.0,232490000.0,119.0399587079014,20.887177,-0.015872955,-0.38074112,1012.02734,25.022552,-0.19,0.04374981,0.049114227,0.0031888485,0.475614,0.38107184
2017-01-12,PLAYAS,Antioquia,104.67,256140000.0,232490000.0,110.1724805367973,20.575714,0.019989014,-0.2317276,1013.01764,25.186523,-0.19,0.04374981,0.050842762,0.0016093254,0.47244406,0.23258813
2017-01-13,PLAYAS,Antioquia,106.83,356217000.0,232490000.0,153.2182029334595,21.518036,0.011569977,-0.35827255,1013.0158,25.286407,-0.19,0.031471252,0.0500679,0.0007748604,0.46461982,0.35845932
2017-01-14,PLAYAS,Antioquia,108.01,307750000.0,232490000.0,132.37128478644243,20.6268,0.013893127,-0.3851242,1013.11017,25.326874,-0.19,0.07939339,0.05209446,0.0033974648,0.4620334,0.38537472
2017-01-15,PLAYAS,Antioquia,111.29,257364000.0,232490000.0,110.69895479375458,20.790009,0.01859665,-0.55815125,1012.2886,25.541412,-0.19,0.008940697,0.048458576,0.0004172325,0.457327,0.55846095
2017-01-16,PLAYAS,Antioquia,106.26,275005000.0,232490000.0,118.28680803475416,21.015228,-0.05177307,-0.35100555,1012.6848,25.674591,-0.19,0.096559525,0.051796436,0.0044703484,0.45713907,0.35480326
2017-01-17,PLAYAS,Antioquia,103.65,294875000.0,232490000.0,126.8334121897716,20.951996,-0.035923004,-0.30314636,1013.1331,25.730438,-0.19,0.09942055,0.056684017,0.010371208,0.45023176,0.3052674
2017-01-18,PLAYAS,Antioquia,103.2,333458000.0,232490000.0,143.4289646866532,19.867462,0.4343071,-0.3759613,1014.38513,25.865417,-0.19,0.31244755,0.061631203,0.016510487,0.4585382,0.57442975
2017-01-19,PLAYAS,Antioquia,104.13,273682000.0,232490000.0,117.71775130113124,21.434967,0.08789444,-0.4081459,1012.7534,25.918304,-0.19,0.01168251,0.04529953,0.0013113022,0.45628875,0.4175027
2017-01-20,PLAYAS,Antioquia,103.74,282613000.0,232490000.0,121.55920684760636,21.93338,0.0015792847,-0.43473434,1013.2964,25.958405,-0.19,0.11539459,0.051379204,0.008702278,0.44851434,0.4347372
2017-01-21,PLAYAS,Antioquia,100.0,229530000.0,232490000.0,98.72682696029936,21.829437,-0.08972931,-0.5820999,1015.21906,25.948273,-0.19,0.017642975,0.04249811,0.001013279,0.43864444,0.5889751
2017-01-22,PLAYAS,Antioquia,104.42,225248000.0,232490000.0,96.88502731300272,20.738983,0.065979004,-0.09157181,1015.0123,26.04477,-0.19,0.033974648,0.04208088,0.002026558,0.43141097,0.112865515
2017-01-23,PLAYAS,Antioquia,98.63,209850000.0,232490000.0,90.26194675039788,20.592194,0.004108429,-0.3153801,1014.1664,26.287537,-0.19,0.020980835,0.040709972,0.0019669533,0.42207712,0.31540686
2017-01-24,PLAYAS,Antioquia,102.65,219224000.0,232490000.0,94.29394812680115,21.734894,-0.32144928,-0.7023926,1015.0181,26.505035,-0.19,0.014781952,0.038027763,0.00059604645,0.41353002,0.7724539
2017-01-25,PLAYAS,Antioquia,99.79,191378000.0,232490000.0,82.31665878102284,20.204254,-0.027435303,-0.14967728,1014.5581,26.501373,-0.19,0.0021457672,0.036239624,0.00017881393,0.40591246,0.1521709
2017-01-26,PLAYAS,Antioquia,103.8,204836000.0,232490000.0,88.10529485139146,21.754791,-0.31595612,0.0899086,1013.8717,26.477722,-0.19,0.0,0.0346303,0.0,0.3959299,0.32849935
2017-01-27,PLAYAS,Antioquia,101.22,294585000.0,232490000.0,126.70867564196308,22.240509,-0.13687897,-0.13164902,1013.7103,26.665253,-0.19,0.010371208,0.033438206,0.00035762787,0.3854351,0.18991397
2017-01-28,PLAYAS,Antioquia,100.59,284429000.0,232490000.0,122.34031571250377,22.245941,0.1558342,0.17968369,1012.52466,26.802643,-0.19,0.08070469,0.03516674,0.0031590462,0.40600836,0.23784558
2017-01-29,PLAYAS,Antioquia,104.69,280000000.0,232490000.0,120.435287539249,22.932648,-0.112846375,0.26909256,1012.48,26.98117,-0.19,0.2874136,0.03749132,0.0069737434,0.41401684,0.29179636
2017-01-30,PLAYAS,Antioquia,104.42,464790000.0,232490000.0,199.91827605488407,20.960236,0.15052414,-0.01945877,1014.185,26.901398,-0.19,0.7760525,0.17803907,0.08559227,0.42144454,0.15177669
2017-01-31,PLAYAS,Antioquia,98.66,225259000.0,232490000.0,96.8897586992989,21.506317,0.54426956,-0.1979332,1013.4528,26.843903,-0.19,0.21958351,0.03516674,0.0066161156,0.4203248,0.5791432
2017-02-01,PLAYAS,Antioquia,90.78,232144000.0,210230000.0,110.4238215288018,21.889862,0.2690773,-0.05693817,1012.3784,26.910614,-0.02,0.1282692,0.032007694,0.003993511,0.4261802,0.27503556
2017-02-02,PLAYAS,Antioquia,100.68,218190000.0,210230000.0,103.78632925843124,21.098053,-0.053646088,-0.08266449,1011.9286,27.03238,-0.02,0.16212463,0.034809113,0.0074505806,0.4357861,0.098546036
2017-02-03,PLAYAS,Antioquia,101.85,201993000.0,210230000.0,96.0819102887314,21.806,-0.014450073,-0.02401352,1012.5609,27.232727,-0.02,0.082850456,0.030577183,0.0038146973,0.4361552,0.028025948
2017-02-04,PLAYAS,Antioquia,103.09,215077000.0,210230000.0,102.30557008990154,22.298798,-0.16524887,0.05491638,1012.1708,27.250824,-0.02,0.12671947,0.029444695,0.00333786,0.43364385,0.174135
2017-02-05,PLAYAS,Antioquia,101.68,189371000.0,210230000.0,90.0780097987918,23.451263,0.09539795,0.09368515,1010.89294,27.18039,-0.02,0.007987022,0.025689602,0.00023841858,0.41815218,0.13370742
2017-02-06,PLAYAS,Antioquia,102.84,202673000.0,210230000.0,96.40536555201447,23.794586,-0.031684875,0.20719528,1011.0717,27.139343,-0.02,0.0021457672,0.02503395,0.00017881393,0.4073584,0.20960395
2017-02-07,PLAYAS,Antioquia,99.78,176309000.0,210230000.0,83.86481472672787,22.504974,0.13988495,-0.072753906,1010.558,27.161621,-0.02,0.00047683716,0.024080276,0.0,0.39878082,0.1576735
2017-02-08,PLAYAS,Antioquia,104.93,160759000.0,210230000.0,76.46815392665177,23.39981,0.1567154,-0.26099014,1010.1841,27.098785,-0.02,0.00035762787,0.023543835,0.0,0.38792592,0.3044266
2017-02-09,PLAYAS,Antioquia,96.9,168405000.0,210230000.0,80.105122960567,21.992218,0.42543793,-0.3280754,1012.4983,27.13385,-0.02,0.039696693,0.023722649,0.001013279,0.3829536,0.5372438
2017-02-10,PLAYAS,Antioquia,101.98,198528000.0,210230000.0,94.4337154545022,21.571869,0.3121338,-0.47842026,1013.4916,27.085297,-0.02,0.039577484,0.024497509,0.002026558,0.3815812,0.5712385
2017-02-11,PLAYAS,Antioquia,94.7,198256000.0,210230000.0,94.30433334918898,22.80307,0.21730042,-0.44569778,1012.51544,27.17569,-0.02,0.000834465,0.0218153,0.0,0.3759439,0.49584875
2017-02-12,PLAYAS,Antioquia,90.93,180760000.0,210230000.0,85.9820196927175,22.866547,-0.28990936,-0.8106575,1011.91815,27.293549,-0.02,0.01001358,0.021576881,0.0004172325,0.36897713,0.8609373
2017-02-13,PLAYAS,Antioquia,88.28,177519000.0,210230000.0,84.44037482756981,21.570038,0.16906357,-0.49781418,1012.34656,27.381927,-0.02,0.0743866,0.025749207,0.005066395,0.3682115,0.52573895
2017-02-14,PLAYAS,Antioquia,87.82,190884000.0,210230000.0,90.79769775959664,20.745636,0.13379288,-0.5697937,1013.2533,27.31543,-0.02,0.11599064,0.026166439,0.0060796738,0.37966278,0.58529085
2017-02-15,PLAYAS,Antioquia,83.7,162408000.0,210230000.0,77.25253294011321,22.181976,0.6118355,-0.2399292,1014.39185,27.40805,-0.02,0.15759468,0.03015995,0.010609627,0.38361892,0.6571976
2017-02-16,PLAYAS,Antioquia,88.47,175696000.0,210230000.0,83.57322932026828,20.946991,0.3497429,-0.19755936,1015.8137,27.560333,-0.02,0.10597706,0.026106834,0.0071525574,0.38497823,0.4016837
2017-02-17,PLAYAS,Antioquia,76.92999999999999,194811000.0,210230000.0,92.66565190505636,20.7081,0.5211334,-0.35217667,1016.0083,27.7706,-0.02,0.22983551,0.03451109,0.01603365,0.40924358,0.62897414
2017-02-18,PLAYAS,Antioquia,82.72,198329000.0,210230000.0,94.33905722304144,22.569489,0.34438324,-0.34786224,1014.4467,27.81607,-0.02,0.045657158,0.02092123,0.0029206276,0.42568064,0.48949766
2017-02-19,PLAYAS,Antioquia,84.11,167281000.0,210230000.0,79.57047043714027,22.55539,0.11277771,-0.46817017,1013.6923,27.925934,-0.02,0.061511993,0.020623207,0.0029802322,0.40957344,0.48156217
2017-02-20,PLAYAS,Antioquia,72.71,158242000.0,210230000.0,75.27089378299956,22.558807,0.5029335,-0.3743248,1013.7039,27.85141,-0.02,0.012636185,0.017166138,0.00035762787,0.3996031,0.6269459
2017-02-21,PLAYAS,Antioquia,75.88000000000001,182238000.0,210230000.0,86.68505922085336,22.556732,0.20488358,-0.46928406,1013.16315,27.826416,-0.02,0.04184246,0.018656254,0.0020861626,0.39187723,0.5120594
2017-02-22,PLAYAS,Antioquia,74.8,176924000.0,210230000.0,84.15735147219712,21.538239,0.2042923,-0.33373642,1012.2436,27.821259,-0.02,0.09059906,0.020623207,0.0045895576,0.39550862,0.39129955
2017-02-23,PLAYAS,Antioquia,73.50999999999999,173021000.0,210230000.0,82.30081339485325,21.641876,0.27960205,-0.28227615,1012.7424,28.004913,-0.02,0.07414818,0.01859665,0.0030994415,0.39683878,0.39731237
2017-02-24,PLAYAS,Antioquia,73.42,221065000.0,210230000.0,105.15387908481186,21.605621,0.41640854,-0.28297424,1012.887,27.9935,-0.02,0.059843063,0.019192696,0.0041127205,0.40675512,0.5034585
2017-02-25,PLAYAS,Antioquia,67.64,238888000.0,210230000.0,113.63173666936213,21.815277,0.6128731,-0.5096741,1013.4344,27.93747,-0.02,0.18405914,0.01746416,0.0030398369,0.42093942,0.79710793
2017-02-26,PLAYAS,Antioquia,73.99,198821000.0,210230000.0,94.57308661941684,22.357574,0.20274353,-0.8816757,1012.8089,28.310577,-0.02,0.030875206,0.015616417,0.0014305115,0.40799955,0.90468615
2017-02-27,PLAYAS,Antioquia,77.2,204897000.0,210230000.0,97.46325453075202,21.619598,0.38954926,-0.53108597,1013.3727,28.842041,-0.02,0.05853176,0.01513958,0.0014305115,0.3983667,0.6586357
2017-02-28,PLAYAS,Antioquia,74.92999999999999,151500000.0,210230000.0,72.0639299814489,22.018768,0.39229965,-0.42990875,1013.04456,28.938812,-0.02,0.10120869,0.01424551,0.0010728836,0.39614722,0.58199704
2017-03-01,PLAYAS,Antioquia,74.41,174935000.0,226890000.0,77.10123848560977,21.53244,0.39303207,-0.5663223,1011.58453,28.89746,0.18,0.023245811,0.013291836,0.0005364418,0.39010742,0.689344
2017-03-02,PLAYAS,Antioquia,69.47,194848000.0,226890000.0,85.87773811097888,21.829437,0.022659302,-0.44114685,1011.58875,28.827301,0.18,0.05567074,0.013291836,0.0007748604,0.380916,0.4417284
2017-03-03,PLAYAS,Antioquia,67.28,170211000.0,226890000.0,75.01917228612984,21.962616,-0.018276215,-0.26845932,1012.39764,28.713287,0.18,0.08690357,0.012993813,0.0008940697,0.38668656,0.2690807
2017-03-04,PLAYAS,Antioquia,72.78999999999999,233306000.0,226890000.0,102.82780201859931,22.756256,0.2401352,-0.32772064,1011.53955,28.586334,0.18,0.064730644,0.013768673,0.0021457672,0.38047928,0.4062828
2017-03-05,PLAYAS,Antioquia,70.3,224933000.0,226890000.0,99.13746749526202,22.478241,-0.10826492,-0.10298538,1010.53326,28.442627,0.18,0.06437302,0.013530254,0.0023245811,0.37492976,0.14942317
2017-03-06,PLAYAS,Antioquia,75.68,232750000.0,226890000.0,102.58274934990524,22.401825,0.55895233,-0.093761444,1010.9359,28.29004,0.18,0.5122423,0.025331974,0.014543533,0.41356513,0.5667618
2017-03-07,PLAYAS,Antioquia,73.86,286120000.0,226890000.0,126.10516109127772,21.214325,0.54014206,-0.10827637,1012.58203,28.194336,0.18,0.35333633,0.03540516,0.024795532,0.43618202,0.55088764
2017-03-08,PLAYAS,Antioquia,68.84,408729000.0,226890000.0,180.1441227026312,20.280853,-0.025676727,-0.038345337,1013.8025,28.247894,0.18,0.32150745,0.040233135,0.015258789,0.47611305,0.04614823
2017-03-09,PLAYAS,Antioquia,89.62,348900000.0,226890000.0,153.77495702763454,21.944183,-0.3302002,-0.19765091,1011.9839,28.40384,0.18,0.0009536743,0.010251999,0.0,0.4494969,0.3848351
2017-03-10,PLAYAS,Antioquia,88.53,399160000.0,226890000.0,175.92666049627573,21.513397,0.3302803,-0.30407333,1012.1203,28.4505,0.18,0.4029274,0.041544437,0.031471252,0.44220623,0.44893837
2017-03-11,PLAYAS,Antioquia,83.72,251470000.0,226890000.0,110.8334435188858,21.094269,0.21298599,-0.23778534,1012.8858,28.619812,0.18,0.8032322,0.12111664,0.11116266,0.47773573,0.31922546
2017-03-12,PLAYAS,Antioquia,90.92,331814000.0,226890000.0,146.24443562960025,20.686676,0.14038086,-0.11697388,1013.9539,28.674408,0.18,0.7715225,0.10639429,0.09191036,0.4979259,0.18272841
2017-03-13,PLAYAS,Antioquia,91.38,235342000.0,226890000.0,103.72515315791792,21.430145,0.14450455,-0.2267189,1013.0623,28.561432,0.18,0.09334087,0.02026558,0.0104904175,0.49569073,0.26885504
2017-03-14,PLAYAS,Antioquia,87.52,303082000.0,226890000.0,133.5810304552867,21.63559,0.026348114,-0.5057945,1012.7542,28.502441,0.18,0.015735626,0.010311604,0.0007748604,0.49112782,0.50648034
2017-03-15,PLAYAS,Antioquia,82.32000000000001,339601000.0,226890000.0,149.676495217947,20.380035,-0.11118698,-0.31512833,1013.9952,28.63675,0.18,0.5835295,0.120937824,0.040352345,0.48985362,0.33416823
2017-03-16,PLAYAS,Antioquia,71.46000000000001,274548000.0,226890000.0,121.00489223852968,20.714203,-0.291687,-0.5253258,1013.9183,28.717438,0.18,0.019788742,0.010073185,0.00029802322,0.48312035,0.6008731
2017-03-17,PLAYAS,Antioquia,60.25,187505000.0,226890000.0,82.64136806381947,21.330536,0.18050385,-0.17389297,1013.6841,28.646332,0.18,0.017881393,0.011026859,0.0008940697,0.46837482,0.25064
2017-03-18,PLAYAS,Antioquia,53.63,219867000.0,226890000.0,96.90466746000264,21.397675,0.22153473,-0.39675903,1013.95703,28.643188,0.18,0.05674362,0.014424324,0.0038146973,0.46488878,0.45441762
2017-03-19,PLAYAS,Antioquia,57.830000000000005,215757000.0,226890000.0,95.09321697738991,21.437714,0.32043839,-0.06679535,1014.28064,28.820618,0.18,0.07414818,0.015854836,0.005066395,0.4732815,0.3273261
2017-03-20,PLAYAS,Antioquia,49.94,216939000.0,226890000.0,95.6141742694698,20.825775,0.2897148,-0.058483124,1014.8077,28.828766,0.18,0.18799305,0.019788742,0.008583069,0.47735924,0.29555872
2017-03-21,PLAYAS,Antioquia,64.02,238134000.0,226890000.0,104.9557054079069,21.412811,-0.119529724,-0.14638138,1014.65344,28.637054,0.18,0.03182888,0.012397766,0.0010728836,0.46915755,0.18898377
2017-03-22,PLAYAS,Antioquia,58.220000000000006,251881000.0,226890000.0,111.01458856714709,20.479218,0.6653328,-0.11605835,1013.6284,28.318481,0.18,0.108122826,0.015079975,0.0035762787,0.4638429,0.67537934
2017-03-23,PLAYAS,Antioquia,83.28999999999999,553423000.0,226890000.0,243.91687601921635,20.470612,0.11658096,0.056972504,1014.3645,28.033478,0.18,0.06592274,0.0166893,0.005066395,0.47029254,0.12975742
2017-03-24,PLAYAS,Antioquia,85.42999999999999,366628000.0,226890000.0,161.5884349244127,20.195648,-0.05734253,-0.08521652,1014.8189,27.861237,0.18,0.359416,0.05555153,0.043332577,0.4897809,0.102713294
2017-03-25,PLAYAS,Antioquia,81.33,353046000.0,226890000.0,155.602274229803,21.25058,0.042682648,-0.108631134,1013.5725,27.832458,0.18,0.29993057,0.06377697,0.050008297,0.49665308,0.1167156
2017-03-26,PLAYAS,Antioquia,92.09,801769000.0,226890000.0,353.37344087443256,20.706146,0.70651627,-0.16534805,1014.23517,27.82901,0.18,0.5406141,0.104010105,0.083744526,0.5045562,0.7256068
2017-03-27,PLAYAS,Antioquia,89.03,387316000.0,226890000.0,170.70650976243996,21.823334,-0.46752548,0.030647278,1014.10657,27.953094,0.18,0.17440319,0.11628866,0.018775463,0.49221435,0.4685289
2017-03-28,PLAYAS,Antioquia,88.73,352733000.0,226890000.0,155.4643219181101,22.44815,0.48101807,-0.32531738,1013.1953,28.116943,0.18,0.036478043,0.039458275,0.0012516975,0.47757724,0.58069766
2017-03-29,PLAYAS,Antioquia,82.09,382920000.0,226890000.0,168.76900700780112,21.374298,0.22444534,-0.10107422,1013.1145,28.052368,0.18,0.25606155,0.053167343,0.0121593475,0.4852434,0.24615383
2017-03-30,PLAYAS,Antioquia,80.36999999999999,437429000.0,226890000.0,192.7934241262286,19.99942,-0.4672699,-0.13090515,1013.0864,28.047913,0.18,0.4156828,0.22763014,0.08183718,0.491229,0.48526004
2017-03-31,PLAYAS,Antioquia,82.15,546012000.0,226890000.0,240.650535501785,20.912445,0.19138336,-0.08614349,1013.5831,28.178741,0.18,0.5824566,0.15348196,0.03761053,0.49701262,0.20987685
2017-04-01,PLAYAS,Antioquia,73.98,610279000.0,312520000.0,195.2767822859337,21.745697,0.07273865,-0.072257996,1014.15576,28.330017,0.31,0.17690659,0.13691187,0.010997057,0.49011365,0.10252867
2017-04-02,PLAYAS,Antioquia,57.7,352900000.0,312520000.0,112.92077307052348,22.709198,-0.20885849,0.2279625,1013.07935,28.264557,0.31,0.0104904175,0.12820959,0.00059604645,0.47353303,0.30917433
2017-04-03,PLAYAS,Antioquia,59.06,298113000.0,312520000.0,95.39005503647766,22.922333,-0.3328247,0.101169586,1011.8714,28.071411,0.31,0.00059604645,0.11897087,0.0,0.4566034,0.3478614
2017-04-04,PLAYAS,Antioquia,72.66,244956000.0,312520000.0,78.38090362216819,23.215057,-0.24692917,0.1731453,1011.2078,27.899963,0.31,0.027537346,0.10949373,0.0012516975,0.44555268,0.30158466
2017-04-05,PLAYAS,Antioquia,72.95,220134000.0,312520000.0,70.43837194419558,23.323761,-0.18951416,0.14400482,1012.27466,27.55014,0.31,0.035762787,0.099003315,0.0017881393,0.4385553,0.23801893
2017-04-06,PLAYAS,Antioquia,79.02,204058000.0,312520000.0,65.29438115960579,22.86679,-0.15951157,0.21589279,1012.4403,27.106232,0.31,0.0,0.08696318,0.0,0.4270854,0.2684281
2017-04-07,PLAYAS,Antioquia,87.26,269597000.0,312520000.0,86.26551900678356,22.627106,-0.005718231,-0.30674744,1012.2053,26.605988,0.31,0.0,0.07724762,0.0,0.41543248,0.30680075
2017-04-08,PLAYAS,Antioquia,87.79,245443000.0,312520000.0,78.53673364904647,21.705414,0.61014175,-0.0056419373,1011.7678,26.138306,0.31,0.11694431,0.07253885,0.0029802322,0.4303108,0.61016786
2017-04-09,PLAYAS,Antioquia,88.29,331382000.0,312520000.0,106.03545373096122,20.607147,0.18419647,0.1298523,1013.03345,25.688568,0.31,0.38349628,0.09459257,0.030994415,0.47792345,0.22536628
2017-04-10,PLAYAS,Antioquia,89.55,324409000.0,312520000.0,103.80423652886216,21.416595,0.33781815,-0.148983,1012.96014,25.570526,0.31,0.15890598,0.06455183,0.005543232,0.4680883,0.36921138
2017-04-11,PLAYAS,Antioquia,90.11,318088000.0,312520000.0,101.78164597465762,21.504242,0.07809448,-0.06814957,1012.195,25.421356,0.31,0.11754036,0.06443262,0.009655952,0.47905686,0.10364898
2017-04-12,PLAYAS,Antioquia,91.16,461344000.0,312520000.0,147.6206322795341,21.748627,-0.08264923,0.10108185,1012.295,25.359558,0.31,0.06377697,0.055730343,0.0052452087,0.4796961,0.13056965
2017-04-13,PLAYAS,Antioquia,91.74,287172000.0,312520000.0,91.889159093818,22.549042,-0.08050156,-0.0073547363,1011.40216,25.384552,0.31,0.01013279,0.04708767,0.00029802322,0.46370196,0.080836825
2017-04-14,PLAYAS,Antioquia,90.1,361453000.0,312520000.0,115.65755791629336,20.571503,0.2580719,0.09882736,1012.4299,25.529816,0.31,0.31590462,0.05733967,0.013589859,0.46198013,0.27634752
2017-04-15,PLAYAS,Antioquia,91.48,225356000.0,312520000.0,72.10930500447972,22.552032,-0.29901505,0.25550842,1011.28674,25.508362,0.31,0.0,0.041663647,0.0,0.45249468,0.39331228
2017-04-16,PLAYAS,Antioquia,83.47,253306000.0,312520000.0,81.05273262511199,23.070526,-0.20551682,0.32572556,1011.83435,25.390564,0.31,0.014424324,0.04041195,0.000834465,0.43901956,0.3851419
2017-04-17,PLAYAS,Antioquia,93.8,332615000.0,312520000.0,106.42998848073724,21.790863,-0.12843704,0.23782349,1012.9003,25.323822,0.31,0.009536743,0.038027763,0.00035762787,0.4385995,0.27028888
2017-04-18,PLAYAS,Antioquia,90.52,242994000.0,312520000.0,77.75310380135672,22.809174,-0.21319199,-0.37776947,1013.0042,25.19461,0.31,0.015735626,0.0371933,0.0013113022,0.427203,0.43377483
2017-04-19,PLAYAS,Antioquia,94.12,454507000.0,312520000.0,145.4329322923333,21.728363,0.5622215,0.2499237,1013.97925,25.170563,0.31,0.25582314,0.04196167,0.007748604,0.4473952,0.6152682
2017-04-20,PLAYAS,Antioquia,98.68,300801000.0,312520000.0,96.25015998976065,20.771149,0.70690536,0.06466293,1013.9025,25.32248,0.31,0.15306473,0.04863739,0.015377998,0.4712924,0.7098566
2017-04-21,PLAYAS,Antioquia,106.05,293978000.0,312520000.0,94.06693971585818,21.368011,-0.24046326,0.27275467,1014.34595,25.274506,0.31,0.15616417,0.052928925,0.019669533,0.4803108,0.3636175
2017-04-22,PLAYAS,Antioquia,95.54,235812000.0,312520000.0,75.45501087930373,22.119965,-0.35837936,-0.31285095,1012.4308,25.202454,0.31,0.0021457672,0.03182888,0.00011920929,0.45616567,0.47572207
2017-04-23,PLAYAS,Antioquia,85.39,229221000.0,312520000.0,73.34602585434531,23.834137,-0.109615326,-0.2243576,1011.5525,25.115662,0.31,0.025391579,0.033199787,0.002026558,0.44053966,0.24970353
2017-04-24,PLAYAS,Antioquia,90.76,222829000.0,312520000.0,71.30071675412773,22.32022,0.19724274,-0.08531189,1012.3169,24.993652,0.31,0.3374815,0.04541874,0.014960766,0.45577297,0.21490188
2017-04-25,PLAYAS,Antioquia,103.39,318002000.0,312520000.0,101.75412773582492,22.490204,-0.06834793,-0.0067749023,1012.20844,24.917236,0.31,0.08952618,0.036537647,0.006735325,0.45608622,0.06868289
2017-04-26,PLAYAS,Antioquia,106.84,460035000.0,312520000.0,147.2017790861385,21.458038,0.15550613,0.23897171,1012.4913,24.74762,0.31,0.30946732,0.091433525,0.018537045,0.44999796,0.28511336
2017-04-27,PLAYAS,Antioquia,94.84,238771000.0,312520000.0,76.4018302828619,22.223969,-0.3502655,0.041316986,1012.4808,24.561432,0.31,0.07534027,0.033557415,0.0046491623,0.44075733,0.35269395
2017-04-28,PLAYAS,Antioquia,88.94999999999999,179452000.0,312520000.0,57.42096505823627,22.560333,0.13694382,0.6707001,1012.29266,24.267609,0.31,0.00500679,0.028729439,0.00011920929,0.43017846,0.68453795
2017-04-29,PLAYAS,Antioquia,77.53,228794000.0,312520000.0,73.20939459874567,22.798431,-0.40764618,0.690258,1011.9992,24.173859,0.31,0.0,0.02849102,0.0,0.41537672,0.801643
2017-04-30,PLAYAS,Antioquia,74.32,305747000.0,312520000.0,97.83277870216304,20.861176,-0.027610779,0.015014648,1014.03955,24.194946,0.31,0.22947788,0.047445297,0.019490719,0.417059,0.0314292
2017-05-01,PLAYAS,Antioquia,72.47,341378000.0,399760000.0,85.39573744246547,21.283966,0.09461975,-0.1802063,1013.6253,24.437714,0.4,0.024318695,0.02849102,0.000834465,0.42507178,0.20353675
2017-05-02,PLAYAS,Antioquia,66.44,484402000.0,399760000.0,121.17320392235342,21.692719,0.10902786,-0.021808624,1013.5031,24.329437,0.4,0.6209612,0.07688999,0.049591064,0.47138542,0.11118764
2017-05-03,PLAYAS,Antioquia,62.89,300070000.0,399760000.0,75.06253752251351,20.83371,0.28086853,-0.13440704,1013.7631,24.268982,0.4,0.16534328,0.038087368,0.011444092,0.47833136,0.31137177
2017-05-04,PLAYAS,Antioquia,72.05,328660000.0,399760000.0,82.2143285971583,21.219757,0.53803253,-0.12289429,1011.14435,24.253326,0.4,0.00166893,0.02670288,0.00011920929,0.46286103,0.5518895
2017-05-05,PLAYAS,Antioquia,65.52,421180000.0,399760000.0,105.35821492895738,22.360077,0.11179352,-0.10675049,1011.83014,24.229279,0.4,0.2374649,0.03540516,0.0094771385,0.46582106,0.15457508
2017-05-06,PLAYAS,Antioquia,62.8,970505000.0,399760000.0,242.77191314788877,20.994965,-0.11520767,0.1839943,1014.2377,24.338135,0.4,0.5618334,0.14001131,0.042021275,0.48699874,0.21708687
2017-05-07,PLAYAS,Antioquia,87.79,624282000.0,399760000.0,156.1641985191115,21.245148,-0.44111633,-0.3095665,1013.4306,24.373535,0.4,0.16188622,0.048458576,0.015377998,0.47692242,0.5389017
2017-05-08,PLAYAS,Antioquia,93.31,952778000.0,399760000.0,238.3375025015009,21.702545,0.027114868,0.020591736,1012.9906,24.314789,0.4,0.22375584,0.04506111,0.007301569,0.48394108,0.034047548
2017-05-09,PLAYAS,Antioquia,95.22,533162000.0,399760000.0,133.37052231338805,21.40335,-0.3771019,0.031929016,1013.3652,24.318085,0.4,0.80120564,0.15830994,0.09214878,0.4839211,0.37845117
2017-05-10,PLAYAS,Antioquia,93.36,639597000.0,399760000.0,159.99524714828897,21.14383,-0.43159103,0.16700363,1014.41016,24.447723,0.4,0.54585934,0.12564659,0.06330013,0.49996394,0.46277538
2017-05-11,PLAYAS,Antioquia,91.59,604054000.0,399760000.0,151.1041624974985,20.55832,0.19600677,0.20995331,1014.4589,24.781555,0.4,0.17499924,0.08183718,0.010699034,0.48771897,0.28722647
2017-05-12,PLAYAS,Antioquia,96.74,693105000.0,399760000.0,173.38027816690013,20.516083,-0.45510864,-0.20280457,1014.9498,24.920624,0.4,2.8523207,1.9831061,0.7146597,0.5081712,0.4982505
2017-05-13,PLAYAS,Antioquia,95.8,465303000.0,399760000.0,116.39558735241144,21.70755,-0.16446686,-0.3502426,1014.8378,25.052338,0.4,0.5503893,0.413239,0.13500452,0.4979532,0.3869357
2017-05-14,PLAYAS,Antioquia,102.95,382024000.0,399760000.0,95.56333800280169,22.536224,-0.057811737,0.031742096,1014.6323,25.087433,0.4,0.040888786,0.13071299,0.0015497208,0.48966917,0.065952696
2017-05-15,PLAYAS,Antioquia,113.77,507048000.0,399760000.0,126.83810286171703,22.241302,-0.4738388,-0.23720622,1014.6273,25.106018,0.4,0.2977848,0.13804436,0.03260374,0.4849131,0.5298962
2017-05-16,PLAYAS,Antioquia,109.61,614509000.0,399760000.0,153.7194816890134,22.237946,-0.024105072,0.15645218,1013.687,25.140778,0.4,0.30875206,0.22852421,0.13810396,0.49087515,0.15829825
2017-05-17,PLAYAS,Antioquia,107.86,614740000.0,399760000.0,153.77726635981588,22.308807,-0.15079117,0.1818428,1013.96606,24.94806,0.4,0.11301041,0.08189678,0.0019669533,0.4856674,0.23623036
2017-05-18,PLAYAS,Antioquia,107.2,935940000.0,399760000.0,234.1254752851711,23.054718,-0.28039932,-0.20599747,1012.2428,24.760406,0.4,0.3232956,0.11515617,0.042259693,0.48073176,0.34793496
2017-05-19,PLAYAS,Antioquia,105.68,555235000.0,399760000.0,138.8920852511507,23.25412,0.17260742,0.038219452,1009.9197,24.55008,0.4,0.008106232,0.06830692,0.00020861626,0.46663004,0.17678815
2017-05-20,PLAYAS,Antioquia,107.96,504146000.0,399760000.0,126.11216730038022,22.045135,0.12860489,-0.07714844,1009.95624,24.230072,0.4,0.4235506,0.093221664,0.029444695,0.47004238,0.14997032
2017-05-21,PLAYAS,Antioquia,112.74,663162000.0,399760000.0,165.89003402041226,22.688934,-0.30490112,-0.122867584,1012.58826,23.90158,0.4,0.264287,0.06723404,0.006735325,0.46471116,0.32872653
2017-05-22,PLAYAS,Antioquia,107.43,434549000.0,399760000.0,108.70247148288972,21.251617,-0.216156,0.46051025,1014.21515,23.756744,0.4,0.17654896,0.0692606,0.011384487,0.46832174,0.5087171
2017-05-23,PLAYAS,Antioquia,98.38,340647000.0,399760000.0,85.21287772663598,22.291107,-0.2362976,-0.10789108,1013.3217,23.595306,0.4,0.02861023,0.05853176,0.002861023,0.45773768,0.25976345
2017-05-24,PLAYAS,Antioquia,103.32,269100000.0,399760000.0,67.31538923354012,23.201508,0.055042267,1.0062523,1011.8162,23.372406,0.4,0.0,0.05275011,0.0,0.43896306,1.0077566
2017-05-25,PLAYAS,Antioquia,106.6,423647000.0,399760000.0,105.97533520112069,23.572968,-0.08919144,1.0051804,1012.0059,23.244843,0.4,0.0,0.049948692,0.0,0.42390752,1.0091296
2017-05-26,PLAYAS,Antioquia,111.7,282048000.0,399760000.0,70.55433259955973,22.998505,-0.16761398,0.2145195,1013.0723,23.150604,0.4,0.0,0.047266483,0.0,0.41269636,0.27223715
2017-05-27,PLAYAS,Antioquia,105.25,354051000.0,399760000.0,88.56588953372024,22.3154,-0.29309082,0.41638565,1014.9272,23.075836,0.4,0.0641346,0.046133995,0.0011920929,0.41174918,0.50919473
2017-05-28,PLAYAS,Antioquia,99.14,254548000.0,399760000.0,63.675205123073845,23.085663,-0.27910995,0.38243103,1013.65643,23.034058,0.4,0.0071525574,0.04261732,8.940697e-05,0.40171823,0.47345102
2017-05-29,PLAYAS,Antioquia,93.89,296317000.0,399760000.0,74.12372423454072,22.380646,-0.24510193,0.13162613,1014.4895,22.97403,0.4,0.14996529,0.04285574,0.002682209,0.40927684,0.27820927
2017-05-30,PLAYAS,Antioquia,102.29,337040000.0,399760000.0,84.3105863518111,22.69809,-0.08375549,0.11559677,1014.8077,22.967834,0.4,0.16486645,0.042140484,0.0037550926,0.4101467,0.14275011
2017-05-31,PLAYAS,Antioquia,109.43,485710000.0,399760000.0,121.50040024014407,22.728546,-0.22829056,0.31895065,1013.7498,23.037048,0.4,0.4067421,0.08612871,0.011146069,0.42093953,0.3922322
2017-06-01,PLAYAS,Antioquia,109.13,411707000.0,365760000.0,112.56206255468068,23.041412,-0.10384369,0.098415375,1014.10815,23.054626,0.39,0.15354156,0.039339066,0.0044703484,0.41419435,0.14307027
2017-06-02,PLAYAS,Antioquia,108.04,505437000.0,365760000.0,138.188156167979,23.181793,-0.25625992,0.44700623,1012.7369,23.129517,0.39,0.16701221,0.037252903,0.004053116,0.40866375,0.51525116
2017-06-03,PLAYAS,Antioquia,104.34,261365000.0,365760000.0,71.45805993000874,24.044159,0.019477844,0.17661667,1011.48517,23.234833,0.39,0.0,0.031471252,0.0,0.39525568,0.17768747
2017-06-04,PLAYAS,Antioquia,111.21,263008000.0,365760000.0,71.90726159230097,23.649506,-0.1461029,0.42636108,1011.1873,23.209686,0.39,0.0,0.03015995,0.0,0.39351898,0.45069927
2017-06-05,PLAYAS,Antioquia,105.13,227610000.0,365760000.0,62.229330708661415,23.269989,-0.20588303,0.6766205,1011.7392,23.253906,0.39,0.00047683716,0.028848648,0.00011920929,0.38132584,0.7072504
2017-06-06,PLAYAS,Antioquia,105.84,219373000.0,365760000.0,59.9773075240595,23.122772,-0.39092255,0.10663986,1011.58575,23.253815,0.39,0.0,0.027477741,0.0,0.3702544,0.40520674
2017-06-07,PLAYAS,Antioquia,107.58,383616000.0,365760000.0,104.88188976377953,21.7211,0.36052322,0.15098953,1013.33234,23.185028,0.39,0.3156662,0.038981438,0.012516975,0.38825703,0.3908642
2017-06-08,PLAYAS,Antioquia,101.63,425021000.0,365760000.0,116.20215441819772,20.738312,-0.20091629,-0.03952408,1015.71,23.085754,0.39,1.4544725,0.43404102,0.17952919,0.47252965,0.20476696
2017-06-09,PLAYAS,Antioquia,101.63,382031000.0,365760000.0,104.44854549431322,21.431793,0.0710907,-0.28683853,1014.45984,23.011047,0.39,0.26845932,0.044226646,0.018417835,0.48311204,0.29551688
2017-06-10,PLAYAS,Antioquia,101.25,282594000.0,365760000.0,77.26213910761155,22.847137,0.24980545,0.082733154,1013.97455,22.91806,0.39,0.042676926,0.028789043,0.0026226044,0.46437576,0.26314926
2017-06-11,PLAYAS,Antioquia,102.95,308024000.0,365760000.0,84.21478565179352,22.265411,-0.2872429,-0.27192688,1013.9897,22.761139,0.39,0.45859814,0.076174736,0.049710274,0.4645446,0.395541
2017-06-12,PLAYAS,Antioquia,114.37,521589000.0,365760000.0,142.60416666666666,21.540192,-0.06254578,-0.0091362,1013.5275,22.61435,0.39,0.4221201,0.047564507,0.021576881,0.47601345,0.063209526
2017-06-13,PLAYAS,Antioquia,113.19,567391000.0,365760000.0,155.1265857392826,21.894318,-0.14754868,0.7033806,1013.41406,22.700592,0.39,0.223279,0.0526309,0.024020672,0.48532778,0.7186897
2017-06-14,PLAYAS,Antioquia,111.63,340793000.0,365760000.0,93.1739391951006,22.438385,-0.1255951,0.042102814,1013.6894,22.936707,0.39,0.024914742,0.03451109,0.004053116,0.46410114,0.13246424
2017-06-15,PLAYAS,Antioquia,117.0,681352000.0,365760000.0,186.2839020122485,20.544037,-0.06291962,0.3049469,1015.28845,23.115509,0.39,0.052332878,0.034213066,0.002861023,0.47094372,0.31137034
2017-06-16,PLAYAS,Antioquia,112.25,358596000.0,365760000.0,98.04133858267716,21.746857,-0.28596497,0.08839798,1013.04297,23.152313,0.39,0.00047683716,0.03218651,0.0,0.46719503,0.29931617
2017-06-17,PLAYAS,Antioquia,114.54,497452000.0,365760000.0,136.00503062117235,21.068573,-0.1751976,0.22803116,1014.0047,23.262268,0.39,0.13077259,0.04297495,0.011205673,0.46236265,0.28756288
2017-06-18,PLAYAS,Antioquia,114.47,442994000.0,365760000.0,121.11603237095365,21.166595,-0.24682999,0.029361725,1013.0084,23.651672,0.39,0.18656254,0.0385046,0.007033348,0.4649876,0.24857022
2017-06-19,PLAYAS,Antioquia,112.09,510297000.0,365760000.0,139.51689632545933,21.836151,-0.21635818,-0.17238998,1012.8906,23.585785,0.39,0.033020973,0.03182888,0.000834465,0.4538111,0.27663907
2017-06-20,PLAYAS,Antioquia,111.51,327783000.0,365760000.0,89.61696194225722,22.06485,0.035678864,0.17778015,1012.5839,23.52707,0.39,0.026226044,0.03129244,0.0008940697,0.4455337,0.18132502
2017-06-21,PLAYAS,Antioquia,111.86,363712000.0,365760000.0,99.4400699912511,22.35318,-0.16327286,0.26605606,1012.83594,23.471954,0.39,0.005722046,0.030398369,0.00047683716,0.4346675,0.31216
2017-06-22,PLAYAS,Antioquia,107.38,313624000.0,365760000.0,85.74584426946632,22.077972,-0.329731,0.15175247,1013.2584,23.603516,0.39,0.028133392,0.031113625,0.0020861626,0.4295355,0.36297566
2017-06-23,PLAYAS,Antioquia,111.77,377270000.0,365760000.0,103.14687226596676,21.557709,-0.33988953,0.05437088,1013.39264,23.522308,0.39,0.053167343,0.031650066,0.0029802322,0.4239093,0.3442108
2017-06-24,PLAYAS,Antioquia,116.75,294666000.0,365760000.0,80.56266404199475,22.88144,-0.010284424,0.5823593,1012.3039,23.564056,0.39,0.00035762787,0.028669834,0.0,0.41756904,0.58245015
2017-06-25,PLAYAS,Antioquia,116.87,265350000.0,365760000.0,72.5475721784777,22.66336,-0.2976036,0.3337822,1012.84076,23.528381,0.39,0.03707409,0.029325485,0.0011324883,0.417235,0.4471895
2017-06-26,PLAYAS,Antioquia,124.39,585909000.0,365760000.0,160.189468503937,21.779633,-0.17715836,0.3266983,1013.72876,23.46875,0.39,0.7003546,0.12254715,0.055015087,0.4478775,0.37164077
2017-06-27,PLAYAS,Antioquia,120.57,564842000.0,365760000.0,154.4296806649169,21.751556,-0.14699554,-0.14847183,1013.8144,23.499908,0.39,0.14269352,0.03916025,0.011861324,0.456336,0.20892958
2017-06-28,PLAYAS,Antioquia,119.59,518744000.0,365760000.0,141.82633420822398,22.51242,-0.6504173,0.1352272,1013.1912,23.251434,0.39,0.027537346,0.02771616,0.0008940697,0.43713042,0.6643261
2017-06-29,PLAYAS,Antioquia,120.71,347488000.0,365760000.0,95.00437445319336,22.442963,0.51392365,-0.1295662,1013.20825,22.956024,0.39,0.069618225,0.030338764,0.0041127205,0.4344535,0.5300046
2017-06-30,PLAYAS,Antioquia,119.63,668706000.0,365760000.0,182.8264435695538,22.03769,-0.11830521,0.7520981,1014.16486,22.749603,0.39,0.4028082,0.06365776,0.03761053,0.46050552,0.761346
2017-07-01,PLAYAS,Antioquia,114.14,356177000.0,325730000.0,109.34731219107849,23.883148,-0.18883896,0.7627449,1013.02893,22.47168,0.19,0.0027418137,0.026464462,0.00023841858,0.44186515,0.78577346
2017-07-02,PLAYAS,Antioquia,115.78,293038000.0,325730000.0,89.96346667485341,24.3732,-0.1989212,0.97489166,1013.46735,22.356476,0.19,0.00166893,0.026524067,0.0,0.42026323,0.99497914
2017-07-03,PLAYAS,Antioquia,116.65,293565000.0,325730000.0,90.12525711478833,23.03836,-0.5995636,0.35754013,1013.5014,22.141815,0.19,0.014066696,0.026106834,0.00023841858,0.40404692,0.69807696
2017-07-04,PLAYAS,Antioquia,117.51,274068000.0,325730000.0,84.13962484266109,22.564056,-0.24120712,1.0401878,1013.54517,21.818787,0.19,0.24366379,0.039815903,0.008583069,0.41020992,1.0677882
2017-07-05,PLAYAS,Antioquia,115.89,312315000.0,325730000.0,95.88155834586928,23.496613,-0.10982895,1.370758,1013.3158,21.702728,0.19,0.35071373,0.03361702,0.00834465,0.40124518,1.3751509
2017-07-06,PLAYAS,Antioquia,115.78,273439000.0,325730000.0,83.9465201240291,23.854828,-0.32422638,1.0303764,1013.70905,21.740479,0.19,0.000834465,0.024497509,0.0,0.38565436,1.0801845
2017-07-07,PLAYAS,Antioquia,114.84,227849000.0,325730000.0,69.95026555736345,23.358002,-0.020244598,1.1847,1013.6247,21.817657,0.19,0.0,0.024020672,0.0,0.3732304,1.184873
2017-07-08,PLAYAS,Antioquia,112.64,230238000.0,325730000.0,70.68369508488625,23.383759,-0.3555069,0.31612015,1013.4448,21.843414,0.19,0.0051259995,0.02336502,5.9604645e-05,0.36080644,0.47572798
2017-07-09,PLAYAS,Antioquia,114.88,224138000.0,325730000.0,68.81097841770791,23.951996,-0.11024094,0.9155731,1012.90656,21.956512,0.19,0.0,0.022768974,0.0,0.34873945,0.9221861
2017-07-10,PLAYAS,Antioquia,113.78,208387000.0,325730000.0,63.97537838086759,23.100006,-0.23146439,0.899559,1012.1908,21.994385,0.19,0.0,0.022172928,0.0,0.33947706,0.92886066
2017-07-11,PLAYAS,Antioquia,115.32,217209000.0,325730000.0,66.68375648543272,22.559479,-0.5611801,1.039978,1012.8886,22.138245,0.19,0.0039339066,0.021636486,5.9604645e-05,0.32845643,1.1817265
2017-07-12,PLAYAS,Antioquia,116.73,207370000.0,325730000.0,63.66315660209376,22.769989,-0.57497406,1.0572014,1014.9906,22.333557,0.19,0.071167946,0.02425909,0.00333786,0.32815778,1.2034409
2017-07-13,PLAYAS,Antioquia,111.24,197501000.0,325730000.0,60.63334663678507,23.268158,-0.656559,0.79164124,1013.5059,22.361053,0.19,0.0,0.02026558,0.0,0.3198031,1.0284773
2017-07-14,PLAYAS,Antioquia,111.24,218753000.0,325730000.0,67.15776870414146,22.955475,-0.61074066,0.43315887,1014.48047,22.25476,0.19,0.0166893,0.02002716,0.0005364418,0.33651167,0.74875283
2017-07-15,PLAYAS,Antioquia,118.21,359467000.0,325730000.0,110.35735118042552,21.55832,0.115364075,0.04460907,1015.5086,22.088104,0.19,0.24104118,0.024497509,0.0056028366,0.3569097,0.123688474
2017-07-16,PLAYAS,Antioquia,120.02,317526000.0,325730000.0,97.4813495840113,22.665741,0.21708298,0.24739838,1014.2595,22.04715,0.19,0.023007393,0.021398067,0.0026524067,0.38373145,0.32913673
2017-07-17,PLAYAS,Antioquia,117.01,289682000.0,325730000.0,88.933165505173,21.706451,-0.1651802,0.28181076,1013.2586,21.987122,0.19,0.12528896,0.021338463,0.0032782555,0.3825953,0.32665244
2017-07-18,PLAYAS,Antioquia,114.76,463286000.0,325730000.0,142.23006784760383,22.977692,-0.22509003,0.8885994,1012.9789,21.93637,0.19,0.12362003,0.021457672,0.003516674,0.38163015,0.91666484
2017-07-19,PLAYAS,Antioquia,112.83,407850000.0,325730000.0,125.21106437847295,23.560577,-0.80552673,1.0883255,1013.02893,21.845306,0.19,0.038027763,0.019073486,0.00166893,0.37613815,1.3540035
2017-07-20,PLAYAS,Antioquia,119.21,545720000.0,325730000.0,167.53753108402665,22.239166,-0.7404785,0.3295784,1014.5647,21.718506,0.19,0.09512901,0.02026558,0.0032186508,0.37989008,0.81051236
2017-07-21,PLAYAS,Antioquia,114.77,282963000.0,325730000.0,86.8704141466859,22.944733,-0.41329193,0.38562775,1012.8089,21.546417,0.19,0.00011920929,0.016748905,0.0,0.36963657,0.5652601
2017-07-22,PLAYAS,Antioquia,113.2,224370000.0,325730000.0,68.88220305160716,23.392487,-0.28873062,1.1461296,1013.4911,21.442108,0.19,0.1513958,0.023245811,0.006914139,0.36893868,1.1819384
2017-07-23,PLAYAS,Antioquia,113.5,218125000.0,325730000.0,66.96497098824179,23.58017,-0.3842926,0.6307869,1013.0458,21.466888,0.19,0.0,0.016093254,0.0,0.3519681,0.7386291
2017-07-24,PLAYAS,Antioquia,113.0,206219000.0,325730000.0,63.30979645718847,23.98471,-0.27505493,1.1370277,1012.775,21.498322,0.19,0.0,0.015616417,0.0,0.34173018,1.1698236
2017-07-25,PLAYAS,Antioquia,115.31,227519000.0,325730000.0,69.84895465569643,23.946136,0.20495605,0.95349884,1012.4391,21.477203,0.19,0.0,0.01513958,0.0,0.33392924,0.9752779
2017-07-26,PLAYAS,Antioquia,114.74,207344000.0,325730000.0,63.655174531053326,23.770721,-0.08141327,1.3407059,1012.15826,21.399567,0.19,0.0,0.014781952,0.0,0.32712933,1.3431755
2017-07-27,PLAYAS,Antioquia,113.88,207495000.0,325730000.0,63.70153194363429,23.34909,-0.579586,0.80448914,1012.04987,21.355042,0.19,0.01513958,0.014722347,0.00035762787,0.32016903,0.9915255
2017-07-28,PLAYAS,Antioquia,114.54,184083000.0,325730000.0,56.513983974457375,23.793243,-0.1968193,1.0906181,1011.6853,21.397064,0.19,0.0,0.014185905,0.0,0.31371182,1.1082355
2017-07-29,PLAYAS,Antioquia,114.37,185096000.0,325730000.0,56.82497774230191,23.483002,-0.34457397,0.7128105,1012.8608,21.442535,0.19,0.00059604645,0.013709068,0.0,0.30680183,0.791726
2017-07-30,PLAYAS,Antioquia,113.34,192278000.0,325730000.0,59.02987136585516,23.58908,-0.4495964,1.1694603,1013.61017,21.450958,0.19,0.0034570694,0.013530254,0.00011920929,0.3047298,1.2529063
2017-07-31,PLAYAS,Antioquia,114.85,188468000.0,325730000.0,57.86019095569951,22.704987,-0.9937744,0.5248947,1015.0814,21.637482,0.19,0.005722046,0.012993813,5.9604645e-05,0.30661273,1.1238781
2017-08-01,PLAYAS,Antioquia,116.08,193563000.0,336440000.0,57.53269527999048,22.34317,-0.74754715,0.6771698,1015.4203,21.723297,-0.07,0.066399574,0.01335144,0.00071525574,0.31034416,1.0086554
2017-08-02,PLAYAS,Antioquia,114.78,206195000.0,336440000.0,61.28730234217097,23.756989,-0.8678589,0.27866745,1013.8773,21.735138,-0.07,0.000834465,0.012397766,0.0,0.3069227,0.9115013
2017-08-03,PLAYAS,Antioquia,116.54,186927000.0,336440000.0,55.56027820710974,24.20639,-0.6350174,0.46359253,1013.105,21.69809,-0.07,0.12934208,0.0131726265,0.0012516975,0.3094907,0.7862348
2017-08-04,PLAYAS,Antioquia,116.8,328422000.0,336440000.0,97.61681131851148,23.602081,0.39134216,1.2285881,1013.2764,21.578217,-0.07,0.5208254,0.020444393,0.008940697,0.34830534,1.2894098
2017-08-05,PLAYAS,Antioquia,113.3,190550000.0,336440000.0,56.63714183806919,23.266876,-0.6158829,0.6594696,1013.66406,21.463715,-0.07,0.0013113022,0.011384487,5.9604645e-05,0.33498478,0.9023369
2017-08-06,PLAYAS,Antioquia,112.63,171958000.0,336440000.0,51.111045060040425,24.17923,-0.86691666,0.5623474,1013.1802,21.253479,-0.07,0.15282631,0.013053417,0.0019669533,0.33334446,1.0333339
2017-08-07,PLAYAS,Antioquia,114.06,289378000.0,336440000.0,86.01177030079657,24.086823,-0.9878464,1.1256828,1012.1105,21.035889,-0.07,0.17595291,0.012993813,0.0023841858,0.33631518,1.4976656
2017-08-08,PLAYAS,Antioquia,115.99,336052000.0,336440000.0,99.884674830579,24.271515,-0.84412384,0.8824501,1012.1827,20.633575,-0.07,0.027656555,0.011086464,0.00071525574,0.33443683,1.2211728
2017-08-09,PLAYAS,Antioquia,111.63,295170000.0,336440000.0,87.73332540720486,23.76413,-0.5971565,0.7348366,1013.09827,20.566376,-0.07,0.007390976,0.010371208,0.00011920929,0.32518688,0.94687945
2017-08-10,PLAYAS,Antioquia,113.57,234211000.0,336440000.0,69.61449292593032,22.924164,-0.42184067,0.058120728,1014.65216,20.393738,-0.07,0.33164024,0.015735626,0.0056624413,0.34056073,0.42582574
2017-08-11,PLAYAS,Antioquia,113.68,386228000.0,336440000.0,114.79847818333135,23.390839,-0.7394371,0.24951935,1013.3167,20.28888,-0.07,0.15676022,0.012397766,0.002861023,0.34594837,0.7804019
2017-08-12,PLAYAS,Antioquia,115.23,532849000.0,336440000.0,158.37861134228984,21.787079,0.26095963,-0.06292343,1014.03595,20.289795,-0.07,0.2104044,0.015258789,0.005841255,0.36298624,0.2684386
2017-08-13,PLAYAS,Antioquia,113.6,230886000.0,336440000.0,68.62620378076329,22.319183,-0.0739975,0.53284454,1014.5566,20.284576,-0.07,0.038981438,0.010371208,0.0013113022,0.36068788,0.53795815
2017-08-14,PLAYAS,Antioquia,112.18999999999998,229127000.0,336440000.0,68.10337653073356,23.613617,-0.44867706,0.6186333,1011.9269,20.325745,-0.07,0.0027418137,0.009059906,5.9604645e-05,0.35174704,0.7642109
2017-08-15,PLAYAS,Antioquia,115.74,256001000.0,336440000.0,76.09113066222804,23.572296,-0.6027489,0.39764023,1011.28955,20.223053,-0.07,0.0,0.008702278,0.0,0.34451425,0.7220969
2017-08-16,PLAYAS,Antioquia,118.05,394903000.0,336440000.0,117.37694685530852,23.338043,-0.7843933,0.008262634,1012.08044,20.098846,-0.07,0.009536743,0.008523464,0.0,0.34515494,0.7844368
2017-08-17,PLAYAS,Antioquia,118.33,280314000.0,336440000.0,83.3176792295803,23.562225,-0.33426285,0.10098648,1011.96436,20.157867,-0.07,0.24473667,0.013828278,0.005543232,0.36700195,0.34918463
2017-08-18,PLAYAS,Antioquia,120.0,268979000.0,336440000.0,79.9485792414695,23.455536,-0.1369667,-0.2538643,1011.4433,20.339783,-0.07,0.076413155,0.009775162,0.0015497208,0.3690037,0.28845614
2017-08-19,PLAYAS,Antioquia,117.05,254775000.0,336440000.0,75.72672690524314,21.865448,-0.56723785,0.35338974,1012.1678,20.474915,-0.07,0.08428097,0.009894371,0.0019073486,0.37566066,0.6683136
2017-08-20,PLAYAS,Antioquia,118.79,270449000.0,336440000.0,80.38550707406968,22.062836,0.018363953,0.38297272,1012.7994,20.473755,-0.07,0.049114227,0.010967255,0.0029802322,0.38465312,0.38341275
2017-08-21,PLAYAS,Antioquia,118.89,239205000.0,336440000.0,71.09885863749852,22.516388,-0.36355972,0.4938202,1014.15686,20.63147,-0.07,0.04863739,0.009059906,0.0012516975,0.3863177,0.61321616
2017-08-22,PLAYAS,Antioquia,117.09,225735000.0,336440000.0,67.09517298775414,23.753632,-0.5026207,0.80057526,1013.35516,20.813324,-0.07,0.0,0.0076293945,0.0,0.370088,0.94527686
2017-08-23,PLAYAS,Antioquia,113.52,221383000.0,336440000.0,65.80162881940316,23.536652,-0.62730026,0.61167526,1011.4986,20.843048,-0.07,0.0035762787,0.0072717667,5.9604645e-05,0.3578261,0.8761577
2017-08-24,PLAYAS,Antioquia,110.47,244565000.0,336440000.0,72.69201046248959,22.626434,-0.3332367,0.41732025,1012.8283,20.851654,-0.07,0.18131733,0.010311604,0.0031590462,0.3539616,0.5340439
2017-08-25,PLAYAS,Antioquia,115.46,225288000.0,336440000.0,66.96231125906552,22.417206,-0.8810463,0.34867477,1013.117,21.043152,-0.07,0.03695488,0.0076293945,0.0005364418,0.35182214,0.9475319
2017-08-26,PLAYAS,Antioquia,116.1,272534000.0,336440000.0,81.00523124479848,23.240448,-0.12929535,0.00868988,1012.3647,21.11966,-0.07,0.06389618,0.00834465,0.0011920929,0.3559469,0.12958704
2017-08-27,PLAYAS,Antioquia,113.45,356277000.0,336440000.0,105.89614790155748,22.509674,-0.09584713,0.14061737,1011.823,20.996857,-0.07,0.24986267,0.021636486,0.014841557,0.35737234,0.17017613
2017-08-28,PLAYAS,Antioquia,114.92,289491000.0,336440000.0,86.04535727024135,21.730927,-0.3310585,-0.081020355,1012.26685,20.875214,-0.07,0.13613701,0.01180172,0.005185604,0.36278486,0.34082845
2017-08-29,PLAYAS,Antioquia,116.87,470848000.0,336440000.0,139.95006539055998,21.597015,-0.09679031,0.17595291,1014.1184,20.799408,-0.07,0.01680851,0.007033348,0.0004172325,0.36773145,0.20081781
2017-08-30,PLAYAS,Antioquia,114.23,430395000.0,336440000.0,127.92622755914871,22.332794,-0.64917755,0.75582886,1013.9878,20.718323,-0.07,0.034689903,0.0074505806,0.0009536743,0.36516416,0.9963477
2017-08-31,PLAYAS,Antioquia,116.17,340772000.0,336440000.0,101.28759957198903,23.136444,-0.29745483,1.3087082,1014.1984,20.594147,-0.07,0.16307831,0.010788441,0.0044703484,0.3577082,1.3420867
2017-09-01,PLAYAS,Antioquia,118.53,247702000.0,393860000.0,62.89087493017823,24.012299,-0.38866043,0.5345421,1013.6331,20.68576,-0.34,0.0,0.006198883,0.0,0.34835517,0.66090256
2017-09-02,PLAYAS,Antioquia,113.39,242104000.0,393860000.0,61.469557710861736,23.178558,-0.23407364,0.93859863,1013.4866,20.735443,-0.34,0.00023841858,0.0060796738,0.0,0.3398171,0.9673458
2017-09-03,PLAYAS,Antioquia,110.19,205698000.0,393860000.0,52.22617173614989,22.730438,-0.27745056,0.64977264,1014.21704,20.838623,-0.34,0.009775162,0.006020069,0.00011920929,0.33781704,0.706529
2017-09-04,PLAYAS,Antioquia,115.47,228425000.0,393860000.0,57.99649621692987,23.20517,-0.8282318,0.19859695,1013.16846,20.962738,-0.34,0.0,0.0057816505,0.0,0.33309805,0.85170925
2017-09-05,PLAYAS,Antioquia,115.72,304648000.0,393860000.0,77.34931193825217,22.512726,0.14359665,0.061252594,1013.6856,20.983276,-0.34,0.04374981,0.00667572,0.000834465,0.34357855,0.15611495
2017-09-06,PLAYAS,Antioquia,117.55,333956000.0,393860000.0,84.79053470776418,23.189117,-0.5627403,0.19023895,1012.465,20.948395,-0.34,0.17678738,0.008404255,0.0025629997,0.35001898,0.59402657
2017-09-07,PLAYAS,Antioquia,115.61,379027000.0,393860000.0,96.23394099426191,21.971527,-0.06011963,-0.032672882,1012.7919,20.967896,-0.34,0.26512146,0.013113022,0.0075101852,0.36143735,0.068424314
2017-09-08,PLAYAS,Antioquia,116.29,377582000.0,393860000.0,95.86705936119432,20.959503,-0.54756546,-0.008010864,1013.1805,21.106903,-0.34,0.23841858,0.012516975,0.006914139,0.37264612,0.54762405
2017-09-09,PLAYAS,Antioquia,120.24,441995000.0,393860000.0,112.2213476869954,20.917328,-0.04166031,-0.13515091,1012.77814,21.159973,-0.34,0.3669262,0.024199486,0.018537045,0.40166184,0.14142613
2017-09-10,PLAYAS,Antioquia,115.78,599981000.0,393860000.0,152.33357030416897,22.032867,-0.62049866,-0.17472458,1014.03357,20.977325,-0.34,0.32627583,0.029623508,0.024020672,0.46367577,0.64462954
2017-09-11,PLAYAS,Antioquia,115.93,310353000.0,393860000.0,78.79779617122836,23.3378,0.0712738,0.24193573,1013.5139,20.781311,-0.34,0.01001358,0.005841255,0.00011920929,0.4308285,0.25221586
2017-09-12,PLAYAS,Antioquia,118.86,404104000.0,393860000.0,102.60092418625908,22.190216,-0.18653107,0.08549118,1013.805,20.67987,-0.34,0.29158592,0.017642975,0.01180172,0.42600435,0.20518914
2017-09-13,PLAYAS,Antioquia,116.3,427667000.0,393860000.0,108.58350682983802,22.077484,-0.25940323,0.18704987,1013.90186,20.49936,-0.34,0.36108494,0.07724762,0.030755997,0.43117803,0.31980884
2017-09-14,PLAYAS,Antioquia,113.78,349601000.0,393860000.0,88.76275834052709,22.506622,-0.5322151,0.37937927,1013.4822,20.37027,-0.34,0.12624264,0.0121593475,0.004887581,0.4210297,0.6535913
2017-09-15,PLAYAS,Antioquia,116.46,482462000.0,393860000.0,122.4958106941553,23.065216,-0.397377,0.43091583,1013.34546,20.344482,-0.34,0.27620792,0.025689602,0.017404556,0.4384151,0.58617145
2017-09-16,PLAYAS,Antioquia,119.31,809707000.0,393860000.0,205.58244046107757,23.200775,-0.47000122,0.75014114,1013.0652,20.329926,-0.34,0.3323555,0.049710274,0.04017353,0.42876917,0.8852191
2017-09-17,PLAYAS,Antioquia,118.68,791020000.0,393860000.0,200.83786116894328,22.318329,-0.10538864,0.48043823,1012.89014,20.53833,-0.34,0.12385845,0.01513958,0.0044107437,0.4122656,0.4918614
2017-09-18,PLAYAS,Antioquia,113.61,316090000.0,393860000.0,80.25440511857005,23.755096,-0.4845543,0.43182755,1012.89014,20.731476,-0.34,0.0035762787,0.0113248825,5.9604645e-05,0.39550388,0.6490515
2017-09-19,PLAYAS,Antioquia,116.78,402003000.0,393860000.0,102.06748590869852,23.69754,-0.09449768,0.13084412,1013.17065,20.93515,-0.34,0.10454655,0.014662743,0.0028014183,0.39818078,0.16140011
2017-09-20,PLAYAS,Antioquia,115.09,407174000.0,393860000.0,103.38038897070024,22.98227,0.15916443,-0.48424911,1013.72705,21.041046,-0.34,0.069499016,0.01424551,0.002026558,0.3979301,0.50973576
2017-09-21,PLAYAS,Antioquia,113.19,275769000.0,393860000.0,70.01701112070279,23.352142,0.025157928,0.10464859,1012.1813,21.051422,-0.34,0.008225441,0.012516975,0.00011920929,0.39104855,0.10763015
2017-09-22,PLAYAS,Antioquia,113.12,330700000.0,393860000.0,83.96384502107348,23.169281,-0.47771072,0.40159988,1011.55096,20.885864,-0.34,0.05722046,0.014185905,0.0017881393,0.3921572,0.6240913
2017-09-23,PLAYAS,Antioquia,114.72,636652000.0,393860000.0,161.6442390697202,20.879913,-0.33203888,0.5423851,1012.8211,20.785645,-0.34,1.3538599,0.12862682,0.11610985,0.39851055,0.6359492
2017-09-24,PLAYAS,Antioquia,115.31,308370000.0,393860000.0,78.29431777789063,23.144867,-0.6055107,0.49139786,1012.51764,20.74179,-0.34,0.037908554,0.014126301,0.0013113022,0.3916462,0.77981734
2017-09-25,PLAYAS,Antioquia,114.99,297465000.0,393860000.0,75.52556746051896,23.164886,-0.40847778,0.8226166,1012.1675,20.621735,-0.34,0.40602684,0.033199787,0.019788742,0.38979605,0.91845095
2017-09-26,PLAYAS,Antioquia,115.86,278120000.0,393860000.0,70.6139237292439,22.101654,-0.35622787,0.27241898,1013.2139,20.420166,-0.34,0.07414818,0.016212463,0.0023841858,0.3848549,0.44845334
2017-09-27,PLAYAS,Antioquia,114.99,198830000.0,393860000.0,50.48240491545219,22.743622,0.14393997,0.028400421,1011.16516,20.390442,-0.34,0.0,0.014185905,0.0,0.3745461,0.14671503
2017-09-28,PLAYAS,Antioquia,116.97,268537000.0,393860000.0,68.18082567409739,21.904266,-0.17270279,0.08533096,1011.3245,20.624908,-0.34,0.03182888,0.0150203705,0.000834465,0.38105047,0.1926334
2017-09-29,PLAYAS,Antioquia,121.44,391327000.0,393860000.0,99.35687807850503,21.948212,-0.17192078,0.17515945,1011.9498,20.86325,-0.34,0.2834797,0.024437904,0.009894371,0.40915525,0.24543346
2017-09-30,PLAYAS,Antioquia,119.69,471452000.0,393860000.0,119.7004011577718,21.198395,0.07450867,0.43016052,1012.77954,21.086426,-0.34,0.17893314,0.023126602,0.00834465,0.4436358,0.43656573
2017-10-01,PLAYAS,Antioquia,116.55,477567000.0,448420000.0,106.49993309843452,22.414642,-0.3632202,-0.04267502,1011.5086,21.135834,-0.6,0.15890598,0.023066998,0.0062584877,0.44184747,0.36571857
2017-10-02,PLAYAS,Antioquia,116.76,500356000.0,448420000.0,111.58199901877704,21.213348,-0.49690628,0.20933914,1012.35205,21.210846,-0.6,0.094890594,0.026762486,0.006198883,0.44531375,0.5392019
2017-10-03,PLAYAS,Antioquia,120.16,454752000.0,448420000.0,101.4120690424156,21.979156,-0.028697968,-0.09393692,1012.2497,21.224396,-0.6,0.14591217,0.03194809,0.005364418,0.43592703,0.0982228
2017-10-04,PLAYAS,Antioquia,120.61,399105000.0,448420000.0,89.00249765844521,20.911896,-0.19537354,0.3527794,1011.9392,21.050385,-0.6,0.42259693,0.0680089,0.03838539,0.46020165,0.40326682
2017-10-05,PLAYAS,Antioquia,115.06,334243000.0,448420000.0,74.5379331876366,22.265839,0.14697647,0.13072968,1012.3245,20.946747,-0.6,0.02849102,0.032305717,0.0013113022,0.45107377,0.19670367
2017-10-06,PLAYAS,Antioquia,113.39,312902000.0,448420000.0,69.77877882342447,21.194916,-0.6995125,-0.14021683,1015.6647,20.956604,-0.6,0.42533875,0.055730343,0.019818544,0.46282667,0.7134273
2017-10-07,PLAYAS,Antioquia,107.08,271082000.0,448420000.0,60.45270059319388,21.655487,-0.56749344,0.4128151,1015.2725,20.764435,-0.6,0.015497208,0.05173683,0.00059604645,0.4404906,0.70175856
2017-10-08,PLAYAS,Antioquia,111.81,248770000.0,448420000.0,55.477008161990994,21.93686,-0.10821915,-0.108055115,1012.9867,20.563446,-0.6,0.0,0.0538826,0.0,0.41738728,0.15292904
2017-10-09,PLAYAS,Antioquia,118.42,275967000.0,448420000.0,61.54208108469739,20.675446,-0.15778351,0.27627182,1012.08374,20.521759,-0.6,0.083208084,0.054836273,0.0024437904,0.40441486,0.31815368
2017-10-10,PLAYAS,Antioquia,119.21,282221000.0,448420000.0,62.936755720083845,21.888885,0.20026398,-0.2851715,1011.4,20.439636,-0.6,0.00059604645,0.050902367,0.0,0.40300393,0.34846583
2017-10-11,PLAYAS,Antioquia,114.52,437950000.0,448420000.0,97.66513536416753,21.22171,0.31876755,0.058467865,1011.5025,20.509857,-0.6,0.057578087,0.05197525,0.0027418137,0.44717053,0.32408524
2017-10-12,PLAYAS,Antioquia,113.66,264918000.0,448420000.0,59.07809642745641,22.092804,-0.38750076,-0.048080444,1011.363,20.59198,-0.6,0.004529953,0.04774332,0.0,0.43098122,0.39047226
2017-10-13,PLAYAS,Antioquia,118.71,275838000.0,448420000.0,61.51331341153383,23.223297,-0.31595993,0.1754303,1010.84796,20.66922,-0.6,0.061511993,0.047326088,0.0015497208,0.4266944,0.36139518
2017-10-14,PLAYAS,Antioquia,111.29,305417000.0,448420000.0,68.10958476428348,22.540619,-0.702755,0.06895828,1011.4308,20.595459,-0.6,0.0072717667,0.043690205,0.00011920929,0.4109259,0.70613015
2017-10-15,PLAYAS,Antioquia,109.52,296774000.0,448420000.0,66.1821506623255,23.044525,-0.10782623,0.63285065,1011.20374,20.37201,-0.6,0.27382374,0.05096197,0.009357929,0.4118191,0.64197075
2017-10-16,PLAYAS,Antioquia,116.69,224482000.0,448420000.0,50.06065741938362,23.359161,-0.20132065,0.8960991,1011.51544,20.08554,-0.6,0.0,0.039756298,0.0,0.39505124,0.9184354
2017-10-17,PLAYAS,Antioquia,116.15,210441000.0,448420000.0,46.92944114892288,24.43222,0.31106567,1.2082977,1011.39874,19.94638,-0.6,0.0,0.03772974,0.0,0.38205186,1.2476959
2017-10-18,PLAYAS,Antioquia,118.43,206915000.0,448420000.0,46.14312474911913,24.0253,-0.10524368,0.7629738,1011.0217,20.009949,-0.6,0.0,0.036001205,0.0,0.37071973,0.77019817
2017-10-19,PLAYAS,Antioquia,116.43,231888000.0,448420000.0,51.71223406627716,23.503021,-0.16851807,0.34923553,1011.2775,20.209412,-0.6,0.0,0.034093857,0.0,0.3612404,0.38776773
2017-10-20,PLAYAS,Antioquia,113.55,297776000.0,448420000.0,66.40560189108426,23.963226,-0.2771492,0.40649033,1010.4908,20.222748,-0.6,0.023841858,0.03260374,0.00035762787,0.3574345,0.49198177
2017-10-21,PLAYAS,Antioquia,115.78,297937000.0,448420000.0,66.4415057312341,23.22403,0.35149002,0.015571594,1010.6845,20.389221,-0.6,0.25832653,0.045239925,0.014126301,0.37579787,0.35183477
2017-10-22,PLAYAS,Antioquia,115.89,295705000.0,448420000.0,65.94375808393916,22.664825,-0.69550323,0.8716583,1011.8741,20.63443,-0.6,0.118255615,0.0320673,0.0022649765,0.38314676,1.1151291
2017-10-23,PLAYAS,Antioquia,116.97,243338000.0,448420000.0,54.2656438160653,22.783722,-0.41900635,0.5263634,1012.3259,20.92749,-0.6,0.09512901,0.03015995,0.0019073486,0.38333797,0.6727739
2017-10-24,PLAYAS,Antioquia,114.84,222927000.0,448420000.0,49.71388430489274,21.889496,0.11443329,0.34448624,1012.0778,21.093262,-0.6,0.003695488,0.027239323,0.00023841858,0.3745708,0.36299554
2017-10-25,PLAYAS,Antioquia,118.43,233490000.0,448420000.0,52.06948842602917,22.265717,-0.02072525,-0.18971634,1012.65845,21.180298,-0.6,0.022053719,0.02682209,0.0009536743,0.36792105,0.19084504
2017-10-26,PLAYAS,Antioquia,113.57,465099000.0,448420000.0,103.71950403639444,20.970978,-0.028823853,0.042922974,1013.3325,21.398834,-0.6,0.20051003,0.028192997,0.0034570694,0.3745635,0.05170296
2017-10-27,PLAYAS,Antioquia,114.4,319825000.0,448420000.0,71.32264394986842,22.605927,-0.13611984,-0.47693253,1011.6199,21.462708,-0.6,0.0017881393,0.024020672,5.9604645e-05,0.3695187,0.49597704
2017-10-28,PLAYAS,Antioquia,113.29,413397000.0,448420000.0,92.18968823870478,21.526459,-0.32925415,0.2780342,1012.9866,21.594269,-0.6,0.3039837,0.05543232,0.03260374,0.40948325,0.43094236
2017-10-29,PLAYAS,Antioquia,113.56,387426000.0,448420000.0,86.3980197136613,20.29477,0.24067688,-0.25849533,1015.3284,21.760254,-0.6,0.6480217,0.22357702,0.08028746,0.48431265,0.35319287
2017-10-30,PLAYAS,Antioquia,116.05,267167000.0,448420000.0,59.57963516346283,20.801422,-0.056346893,-0.2099495,1014.03345,21.773987,-0.6,0.20360947,0.034034252,0.012218952,0.46700138,0.2173793
2017-10-31,PLAYAS,Antioquia,119.59,362267000.0,448420000.0,80.78743142589536,22.030182,-0.13702106,0.1764946,1013.0705,21.780518,-0.6,0.048160553,0.022530556,0.0014305115,0.4537938,0.22343929
2017-11-01,PLAYAS,Antioquia,119.56,405881000.0,424340000.0,95.6499505113824,21.851593,0.34065247,-0.23687744,1012.66034,21.7482,-0.77,0.07677078,0.022768974,0.0021457672,0.4636424,0.41491568
2017-11-02,PLAYAS,Antioquia,117.71,277486000.0,424340000.0,65.39237403968515,21.606293,0.41246033,-0.17549515,1011.66516,21.78366,-0.77,0.10561943,0.023543835,0.0032782555,0.46243897,0.44824332
2017-11-03,PLAYAS,Antioquia,121.53,383810000.0,424340000.0,90.44869679973606,21.792511,0.2738762,-0.39681625,1012.3242,21.757538,-0.77,0.20873547,0.025510788,0.0056624413,0.45821732,0.4821528
2017-11-04,PLAYAS,Antioquia,121.64,528922000.0,424340000.0,124.64580289390584,20.880402,0.044338226,0.19514465,1012.52795,21.482727,-0.77,0.5557537,0.07933378,0.059962273,0.4689143,0.20011824
2017-11-05,PLAYAS,Antioquia,117.76,292324000.0,424340000.0,68.88909836451901,20.957794,-0.6291199,-0.17383194,1013.91,21.425293,-0.77,0.7663965,0.19699335,0.11855364,0.48084012,0.6526939
2017-11-06,PLAYAS,Antioquia,111.45,292673000.0,424340000.0,68.97134373379838,21.668121,0.31871796,-0.22986221,1013.72876,21.332916,-0.77,0.012278557,0.019490719,0.00035762787,0.4601285,0.39296025
2017-11-07,PLAYAS,Antioquia,114.33,231092000.0,424340000.0,54.459160107461,22.01651,0.21517944,-0.0957489,1011.54016,21.092743,-0.77,0.43559074,0.052809715,0.033199787,0.44908115,0.2355208
2017-11-08,PLAYAS,Antioquia,119.1,344792000.0,424340000.0,81.25371164632135,21.356049,0.007106781,0.12602234,1010.6422,21.121338,-0.77,0.31387806,0.054836273,0.034868717,0.48395097,0.12622257
2017-11-09,PLAYAS,Antioquia,115.4,342521000.0,424340000.0,80.71852759579582,20.928741,0.21854019,-0.43797302,1011.0742,21.005096,-0.77,0.9586811,0.1655221,0.14287233,0.49241027,0.4894693
2017-11-10,PLAYAS,Antioquia,111.77,326060000.0,424340000.0,76.83932695480038,20.933563,0.20030212,-0.3433113,1011.41205,20.869324,-0.77,0.91814995,0.21284819,0.19109249,0.49659166,0.39747152
2017-11-11,PLAYAS,Antioquia,114.56,318307000.0,424340000.0,75.01225432436254,21.587189,0.00030899048,-0.12305832,1010.97095,20.916748,-0.77,0.1655817,0.029683113,0.0070631504,0.48601884,0.12305871
2017-11-12,PLAYAS,Antioquia,110.61,322175000.0,424340000.0,75.92378752886836,22.232086,-0.54208755,-0.011253357,1010.1044,21.020477,-0.77,0.08010864,0.026643276,0.0030398369,0.47242215,0.5422043
2017-11-13,PLAYAS,Antioquia,112.72,251162500.0,424340000.0,59.18897582127539,21.96048,0.055332184,0.28457642,1010.6934,21.142609,-0.77,0.1193285,0.031530857,0.007122755,0.46819776,0.28990582
2017-11-14,PLAYAS,Antioquia,118.51,357864000.0,424340000.0,84.33426026299665,20.586823,0.49876022,-0.19425583,1011.15155,21.21817,-0.77,0.921011,0.1373291,0.11199713,0.48649466,0.53525424
2017-11-15,PLAYAS,Antioquia,119.48,529325000.0,424340000.0,124.74077390771552,20.598114,0.06914139,0.3211937,1012.59845,21.324677,-0.77,2.3927689,0.68330765,0.5517006,0.50343525,0.32855123
2017-11-16,PLAYAS,Antioquia,121.51,681556000.0,424340000.0,160.6155441391337,21.044342,0.19283676,-0.40866852,1013.2389,21.396423,-0.77,3.413558,2.339244,1.2638569,0.5012617,0.45188048
2017-11-17,PLAYAS,Antioquia,120.61,498941000.0,424340000.0,117.58047791865012,20.747345,-0.13230896,-0.16083908,1012.8342,21.568909,-0.77,1.0597706,0.44327974,0.14913082,0.4950235,0.20826635
2017-11-18,PLAYAS,Antioquia,114.84,736368000.0,424340000.0,173.5325446575859,20.610199,-0.24328613,-0.35809708,1012.41705,21.670502,-0.77,0.50520897,0.23084879,0.08678436,0.49856567,0.43292224
2017-11-19,PLAYAS,Antioquia,113.61,785963000.0,424340000.0,185.2201065183579,20.5253,0.09343338,-0.32463455,1011.84174,21.69925,-0.77,0.1642704,0.15461445,0.018656254,0.49535054,0.33781263
2017-11-20,PLAYAS,Antioquia,114.44,426965000.0,424340000.0,100.61860772022436,20.47879,-0.26730728,-0.3203659,1012.11096,21.619965,-0.77,0.13947487,0.13893843,0.011771917,0.48946285,0.41723794
2017-11-21,PLAYAS,Antioquia,113.68,332900000.0,424340000.0,78.45124192864212,21.424408,-0.20915222,0.24858093,1011.938,21.59845,-0.77,0.12600422,0.13023615,0.013232231,0.48752376,0.32486477
2017-11-22,PLAYAS,Antioquia,115.46,331153000.0,424340000.0,78.03954376207759,21.517914,-0.04219055,-0.09214783,1013.16187,21.559967,-0.77,0.18370152,0.1245141,0.01770258,0.48925704,0.101347245
2017-11-23,PLAYAS,Antioquia,113.97,331569000.0,424340000.0,78.1375783569779,21.58371,0.18495941,0.003276825,1012.49097,21.40982,-0.77,0.20682812,0.10585785,0.0072717667,0.47954446,0.18498844
2017-11-24,PLAYAS,Antioquia,113.19,343210000.0,424340000.0,80.88089739359947,21.094269,-0.17344284,-0.46048737,1012.73157,21.291626,-0.77,0.20754337,0.109791756,0.019609928,0.47525245,0.4920681
2017-11-25,PLAYAS,Antioquia,111.9,306623000.0,424340000.0,72.25880190413348,21.095001,-0.15070724,0.035362244,1013.3619,21.132324,-0.77,0.069618225,0.088214874,0.0053346157,0.47212416,0.1548004
2017-11-26,PLAYAS,Antioquia,112.35,298456000.0,424340000.0,70.3341659989631,22.075348,-0.33906937,-0.0008010864,1011.7386,21.021545,-0.77,0.03492832,0.07849932,0.001847744,0.47226626,0.33907032
2017-11-27,PLAYAS,Antioquia,116.65,291263000.0,424340000.0,68.63906301550642,21.407318,0.2797737,-0.04579544,1011.15314,21.12149,-0.77,0.24652481,0.08606911,0.014454126,0.47623837,0.283497
2017-11-28,PLAYAS,Antioquia,114.55,312812000.0,424340000.0,73.71730216335956,22.048492,-0.24188614,0.0041999817,1011.868,21.226227,-0.77,0.08392334,0.07271767,0.0052452087,0.47197124,0.2419226
2017-11-29,PLAYAS,Antioquia,115.28,260252000.0,424340000.0,61.33100815383891,22.604645,0.025157928,0.015571594,1011.70544,21.276215,-0.77,0.05686283,0.06645918,0.0031590462,0.4661542,0.02958709
2017-11-30,PLAYAS,Antioquia,114.73,299875000.0,424340000.0,70.66856765801009,22.049591,-0.11471176,0.32213593,1012.1269,21.269928,-0.77,0.10895729,0.06657839,0.007033348,0.4682855,0.3419508
2017-12-01,PLAYAS,Antioquia,113.89,306589000.0,311420000.0,98.44871877207628,21.764435,0.006893158,-0.29241943,1011.6917,21.313873,-0.86,0.053048134,0.05811453,0.00166893,0.47394583,0.29250064
2017-12-02,PLAYAS,Antioquia,113.6,304095000.0,311420000.0,97.64787104232228,21.281586,-0.32006836,-0.5102234,1011.8816,21.45633,-0.86,0.16629696,0.06276369,0.009059906,0.48315763,0.6023053
2017-12-03,PLAYAS,Antioquia,111.51,271694000.0,311420000.0,87.24359386038148,21.207,-0.2524414,-0.070941925,1010.65607,21.501831,-0.86,0.049591064,0.055789948,0.0047683716,0.47723046,0.26222017
2017-12-04,PLAYAS,Antioquia,109.69,275742000.0,311420000.0,88.54344614989404,21.50534,-0.20084763,0.09947586,1011.0578,21.550201,-0.86,0.04553795,0.05108118,0.0026226044,0.46781537,0.22413214
2017-12-05,PLAYAS,Antioquia,116.75,440408000.0,311420000.0,141.4193051184895,22.324127,-0.032669067,0.31729507,1011.17596,21.555756,-0.86,0.008225441,0.04607439,0.0002682209,0.45735183,0.31897247
2017-12-06,PLAYAS,Antioquia,114.37,239041000.0,311420000.0,76.75839702010147,22.723846,-0.23521423,0.335701,1011.1747,21.48642,-0.86,0.0027418137,0.043272972,5.9604645e-05,0.44508952,0.40990353
2017-12-07,PLAYAS,Antioquia,111.55,275027000.0,311420000.0,88.31385267484426,22.228302,-0.25813293,-0.000579834,1011.39844,21.387238,-0.86,0.008940697,0.041544437,0.00047683716,0.43366528,0.2581336
2017-12-08,PLAYAS,Antioquia,114.3,380825000.0,311420000.0,122.2866225675936,21.033966,0.21035385,-0.22141647,1011.95654,21.240265,-0.86,0.0150203705,0.039100647,5.9604645e-05,0.43630573,0.3054079
2017-12-09,PLAYAS,Antioquia,110.08,673115000.0,311420000.0,216.1437929484298,21.456879,-0.18757248,-0.07583237,1013.2466,21.262909,-0.86,0.14519691,0.042140484,0.004917383,0.45345268,0.20232148
2017-12-10,PLAYAS,Antioquia,113.29,351015000.0,311420000.0,112.71434076167236,21.073578,-0.103652954,-0.41537476,1013.8102,21.324585,-0.86,0.15461445,0.04309416,0.0075101852,0.45596826,0.42811227
2017-12-11,PLAYAS,Antioquia,116.46,372132000.0,311420000.0,119.4952154646458,21.017487,-0.2817192,-0.5802727,1013.45953,21.38382,-0.86,0.29683113,0.04583597,0.011920929,0.455146,0.64504427
2017-12-12,PLAYAS,Antioquia,113.09,381813000.0,311420000.0,122.6038790058442,20.210907,0.29240417,-0.32736206,1014.59924,21.466766,-0.86,0.41890144,0.06330013,0.027120113,0.47774923,0.4389375
2017-12-13,PLAYAS,Antioquia,109.44,313039000.0,311420000.0,100.51987669385396,20.50766,-0.41604996,-0.3631935,1014.7703,21.801636,-0.86,0.47540665,0.09691715,0.064730644,0.4901546,0.55227447
2017-12-14,PLAYAS,Antioquia,107.61,227408000.0,311420000.0,73.02292723652944,21.44986,-0.4819641,0.1804161,1013.1716,22.085815,-0.86,0.012993813,0.031650066,0.00029802322,0.47505102,0.5146255
2017-12-15,PLAYAS,Antioquia,109.13,235150000.0,311420000.0,75.50895896217327,21.481049,-0.1970253,0.31137466,1012.7503,22.259003,-0.86,0.0,0.030398369,0.0,0.4607156,0.3684741
2017-12-16,PLAYAS,Antioquia,106.16,251171000.0,311420000.0,80.65345835206473,21.956207,-0.2288208,-0.1590271,1012.1772,22.32904,-0.86,0.008106232,0.029742718,0.00011920929,0.44913536,0.27865496
2017-12-17,PLAYAS,Antioquia,105.02,206580000.0,311420000.0,66.33485325284182,22.852814,-0.56560135,0.10890579,1012.04596,22.37381,-0.86,0.017404556,0.029087067,0.0004172325,0.44132945,0.57599074
2017-12-18,PLAYAS,Antioquia,110.88,216545000.0,311420000.0,69.53471196454947,22.450531,-0.36323547,0.3730049,1012.09283,22.395538,-0.86,0.00011920929,0.027805567,0.0,0.43249926,0.5206464
2017-12-19,PLAYAS,Antioquia,111.49,195971000.0,311420000.0,62.92819985871171,21.91629,-0.33914948,0.05834198,1012.52405,22.44342,-0.86,0.0,0.02682209,0.0,0.4232574,0.34413102
2017-12-20,PLAYAS,Antioquia,109.51,194881000.0,311420000.0,62.57819022541905,21.942413,-0.47602844,-0.19649124,1011.46716,22.450775,-0.86,0.0,0.02604723,0.0,0.41389456,0.5149873
2017-12-21,PLAYAS,Antioquia,110.47,208265000.0,311420000.0,66.87592319054653,21.674164,-0.32863235,-0.31069183,1011.6103,22.270416,-0.86,0.0,0.02503395,0.0,0.40531817,0.45224842
2017-12-22,PLAYAS,Antioquia,106.93,191182000.0,311420000.0,61.3904052405112,22.149628,-0.18987656,-0.2050705,1011.7576,21.944855,-0.86,0.009059906,0.024497509,0.00017881393,0.39772654,0.2794763
2017-12-23,PLAYAS,Antioquia,102.55,188497000.0,311420000.0,60.52822554749213,22.974518,-0.10840607,-0.20273209,1011.7541,21.936157,-0.86,0.016570091,0.023841858,5.9604645e-05,0.39205548,0.22989601
2017-12-24,PLAYAS,Antioquia,97.97,208136000.0,311420000.0,66.83450003211098,22.45993,0.048374176,-0.4240303,1011.7383,22.000275,-0.86,0.04553795,0.023305416,0.0004172325,0.3890527,0.4267807
2017-12-25,PLAYAS,Antioquia,108.35,204841000.0,311420000.0,65.77644338835013,21.0336,0.2232399,-0.32105255,1012.6086,22.143036,-0.86,0.07867813,0.026345253,0.0041127205,0.39837125,0.3910381
2017-12-26,PLAYAS,Antioquia,102.96,212354000.0,311420000.0,68.18894098002697,21.294647,-0.15043259,-0.563015,1013.2925,22.233582,-0.86,0.17261505,0.024914742,0.0030994415,0.4183948,0.5827657
2017-12-27,PLAYAS,Antioquia,110.22,250034000.0,311420000.0,80.2883565602723,21.210785,0.14829254,-0.15980148,1012.9342,22.335785,-0.86,0.0705719,0.022411346,0.0013113022,0.41156077,0.21800733
2017-12-28,PLAYAS,Antioquia,103.31,244763000.0,311420000.0,78.59578704001028,22.092438,0.14393616,-0.0019226074,1012.6301,22.442566,-0.86,0.023841858,0.021576881,0.0010728836,0.41190192,0.14394899
2017-12-29,PLAYAS,Antioquia,105.01,362180000.0,311420000.0,116.29953117975724,21.61325,0.2844391,-0.18634033,1013.5795,22.502808,-0.86,0.04005432,0.022888184,0.002771616,0.41636938,0.34004164
2017-12-30,PLAYAS,Antioquia,110.49,267074000.0,311420000.0,85.7600667908291,20.479767,0.065963745,-0.23513794,1014.15186,22.687012,-0.86,0.16844273,0.030100346,0.0104904175,0.44096613,0.2442152
2017-12-31,PLAYAS,Antioquia,107.06,257143000.0,311420000.0,82.57112581080214,20.241608,-0.07227707,-0.509964,1014.512,22.700226,-0.86,0.15711784,0.028908253,0.009715557,0.46271473,0.5150604
2018-01-01,PLAYAS,Antioquia,106.68,230066000.0,230950000.0,99.61723316735224,20.37918,-0.15412903,-0.035331726,1014.28766,22.6922,-0.77,0.07355213,0.021457672,0.0027418137,0.450537,0.15812682
2018-01-02,PLAYAS,Antioquia,108.37,319529000.0,230950000.0,138.35418921844555,19.998627,-0.037670135,-0.16867447,1013.5861,22.712128,-0.77,0.274539,0.036478043,0.018030405,0.45636058,0.17282973
2018-01-03,PLAYAS,Antioquia,108.35,328869000.0,230950000.0,142.3983546222126,21.75058,0.44068146,-0.0065841675,1012.58813,22.50705,-0.77,0.16629696,0.10603666,0.018656254,0.47686416,0.44073063
2018-01-04,PLAYAS,Antioquia,113.33,359037000.0,230950000.0,155.46092227754926,21.357574,-0.034915924,-0.013061523,1014.1267,22.738739,-0.77,0.1206398,0.024020672,0.0063180923,0.46134686,0.037279017
2018-01-05,PLAYAS,Antioquia,107.5,393879000.0,230950000.0,170.54730461138774,21.16214,0.25066757,-0.19956589,1015.3564,22.729004,-0.77,0.030636787,0.018715858,0.0014305115,0.46097484,0.3204072
2018-01-06,PLAYAS,Antioquia,105.67,252439000.0,230950000.0,109.30461138774628,20.713287,-0.12527084,-0.41186905,1014.52563,22.65915,-0.77,0.07927418,0.020742416,0.0038146973,0.4556811,0.43049842
2018-01-07,PLAYAS,Antioquia,110.5,225192000.0,230950000.0,97.5068196579346,20.595428,-0.32905197,-0.47275925,1013.2933,22.551788,-0.77,0.03027916,0.017642975,0.0008940697,0.44168684,0.57600045
2018-01-08,PLAYAS,Antioquia,106.34,215295000.0,230950000.0,93.22147651006712,21.656097,-0.064453125,-0.18291473,1012.6948,22.47174,-0.77,0.044465065,0.019431114,0.0030398369,0.42943314,0.19393815
2018-01-09,PLAYAS,Antioquia,106.93,353078000.0,230950000.0,152.8807101104135,19.947296,0.20578003,-0.4462204,1013.387,22.431274,-0.77,0.8894205,0.18787384,0.17154217,0.4579848,0.49138382
2018-01-10,PLAYAS,Antioquia,107.84,354853000.0,230950000.0,153.64927473479108,20.627472,0.018510818,-0.3460617,1013.28375,22.373901,-0.77,0.12123585,0.030338764,0.014305115,0.48883748,0.34655643
2018-01-11,PLAYAS,Antioquia,111.36,351539000.0,230950000.0,152.21433210651657,20.989777,-0.25475788,-0.07088089,1013.715,22.34024,-0.77,0.19931793,0.032782555,0.017106533,0.48459044,0.26443464
2018-01-12,PLAYAS,Antioquia,103.25,290000000.0,230950000.0,125.56830482788482,20.275604,-0.2796669,0.093315125,1013.48315,22.576202,-0.77,0.14781952,0.019729137,0.004172325,0.48100427,0.29482415
2018-01-13,PLAYAS,Antioquia,109.69,255059000.0,230950000.0,110.43905607274304,20.946503,0.12559891,-0.25392914,1013.5694,22.741547,-0.77,0.054359436,0.018239021,0.0028014183,0.48175663,0.2832933
2018-01-14,PLAYAS,Antioquia,108.45,232438000.0,230950000.0,100.64429530201342,20.630524,-0.7237396,-0.2681389,1013.41437,22.936066,-0.77,0.18894672,0.085413456,0.021994114,0.4860156,0.7718144
2018-01-15,PLAYAS,Antioquia,104.92,225618000.0,230950000.0,97.69127516778524,20.465973,0.29050446,-0.3713646,1012.7452,23.222229,-0.77,0.024199486,0.016450882,0.0009536743,0.4873085,0.47149178
2018-01-16,PLAYAS,Antioquia,112.18999999999998,212952000.0,230950000.0,92.20697120588872,20.446136,-0.043483734,-0.055389404,1013.3764,23.452698,-0.77,0.15592575,0.023841858,0.0072717667,0.48153478,0.0704189
2018-01-17,PLAYAS,Antioquia,109.24,348342000.0,230950000.0,150.83004979432778,19.856354,0.013866425,-0.42388916,1014.22766,23.593262,-0.77,0.14793873,0.027477741,0.009894371,0.48301235,0.4241159
2018-01-18,PLAYAS,Antioquia,107.21,360921000.0,230950000.0,156.27668326477593,19.90213,-0.08075333,0.042793274,1013.8056,23.812683,-0.77,0.15878677,0.025808811,0.0073313713,0.48089108,0.091391265
2018-01-19,PLAYAS,Antioquia,108.07,434738000.0,230950000.0,188.23901277332757,21.140472,-0.15840912,0.052879333,1013.5186,23.973297,-0.77,0.02837181,0.02193451,0.0016093254,0.4692308,0.167002
2018-01-20,PLAYAS,Antioquia,107.01,313811000.0,230950000.0,135.87832864256333,21.755219,-0.43048477,0.31277084,1012.08673,23.98288,-0.77,0.004529953,0.0218153,5.9604645e-05,0.45986083,0.5321116
2018-01-21,PLAYAS,Antioquia,105.83,249126000.0,230950000.0,107.87010175362632,21.791351,-0.053710938,0.46969223,1011.2466,24.051208,-0.77,0.0,0.022470951,0.0,0.4425666,0.4727533
2018-01-22,PLAYAS,Antioquia,110.89,213514000.0,230950000.0,92.45031392076208,21.288849,0.12863159,0.23657227,1010.4,24.000275,-0.77,0.0,0.022768974,0.0,0.43099618,0.2692815
2018-01-23,PLAYAS,Antioquia,100.24,260232000.0,230950000.0,112.67893483437976,22.056915,-0.032543182,0.28565598,1010.7761,23.86148,-0.77,0.002861023,0.02270937,5.9604645e-05,0.4267629,0.28750372
2018-01-24,PLAYAS,Antioquia,102.84,214957000.0,230950000.0,93.07512448581944,22.11142,-0.26660538,0.35650635,1011.0703,23.909882,-0.77,0.023126602,0.02259016,0.00023841858,0.41833884,0.44516873
2018-01-25,PLAYAS,Antioquia,99.0,196359000.0,230950000.0,85.02229919896081,21.582977,-0.3629837,0.13574219,1011.0742,23.974945,-0.77,0.0,0.021874905,0.0,0.40743965,0.38753465
2018-01-26,PLAYAS,Antioquia,101.87,199218000.0,230950000.0,86.26022948690193,21.10904,0.24970245,-0.0942955,1011.3747,24.120575,-0.77,0.032424927,0.022351742,0.001013279,0.4003309,0.26691377
2018-01-27,PLAYAS,Antioquia,104.63,222520000.0,230950000.0,96.34985927689976,21.781586,0.0022735596,-0.17877197,1010.0522,24.16626,-0.77,0.007390976,0.021159649,8.940697e-05,0.3951293,0.17878643
2018-01-28,PLAYAS,Antioquia,98.82,236049000.0,230950000.0,102.20783719419788,22.190094,0.0007019043,0.036579132,1009.28546,24.216766,-0.77,0.017404556,0.021517277,0.000834465,0.39224258,0.036585867
2018-01-29,PLAYAS,Antioquia,107.88,190609000.0,230950000.0,82.53258281013206,22.205963,-0.26896667,-0.025596619,1008.40356,24.197113,-0.77,0.053286552,0.022172928,0.0019073486,0.3914834,0.2701819
2018-01-30,PLAYAS,Antioquia,104.31,255340000.0,230950000.0,110.56072743017968,21.890045,-0.06725311,-0.09383392,1008.95825,24.192902,-0.77,0.036001205,0.021457672,0.0017285347,0.39222553,0.11544603
2018-01-31,PLAYAS,Antioquia,106.87,210144000.0,230950000.0,90.99112361983111,22.039703,-0.06616211,-0.07228851,1009.92126,24.253662,-0.77,0.057458878,0.020623207,0.0013113022,0.3927062,0.09799517
2018-02-01,PLAYAS,Antioquia,110.52,188474000.0,208910000.0,90.21779713752332,21.947296,0.06280899,-0.24027634,1010.7936,24.340668,-0.71,0.036478043,0.02104044,0.0019073486,0.38622612,0.24834993
2018-02-02,PLAYAS,Antioquia,107.35,207831000.0,208910000.0,99.4835096453018,21.669281,0.14957047,-0.5075226,1011.52954,24.356995,-0.71,0.37527084,0.025749207,0.0072717667,0.39672887,0.52910346
2018-02-03,PLAYAS,Antioquia,103.25,276802000.0,208910000.0,132.4982049686468,21.071503,0.17771912,-0.29689407,1012.20294,24.444427,-0.71,0.06759167,0.021338463,0.0030994415,0.4161086,0.3460205
2018-02-04,PLAYAS,Antioquia,98.13,176602000.0,208910000.0,84.53496721076061,22.428925,-0.32196426,-0.39050674,1012.0203,24.690186,-0.71,0.046253204,0.019788742,0.0017881393,0.412408,0.5061191
2018-02-05,PLAYAS,Antioquia,101.58,181097000.0,208910000.0,86.68661145948016,22.361115,-0.24559021,-0.49282837,1012.1094,24.87204,-0.71,0.015974045,0.018715858,0.0010728836,0.4072458,0.55063087
2018-02-06,PLAYAS,Antioquia,108.8,206361000.0,208910000.0,98.7798573548418,22.98825,-0.62088776,-0.61248016,1012.3677,25.014679,-0.71,0.007033348,0.01746416,0.00029802322,0.39936963,0.8721431
2018-02-07,PLAYAS,Antioquia,104.17,161603000.0,208910000.0,77.35532047293093,22.84726,-0.77737045,-0.21796799,1012.02435,25.218231,-0.71,0.00047683716,0.01680851,0.0,0.38896537,0.8073505
2018-02-08,PLAYAS,Antioquia,107.86,169171000.0,208910000.0,80.97793308123116,23.33957,-0.5986557,-0.27693176,1011.98315,25.378418,-0.71,0.0059604645,0.01680851,0.0004172325,0.37876335,0.65960586
2018-02-09,PLAYAS,Antioquia,107.82,142374000.0,208910000.0,68.1508783686755,22.580414,-0.17800522,-0.23180771,1011.0017,25.574036,-0.71,0.0009536743,0.01603365,5.9604645e-05,0.3691319,0.29226816
2018-02-10,PLAYAS,Antioquia,106.28,186860000.0,208910000.0,89.4452156430999,22.789581,0.01871872,-0.23250961,1011.0725,25.715302,-0.71,0.017881393,0.016629696,0.0011920929,0.36059594,0.23326188
2018-02-11,PLAYAS,Antioquia,109.45,202688000.0,208910000.0,97.02168397874684,22.327911,0.1909523,-0.114414215,1012.28436,25.870697,-0.71,0.118136406,0.020503998,0.005364418,0.36005634,0.22260591
2018-02-12,PLAYAS,Antioquia,110.06,230129000.0,208910000.0,110.15700540902782,21.887238,-0.19325638,-0.23317719,1013.03656,25.799286,-0.71,0.10240078,0.017285347,0.0026226044,0.37531388,0.30285248
2018-02-13,PLAYAS,Antioquia,111.78,212935000.0,208910000.0,101.92666698578334,20.71103,0.354496,-0.60272217,1013.22876,25.845184,-0.71,0.19466877,0.032663345,0.01847744,0.3893661,0.6992435
2018-02-14,PLAYAS,Antioquia,105.28,158342000.0,208910000.0,75.79436120817576,21.78714,-0.18979263,-0.52009964,1013.22284,25.647064,-0.71,0.024199486,0.014603138,0.0004172325,0.40670955,0.55364686
2018-02-15,PLAYAS,Antioquia,110.3,164098000.0,208910000.0,78.54961466660284,22.408417,-0.1949768,-0.016017914,1013.02966,25.97528,-0.71,0.0075101852,0.014424324,0.0006556511,0.39333144,0.19563365
2018-02-16,PLAYAS,Antioquia,111.34,201641000.0,208910000.0,96.5205112249294,22.575409,-0.047985077,0.030796051,1012.8158,26.003021,-0.71,0.010848045,0.013589859,0.00023841858,0.38168925,0.05701723
2018-02-17,PLAYAS,Antioquia,111.54,194101000.0,208910000.0,92.91130151739983,22.479034,0.14105606,-0.254776,1012.9877,25.858734,-0.71,0.07402897,0.017046928,0.0042021275,0.37979433,0.29121748
2018-02-18,PLAYAS,Antioquia,108.68,179045000.0,208910000.0,85.70437030300128,21.820831,0.35889435,-0.5812721,1012.6362,26.203186,-0.71,0.19836426,0.016897917,0.0042915344,0.40945297,0.6831416
2018-02-19,PLAYAS,Antioquia,108.65,187808000.0,208910000.0,89.89899956919247,22.294037,0.003627777,-0.53528595,1011.53955,26.147919,-0.71,0.00011920929,0.0123381615,0.0,0.39489824,0.5352983
2018-02-20,PLAYAS,Antioquia,105.4,186655000.0,208910000.0,89.34708726245752,23.409393,-0.58195496,-0.9770546,1012.16736,26.2641,-0.71,0.0035762787,0.012278557,0.00023841858,0.37884006,1.1372367
2018-02-21,PLAYAS,Antioquia,107.7,158475000.0,208910000.0,75.85802498683644,21.79544,-0.12304306,-0.5574112,1013.0436,26.326935,-0.71,0.0,0.011503696,0.0,0.366211,0.57083
2018-02-22,PLAYAS,Antioquia,103.27,159812000.0,208910000.0,76.49801349863577,22.38498,0.009792328,-0.42991257,1013.78625,26.4628,-0.71,0.024080276,0.01168251,0.0005364418,0.35848117,0.43002406
2018-02-23,PLAYAS,Antioquia,106.89,202749000.0,208910000.0,97.05088315542578,21.759247,0.33755493,-0.83559036,1013.9628,26.687836,-0.71,0.0015497208,0.01090765,0.0,0.3562936,0.9011962
2018-02-24,PLAYAS,Antioquia,109.77,212928000.0,208910000.0,101.92331626059068,21.39804,0.4998932,-0.4215927,1013.70264,26.741882,-0.71,0.007987022,0.011086464,0.00047683716,0.35127166,0.653937
2018-02-25,PLAYAS,Antioquia,109.1,196812000.0,208910000.0,94.20898951701687,20.486542,0.7527809,-0.2594185,1014.95764,26.890472,-0.71,0.102996826,0.013709068,0.0035762787,0.35444224,0.79622674
2018-02-26,PLAYAS,Antioquia,110.81,221907000.0,208910000.0,106.221339332727,21.68161,0.44125748,-0.30277634,1015.03375,26.839508,-0.71,0.071287155,0.012040138,0.0017881393,0.36059347,0.5351464
2018-02-27,PLAYAS,Antioquia,107.13,186077000.0,208910000.0,89.07041309654875,21.538849,0.3725586,-0.34790802,1014.09375,26.790771,-0.71,0.056028366,0.012874603,0.0029802322,0.35592842,0.50974494
2018-02-28,PLAYAS,Antioquia,110.96999999999998,151062000.0,208910000.0,72.3096070078024,21.519073,0.26322174,-0.3199196,1013.3769,26.761353,-0.71,0.042319298,0.01168251,0.0020861626,0.36028162,0.41428763
2018-03-01,PLAYAS,Antioquia,111.8,169418000.0,225140000.0,75.25006662521098,22.359222,-0.036865234,-0.5496025,1013.1277,26.655975,-0.57,0.011920929,0.009417534,0.00017881393,0.35665917,0.5508375
2018-03-02,PLAYAS,Antioquia,110.73,155507000.0,225140000.0,69.0712445589411,23.082489,-0.14870834,-0.44091797,1013.1383,26.475891,-0.57,0.013947487,0.009834766,0.0006556511,0.3508216,0.46532014
2018-03-03,PLAYAS,Antioquia,112.29,149447000.0,225140000.0,66.37958603535577,22.380096,0.13764954,0.017993927,1012.3592,26.195282,-0.57,0.0022649765,0.009000301,0.00011920929,0.34624958,0.13882066
2018-03-04,PLAYAS,Antioquia,112.84,192139000.0,225140000.0,85.34200941636315,22.174225,0.27122498,-0.021064758,1012.4319,25.907349,-0.57,0.10347366,0.011205673,0.0023245811,0.36434144,0.27204174
2018-03-05,PLAYAS,Antioquia,104.98,201692000.0,225140000.0,89.58514701963223,21.150848,-0.25239944,-0.021957397,1012.46704,25.817108,-0.57,0.16593933,0.015377998,0.0067949295,0.3967453,0.25335273
2018-03-06,PLAYAS,Antioquia,104.25,212122000.0,225140000.0,94.21782002309676,21.761078,-0.42209625,0.28359222,1012.97235,25.786224,-0.57,0.063061714,0.009536743,0.0011920929,0.39843267,0.50851727
2018-03-07,PLAYAS,Antioquia,105.2,172318000.0,225140000.0,76.53815403748779,23.502045,-0.30143356,0.49137878,1012.03296,25.661163,-0.57,0.0,0.008106232,0.0,0.3849015,0.57646793
2018-03-08,PLAYAS,Antioquia,107.11,195195000.0,225140000.0,86.69938704805898,23.652374,-0.13561249,0.5038643,1011.66296,25.644379,-0.57,0.019788742,0.008285046,0.00011920929,0.37363857,0.5217949
2018-03-09,PLAYAS,Antioquia,106.28,181939000.0,225140000.0,80.81149506973439,23.977325,-0.4245758,0.6921997,1011.8667,25.509125,-0.57,0.02527237,0.007987022,0.00023841858,0.36779484,0.8120376
2018-03-10,PLAYAS,Antioquia,104.29,155243000.0,225140000.0,68.95398418761658,24.301361,-0.02332306,1.0133438,1010.70953,25.225311,-0.57,0.022053719,0.008046627,0.0004172325,0.361025,1.0136122
2018-03-11,PLAYAS,Antioquia,109.55,118378000.0,225140000.0,52.57972816913921,23.980316,0.35684586,0.63479614,1010.10516,24.770508,-0.57,0.0,0.0073313713,0.0,0.3532325,0.7282205
2018-03-12,PLAYAS,Antioquia,110.3,124134000.0,225140000.0,55.13635959847206,24.08847,0.15269089,0.302948,1010.2325,24.559235,-0.57,0.00333786,0.007212162,5.9604645e-05,0.34544557,0.3392521
2018-03-13,PLAYAS,Antioquia,105.51,190776000.0,225140000.0,84.73660833259305,22.82431,-0.026397705,-0.23592377,1012.22345,24.426544,-0.57,0.079631805,0.009417534,0.0023841858,0.3658255,0.237396
2018-03-14,PLAYAS,Antioquia,104.55,195729000.0,225140000.0,86.9365727991472,22.864532,0.00982666,0.011753082,1012.4844,24.37149,-0.57,0.059604645,0.007688999,0.0006556511,0.36776707,0.015319862
2018-03-15,PLAYAS,Antioquia,104.69,183886000.0,225140000.0,81.67629030825265,21.706573,0.40480042,-0.1503067,1013.0625,24.311188,-0.57,0.08940697,0.009655952,0.0027418137,0.36531734,0.43180493
2018-03-16,PLAYAS,Antioquia,104.63,173205000.0,225140000.0,76.9321311184152,22.410126,0.2641487,0.012561798,1012.33905,24.339996,-0.57,0.1707077,0.0094771385,0.0028014183,0.38433376,0.26444724
2018-03-17,PLAYAS,Antioquia,104.82,155567000.0,225140000.0,69.09789464333303,22.534454,-0.017429352,-0.23153305,1012.052,24.155487,-0.57,0.19299984,0.0113248825,0.0047683716,0.3786056,0.23218815
2018-03-18,PLAYAS,Antioquia,111.17,200532000.0,225140000.0,89.06991205472151,21.848358,0.06352997,-0.3335533,1011.4358,23.963837,-0.57,0.4748106,0.019490719,0.013053417,0.4114953,0.3395495
2018-03-19,PLAYAS,Antioquia,109.28,184611000.0,225140000.0,81.99831216132183,21.366302,-0.06822586,-0.35475922,1009.8133,23.88382,-0.57,0.05364418,0.0075101852,0.0012516975,0.43497366,0.36126012
2018-03-20,PLAYAS,Antioquia,105.75,221061000.0,225140000.0,98.18823842942167,21.824188,-0.07082367,-0.12105942,1010.3894,23.585419,-0.57,0.12373924,0.008583069,0.002413988,0.44098082,0.14025468
2018-03-21,PLAYAS,Antioquia,104.84,234957000.0,225140000.0,104.36039797459358,21.671417,0.2741089,0.43998718,1011.9934,23.36139,-0.57,0.14317036,0.009357929,0.0031590462,0.45416385,0.5183863
2018-03-22,PLAYAS,Antioquia,108.17000000000002,195001000.0,225140000.0,86.6132184418584,21.738678,0.40958023,0.029670715,1012.7314,23.384918,-0.57,0.5480051,0.090539455,0.033169985,0.4405313,0.4106535
2018-03-23,PLAYAS,Antioquia,105.75,211403000.0,225140000.0,93.89846317846671,21.225494,0.48991394,-0.10949707,1013.35065,23.39502,-0.57,0.3736019,0.102221966,0.096440315,0.4438821,0.5020013
2018-03-24,PLAYAS,Antioquia,99.92,274190000.0,225140000.0,121.78644399040596,21.52353,0.34715652,-0.18364334,1012.90405,23.638153,-0.57,0.18024445,0.0094771385,0.0037550926,0.4426999,0.39273724
2018-03-25,PLAYAS,Antioquia,111.44,390335000.0,225140000.0,173.374344852092,22.29837,0.41340637,-0.21730042,1012.09515,23.685211,-0.57,0.13411045,0.009298325,0.003695488,0.4338286,0.4670378
2018-03-26,PLAYAS,Antioquia,101.95,244793000.0,225140000.0,108.72923514257796,22.061249,0.42814636,0.06699371,1011.9264,23.838837,-0.57,0.26106834,0.014185905,0.008583069,0.42163596,0.43335605
2018-03-27,PLAYAS,Antioquia,97.18,227790000.0,225140000.0,101.17704539397708,22.513031,0.16716385,-0.21080017,1011.60345,24.00824,-0.57,0.30183792,0.025808811,0.020205975,0.44222778,0.26903617
2018-03-28,PLAYAS,Antioquia,106.48,220601000.0,225140000.0,97.9839211157502,22.151093,0.10942459,-0.03900528,1010.8311,24.011444,-0.57,0.17130375,0.016152859,0.0104904175,0.43295527,0.11616864
2018-03-29,PLAYAS,Antioquia,105.4,232421000.0,225140000.0,103.23398774096115,21.681366,0.5309715,-0.1260376,1011.8597,24.025024,-0.57,0.10883808,0.01746416,0.011742115,0.4367946,0.5457254
2018-03-30,PLAYAS,Antioquia,110.12,193013000.0,225140000.0,85.73021231233899,21.468658,-0.040721893,-0.22841644,1012.5728,23.967285,-0.57,0.074863434,0.0094771385,0.003963709,0.42449892,0.23201798
2018-03-31,PLAYAS,Antioquia,108.17000000000002,414803000.0,225140000.0,184.24224926712267,20.568207,-0.10972214,-0.21922302,1012.5759,23.998016,-0.57,0.3874302,0.026464462,0.020861626,0.43531337,0.24514829
2018-04-01,PLAYAS,Antioquia,109.26,484497000.0,310460000.0,156.05778522192875,19.54477,-0.069934845,0.06375122,1013.322,23.802185,-0.39,1.3933182,0.16129017,0.15568733,0.49268556,0.094631396
2018-04-02,PLAYAS,Antioquia,97.81,399919000.0,310460000.0,128.81498421696838,20.288055,-0.034488678,-0.19451523,1012.4136,23.909393,-0.39,0.44751167,0.0693202,0.06318092,0.47112092,0.19754909
2018-04-03,PLAYAS,Antioquia,87.24,382838000.0,310460000.0,123.31314823165624,20.50772,-0.48837662,-0.1509018,1012.6072,23.813904,-0.39,0.11515617,0.015854836,0.008702278,0.47798723,0.5111586
2018-04-04,PLAYAS,Antioquia,81.37,327659000.0,310460000.0,105.53984410229982,20.76706,-0.035629272,-0.5127373,1013.32513,23.760193,-0.39,0.41007996,0.04976988,0.040978193,0.46251458,0.5139737
2018-04-05,PLAYAS,Antioquia,74.16,347792000.0,310460000.0,112.02473748631064,20.78061,0.06607437,-0.38864136,1013.3055,23.672882,-0.39,0.21636486,0.021278858,0.009506941,0.4591773,0.39421812
2018-04-06,PLAYAS,Antioquia,67.66,370481000.0,310460000.0,119.33292533659731,20.017792,0.05488205,-0.069755554,1014.76764,23.592834,-0.39,0.8083582,0.099658966,0.06330013,0.48225096,0.0887574
2018-04-07,PLAYAS,Antioquia,58.55,263957000.0,310460000.0,85.0212587772982,20.605133,0.14007568,-0.29814148,1014.6389,23.436462,-0.39,1.1293888,0.27245283,0.2528429,0.49187273,0.32940787
2018-04-08,PLAYAS,Antioquia,51.25999999999999,275329000.0,310460000.0,88.68421052631578,21.415924,0.8451576,-0.26246643,1013.5031,23.294495,-0.39,0.03874302,0.028192997,0.0025629997,0.4774589,0.8849746
2018-04-09,PLAYAS,Antioquia,65.4,261621000.0,310460000.0,84.26882690201636,21.902496,-0.20486069,-0.28612518,1012.57263,23.261414,-0.39,0.064730644,0.030100346,0.0019669533,0.4739053,0.35190272
2018-04-10,PLAYAS,Antioquia,68.94,314953000.0,310460000.0,101.44720736970947,21.451508,-0.11038208,-0.08339691,1014.2578,23.292938,-0.39,0.2965927,0.061929226,0.031232834,0.49229047,0.13834468
2018-04-11,PLAYAS,Antioquia,61.92999999999999,335829000.0,310460000.0,108.17142304966822,21.226898,-0.19780731,-0.25156784,1014.8106,23.107056,-0.39,0.46622753,0.1373887,0.100553036,0.5003883,0.32002205
2018-04-12,PLAYAS,Antioquia,53.37,390472000.0,310460000.0,125.77208013914836,20.215729,-0.45233154,-0.2416687,1014.8141,22.779205,-0.39,0.4310608,0.17875433,0.13542175,0.4909627,0.51284266
2018-04-13,PLAYAS,Antioquia,43.28,400426000.0,310460000.0,128.97829027894093,21.15512,0.12932968,-0.20788956,1013.8792,22.616364,-0.39,0.2516508,0.057935715,0.011086464,0.48378152,0.24483512
2018-04-14,PLAYAS,Antioquia,54.21,303071000.0,310460000.0,97.61998325066033,20.83487,-0.073783875,0.0076789856,1014.46594,22.38974,-0.39,0.17297268,0.06771088,0.006854534,0.47896114,0.07418239
2018-04-15,PLAYAS,Antioquia,42.36,251533000.0,310460000.0,81.01945500225472,21.62857,0.063632965,0.16164398,1014.1325,22.265625,-0.39,0.0021457672,0.077068806,0.0,0.46508747,0.17371796
2018-04-16,PLAYAS,Antioquia,68.28999999999999,271678000.0,310460000.0,87.50821361850157,22.012726,0.1697731,0.16358948,1014.8911,22.23642,-0.39,0.04374981,0.08237362,0.0059604645,0.45664576,0.23576349
2018-04-17,PLAYAS,Antioquia,68.04,231635000.0,310460000.0,74.61025574953295,21.12918,0.65799713,-0.21539688,1014.0641,22.161072,-0.39,0.06484985,0.077188015,0.0031590462,0.4553141,0.6923554
2018-04-18,PLAYAS,Antioquia,70.64,202508000.0,310460000.0,65.22837080461251,22.118256,-0.0063667297,-0.009437561,1013.59686,22.02591,-0.39,0.028729439,0.072181225,0.00071525574,0.45806697,0.011384323
2018-04-19,PLAYAS,Antioquia,74.44,362354000.0,310460000.0,116.71519680474135,22.898224,0.12704468,1.0302391,1013.4886,21.877625,-0.39,0.28789043,0.09936094,0.031024218,0.4547464,1.0380429
2018-04-20,PLAYAS,Antioquia,65.3,195752000.0,310460000.0,63.052245055723766,22.145294,0.037334442,0.4111519,1013.47955,21.845886,-0.39,0.0,0.06514788,0.0,0.4378243,0.41284347
2018-04-21,PLAYAS,Antioquia,63.71,164230000.0,310460000.0,52.89892417702764,22.79477,-0.002357483,0.25772977,1012.3147,21.970459,-0.39,0.018119812,0.06353855,0.0014305115,0.42941687,0.25774056
2018-04-22,PLAYAS,Antioquia,63.35,276806000.0,310460000.0,89.15995619403466,22.171173,-0.19867325,0.085041046,1012.5059,22.194366,-0.39,0.0,0.058710575,0.0,0.4185717,0.21610886
2018-04-23,PLAYAS,Antioquia,68.51,367846000.0,310460000.0,118.48418475810088,22.73288,0.15880966,0.053806305,1012.52625,22.378754,-0.39,0.039815903,0.05608797,0.00059604645,0.4101156,0.16767715
2018-04-24,PLAYAS,Antioquia,81.35,310024000.0,310460000.0,99.85956322875734,22.824005,-0.53938675,0.32134247,1013.5675,22.450378,-0.39,0.52690506,0.120818615,0.06848574,0.42564952,0.62785274
2018-04-25,PLAYAS,Antioquia,97.7,506764000.0,310460000.0,163.23004573858145,22.432587,0.12257385,-0.20132446,1013.4356,22.527649,-0.39,0.22447109,0.10430813,0.017046928,0.4244705,0.23570296
2018-04-26,PLAYAS,Antioquia,99.94,339925000.0,310460000.0,109.49075565290214,21.994354,0.30773926,0.26785278,1013.14294,22.717468,-0.39,0.23794174,0.074744225,0.026881695,0.42950755,0.40798107
2018-04-27,PLAYAS,Antioquia,101.73,1268134000.0,310460000.0,408.4693680345295,21.254364,-0.5824013,-0.2219696,1013.90295,22.82248,-0.39,0.2654791,0.06479025,0.017642975,0.4666828,0.623267
2018-04-28,PLAYAS,Antioquia,99.84,572988000.0,310460000.0,184.56097403852348,21.936066,-0.22500992,-0.07464981,1014.2491,22.834229,-0.39,0.18417835,0.055849552,0.009000301,0.45551652,0.23706973
2018-04-29,PLAYAS,Antioquia,89.29,618956000.0,310460000.0,199.36739032403528,19.800262,-0.27957916,0.39659882,1015.4419,23.02304,-0.39,0.21374226,0.06645918,0.018060207,0.46747434,0.48523718
2018-04-30,PLAYAS,Antioquia,88.07000000000001,374915000.0,310460000.0,120.76112864781292,21.759247,-0.3349533,-0.13555145,1013.96826,23.15332,-0.39,0.0038146973,0.051259995,0.0004172325,0.4518933,0.3613418
2018-05-01,PLAYAS,Antioquia,88.07000000000001,278363000.0,302050000.0,92.15792087402748,21.931854,-0.3281517,0.32209396,1014.1783,23.311066,-0.13,0.14734268,0.058948994,0.008165836,0.44820642,0.45981306
2018-05-02,PLAYAS,Antioquia,92.83,350138000.0,302050000.0,115.92054295646416,22.63382,-0.07518387,0.42549896,1013.7408,23.24881,-0.13,0.01859665,0.050127506,0.00035762787,0.43981725,0.43209025
2018-05-03,PLAYAS,Antioquia,96.36,333189000.0,400300000.0,83.23482388208843,22.190338,0.31555557,0.22085571,1012.5469,23.098877,-0.13,0.0039339066,0.04887581,0.00029802322,0.42526385,0.38516563
2018-05-04,PLAYAS,Antioquia,94.29,423682000.0,400300000.0,105.84111916062952,20.5253,0.0847435,0.13033295,1013.3708,23.06482,-0.13,1.1392832,0.33193827,0.16993284,0.45424816,0.15546104
2018-05-05,PLAYAS,Antioquia,93.11,393158000.0,400300000.0,98.21583812140894,20.641571,-0.056617737,-0.072582245,1013.22314,23.184326,-0.13,0.15187263,0.06902218,0.011056662,0.4560845,0.092052974
2018-05-06,PLAYAS,Antioquia,82.47,316489000.0,400300000.0,79.06295278541094,21.301422,0.34796906,-0.11741638,1014.71234,23.135864,-0.13,0.3888607,0.09983778,0.039756298,0.45708424,0.36724526
2018-05-07,PLAYAS,Antioquia,76.13,592492000.0,400300000.0,148.01199100674495,20.811188,0.4626274,-0.16810226,1016.1847,23.27185,-0.13,0.32925606,0.21928549,0.08451939,0.45833725,0.492222
2018-05-08,PLAYAS,Antioquia,78.10000000000001,850231000.0,400300000.0,212.3984511616288,21.169708,-0.2890358,-0.06437302,1015.5603,23.457703,-0.13,1.5770197,0.32657385,0.25469065,0.476551,0.2961175
2018-05-09,PLAYAS,Antioquia,81.96,953772000.0,400300000.0,238.26430177366973,21.16513,0.16469193,0.36127472,1015.258,23.257446,-0.13,0.46610832,0.13715029,0.06556511,0.49223977,0.39704263
2018-05-10,PLAYAS,Antioquia,79.62,765361000.0,400300000.0,191.19685236072945,21.09665,-0.23382568,-0.21094131,1014.7922,23.315216,-0.13,0.2965927,0.10448694,0.03582239,0.49393967,0.31491378
2018-05-11,PLAYAS,Antioquia,68.33,585713000.0,400300000.0,146.3185111166625,21.679535,-0.37950897,-0.12862396,1014.7633,23.279144,-0.13,0.08559227,0.08237362,0.006198883,0.48693094,0.40071332
2018-05-12,PLAYAS,Antioquia,49.92,507400000.0,400300000.0,126.75493379965026,21.348053,0.16708755,-0.1863327,1013.3875,23.268677,-0.13,0.0166893,0.10687113,0.00029802322,0.46859604,0.2502761
2018-05-13,PLAYAS,Antioquia,58.63,682020000.0,400300000.0,170.37721708718462,20.671173,0.09461975,0.2254982,1013.52466,23.480774,-0.13,0.90539455,0.16337633,0.061154366,0.49006024,0.24454516
2018-05-14,PLAYAS,Antioquia,83.99,859298000.0,400300000.0,214.6635023732201,20.225433,-0.1797142,-0.19000244,1014.46826,23.579468,-0.13,2.3787022,1.9741058,0.666976,0.50087065,0.26153034
2018-05-15,PLAYAS,Antioquia,95.31,846125000.0,400300000.0,211.37272045965528,20.2081,0.009571075,0.07468414,1014.9353,23.574615,-0.13,0.410676,0.2245307,0.062942505,0.5039426,0.07529493
2018-05-16,PLAYAS,Antioquia,83.6,547869000.0,400300000.0,136.86460154883838,22.20224,-0.030586243,-0.1396141,1011.69763,23.47116,-0.13,0.004529953,0.12776256,0.0005662441,0.47901055,0.14292522
2018-05-17,PLAYAS,Antioquia,87.72999999999999,841358000.0,400300000.0,210.18186360229828,22.361786,0.2552948,0.062438965,1012.205,23.475525,-0.13,0.19609928,0.11962652,0.012099743,0.47658992,0.26281944
2018-05-18,PLAYAS,Antioquia,87.91,763609000.0,400300000.0,190.7591806145391,21.693268,0.65917206,0.21185684,1012.4553,23.388428,-0.13,0.47683716,0.33324957,0.073730946,0.47450966,0.6923808
2018-05-19,PLAYAS,Antioquia,84.56,800431000.0,400300000.0,199.95778166375217,21.097015,0.24318695,-0.24935532,1013.6725,23.33197,-0.13,0.15926361,0.09727478,0.009179115,0.48584569,0.34830728
2018-05-20,PLAYAS,Antioquia,81.92,1369989000.0,400300000.0,342.2405695728204,21.481537,-0.073589325,-0.035442352,1013.3706,23.43216,-0.13,0.17285347,0.14424324,0.004529953,0.47466564,0.08167955
2018-05-21,PLAYAS,Antioquia,70.97,645942000.0,400300000.0,161.36447664251813,20.78244,-0.06378555,0.2248764,1013.6889,23.432892,-0.13,0.49960613,0.17267466,0.040709972,0.47625613,0.23374772
2018-05-22,PLAYAS,Antioquia,56.48,562544000.0,400300000.0,140.53060204846366,21.592926,-0.09486008,-0.051509857,1013.0681,23.352936,-0.13,0.02014637,0.074863434,0.0012516975,0.47014776,0.107943036
2018-05-23,PLAYAS,Antioquia,72.45,571095000.0,400300000.0,142.66674993754685,21.748749,0.34549713,0.22571945,1013.8872,23.283905,-0.13,0.06365776,0.07134676,0.0017285347,0.46534586,0.41269547
2018-05-24,PLAYAS,Antioquia,74.69,422921000.0,400300000.0,105.65101174119413,22.03836,-0.48736572,0.13311005,1014.33405,23.347687,-0.13,0.018715858,0.06711483,0.0010728836,0.4543698,0.5052164
2018-05-25,PLAYAS,Antioquia,73.55000000000001,450089000.0,400300000.0,112.43792155883088,22.723053,-0.2782364,0.63303375,1012.72766,23.10553,-0.13,0.017046928,0.06252527,0.00023841858,0.4426803,0.6914819
2018-05-26,PLAYAS,Antioquia,70.74000000000001,466283000.0,400300000.0,116.48338745940544,21.912384,-0.1452446,0.25214005,1012.4486,23.159027,-0.13,0.07593632,0.061392784,0.0026226044,0.43438783,0.29098213
2018-05-27,PLAYAS,Antioquia,62.74,822819000.0,400300000.0,205.55058705970524,21.469452,-0.046504974,0.24523163,1013.92017,23.20868,-0.13,0.3824234,0.07748604,0.021755695,0.44980508,0.24960221
2018-05-28,PLAYAS,Antioquia,62.09,755794000.0,400300000.0,188.80689482887837,21.426361,-0.4347,0.45089722,1014.8688,23.15622,-0.13,0.20205975,0.06145239,0.0071823597,0.4438194,0.62631655
2018-05-29,PLAYAS,Antioquia,56.05,423516000.0,400300000.0,105.79965026230327,21.43515,0.122844696,-0.20838547,1013.66425,23.2883,-0.13,0.00047683716,0.052690506,0.0,0.4318067,0.2418994
2018-05-30,PLAYAS,Antioquia,53.31,445572000.0,400300000.0,111.3095178616038,21.85379,-0.23657608,-0.06895065,1013.0112,23.19577,-0.13,0.013113022,0.051617622,0.00074505806,0.42155004,0.24641924
2018-05-31,PLAYAS,Antioquia,50.89,395878000.0,400300000.0,98.89532850362228,22.711334,0.18087387,0.15846252,1011.49,23.067108,-0.13,0.041365623,0.051796436,0.0026226044,0.42293674,0.24046981
2018-06-01,PLAYAS,Antioquia,73.04,742949000.0,365820000.0,203.09141107648568,21.699615,0.12421417,0.4675598,1011.07764,22.953278,0.06,0.14579296,0.052273273,0.004827976,0.42562455,0.48377818
2018-06-02,PLAYAS,Antioquia,85.09,927629000.0,365820000.0,253.57525559018092,22.382355,-0.2788658,0.35521317,1012.03314,22.878693,0.06,0.0,0.045776367,0.0,0.4206449,0.4516
2018-06-03,PLAYAS,Antioquia,105.1,715326000.0,365820000.0,195.54042971953425,22.560333,-0.093128204,0.87493515,1013.3056,22.645264,0.06,0.13566017,0.12218952,0.0052452087,0.4196118,0.87987745
2018-06-04,PLAYAS,Antioquia,109.45,381170000.0,365820000.0,104.1960527035154,23.105072,-0.38365555,0.7784805,1014.1903,22.35733,0.06,0.00035762787,0.042557716,0.0,0.40278947,0.8678845
2018-06-05,PLAYAS,Antioquia,103.25,307761000.0,365820000.0,84.12907987534854,22.865753,-0.56357574,0.3982315,1013.2628,22.101227,0.06,0.0,0.041007996,0.0,0.38879097,0.69007677
2018-06-06,PLAYAS,Antioquia,108.96,299685000.0,365820000.0,81.92143677218304,22.892181,-0.54701614,0.5612984,1011.5588,21.890015,0.06,0.23627281,0.043332577,0.003993511,0.3791438,0.78376174
2018-06-07,PLAYAS,Antioquia,114.16,359358000.0,365820000.0,98.23355748728882,22.810211,-0.26517105,0.45194626,1012.2,21.700775,0.06,0.26237965,0.07241964,0.0346601,0.38947648,0.52399534
2018-06-08,PLAYAS,Antioquia,113.23,281841000.0,365820000.0,77.04362801377727,24.094452,-0.45596313,0.53458786,1012.16656,21.605377,0.06,0.0,0.036418438,0.0,0.37624726,0.7026283
2018-06-09,PLAYAS,Antioquia,112.43,315197000.0,365820000.0,86.16177354983326,24.300018,-0.25989914,0.9570885,1011.66016,21.697113,0.06,0.00011920929,0.034749508,0.0,0.3657687,0.9917489
2018-06-10,PLAYAS,Antioquia,109.71,254172000.0,365820000.0,69.48007216663933,23.88913,-0.5938568,0.057689667,1012.4855,21.801392,0.06,0.00071525574,0.0333786,0.0,0.35686174,0.5966523
2018-06-11,PLAYAS,Antioquia,105.63,351474000.0,365820000.0,96.07839921272758,22.145782,-0.2380104,-0.020130157,1013.59204,21.986847,0.06,0.63598156,0.051558018,0.019490719,0.37443888,0.23886016
2018-06-12,PLAYAS,Antioquia,100.98,414803000.0,365820000.0,113.38991853917226,22.423431,-0.6464119,0.5579529,1014.2922,22.068817,0.06,0.2490282,0.04017353,0.009059906,0.38125706,0.85390854
2018-06-13,PLAYAS,Antioquia,106.26,257794000.0,365820000.0,70.47017658957957,22.932526,-0.27230072,0.753273,1013.52985,22.103973,0.06,0.019907951,0.030577183,0.00023841858,0.37510195,0.8009794
2018-06-14,PLAYAS,Antioquia,101.24,278240000.0,365820000.0,76.05926411896561,22.614716,-0.71188736,1.0297165,1013.4914,22.262024,0.06,0.044584274,0.030875206,0.0013709068,0.36675283,1.2518386
2018-06-15,PLAYAS,Antioquia,105.95000000000002,257717000.0,365820000.0,70.44912798644141,22.55429,-0.31525803,-0.045661926,1014.1127,22.176239,0.06,0.0051259995,0.028729439,0.00023841858,0.35824335,0.3185477
2018-06-16,PLAYAS,Antioquia,107.92,256158000.0,365820000.0,70.02296211251435,23.399567,-0.6398277,0.7022743,1014.5497,22.010986,0.06,0.057935715,0.029206276,0.0013709068,0.35450673,0.95003617
2018-06-17,PLAYAS,Antioquia,110.12,271598000.0,365820000.0,74.24361707943797,23.602081,-0.42098236,0.8740387,1013.97595,21.746552,0.06,0.0,0.0269413,0.0,0.34528962,0.9701391
2018-06-18,PLAYAS,Antioquia,108.15,205770000.0,365820000.0,56.24897490569133,23.881744,0.047740936,0.88653183,1013.7103,21.776764,0.06,0.0,0.026106834,0.0,0.33341414,0.88781637
2018-06-19,PLAYAS,Antioquia,96.67,200973000.0,365820000.0,54.93767426603248,22.909454,-0.4226761,0.6562691,1014.0522,21.85849,0.06,0.28133392,0.0295043,0.004172325,0.32330444,0.780605
2018-06-20,PLAYAS,Antioquia,91.08,228732000.0,365820000.0,62.52583237657865,22.502716,-0.6910629,0.43070984,1015.28094,21.757141,0.06,0.0603199,0.025510788,0.0011920929,0.33830777,0.81429654
2018-06-21,PLAYAS,Antioquia,85.76,323295000.0,365820000.0,88.37543053960964,22.620514,-0.89473724,0.68016815,1014.8347,21.887024,0.06,0.0046491623,0.02348423,0.0,0.33146936,1.1239144
2018-06-22,PLAYAS,Antioquia,75.68,281894000.0,365820000.0,77.0581160133399,22.75644,-0.39641953,0.5952568,1013.77014,21.867706,0.06,0.119805336,0.025093555,0.0023245811,0.32746008,0.71517766
2018-06-23,PLAYAS,Antioquia,60.4,406227000.0,365820000.0,111.04559619484992,23.24881,-0.5642586,0.6495476,1012.66565,21.984192,0.06,0.10550022,0.023961067,0.0020861626,0.32471704,0.86040676
2018-06-24,PLAYAS,Antioquia,85.57000000000001,527467000.0,365820000.0,144.18757859056365,22.64035,-0.53644943,0.34682465,1013.14044,21.999573,0.06,0.659585,0.08273125,0.061631203,0.33704922,0.6387999
2018-06-25,PLAYAS,Antioquia,83.56,297261000.0,365820000.0,81.25881581105462,22.166168,-0.114982605,0.6037369,1013.2681,22.05017,0.06,0.2951622,0.028133392,0.007748604,0.34144306,0.6145887
2018-06-26,PLAYAS,Antioquia,72.82,300210000.0,365820000.0,82.06494997539774,22.374603,-0.48311996,0.7518234,1012.66486,21.858246,0.06,0.0,0.019788742,0.0,0.3328609,0.8936685
2018-06-27,PLAYAS,Antioquia,70.93,290041000.0,365820000.0,79.28516756874966,22.489777,-0.6870003,0.18814468,1013.22815,21.825745,0.06,0.002861023,0.019073486,5.9604645e-05,0.32721117,0.71229756
2018-06-28,PLAYAS,Antioquia,64.45,335507000.0,365820000.0,91.71368432562464,22.1633,-0.38442612,0.86185074,1013.3695,21.841217,0.06,0.10788441,0.02014637,0.001847744,0.33430588,0.94370025
2018-06-29,PLAYAS,Antioquia,79.91,389603000.0,365820000.0,106.50128478486688,22.345428,-0.78940964,0.12075806,1014.2311,21.813385,0.06,0.010967255,0.018179417,0.00029802322,0.3427866,0.79859257
2018-06-30,PLAYAS,Antioquia,82.02000000000001,320753000.0,365820000.0,87.68055327756821,21.227936,-0.08412552,0.2621193,1013.7308,21.91156,0.06,0.034332275,0.017940998,0.00074505806,0.34101737,0.27528828
2018-07-01,PLAYAS,Antioquia,79.91,358798000.0,324770000.0,110.47756874095514,22.59256,-0.4800415,0.12353134,1012.58374,21.947357,0.14,0.042796135,0.017344952,0.00059604645,0.34091136,0.4956812
2018-07-02,PLAYAS,Antioquia,92.38,648213000.0,324770000.0,199.5914031468424,21.928131,-0.30311966,0.124996185,1012.945,22.122559,0.14,0.13232231,0.019669533,0.0034570694,0.34859252,0.32788044
2018-07-03,PLAYAS,Antioquia,102.14,504257000.0,324770000.0,155.26588046925517,21.039948,-0.22282028,0.13797379,1013.6167,22.13501,0.14,0.30565262,0.025808811,0.01001358,0.36286944,0.26207945
2018-07-04,PLAYAS,Antioquia,91.92,273462000.0,324770000.0,84.20174277180774,22.824188,-0.60048676,0.48709488,1011.77576,22.080048,0.14,0.0,0.015377998,0.0,0.35638896,0.77320486
2018-07-05,PLAYAS,Antioquia,86.53,258406000.0,324770000.0,79.56584659913169,23.638458,-0.43237305,0.8147278,1011.70935,22.100708,0.14,0.0,0.0150203705,0.0,0.3432812,0.92234904
2018-07-06,PLAYAS,Antioquia,75.91,247367000.0,324770000.0,76.16682575361024,22.970795,-0.4747429,0.6302986,1012.0594,21.95166,0.14,0.0014305115,0.014543533,0.0,0.33494124,0.7890863
2018-07-07,PLAYAS,Antioquia,75.4,242678000.0,324770000.0,74.72303476306308,23.02597,-0.5271225,0.7415085,1012.9981,22.038544,0.14,0.007033348,0.014305115,0.00023841858,0.3321986,0.90977633
2018-07-08,PLAYAS,Antioquia,66.5,234980000.0,324770000.0,72.35274194045016,23.660187,-0.6079979,0.45170593,1012.7717,22.0878,0.14,0.0,0.013709068,0.0,0.32502463,0.75742966
2018-07-09,PLAYAS,Antioquia,66.89,193523000.0,324770000.0,59.5877082242818,24.10733,-0.46467972,0.9200096,1012.0186,22.295197,0.14,0.0,0.013232231,0.0,0.3148093,1.0307012
2018-07-10,PLAYAS,Antioquia,73.74000000000001,197276000.0,324770000.0,60.74329525510361,23.784698,-0.033794403,0.7365799,1013.0112,22.245026,0.14,0.0,0.012874603,0.0,0.3118748,0.73735476
2018-07-11,PLAYAS,Antioquia,68.43,222728000.0,324770000.0,68.58022600609662,23.66684,-0.5235214,0.5825844,1012.9944,22.125702,0.14,0.032782555,0.012814999,0.00035762787,0.3274175,0.78324914
2018-07-12,PLAYAS,Antioquia,63.63999999999999,214897000.0,324770000.0,66.16898112510393,23.166779,-0.10940933,0.667984,1013.142,22.024048,0.14,0.15330315,0.014662743,0.0026226044,0.3305145,0.67688483
2018-07-13,PLAYAS,Antioquia,79.79,184614000.0,324770000.0,56.844536133263546,23.703949,0.013671875,0.77547073,1012.327,22.006744,0.14,0.0,0.01180172,0.0,0.32481104,0.77559125
2018-07-14,PLAYAS,Antioquia,84.27,183158000.0,324770000.0,56.39621886257967,24.32962,-0.40734863,0.95462036,1012.78033,22.004425,0.14,0.0,0.011444092,0.0,0.31588537,1.0378983
2018-07-15,PLAYAS,Antioquia,80.01,231266000.0,324770000.0,71.20916340795024,23.921112,-0.42956543,0.68572235,1012.3089,21.95581,0.14,0.004172325,0.011086464,0.0,0.30859125,0.80916107
2018-07-16,PLAYAS,Antioquia,93.73,206346000.0,324770000.0,63.53604089047634,24.28482,-0.21614075,1.0092773,1013.0083,22.044159,0.14,0.002026558,0.010669231,0.0,0.30160964,1.0321616
2018-07-17,PLAYAS,Antioquia,78.81,211668000.0,324770000.0,65.17473904609416,23.431488,-0.579422,0.564621,1014.22345,21.95169,0.14,0.30195713,0.014066696,0.0038146973,0.31937423,0.80902827
2018-07-18,PLAYAS,Antioquia,73.2,228414000.0,324770000.0,70.33100347938542,23.198212,-0.49454498,0.68655014,1013.21967,22.084595,0.14,0.0015497208,0.009834766,5.9604645e-05,0.31256235,0.846124
2018-07-19,PLAYAS,Antioquia,73.09,237716000.0,324770000.0,73.19518428426271,23.168488,-0.40398407,0.5397949,1012.3117,22.008026,0.14,0.0,0.009536743,0.0,0.30618417,0.6742267
2018-07-20,PLAYAS,Antioquia,66.23,347166000.0,324770000.0,106.8959571388983,23.925934,-0.3805275,1.1587257,1011.3425,21.711914,0.14,0.0,0.0094771385,0.0,0.30132896,1.2196091
2018-07-21,PLAYAS,Antioquia,72.61999999999999,291405700.0,324770000.0,89.72679126766636,23.131256,-0.29451752,0.32442474,1012.40857,21.49234,0.14,0.0,0.008940697,0.0,0.2968366,0.4381689
2018-07-22,PLAYAS,Antioquia,77.7,338719000.0,324770000.0,104.29503956646242,22.555511,-0.23445892,0.7010269,1011.72577,21.2742,0.14,0.0,0.0086426735,0.0,0.29524535,0.73919535
2018-07-23,PLAYAS,Antioquia,75.7,198352000.0,324770000.0,61.0746066447024,22.553375,-0.30228043,-0.21596146,1013.40643,21.276703,0.14,0.005841255,0.00846386,5.9604645e-05,0.29396963,0.37150076
2018-07-24,PLAYAS,Antioquia,91.4,375873000.0,324770000.0,115.735135634449,22.979767,-0.5011482,0.86234665,1014.54626,21.25232,0.14,0.005841255,0.008404255,0.0,0.29970175,0.99739224
2018-07-25,PLAYAS,Antioquia,99.58,238605000.0,324770000.0,73.4689164639591,23.421661,-0.8563919,0.6005707,1014.3689,21.592194,0.14,0.0,0.008106232,0.0,0.29884,1.0459887
2018-07-26,PLAYAS,Antioquia,102.43,193574000.0,324770000.0,59.60341164516427,23.463593,-0.9039917,0.72175217,1013.302,21.649353,0.14,0.0038146973,0.007987022,0.0,0.29738796,1.1567744
2018-07-27,PLAYAS,Antioquia,100.93,375833000.0,324770000.0,115.72281922591372,22.302765,-0.73498154,0.37319565,1014.8183,21.649353,0.14,0.006198883,0.007867813,0.00023841858,0.29536876,0.8243014
2018-07-28,PLAYAS,Antioquia,85.37,396615000.0,324770000.0,122.12180928041384,22.676544,-0.38126755,0.5119362,1014.82263,21.814972,0.14,0.013232231,0.0076293945,0.00032782555,0.2922777,0.6383131
2018-07-29,PLAYAS,Antioquia,77.01,284445000.0,324770000.0,87.5835206453798,22.919159,-0.6591301,0.5115907,1013.693,22.380981,0.14,0.33974648,0.011444092,0.00423193,0.33264202,0.8343725
2018-07-30,PLAYAS,Antioquia,71.46000000000001,342025000.0,324770000.0,105.31299073190256,21.92154,-0.06762695,-0.0035552979,1014.0017,22.54712,0.14,0.15306473,0.008523464,0.0015497208,0.32895982,0.06772034
2018-07-31,PLAYAS,Antioquia,64.48,280885000.0,324770000.0,86.48736028574068,20.44693,0.22310257,0.30649567,1014.39594,22.503876,0.14,0.2475977,0.019967556,0.013232231,0.37493253,0.37909675
2018-08-01,PLAYAS,Antioquia,81.97,213791000.0,335550000.0,63.71360452987632,21.575531,-0.5799942,0.92687225,1013.4636,22.679596,0.27,0.00047683716,0.00667572,0.0,0.37203243,1.0933826
2018-08-02,PLAYAS,Antioquia,73.50999999999999,231094000.0,335550000.0,68.87021308299806,22.267487,-0.69231796,0.6697655,1013.3961,22.457825,0.27,0.29194355,0.011563301,0.005066395,0.37760177,0.9632704
2018-08-03,PLAYAS,Antioquia,87.92999999999999,450545000.0,335550000.0,134.2706005066309,22.501007,-0.41041565,-0.068618774,1013.2994,22.443115,0.27,0.0038146973,0.0064373016,0.0,0.36540842,0.41611242
2018-08-04,PLAYAS,Antioquia,84.8,398780000.0,335550000.0,118.84368946505737,21.949493,-0.20464325,-0.15979004,1013.51154,22.556488,0.27,0.32365322,0.014364719,0.008285046,0.38215318,0.25963768
2018-08-05,PLAYAS,Antioquia,100.35,614640000.0,335550000.0,183.17389360751005,20.873749,-0.23004913,0.6394348,1013.85046,22.52597,0.27,0.01859665,0.006198883,0.00023841858,0.37686256,0.67955834
2018-08-06,PLAYAS,Antioquia,105.12,245401000.0,335550000.0,73.13395917150946,22.160492,-0.17286682,1.1618233,1010.9228,22.340485,0.27,0.0,0.005841255,0.0,0.36652446,1.1746132
2018-08-07,PLAYAS,Antioquia,108.93,224138000.0,335550000.0,66.79719862911637,23.167389,-0.12573242,0.87218094,1011.70044,22.167267,0.27,0.0,0.005722046,0.0,0.35340077,0.88119704
2018-08-08,PLAYAS,Antioquia,104.34,239887000.0,335550000.0,71.49068693190284,23.351532,-0.24212265,1.3079948,1012.28033,22.155151,0.27,0.0,0.0054240227,0.0,0.34309468,1.3302157
2018-08-09,PLAYAS,Antioquia,104.3,216793000.0,335550000.0,64.60825510356132,23.70047,0.1437645,1.4889069,1012.23346,22.033783,0.27,0.0,0.005364418,0.0,0.33322775,1.4958315
2018-08-10,PLAYAS,Antioquia,94.67,193573000.0,335550000.0,57.68827298465207,23.210419,-0.14030075,1.3885651,1013.55,21.998352,0.27,0.0,0.0052452087,0.0,0.32505554,1.3956351
2018-08-11,PLAYAS,Antioquia,97.54,195989000.0,335550000.0,58.408284905379226,22.09726,-0.07488251,0.9626312,1013.1867,21.94461,0.27,0.0,0.0051259995,0.0,0.31356138,0.96553934
2018-08-12,PLAYAS,Antioquia,89.2,189037000.0,335550000.0,56.33646252421399,23.201447,-0.1955452,0.70497894,1013.45404,21.92929,0.27,0.0,0.004827976,0.0,0.307358,0.73159635
2018-08-13,PLAYAS,Antioquia,92.47,240047000.0,335550000.0,71.53836984056028,23.4039,-0.53637695,0.7052078,1012.117,21.980011,0.27,0.0,0.0047683716,0.0,0.30217552,0.8860126
2018-08-14,PLAYAS,Antioquia,87.27000000000001,360047000.0,335550000.0,107.30055133363136,20.787323,0.035728455,0.31278992,1013.7433,21.96811,0.27,0.40864944,0.028789043,0.024020672,0.36729723,0.31482384
2018-08-15,PLAYAS,Antioquia,90.57,251716000.0,335550000.0,75.01594397258233,21.09842,-0.42090988,0.3474617,1014.48206,21.993927,0.27,0.13387203,0.009059906,0.0045597553,0.4131166,0.54579735
2018-08-16,PLAYAS,Antioquia,84.35000000000001,198911000.0,335550000.0,59.27909402473552,22.292755,-0.17942429,0.99105835,1014.69653,21.786224,0.27,0.0,0.0044107437,0.0,0.38816327,1.0071691
2018-08-17,PLAYAS,Antioquia,77.78,183110000.0,335550000.0,54.57010877663537,22.433258,-0.023662567,0.85287476,1015.0875,21.534088,0.27,0.0,0.0042915344,0.0,0.3742987,0.85320294
2018-08-18,PLAYAS,Antioquia,67.77,220306000.0,335550000.0,65.65519296677097,23.06839,-0.60116196,0.8400612,1014.2325,21.308899,0.27,0.0,0.0042915344,0.0,0.35891214,1.0330046
2018-08-19,PLAYAS,Antioquia,59.53000000000001,409400000.0,335550000.0,122.00864252719416,23.235687,-0.39847565,0.95648193,1013.3005,21.145721,0.27,0.0,0.004053116,0.0,0.34761918,1.0361663
2018-08-20,PLAYAS,Antioquia,80.10000000000001,208685000.0,335550000.0,62.19192370734616,23.57724,-0.29014206,1.1593857,1013.5006,21.084442,0.27,0.0038146973,0.003993511,0.00011920929,0.34067267,1.195139
2018-08-21,PLAYAS,Antioquia,82.91,180652000.0,335550000.0,53.83758009238564,23.690582,-0.36216354,0.8371544,1012.96094,21.027374,0.27,0.010728836,0.0039339066,5.9604645e-05,0.33379537,0.91213477
2018-08-22,PLAYAS,Antioquia,80.56,246788000.0,335550000.0,73.54731038593354,24.01944,0.24394608,1.1571655,1013.035,20.977478,0.27,0.0,0.003695488,0.0,0.32320744,1.1825995
2018-08-23,PLAYAS,Antioquia,81.52000000000001,222441000.0,335550000.0,66.29146177916853,23.492767,-0.9213333,1.1151619,1012.7036,20.81366,0.27,0.008583069,0.0038146973,5.9604645e-05,0.31572646,1.4465272
2018-08-24,PLAYAS,Antioquia,85.75,387204000.0,335550000.0,115.39383102369246,22.58255,-0.01815033,1.0897217,1012.9252,20.889282,0.27,0.12874603,0.008106232,0.0046491623,0.34531632,1.0898728
2018-08-25,PLAYAS,Antioquia,72.23,200350000.0,335550000.0,59.70794218447325,23.218414,-0.19384384,0.52861404,1012.59766,20.848175,0.27,0.0,0.00333786,0.0,0.34508723,0.56303483
2018-08-26,PLAYAS,Antioquia,70.24000000000001,325063000.0,335550000.0,96.8746833556847,23.74887,-0.7046814,0.74118423,1012.8591,20.746613,0.27,0.00333786,0.0034570694,5.9604645e-05,0.33760077,1.0227071
2018-08-27,PLAYAS,Antioquia,90.58,450283000.0,335550000.0,134.19251974370437,23.776154,-0.34199524,1.2734108,1012.9586,20.792236,0.27,0.09858608,0.004053116,0.00071525574,0.33303136,1.3185354
2018-08-28,PLAYAS,Antioquia,96.93,212112000.0,335550000.0,63.21323200715243,23.052643,-0.4103737,0.87935257,1012.6989,20.82196,0.27,0.0,0.0032186508,0.0,0.3253304,0.97039557
2018-08-29,PLAYAS,Antioquia,93.66,309573000.0,335550000.0,92.25838176128744,23.883636,-0.65662766,0.42350006,1012.5756,20.741608,0.27,0.0,0.0029206276,0.0,0.3187814,0.7813528
2018-08-30,PLAYAS,Antioquia,106.14,371891000.0,335550000.0,110.83027864699746,23.184662,-0.37535477,0.7723694,1012.9322,20.779205,0.27,0.33915043,0.0070929527,0.004172325,0.35668206,0.8587466
2018-08-31,PLAYAS,Antioquia,106.97,241485000.0,335550000.0,71.96691998211891,22.928436,-0.38069916,0.22911835,1011.79,20.82721,0.27,0.42510033,0.009119511,0.0062584877,0.36975518,0.44432765
2018-09-01,PLAYAS,Antioquia,101.41,223793000.0,393370000.0,56.89122200472837,22.96994,-0.25236893,0.4176674,1012.35345,20.677216,0.53,0.15306473,0.0060796738,0.0031590462,0.37342668,0.48799193
2018-09-02,PLAYAS,Antioquia,108.93,249310000.0,393370000.0,63.377990187355415,22.63266,-0.096839905,0.06906128,1011.9525,20.68161,0.53,0.15544891,0.004708767,0.001847744,0.36817285,0.11894296
2018-09-03,PLAYAS,Antioquia,110.19,222841000.0,393370000.0,56.649210666802254,22.781647,-0.09780121,0.4062729,1011.0217,21.026001,0.53,0.4233122,0.06687641,0.0641942,0.3695012,0.41787884
2018-09-04,PLAYAS,Antioquia,104.36,365139000.0,393370000.0,92.82329613341128,21.712982,-0.48624802,0.6359825,1012.0061,21.131195,0.53,0.4682541,0.10681152,0.033676624,0.39019403,0.8005691
2018-09-05,PLAYAS,Antioquia,98.42,356394000.0,393370000.0,90.6001982866004,22.632233,-0.52109146,0.37622452,1011.683,21.276123,0.53,0.0059604645,0.0029206276,0.00035762787,0.38390175,0.64271396
2018-09-06,PLAYAS,Antioquia,98.88,612717000.0,393370000.0,155.76098838243894,20.976715,-0.67461395,-0.20018005,1013.7328,21.54831,0.53,0.8945465,0.063061714,0.060498714,0.45489526,0.7036875
2018-09-07,PLAYAS,Antioquia,108.33,485625000.0,393370000.0,123.45247476930116,21.241302,-0.32309723,0.33128357,1014.20435,21.432526,0.53,0.16224384,0.012397766,0.009834766,0.45563212,0.4627533
2018-09-08,PLAYAS,Antioquia,113.77,569949000.0,393370000.0,144.88878155426187,22.268768,-0.4457817,0.19461823,1013.3117,21.375916,0.53,0.13697147,0.0072717667,0.004827976,0.43747938,0.48641297
2018-09-09,PLAYAS,Antioquia,109.93,477808000.0,393370000.0,121.4652871342502,22.748688,-0.22089005,0.6597824,1012.1958,21.393646,0.53,0.0035762787,0.0026226044,0.0,0.41960815,0.69577676
2018-09-10,PLAYAS,Antioquia,109.63,291863000.0,393370000.0,74.19554109362686,22.63675,-0.14099121,0.1409111,1012.5701,21.266235,0.53,0.00035762787,0.0025629997,0.0,0.40773165,0.19933504
2018-09-11,PLAYAS,Antioquia,105.92,269262000.0,393370000.0,68.45005974019371,21.75589,0.07068634,0.27401352,1012.3064,21.470703,0.53,0.25463104,0.006854534,0.0044703484,0.40589485,0.28298405
2018-09-12,PLAYAS,Antioquia,107.46,279038000.0,393370000.0,70.93525179856115,22.076324,-0.32538605,-0.23742676,1012.4264,21.406189,0.53,0.31876564,0.009000301,0.0064969063,0.4185077,0.40279964
2018-09-13,PLAYAS,Antioquia,102.37,245386000.0,393370000.0,62.38045605918092,21.389618,-0.054351807,0.14438629,1012.7872,21.223785,0.53,0.19073486,0.009417534,0.0070929527,0.4177057,0.15427741
2018-09-14,PLAYAS,Antioquia,106.08,448820000.0,393370000.0,114.09614357983575,20.93747,-0.08093262,0.005443573,1012.4386,20.966766,0.53,0.5065203,0.106453896,0.10406971,0.42348352,0.08111548
2018-09-15,PLAYAS,Antioquia,113.48,473018000.0,393370000.0,120.2476040369118,21.024261,-0.60882187,0.3123207,1012.6827,20.858002,0.53,0.947237,0.07754564,0.07522106,0.46338862,0.68425745
2018-09-16,PLAYAS,Antioquia,105.5,531721000.0,393370000.0,135.17070442585862,20.706085,-0.43658447,-0.06521988,1013.0737,20.73346,0.53,0.25200844,0.021517277,0.019013882,0.4728427,0.44142908
2018-09-17,PLAYAS,Antioquia,110.66,289419000.0,393370000.0,73.574243079035,22.388031,-0.28110886,0.0903244,1012.59033,20.661499,0.53,0.030040741,0.0046491623,0.002026558,0.44903612,0.29526377
2018-09-18,PLAYAS,Antioquia,114.44,348696000.0,393370000.0,88.6432620687902,22.789825,-0.22344208,-0.122924805,1011.2681,20.862762,0.53,0.18632412,0.0061392784,0.0034570694,0.43689,0.25502327
2018-09-19,PLAYAS,Antioquia,110.93,531822000.0,393370000.0,135.19637999847473,22.847382,-0.36369324,0.66586304,1011.1273,21.02539,0.53,0.022530556,0.003695488,0.0008940697,0.42700237,0.7587136
2018-09-20,PLAYAS,Antioquia,102.86,402418000.0,393370000.0,102.30012456465924,23.50296,-0.3673706,0.5383644,1010.91315,21.40274,0.53,0.0,0.0032484531,0.0,0.41035572,0.6517648
2018-09-21,PLAYAS,Antioquia,97.76,310367000.0,393370000.0,78.8995093677708,23.628265,-0.07468796,0.842865,1011.27454,21.56903,0.53,0.0027418137,0.00333786,0.0,0.39578336,0.8461676
2018-09-22,PLAYAS,Antioquia,97.79,430012000.0,393370000.0,109.31489437425326,22.825836,-0.15243912,0.19831848,1011.40936,21.684326,0.53,0.0035762787,0.0036358833,5.9604645e-05,0.38741413,0.25013578
2018-09-23,PLAYAS,Antioquia,87.08,257148000.0,393370000.0,65.37051630780182,23.136627,-0.22681046,0.27716446,1010.3947,21.79953,0.53,0.012636185,0.003993511,0.00029802322,0.3829011,0.3581384
2018-09-24,PLAYAS,Antioquia,75.97,246828000.0,393370000.0,62.74703205633373,22.806671,-0.23882675,0.6075516,1011.6222,21.667358,0.53,0.032901764,0.004172325,0.00035762787,0.37477028,0.6528071
2018-09-25,PLAYAS,Antioquia,64.45,213118000.0,393370000.0,54.17749192871851,22.45163,-0.33260345,0.48646545,1011.59326,21.667358,0.53,0.010609627,0.0039339066,0.00011920929,0.36429211,0.5892993
2018-09-26,PLAYAS,Antioquia,59.41,232496000.0,393370000.0,59.10364288074841,22.595795,-0.1951828,0.3854866,1011.3894,21.671722,0.53,0.055909157,0.005364418,0.0015497208,0.37857026,0.4320836
2018-09-27,PLAYAS,Antioquia,45.37,458959000.0,393370000.0,116.67361517146706,20.857697,-0.33065033,0.3060913,1012.64185,21.63565,0.53,1.0024309,0.22947788,0.081419945,0.42124733,0.4505791
2018-09-28,PLAYAS,Antioquia,56.97,383037000.0,393370000.0,97.37321097185855,21.464264,-0.13510895,0.036483765,1012.4422,21.494751,0.53,0.028014183,0.006735325,0.000834465,0.43754065,0.13994817
2018-09-29,PLAYAS,Antioquia,89.28,630334000.0,393370000.0,160.23946920202354,22.744904,-0.43725967,0.2526741,1011.82263,21.475739,0.53,0.17654896,0.012695789,0.006198883,0.43652374,0.5050151
2018-09-30,PLAYAS,Antioquia,90.34,515668000.0,393370000.0,131.08981366143834,22.531708,0.11924362,-0.07089615,1011.4983,21.353088,0.53,0.1500845,0.01180172,0.004529953,0.42831522,0.13872744
2018-10-01,PLAYAS,Antioquia,85.49,349836000.0,446120000.0,78.41746615260467,21.252655,-0.08721161,-0.13399124,1012.0131,21.283691,0.81,0.3336668,0.019073486,0.011563301,0.4382774,0.15987344
2018-10-02,PLAYAS,Antioquia,85.52,346762000.0,446120000.0,77.72841387967362,22.102936,0.27897263,0.063762665,1012.67487,21.091827,0.81,0.07736683,0.013142824,0.005066395,0.43452805,0.28616673
2018-10-03,PLAYAS,Antioquia,84.58,276432000.0,446120000.0,61.9635972384112,22.060516,-0.12164307,-0.11595535,1011.7402,21.083466,0.81,0.28812885,0.0166893,0.0078082085,0.42486116,0.16805558
2018-10-04,PLAYAS,Antioquia,91.79,333751000.0,446120000.0,74.81193400878688,20.587433,-0.36112976,-0.025981903,1012.7125,21.42102,0.81,0.59366226,0.07861853,0.06908178,0.48185733,0.3620632
2018-10-05,PLAYAS,Antioquia,105.3,490989000.0,446120000.0,110.05760781852416,21.591827,0.002204895,0.042469025,1013.6089,21.262482,0.81,0.46288967,0.04541874,0.034868717,0.48915556,0.042526223
2018-10-06,PLAYAS,Antioquia,106.18,435442000.0,446120000.0,97.60647359454856,20.573883,-0.67243195,0.049236298,1015.04346,21.409637,0.81,0.84125996,0.27227402,0.11020899,0.48404318,0.6742321
2018-10-07,PLAYAS,Antioquia,95.61,374783000.0,446120000.0,84.00945933829463,21.86789,-0.055290222,-0.26323318,1014.0817,21.689545,0.81,0.067830086,0.028669834,0.007212162,0.48066223,0.26897717
2018-10-08,PLAYAS,Antioquia,85.42999999999999,359609000.0,446120000.0,80.60813234107414,21.601715,-0.3617134,0.013069153,1012.97296,22.073395,0.81,0.24878979,0.031888485,0.0085532665,0.47880015,0.3619494
2018-10-09,PLAYAS,Antioquia,85.48,401201000.0,446120000.0,89.93118443468126,20.730255,0.24551773,-0.27591324,1014.3816,22.26242,0.81,0.36394596,0.06657839,0.032901764,0.49982923,0.3693333
2018-10-10,PLAYAS,Antioquia,98.77,413414000.0,446120000.0,92.66878866672644,20.765533,0.14156723,-0.3829193,1014.187,22.29132,0.81,1.6624928,0.3874898,0.34347177,0.50348943,0.4082505
2018-10-11,PLAYAS,Antioquia,105.48,806003300.0,446120000.0,180.66961803998925,20.889496,-0.20915604,0.24857712,1014.20044,22.518768,0.81,1.2927055,0.35703182,0.2040863,0.50612104,0.32486433
2018-10-12,PLAYAS,Antioquia,105.45,465316000.0,446120000.0,104.30287814937684,21.299957,-0.13050461,-0.14323807,1014.64685,22.598236,0.81,0.17309189,0.20611286,0.026583672,0.49765578,0.19377461
2018-10-13,PLAYAS,Antioquia,109.41,330355000.0,446120000.0,74.0507038464987,21.230255,-0.118522644,0.08841705,1014.9959,22.62149,0.81,0.0654459,0.22315979,0.006914139,0.48603934,0.14786884
2018-10-14,PLAYAS,Antioquia,112.87,477432000.0,446120000.0,107.01873935264057,21.654572,0.0015830994,-0.2472229,1014.6348,22.511505,0.81,0.14829636,0.1527369,0.0075101852,0.4766249,0.24722797
2018-10-15,PLAYAS,Antioquia,103.0,348029000.0,446120000.0,78.01241818344839,21.925873,0.06207657,0.048080444,1013.5714,22.343475,0.81,0.17118454,0.12022257,0.0056922436,0.47861263,0.07851898
2018-10-16,PLAYAS,Antioquia,97.06,404631000.0,446120000.0,90.70003586478974,21.202057,0.44177628,-0.18392181,1012.265,22.253326,0.81,0.156641,0.20039082,0.0075101852,0.476744,0.47853267
2018-10-17,PLAYAS,Antioquia,88.48,459596000.0,446120000.0,103.0207119160764,21.467194,-0.25301743,0.10266113,1012.6194,22.278107,0.81,0.26261806,0.115036964,0.026464462,0.47928733,0.2730515
2018-10-18,PLAYAS,Antioquia,86.8,364292000.0,446120000.0,81.65784990585493,21.039886,-0.1525383,-0.085559845,1012.97046,22.234222,0.81,0.12624264,0.088989735,0.00756979,0.4798937,0.17489545
2018-10-19,PLAYAS,Antioquia,84.87,322370000.0,446120000.0,72.26082668340356,20.693695,0.008155823,-0.123039246,1013.2775,22.208221,0.81,0.9009838,0.20188093,0.12606382,0.48790175,0.12330926
2018-10-20,PLAYAS,Antioquia,80.01,461299000.0,446120000.0,103.40244777189992,20.660492,-0.2413292,-0.2550888,1011.622,22.267853,0.81,0.34558773,0.17082691,0.027269125,0.48465616,0.35115534
2018-10-21,PLAYAS,Antioquia,81.61,568250000.0,446120000.0,127.3760423204519,20.236237,0.14523315,0.13037491,1012.42096,22.097382,0.81,0.22315979,0.084757805,0.01692772,0.49470615,0.19516732
2018-10-22,PLAYAS,Antioquia,75.51,373407000.0,446120000.0,83.70102214650767,20.801788,-0.35381317,-0.4850273,1012.6222,21.852814,0.81,1.1922121,0.3452897,0.236094,0.505469,0.6003626
2018-10-23,PLAYAS,Antioquia,65.74,357069000.0,446120000.0,80.03877880390927,20.99173,0.18783951,-0.5326805,1012.9231,21.740662,0.81,0.022292137,0.11318922,0.0010430813,0.4918204,0.56482935
2018-10-24,PLAYAS,Antioquia,63.17,448937000.0,446120000.0,100.63144445440687,20.523224,0.02324295,-0.32499313,1013.3192,21.85785,0.81,0.5681515,0.17511845,0.065624714,0.49003488,0.32582322
2018-10-25,PLAYAS,Antioquia,56.14,407731000.0,446120000.0,91.39491616605396,21.369965,0.013713837,-0.20500183,1012.1705,21.749054,0.81,0.07772446,0.10919571,0.004351139,0.48568916,0.20546003
2018-10-26,PLAYAS,Antioquia,59.28,383330000.0,446120000.0,85.92531157536088,21.639862,-0.3858719,0.02399826,1012.1844,21.809296,0.81,0.16283989,0.10967255,0.010550022,0.4798235,0.38661742
2018-10-27,PLAYAS,Antioquia,57.67,312624000.0,446120000.0,70.07621267820318,22.123138,-0.2116127,-0.010707855,1011.9278,22.034058,0.81,0.057816505,0.09918213,0.004351139,0.47450116,0.21188344
2018-10-28,PLAYAS,Antioquia,51.71,300949000.0,446120000.0,67.45920380166771,22.687592,-0.012683868,-0.03892517,1013.22,22.188293,0.81,0.37693977,0.14191866,0.05221367,0.47133437,0.040939584
2018-10-29,PLAYAS,Antioquia,43.47,330680000.0,446120000.0,74.1235542006635,21.71054,-0.004371643,-0.04985428,1012.67267,22.435333,0.81,0.044703484,0.08761883,0.0019669533,0.46533,0.050045583
2018-10-30,PLAYAS,Antioquia,55.67999999999999,346689000.0,446120000.0,77.71205056935354,21.86081,-0.25495148,-0.15787506,1013.0158,22.54831,0.81,0.029206276,0.08261204,0.0012218952,0.4674684,0.29987463
2018-10-31,PLAYAS,Antioquia,55.67999999999999,412749000.0,446120000.0,92.51972563435848,22.103546,-0.1244545,-0.034706116,1012.90234,22.743652,0.81,0.054955482,0.081181526,0.004142523,0.45994943,0.12920308
2018-11-01,PLAYAS,Antioquia,62.0,263433000.0,423700000.0,62.1744158602785,22.549103,-0.05101013,-0.21827698,1012.09094,22.681732,0.97,0.12719631,0.07545948,0.0025629997,0.45315057,0.22415814
2018-11-02,PLAYAS,Antioquia,55.33,374831000.0,423700000.0,88.4661316969554,20.369293,0.07286072,0.19843674,1013.58765,22.85321,0.97,0.6015301,0.19860268,0.06681681,0.48279923,0.21139021
2018-11-03,PLAYAS,Antioquia,76.53,472473000.0,423700000.0,111.51121076233184,21.55838,-0.6095772,-0.2258873,1013.59235,22.969147,0.97,0.04053116,0.073730946,0.0072717667,0.47905195,0.65008414
2018-11-04,PLAYAS,Antioquia,100.77,423516000.0,423700000.0,99.9565730469672,20.653595,-0.036510468,-0.58870316,1013.45935,22.944183,0.97,0.6443262,0.18075109,0.116974115,0.47821292,0.5898343
2018-11-05,PLAYAS,Antioquia,114.92,529297000.0,423700000.0,124.92258673589804,19.81662,-0.0989151,-0.42824936,1013.47736,23.066986,0.97,0.69379807,0.18054247,0.09870529,0.5022791,0.4395244
2018-11-06,PLAYAS,Antioquia,110.24,473443000.0,423700000.0,111.74014632995043,20.597626,-0.055980682,-0.3817482,1012.32513,22.962616,0.97,0.07343292,0.08714199,0.0049471855,0.49562806,0.38583094
2018-11-07,PLAYAS,Antioquia,104.94,449389000.0,423700000.0,106.0630162851074,20.953156,0.061058044,-0.12249756,1011.65216,23.073944,0.97,0.061392784,0.06407499,0.0033676624,0.48950145,0.13687123
2018-11-08,PLAYAS,Antioquia,113.12,351343000.0,423700000.0,82.92258673589804,21.62857,-0.17964554,-0.25475693,1010.9986,23.199554,0.97,0.012993813,0.059723854,0.00017881393,0.47329244,0.3117268
2018-11-09,PLAYAS,Antioquia,107.35,470026000.0,423700000.0,110.93367949020534,21.361542,0.24930954,0.15281677,1012.4897,23.399078,0.97,0.4644394,0.15056133,0.09250641,0.49217725,0.29241788
2018-11-10,PLAYAS,Antioquia,107.78000000000002,349354000.0,423700000.0,82.45315081425537,22.369354,-0.04639435,-0.2683258,1012.58435,23.514679,0.97,0.243783,0.111460686,0.054121017,0.49615422,0.27230713
2018-11-11,PLAYAS,Antioquia,109.4,319043000.0,423700000.0,75.29926835024781,21.449066,0.3110466,-0.11003113,1011.22076,23.44281,0.97,0.19955635,0.062406063,0.00628829,0.4895591,0.3299346
2018-11-12,PLAYAS,Antioquia,109.53,310620000.0,423700000.0,73.31130516875147,21.890594,-0.14317322,-0.053024292,1010.5642,23.644958,0.97,0.06401539,0.05722046,0.002026558,0.47998852,0.1526766
2018-11-13,PLAYAS,Antioquia,105.26,414623000.0,423700000.0,97.85768232239792,21.567657,0.38799286,0.35143661,1012.423,23.572021,0.97,0.2619028,0.10460615,0.011622906,0.4766365,0.5234942
2018-11-14,PLAYAS,Antioquia,106.32999999999998,390091000.0,423700000.0,92.0677366060892,21.622955,-0.21366811,-0.17580414,1012.4286,23.454132,0.97,0.06401539,0.06377697,0.0059604645,0.46874535,0.27669686
2018-11-15,PLAYAS,Antioquia,105.39,309448000.0,423700000.0,73.03469435921642,21.98526,-0.23846054,-0.31326675,1012.90894,23.207489,0.97,0.0923872,0.06556511,0.006467104,0.46995795,0.39369977
2018-11-16,PLAYAS,Antioquia,108.11,314018300.0,423700000.0,74.11335850837857,22.11618,-0.13889313,-0.23693085,1012.0676,23.172577,0.97,0.14948845,0.06508827,0.006198883,0.46444145,0.27464074
2018-11-17,PLAYAS,Antioquia,104.91,318742000.0,423700000.0,75.22822751947132,22.59848,0.0077323914,-0.11273956,1011.6755,23.1521,0.97,0.02193451,0.05877018,0.0012516975,0.46267655,0.11300442
2018-11-18,PLAYAS,Antioquia,106.65,502774000.0,423700000.0,118.66273306584849,22.223175,0.29774857,0.011245728,1011.40314,23.16632,0.97,0.08380413,0.05966425,0.0032186508,0.47294638,0.29796085
2018-11-19,PLAYAS,Antioquia,104.39,428644000.0,423700000.0,101.16686334670756,21.730133,-0.20019531,-0.12417984,1011.8331,23.29596,0.97,0.6490946,0.31977892,0.08755922,0.48380852,0.23558182
2018-11-20,PLAYAS,Antioquia,102.44,285086000.0,423700000.0,67.28487137125325,22.29483,-0.33757782,-0.025600433,1012.29,23.310638,0.97,0.05853176,0.061273575,0.002861023,0.47610193,0.33854714
2018-11-21,PLAYAS,Antioquia,101.55,296200000.0,423700000.0,69.90795374085438,22.159882,0.19699478,-0.113018036,1013.4352,23.241058,0.97,0.08940697,0.06330013,0.003874302,0.471435,0.22711235
2018-11-22,PLAYAS,Antioquia,102.2,326160000.0,423700000.0,76.97899457163086,21.043854,-0.25866318,-0.43745422,1013.8539,23.181274,0.97,0.0770092,0.066280365,0.006914139,0.47157687,0.5082055
2018-11-23,PLAYAS,Antioquia,105.77,461153000.0,423700000.0,108.83950908661788,21.38675,0.14805984,-0.4623642,1012.6725,23.141693,0.97,0.5713701,0.15985966,0.10037422,0.48808664,0.4854919
2018-11-24,PLAYAS,Antioquia,106.18,408715000.0,423700000.0,96.46329950436628,21.843048,-0.26937103,-0.25178146,1011.4214,23.11493,0.97,0.035762787,0.06109476,0.0010728836,0.48357156,0.3687203
2018-11-25,PLAYAS,Antioquia,107.18,668516000.0,423700000.0,157.78050507434506,22.091705,-0.05606842,0.03994751,1011.47015,23.154236,0.97,0.10919571,0.06735325,0.007778406,0.47939166,0.06884382
2018-11-26,PLAYAS,Antioquia,102.78,451272000.0,423700000.0,106.5074345055464,22.053558,0.08259201,0.13985062,1011.9178,23.233429,0.97,0.19609928,0.06592274,0.0076293945,0.48013186,0.16241808
2018-11-27,PLAYAS,Antioquia,105.1,394700000.0,423700000.0,93.1555345763512,20.86618,0.10587311,0.073135376,1013.1272,23.120483,0.97,0.34737587,0.10228157,0.04518032,0.48743638,0.1286775
2018-11-28,PLAYAS,Antioquia,112.07,424097000.0,423700000.0,100.09369837148928,20.835175,-0.21936417,-0.43064117,1013.6286,23.173737,0.97,0.13780594,0.07477403,0.014275312,0.48493063,0.48329335
2018-11-29,PLAYAS,Antioquia,109.21,350827000.0,423700000.0,82.8008024545669,21.036285,0.18595886,-0.21472168,1013.1241,23.14737,0.97,0.06020069,0.06377697,0.002503395,0.47448736,0.284053
2018-11-30,PLAYAS,Antioquia,104.64,323337000.0,423700000.0,76.31272126504602,21.887848,0.07833099,-0.4011917,1013.4464,23.21811,0.97,0.06771088,0.06365776,0.0037550926,0.4689503,0.4087671
2018-12-01,PLAYAS,Antioquia,102.6,327633200.0,310810000.0,105.41269585920658,21.100006,0.030540466,-0.4293213,1013.3217,23.268494,0.92,0.05018711,0.0628829,0.0042915344,0.47097948,0.43040618
2018-12-02,PLAYAS,Antioquia,102.56,291728000.0,310810000.0,93.86055789710755,20.950409,-0.3423233,-0.5144501,1012.9402,23.235626,0.92,0.0023841858,0.05722046,0.0,0.46424058,0.61793536
2018-12-03,PLAYAS,Antioquia,94.0,276693000.0,310810000.0,89.02319745181944,21.40213,-0.17025757,-0.38741302,1012.4441,23.26236,0.92,0.0,0.054895878,0.0,0.4490487,0.4231743
2018-12-04,PLAYAS,Antioquia,95.48,3891180000.0,310810000.0,1251.9481355168753,21.486176,-0.13745117,-0.32781982,1012.7725,23.315918,0.92,0.01347065,0.05400181,0.0014305115,0.4413307,0.35546964
2018-12-05,PLAYAS,Antioquia,90.52,306197000.0,310810000.0,98.51581351951351,20.13327,-0.2883377,-0.61919785,1013.08325,23.240692,0.92,0.027775764,0.051379204,0.0009536743,0.43687758,0.68304074
2018-12-06,PLAYAS,Antioquia,89.68,247458000.0,310810000.0,79.61712943598982,20.704437,-0.21251678,-0.037750244,1014.3234,23.260284,0.92,0.013232231,0.04851818,0.00023841858,0.43027398,0.21584362
2018-12-07,PLAYAS,Antioquia,77.3,252317000.0,310810000.0,81.18046394903638,21.415741,-0.20939255,0.11694336,1014.77924,23.417511,0.92,0.0121593475,0.04595518,0.00011920929,0.41961372,0.23983534
2018-12-08,PLAYAS,Antioquia,79.35,281180000.0,310810000.0,90.4668446961166,21.981415,-0.021308899,0.1569519,1014.7942,23.622528,0.92,0.06532669,0.044941902,0.0012516975,0.41196954,0.15839182
2018-12-09,PLAYAS,Antioquia,77.48,260825000.0,310810000.0,83.9178276117242,21.569733,-0.12056351,0.067993164,1014.1912,23.740814,0.92,0.039577484,0.043570995,0.0022053719,0.4058327,0.1384147
2018-12-10,PLAYAS,Antioquia,80.57,215660000.0,310810000.0,69.38644187767447,21.9086,-0.18799973,0.05882263,1013.40485,23.74701,0.92,0.0032186508,0.039100647,5.9604645e-05,0.39755163,0.1969873
2018-12-11,PLAYAS,Antioquia,72.6,243228000.0,310810000.0,78.25616936392008,22.185211,-0.10444641,-0.16692352,1014.48236,23.883331,0.92,0.011205673,0.03761053,0.00071525574,0.39090154,0.19690739
2018-12-12,PLAYAS,Antioquia,65.45,294852000.0,310810000.0,94.86567356262668,22.151947,-0.20955276,0.39056015,1014.2861,23.947968,0.92,0.024437904,0.035703182,0.00059604645,0.392178,0.44322634
2018-12-13,PLAYAS,Antioquia,59.2,258839000.0,310810000.0,83.2788520317879,21.934662,-0.2667694,-0.13111877,1013.7502,23.823853,0.92,0.010848045,0.03349781,5.9604645e-05,0.38827494,0.29725084
2018-12-14,PLAYAS,Antioquia,65.68,216282000.0,310810000.0,69.58656413886297,21.777924,-0.020454407,-0.036727905,1014.3806,23.729858,0.92,0.058054924,0.035107136,0.0032186508,0.3839831,0.042039525
2018-12-15,PLAYAS,Antioquia,71.7,0.0,0.0,,21.816315,-0.39677048,-0.09170532,1014.47656,23.61264,0.92,0.007390976,0.03117323,0.00047683716,0.3811532,0.4072305
2018-12-16,PLAYAS,Antioquia,73.98,205472000.0,310810000.0,66.10855506579583,22.410736,-0.2626648,0.08967972,1014.10406,23.56839,0.92,0.00047683716,0.029146671,0.0,0.3738849,0.27755225
2018-12-17,PLAYAS,Antioquia,67.54,243955000.0,310810000.0,78.49007432193301,21.49118,0.026947021,-0.19578934,1013.46765,23.51941,0.92,0.0,0.02783537,0.0,0.36657,0.19763502
2018-12-18,PLAYAS,Antioquia,61.24000000000001,236177000.0,310810000.0,75.9875808371674,21.69931,0.14763641,-0.16234589,1013.2576,23.546051,0.92,0.026106834,0.026881695,0.00023841858,0.3626265,0.21943724
2018-12-19,PLAYAS,Antioquia,70.95,301843000.0,310810000.0,97.11495769119398,22.667572,-0.004257202,0.4317627,1012.59235,23.649445,0.92,0.054836273,0.026404858,0.0008940697,0.3643353,0.43178368
2018-12-20,PLAYAS,Antioquia,73.91,240673000.0,310810000.0,77.43412374119238,21.806305,0.2440834,0.098789215,1013.3278,23.63327,0.92,0.017762184,0.02527237,0.000834465,0.36217988,0.26331735
2018-12-21,PLAYAS,Antioquia,77.83,218315000.0,310810000.0,70.24066149737781,21.400421,0.32696533,-0.55249405,1013.71564,23.714386,0.92,0.21791458,0.026524067,0.0031590462,0.37980428,0.64199376
2018-12-22,PLAYAS,Antioquia,78.45,260249000.0,310810000.0,83.73250538914449,20.773773,-0.052764893,-0.042388916,1012.9995,23.787323,0.92,0.032305717,0.022828579,0.00023841858,0.3723137,0.06768274
2018-12-23,PLAYAS,Antioquia,75.22999999999999,237416000.0,310810000.0,76.38621665969563,20.562958,-0.13907242,0.15864182,1012.4172,23.884155,0.92,0.0023841858,0.021874905,0.0,0.36539838,0.21097004
2018-12-24,PLAYAS,Antioquia,73.42,272066000.0,310810000.0,87.53450661175638,21.860748,-0.2550621,-0.07998276,1011.8533,23.939178,0.92,0.0009536743,0.020861626,5.9604645e-05,0.3567447,0.26730865
2018-12-25,PLAYAS,Antioquia,61.24000000000001,255506000.0,310810000.0,82.20649271258968,22.534271,-0.34804153,0.11101532,1010.51733,24.006989,0.92,0.0013113022,0.019967556,5.9604645e-05,0.347994,0.36531812
2018-12-26,PLAYAS,Antioquia,77.48,176816000.0,310810000.0,56.8887744924552,22.309296,-0.3441887,0.14313126,1010.35034,24.058228,0.92,0.0,0.019073486,0.0,0.33975405,0.3727632
2018-12-27,PLAYAS,Antioquia,77.03999999999999,178765000.0,310810000.0,57.51584569351051,21.92868,-0.17285538,0.44146347,1010.16547,24.17978,0.92,0.0,0.018298626,0.0,0.33317527,0.47409806
2018-12-28,PLAYAS,Antioquia,68.44,192685000.0,310810000.0,61.9944660725202,22.244537,-0.24652863,0.597023,1011.45514,24.192963,0.92,0.0,0.017404556,0.0,0.3278603,0.64592016
2018-12-29,PLAYAS,Antioquia,55.7,178979000.0,310810000.0,57.58469804703839,22.33554,-0.2202034,0.51613617,1011.28076,24.152191,0.92,0.0,0.0166893,0.0,0.32397872,0.5611471
2018-12-30,PLAYAS,Antioquia,78.21000000000001,186902000.0,310810000.0,60.13384382741867,22.355988,-0.20423508,0.43488312,1010.5003,24.114136,0.92,0.0,0.01603365,0.0,0.31790966,0.48045322
2018-12-31,PLAYAS,Antioquia,78.69,188154000.0,310810000.0,60.536662269553744,22.445038,0.30830383,0.794178,1011.4469,24.106262,0.92,0.00023841858,0.015377998,0.0,0.31188148,0.8519213
2019-01-01,PLAYAS,Antioquia,77.09,185495000.0,231500000.0,80.12742980561555,22.189117,0.097076416,0.74393463,1009.22186,24.139984,0.89,0.0,0.014722347,0.0,0.30752704,0.7502417
2019-01-02,PLAYAS,Antioquia,64.02,170840000.0,231500000.0,73.79697624190065,22.641266,-0.21848679,1.182167,1009.6105,24.157745,0.89,0.0,0.0140070915,0.0,0.3043555,1.2021878
2019-01-03,PLAYAS,Antioquia,62.39,190598000.0,231500000.0,82.3317494600432,22.87143,0.3768158,0.9800987,1010.90674,24.037079,0.89,0.0,0.013589859,0.0,0.3020698,1.0500399
2019-01-04,PLAYAS,Antioquia,64.12,179900000.0,231500000.0,77.71058315334773,22.607025,0.058631897,0.26893616,1012.58234,24.035522,0.89,0.0,0.013232231,0.0,0.3012311,0.27525327
2019-01-05,PLAYAS,Antioquia,77.01,203402000.0,231500000.0,87.86263498920086,23.208832,0.12038422,-0.31600952,1011.92267,24.056488,0.89,0.0,0.012636185,0.0,0.29762545,0.33816326
2019-01-06,PLAYAS,Antioquia,76.4,205828000.0,231500000.0,88.91058315334773,22.608307,0.16891861,-0.055461884,1013.0567,24.135254,0.89,0.18572807,0.013947487,0.0017881393,0.30144796,0.17779066
2019-01-07,PLAYAS,Antioquia,72.14,221419000.0,231500000.0,95.64535637149028,20.734222,0.16685867,-0.21726227,1014.33624,24.126709,0.89,0.27918816,0.019788742,0.008106232,0.35727903,0.2739429
2019-01-08,PLAYAS,Antioquia,57.6,168460000.0,231500000.0,72.76889848812095,21.050507,0.1557846,-0.2304039,1014.2514,24.242859,0.89,0.07998943,0.013947487,0.0023841858,0.35655427,0.2781273
2019-01-09,PLAYAS,Antioquia,80.92,239630000.0,231500000.0,103.51187904967604,20.017181,0.12522888,-0.20341873,1015.36487,24.320648,0.89,0.23949146,0.014066696,0.0025629997,0.3712884,0.23887539
2019-01-10,PLAYAS,Antioquia,79.67999999999999,189427000.0,231500000.0,81.82591792656588,19.599518,0.04397583,-0.43728256,1014.9636,24.611298,0.89,1.3178587,0.15443563,0.14328957,0.42184627,0.43948823
2019-01-11,PLAYAS,Antioquia,72.39999999999999,175067000.0,231500000.0,75.62289416846653,20.990753,0.110946655,-0.28578568,1014.7958,24.871002,0.89,0.104904175,0.022232533,0.011384487,0.4549232,0.30656582
2019-01-12,PLAYAS,Antioquia,73.36,193148000.0,231500000.0,83.43326133909287,21.807526,-0.04636383,-0.15447235,1014.2378,25.03241,0.89,0.027179718,0.01180172,0.001013279,0.43053278,0.16128023
2019-01-13,PLAYAS,Antioquia,75.44,179076000.0,231500000.0,77.35464362850972,21.883026,-0.083366394,-0.2439537,1013.9905,25.00351,0.89,0.0320673,0.010728836,0.00029802322,0.4188424,0.2578049
2019-01-14,PLAYAS,Antioquia,77.3,204756000.0,231500000.0,88.44751619870411,21.677826,0.22548294,-0.2920189,1014.0541,25.003021,0.89,0.07331371,0.011086464,0.001013279,0.41455674,0.3689412
2019-01-15,PLAYAS,Antioquia,76.12,192150000.0,231500000.0,83.00215982721383,21.907257,0.23896027,0.287735,1013.0525,25.008759,0.89,0.10585785,0.011861324,0.0020861626,0.4099506,0.37402332
2019-01-16,PLAYAS,Antioquia,82.72,183770000.0,231500000.0,79.38228941684665,22.596588,0.024291992,-0.11714935,1013.77924,24.871582,0.89,0.01335144,0.010192394,0.00071525574,0.39752147,0.11964143
2019-01-17,PLAYAS,Antioquia,81.06,191190000.0,231500000.0,82.58747300215983,21.131622,0.75517654,-0.26646423,1014.2919,24.693787,0.89,0.17869473,0.014662743,0.0053048134,0.399184,0.80080885
2019-01-18,PLAYAS,Antioquia,82.11,207730000.0,231500000.0,89.73218142548596,22.546417,0.101493835,0.1626854,1013.1739,24.786713,0.89,0.049829483,0.01001358,0.000834465,0.39291698,0.19174862
2019-01-19,PLAYAS,Antioquia,69.55,204990000.0,231500000.0,88.54859611231102,22.723663,-0.09744263,0.39262772,1012.3187,24.796295,0.89,0.0011920929,0.009119511,0.0,0.38143593,0.40453872
2019-01-20,PLAYAS,Antioquia,56.38,166873000.0,231500000.0,72.08336933045356,22.612885,-0.1108017,0.3776245,1012.4967,24.954773,0.89,0.0,0.008583069,0.0,0.37080058,0.39354452
2019-01-21,PLAYAS,Antioquia,48.67,207128000.0,231500000.0,89.47213822894169,22.132782,0.30506897,-0.17921448,1014.127,25.156586,0.89,0.32162666,0.018000603,0.009536743,0.39814782,0.35381478
2019-01-22,PLAYAS,Antioquia,68.27,197825000.0,231500000.0,85.4535637149028,23.164154,0.23342133,0.5889969,1012.6936,25.40332,0.89,0.00011920929,0.008225441,0.0,0.39299572,0.6335636
2019-01-23,PLAYAS,Antioquia,67.96,163592000.0,231500000.0,70.66609071274299,23.34311,0.2350452,0.72221375,1011.2489,25.21402,0.89,0.0,0.007867813,0.0,0.3792461,0.75949913
2019-01-24,PLAYAS,Antioquia,64.95,153994000.0,231500000.0,66.52008639308855,23.640533,0.062080383,0.6262703,1011.2645,25.210144,0.89,0.0,0.007688999,0.0,0.37010592,0.6293397
2019-01-25,PLAYAS,Antioquia,53.73,165292000.0,231500000.0,71.40043196544276,22.628326,-0.1683693,-0.15280533,1013.0325,25.27591,0.89,0.00500679,0.007778406,0.00017881393,0.3624178,0.22737125
2019-01-26,PLAYAS,Antioquia,75.52,159695000.0,231500000.0,68.98272138228941,22.511627,0.1482811,-0.06977463,1012.1106,25.35025,0.89,0.15366077,0.009894371,0.0023841858,0.36560315,0.16387734
2019-01-27,PLAYAS,Antioquia,72.61999999999999,194122000.0,231500000.0,83.85399568034558,22.488678,-0.18631363,-0.19788742,1011.53906,25.355042,0.89,0.056505203,0.008106232,0.0009536743,0.364139,0.2717944
2019-01-28,PLAYAS,Antioquia,72.28,178112000.0,231500000.0,76.93822894168466,21.259369,0.18451309,-0.47390747,1013.01,25.529388,0.89,0.2348423,0.01335144,0.0064373016,0.38204896,0.5085601
2019-01-29,PLAYAS,Antioquia,64.46,153984000.0,231500000.0,66.51576673866091,22.218292,-0.22667313,-0.37280273,1013.14404,25.615723,0.89,0.14030933,0.008821487,0.0019073486,0.3888569,0.4363056
2019-01-30,PLAYAS,Antioquia,57.49999999999999,138017000.0,231500000.0,59.61857451403888,21.736115,-0.48670387,-0.40527725,1012.85406,25.606903,0.89,0.06234646,0.008702278,0.0019669533,0.38149068,0.6333485
2019-01-31,PLAYAS,Antioquia,81.15,189820000.0,231500000.0,81.99568034557235,22.182709,-0.29764938,-0.22247314,1012.90015,25.632477,0.89,0.044107437,0.0075101852,0.0008940697,0.37838364,0.37160388
2019-02-01,PLAYAS,Antioquia,74.6,130019000.0,208500000.0,62.35923261390888,22.787506,0.17288208,-0.1520462,1013.2294,25.629486,0.86,0.10883808,0.007867813,0.0013113022,0.37804914,0.23023088
2019-02-02,PLAYAS,Antioquia,76.29,170108000.0,208500000.0,81.58657074340528,21.967499,0.01852417,-0.14129257,1013.22186,25.7695,0.86,0.12767315,0.008583069,0.0022649765,0.38814136,0.14250171
2019-02-03,PLAYAS,Antioquia,78.71000000000001,129968000.0,208500000.0,62.33477218225419,22.371002,-0.00497818,0.1136322,1011.76654,25.979004,0.86,0.024557114,0.0066161156,0.00035762787,0.37902895,0.1137412
2019-02-04,PLAYAS,Antioquia,71.88,144152000.0,208500000.0,69.13764988009592,22.898285,0.12567139,-0.020225525,1011.82983,26.05487,0.86,0.011444092,0.0062584877,0.00011920929,0.37089038,0.12728854
2019-02-05,PLAYAS,Antioquia,63.83,226392000.0,208500000.0,108.58129496402876,22.493378,0.29242325,0.11802673,1011.813,26.292572,0.86,0.035881996,0.0064969063,0.0004172325,0.37349868,0.3153437
2019-02-06,PLAYAS,Antioquia,75.5,161115000.0,208500000.0,77.27338129496403,22.554169,0.07141876,-0.019069672,1011.6356,26.275452,0.86,0.04017353,0.006735325,0.0008940697,0.3725973,0.07392085
2019-02-07,PLAYAS,Antioquia,89.68,142793000.0,208500000.0,68.48585131894484,22.611542,0.04202652,-0.15346527,1011.1456,26.157104,0.86,0.058054924,0.007748604,0.0019073486,0.3683373,0.15911573
2019-02-08,PLAYAS,Antioquia,82.88,184123000.0,208500000.0,88.3083932853717,22.526276,0.07865143,-0.40658188,1011.1794,25.790192,0.86,0.15795231,0.008702278,0.0030994415,0.38260594,0.4141194
2019-02-09,PLAYAS,Antioquia,62.09,186884000.0,208500000.0,89.6326139088729,22.492645,-0.13978195,-0.079502106,1012.355,25.75943,0.86,0.06556511,0.0067949295,0.0011920929,0.37426767,0.16080914
2019-02-10,PLAYAS,Antioquia,52.61,164109000.0,208500000.0,78.70935251798561,22.571991,-0.27867508,-0.12739182,1011.7645,25.519806,0.86,0.012397766,0.005543232,0.00023841858,0.36477774,0.30641228
2019-02-11,PLAYAS,Antioquia,57.9,131441000.0,208500000.0,63.04124700239808,22.99466,-0.31547546,-0.26200485,1011.053,25.644165,0.86,0.05185604,0.0074505806,0.0022053719,0.36866292,0.41008696
2019-02-12,PLAYAS,Antioquia,60.51,149046000.0,208500000.0,71.48489208633093,23.100006,0.41193008,0.1959343,1012.0236,25.787537,0.86,0.11122227,0.0069737434,0.0017881393,0.36516675,0.4561542
2019-02-13,PLAYAS,Antioquia,59.69,144897000.0,208500000.0,69.49496402877698,23.030487,-0.05644989,-0.2751007,1012.8192,26.131683,0.86,0.074625015,0.0057816505,0.00071525574,0.3653332,0.28083268
2019-02-14,PLAYAS,Antioquia,64.17,167297000.0,208500000.0,80.23836930455636,22.906036,-0.0020561218,-0.14474487,1013.79846,26.250732,0.86,0.12290478,0.009000301,0.0039339066,0.3688359,0.14475948
2019-02-15,PLAYAS,Antioquia,67.69,126023000.0,208500000.0,60.44268585131894,23.270538,-0.0776062,-0.1680336,1012.7508,26.414093,0.86,0.029325485,0.0051259995,0.00017881393,0.36039916,0.1850892
2019-02-16,PLAYAS,Antioquia,69.48,139469000.0,208500000.0,66.8916067146283,23.26175,-0.116176605,-0.10725403,1012.7553,26.688812,0.86,0.102996826,0.008285046,0.003516674,0.3604241,0.15811524
2019-02-17,PLAYAS,Antioquia,76.92999999999999,139219000.0,208500000.0,66.77170263788969,22.450226,0.012229919,-0.2560234,1013.2928,26.717468,0.86,0.18286705,0.008881092,0.00423193,0.37635598,0.25631535
2019-02-18,PLAYAS,Antioquia,70.75,147657000.0,208500000.0,70.81870503597122,22.361908,0.29587555,-0.044036865,1013.4934,26.851349,0.86,0.29277802,0.011205673,0.0064969063,0.38196272,0.29913473
2019-02-19,PLAYAS,Antioquia,67.23,203479000.0,208500000.0,97.59184652278178,21.816193,0.17695999,-0.25268555,1013.02466,27.212097,0.86,0.11718273,0.010073185,0.005543232,0.40096346,0.30848795
2019-02-20,PLAYAS,Antioquia,77.25999999999999,200795000.0,208500000.0,96.30455635491607,21.251312,-0.051448822,-0.36790848,1012.91425,27.298004,0.86,0.25880337,0.013411045,0.009000301,0.4099957,0.3714884
2019-02-21,PLAYAS,Antioquia,70.28,213594000.0,208500000.0,102.4431654676259,22.706451,0.4145279,-0.12290573,1012.8364,27.387634,0.86,0.23412704,0.08019805,0.02771616,0.4009292,0.43236464
2019-02-22,PLAYAS,Antioquia,75.1,204569000.0,208500000.0,98.1146282973621,23.757538,0.041484833,-0.2202568,1011.8284,27.460114,0.86,0.00023841858,0.0042915344,2.9802322e-05,0.39249384,0.22412954
2019-02-23,PLAYAS,Antioquia,85.61,242642000.0,208500000.0,116.37505995203836,21.966522,0.3523636,-0.09825897,1012.71655,27.437103,0.86,0.28538704,0.01347065,0.009059906,0.39900896,0.3658072
2019-02-24,PLAYAS,Antioquia,79.39,170325000.0,208500000.0,81.69064748201438,22.449066,0.15402985,-0.3949852,1012.7491,27.23816,0.86,0.12564659,0.0071525574,0.0030696392,0.40202767,0.4239558
2019-02-25,PLAYAS,Antioquia,81.31,168584000.0,208500000.0,80.85563549160672,22.730804,-0.48618317,-0.61297226,1011.688,27.143219,0.86,0.008940697,0.00423193,0.00011920929,0.39401537,0.78237396
2019-02-26,PLAYAS,Antioquia,83.12,181642000.0,208500000.0,87.11846522781774,23.286285,-0.12591171,-0.3055725,1012.2078,27.062988,0.86,0.00500679,0.0041127205,0.0,0.3839873,0.33049706
2019-02-27,PLAYAS,Antioquia,83.49,243751000.0,208500000.0,116.90695443645085,21.078522,0.01992035,-0.03952408,1013.29016,26.976257,0.86,0.100016594,0.0066161156,0.002682209,0.3823665,0.044260286
2019-02-28,PLAYAS,Antioquia,83.77,259813000.0,208500000.0,124.610551558753,22.441254,0.22105789,-0.20370483,1013.2019,26.967377,0.86,0.057935715,0.006020069,0.0022053719,0.38557845,0.30060315
2019-03-01,PLAYAS,Antioquia,78.24,251017000.0,226040000.0,111.0498141921784,22.680206,0.26320267,-0.2084961,1012.79095,26.983734,0.84,0.020742416,0.0049471855,0.0011324883,0.37655443,0.3357771
2019-03-02,PLAYAS,Antioquia,81.67999999999999,293745000.0,226040000.0,129.9526632454433,21.860199,0.3080597,0.05927658,1014.28033,26.883392,0.84,0.43296814,0.022888184,0.019222498,0.4088781,0.31371084
2019-03-03,PLAYAS,Antioquia,75.26,173119000.0,226040000.0,76.5877720757388,22.2258,0.11725998,-0.13068008,1012.8773,26.757446,0.84,0.07867813,0.007212162,0.0034570694,0.40318912,0.17557673
2019-03-04,PLAYAS,Antioquia,68.62,188074000.0,226040000.0,83.20385772429658,22.501556,0.5860901,-0.16357422,1012.9348,26.834381,0.84,0.083088875,0.0054836273,0.0019073486,0.40436783,0.6084884
2019-03-05,PLAYAS,Antioquia,69.63000000000001,191690000.0,226040000.0,84.8035745885684,22.61325,0.010177612,-0.33499527,1013.0087,26.737335,0.84,0.2605915,0.00923872,0.0056028366,0.39956093,0.33514985
2019-03-06,PLAYAS,Antioquia,83.77,189772000.0,226040000.0,83.95505220314988,22.490631,0.20048141,-0.45318985,1013.46204,26.820953,0.84,0.11861324,0.0073313713,0.0037550926,0.40277702,0.49555406
2019-03-07,PLAYAS,Antioquia,73.42,172427000.0,226040000.0,76.28163156963369,22.279266,0.021251678,0.0027122498,1013.3856,26.67511,0.84,0.34093857,0.025093555,0.021755695,0.40692025,0.021424055
2019-03-08,PLAYAS,Antioquia,82.12,227628000.0,226040000.0,100.7025305255707,22.637726,-0.118328094,-0.13412094,1012.2508,26.534882,0.84,0.14984608,0.00834465,0.0047683716,0.41150895,0.17885739
2019-03-09,PLAYAS,Antioquia,77.81,174222000.0,226040000.0,77.07573880729075,23.566132,-0.22502136,0.6186104,1010.3861,26.4346,0.84,0.27155876,0.016987324,0.013530254,0.40573606,0.6582655
2019-03-10,PLAYAS,Antioquia,79.56,135346000.0,226040000.0,59.87701291806759,22.976288,-0.4492798,-0.2829094,1011.4211,26.362732,0.84,0.28157234,0.02026558,0.01680851,0.3996406,0.5309332
2019-03-11,PLAYAS,Antioquia,74.91,190293000.0,226040000.0,84.1855423818793,22.685211,0.04792404,0.14539719,1012.3069,26.760834,0.84,0.41651726,0.13315678,0.045239925,0.39947334,0.15309165
2019-03-12,PLAYAS,Antioquia,77.18,217897000.0,226040000.0,96.39754025836136,22.846283,0.2618637,-0.050792694,1011.4895,26.605377,0.84,0.06580353,0.0054240227,0.0019669533,0.39681143,0.26674426
2019-03-13,PLAYAS,Antioquia,72.43,200247000.0,226040000.0,88.58918775437976,23.84372,-0.28518677,-0.10971451,1010.6853,26.71408,0.84,0.19288063,0.009775162,0.0061392784,0.39604482,0.30556303
2019-03-14,PLAYAS,Antioquia,65.9,211424000.0,226040000.0,93.5338878074677,22.825958,0.5681114,-0.27735138,1011.58453,26.759857,0.84,0.20182133,0.009357929,0.005841255,0.39855105,0.63219804
2019-03-15,PLAYAS,Antioquia,66.38,187926000.0,226040000.0,83.13838258715272,23.346344,-0.21416092,0.028816223,1013.0505,26.853973,0.84,0.1039505,0.00756979,0.003874302,0.4037192,0.21609089
2019-03-16,PLAYAS,Antioquia,60.8,160599000.0,226040000.0,71.04892939302778,23.292572,0.009365082,-0.079566956,1012.10815,26.983124,0.84,0.04029274,0.005841255,0.002026558,0.41020533,0.0801162
2019-03-17,PLAYAS,Antioquia,65.4,160295000.0,226040000.0,70.91443992213767,23.237091,0.19278717,-0.14807129,1011.03406,26.928375,0.84,0.11444092,0.01001358,0.0061392784,0.40597206,0.24308847
2019-03-18,PLAYAS,Antioquia,69.76,247898000.0,226040000.0,109.66996991682888,22.313446,0.32339478,-0.18925476,1011.1742,26.633331,0.84,0.5660057,0.0551939,0.051259995,0.41428933,0.37470195
2019-03-19,PLAYAS,Antioquia,84.07,365670000.0,226040000.0,161.77225269863743,21.257355,0.36792755,0.17162323,1013.15594,26.252106,0.84,0.8702278,0.37765503,0.1502037,0.425601,0.40598673
2019-03-20,PLAYAS,Antioquia,87.97,242434000.0,226040000.0,107.25269863740932,21.78946,0.2651825,-0.26014328,1014.2561,26.114838,0.84,0.2527237,0.02527237,0.02002716,0.42578995,0.37147853
2019-03-21,PLAYAS,Antioquia,85.68,205037000.0,226040000.0,90.70828172004954,21.522308,0.33570862,-0.18190384,1013.70874,25.641449,0.84,0.14340878,0.008285046,0.0022649765,0.43248156,0.38182363
2019-03-22,PLAYAS,Antioquia,83.72,231296000.0,226040000.0,102.32525216775792,21.013702,0.1561737,0.13092422,1013.90955,25.022888,0.84,0.62572956,0.15819073,0.056505203,0.45658916,0.20379248
2019-03-23,PLAYAS,Antioquia,81.67999999999999,198575000.0,226040000.0,87.84949566448417,21.308136,-0.096759796,-0.10493088,1014.91034,24.552155,0.84,0.07426739,0.015676022,0.004351139,0.46063372,0.14273384
2019-03-24,PLAYAS,Antioquia,79.49000000000001,214211000.0,226040000.0,94.7668554238188,22.162079,0.034389496,-0.16378021,1014.7377,24.278503,0.84,0.11372566,0.023841858,0.010728836,0.45612866,0.16735171
2019-03-25,PLAYAS,Antioquia,77.51,205136000.0,226040000.0,90.75207927800388,22.006073,0.26226807,-0.18000412,1012.8708,24.184418,0.84,0.14555454,0.019907951,0.0054240227,0.43970886,0.3180975
2019-03-26,PLAYAS,Antioquia,77.29,267961000.0,226040000.0,118.54583259600072,21.565643,0.009227753,0.075222015,1012.0536,24.242432,0.84,0.11694431,0.021398067,0.0045597553,0.43537864,0.075785905
2019-03-27,PLAYAS,Antioquia,74.3,208237000.0,226040000.0,92.12396036099804,21.977875,0.32522964,-0.0010299683,1012.41986,24.356232,0.84,0.09715557,0.023782253,0.004887581,0.4419105,0.32523128
2019-03-28,PLAYAS,Antioquia,72.92999999999999,340083000.0,226040000.0,150.45257476552823,22.7836,0.08786011,0.2961998,1012.715,24.573639,0.84,0.13315678,0.02425909,0.0030994415,0.4348359,0.30895585
2019-03-29,PLAYAS,Antioquia,72.89999999999999,293645000.0,226040000.0,129.90842328791365,20.509064,0.09141159,0.20044327,1014.3575,24.653656,0.84,0.4593134,0.053465366,0.030755997,0.47414905,0.22030339
2019-03-30,PLAYAS,Antioquia,72.22,210316000.0,226040000.0,93.04370907803929,22.631683,-0.34996033,0.17651749,1013.45154,24.667236,0.84,0.1142025,0.034689903,0.009596348,0.46235695,0.39195746
2019-03-31,PLAYAS,Antioquia,72.78,205933000.0,226040000.0,91.10467173951513,23.437775,-0.2500534,0.056415558,1011.8114,24.702484,0.84,0.019550323,0.027894974,0.00047683716,0.43814167,0.25633848
2019-04-01,PLAYAS,Antioquia,76.29,383163000.0,310120000.0,123.55314071972138,21.792633,-0.04157257,-0.11433029,1013.76154,24.641998,0.77,0.3361702,0.057399273,0.028133392,0.4620564,0.121654
2019-04-02,PLAYAS,Antioquia,91.54,617673000.0,310120000.0,199.1722559009416,20.838348,0.05268097,0.005672455,1015.0112,24.615326,0.77,0.5978346,0.12266636,0.07802248,0.4785669,0.052985482
2019-04-03,PLAYAS,Antioquia,74.3,265603000.0,310120000.0,85.6452341029279,21.85318,0.04093933,-0.46809387,1014.8259,24.770721,0.77,0.030755997,0.06967783,0.0009536743,0.455878,0.46988073
2019-04-04,PLAYAS,Antioquia,94.14,246522000.0,310120000.0,79.49245453372889,21.915802,0.22149277,-0.19403076,1014.08405,24.816498,0.77,0.10514259,0.07200241,0.0023841858,0.4442014,0.2944605
2019-04-05,PLAYAS,Antioquia,89.08,449014000.0,310120000.0,144.78717915645555,22.517181,-0.36838531,-0.57764435,1013.40826,24.842865,0.77,0.027537346,0.07081032,0.0026226044,0.4438542,0.68511367
2019-04-06,PLAYAS,Antioquia,83.52000000000001,441565000.0,310120000.0,142.38520572681543,22.650848,-0.14736557,-0.22361755,1013.98596,24.796997,0.77,0.096321106,0.06937981,0.003516674,0.43143195,0.26780856
2019-04-07,PLAYAS,Antioquia,77.75,386398000.0,310120000.0,124.59628530891268,22.361847,0.027500153,0.02363205,1013.8872,24.923126,0.77,0.103116035,0.068724155,0.0057816505,0.4277159,0.036259234
2019-04-08,PLAYAS,Antioquia,87.07000000000001,298650000.0,310120000.0,96.30143170385658,22.065277,0.05542755,-0.125988,1013.27814,25.02539,0.77,0.04351139,0.060737133,0.00071525574,0.4302829,0.13764153
2019-04-09,PLAYAS,Antioquia,109.92,291506000.0,310120000.0,93.99780730039986,22.267914,0.2050476,-0.26441956,1012.97235,25.05127,0.77,0.10788441,0.06234646,0.00590086,0.43191814,0.33460757
2019-04-10,PLAYAS,Antioquia,110.3,257262000.0,310120000.0,82.95563007867922,21.278229,0.37606812,-0.2519226,1013.5555,25.112244,0.77,0.38051605,0.08159876,0.028252602,0.46112183,0.45265022
2019-04-11,PLAYAS,Antioquia,104.56,270563000.0,310120000.0,87.24461498774669,21.987518,-0.24834824,-0.27446365,1013.2502,25.08841,0.77,0.113129616,0.05400181,0.0032782555,0.4616994,0.37014475
2019-04-12,PLAYAS,Antioquia,106.16,231784000.0,310120000.0,74.74010060621696,22.870026,-0.30872726,0.20974731,1012.10175,25.183075,0.77,0.006914139,0.04810095,0.00011920929,0.44595453,0.3732378
2019-04-13,PLAYAS,Antioquia,103.54,263164000.0,310120000.0,84.85876434928414,23.146515,-0.16846466,-0.107406616,1011.3586,25.216492,0.77,0.00023841858,0.04518032,0.0,0.4318616,0.1997912
2019-04-14,PLAYAS,Antioquia,104.03,317741000.0,310120000.0,102.45743583129112,22.348785,-0.4141655,-0.18971634,1011.59845,25.156403,0.77,0.08893013,0.046908855,0.0042915344,0.43639404,0.4555495
2019-04-15,PLAYAS,Antioquia,105.64,364216000.0,310120000.0,117.44357023087836,22.13321,0.11895752,-0.06666565,1013.6987,25.117737,0.77,0.11754036,0.045120716,0.0044703484,0.4346903,0.13636422
2019-04-16,PLAYAS,Antioquia,104.59,274320000.0,310120000.0,88.4560815168322,23.316742,-0.14027405,0.009017944,1013.0549,25.080444,0.77,0.005722046,0.03874302,0.00011920929,0.42321718,0.14056362
2019-04-17,PLAYAS,Antioquia,110.13,335203000.0,310120000.0,108.08815942215917,22.17691,0.32297516,0.06749344,1011.6872,24.97995,0.77,0.17237663,0.04130602,0.0044107437,0.42685622,0.329952
2019-04-18,PLAYAS,Antioquia,101.14,394415000.0,310120000.0,127.18141364633044,21.641022,0.34532166,-0.2065773,1011.84143,25.064941,0.77,0.3324747,0.1000762,0.05978346,0.4818015,0.40239438
2019-04-19,PLAYAS,Antioquia,92.37,354353000.0,310120000.0,114.26318844318328,21.755829,-0.051876068,-0.26475525,1012.7136,25.046814,0.77,0.04172325,0.037908554,0.0033974648,0.46976265,0.2697897
2019-04-20,PLAYAS,Antioquia,90.84,427389000.0,310120000.0,137.81407197213983,21.551544,-0.021595001,-0.005596161,1014.1361,24.968903,0.77,0.22506714,0.044047832,0.010669231,0.46467817,0.022308318
2019-04-21,PLAYAS,Antioquia,105.86,406398000.0,310120000.0,131.04540177995614,21.351837,-0.12412262,-0.16334534,1014.59576,25.018036,0.77,0.48077106,0.08404255,0.051498413,0.49227738,0.20515391
2019-04-22,PLAYAS,Antioquia,101.46,462370000.0,310120000.0,149.0938991358184,20.52707,-0.65369797,0.12388229,1014.4314,25.072296,0.77,2.4254322,0.8274317,0.6606579,0.502874,0.6653329
2019-04-23,PLAYAS,Antioquia,91.76,382068000.0,310120000.0,123.20005159293176,21.69339,-0.4690361,-0.6944847,1013.01874,25.288605,0.77,0.3453493,0.10508299,0.06252527,0.491135,0.8380357
2019-04-24,PLAYAS,Antioquia,94.51,433732000.0,310120000.0,139.85940926093124,21.894562,-0.3513298,0.19963455,1013.8286,25.288757,0.77,0.5213022,0.13965368,0.09137392,0.5006308,0.40408733
2019-04-25,PLAYAS,Antioquia,85.68,413222000.0,310120000.0,133.24584031987618,22.457672,-0.087150574,-0.06597519,1013.8828,25.299591,0.77,0.031113625,0.05733967,0.0016093254,0.47911707,0.10930667
2019-04-26,PLAYAS,Antioquia,79.07,541204000.0,310120000.0,174.51438152973043,22.616913,-0.2259903,0.30327225,1014.322,25.179535,0.77,0.08833408,0.06097555,0.003993511,0.4649944,0.3782138
2019-04-27,PLAYAS,Antioquia,65.7,312853000.0,310120000.0,100.88127176576808,23.541595,-0.012199402,-0.023181915,1012.6275,25.186218,0.77,0.0021457672,0.055909157,0.00017881393,0.45218053,0.026195927
2019-04-28,PLAYAS,Antioquia,47.010000000000005,270148000.0,310120000.0,87.11079582097253,23.182587,-0.49184036,0.48809814,1011.28955,25.131317,0.77,0.0,0.054240227,0.0,0.43903068,0.6929262
2019-04-29,PLAYAS,Antioquia,52.580000000000005,250924000.0,310120000.0,80.91190506900554,23.8721,-0.39442062,0.67850494,1011.10425,25.023651,0.77,0.0023841858,0.052571297,0.00023841858,0.4261656,0.78481627
2019-04-30,PLAYAS,Antioquia,74.38,198730000.0,310120000.0,64.08164581452341,23.769135,-0.23474121,0.6791954,1011.6953,24.853455,0.77,0.00047683716,0.05030632,0.0,0.41404662,0.7186166
2019-05-01,PLAYAS,Antioquia,61.9,171883000.0,404570000.0,42.48535482116815,24.045197,-0.23329926,0.29771042,1012.21173,24.699219,0.64,0.0,0.04798174,0.0,0.4024068,0.37823278
2019-05-02,PLAYAS,Antioquia,57.87,231450000.0,404570000.0,57.20888844946487,23.626068,-0.25830078,0.5744171,1011.34283,24.517792,0.64,0.0,0.045657158,0.0,0.38978234,0.6298208
2019-05-03,PLAYAS,Antioquia,56.38,192063000.0,404570000.0,47.47336678448723,23.292877,-0.32670975,0.6036873,1011.3278,24.326752,0.64,0.0,0.043153763,0.0,0.37907806,0.6864238
2019-05-04,PLAYAS,Antioquia,62.66,194269000.0,404570000.0,48.018637071458585,23.466766,-0.5438881,0.21580124,1012.0161,24.369019,0.64,0.025987625,0.04118681,0.00023841858,0.37116086,0.58513623
2019-05-05,PLAYAS,Antioquia,67.92,185078000.0,404570000.0,45.74684232642065,24.530487,-0.28735733,0.5521698,1010.6275,24.275024,0.64,0.007867813,0.038921833,0.00023841858,0.3705228,0.62246746
2019-05-06,PLAYAS,Antioquia,74.67,175091000.0,404570000.0,43.278295474207184,24.815338,-0.10498428,0.70476913,1011.0731,24.187683,0.64,0.097990036,0.038206577,0.0015497208,0.3730634,0.71254563
2019-05-07,PLAYAS,Antioquia,74.83,168933000.0,404570000.0,41.75618557975135,25.058563,-0.5232887,0.43597794,1011.97015,24.203827,0.64,0.004172325,0.034570694,0.00023841858,0.36317432,0.6811078
2019-05-08,PLAYAS,Antioquia,76.34,238500000.0,404570000.0,58.951479348444025,22.333466,0.42853928,0.37099457,1012.6036,24.297699,0.64,0.36728382,0.043213367,0.010430813,0.39800242,0.5668182
2019-05-09,PLAYAS,Antioquia,78.11,279272000.0,404570000.0,69.0293397928665,22.573639,-0.059322357,-0.05001831,1012.55347,24.319,0.64,0.23472309,0.04541874,0.013977289,0.38637513,0.07759493
2019-05-10,PLAYAS,Antioquia,79.93,434780000.0,404570000.0,107.46718738413624,21.476837,-0.06586456,0.15081024,1012.5742,24.314606,0.64,0.7702112,0.106573105,0.07635355,0.47894326,0.1645657
2019-05-11,PLAYAS,Antioquia,109.31,868956000.0,404570000.0,214.78508045579252,22.139008,-0.16826248,-0.23257446,1013.2455,24.18753,0.64,0.25105476,0.04184246,0.013053417,0.48273873,0.28705946
2019-05-12,PLAYAS,Antioquia,109.83,572232000.0,404570000.0,141.44202486590703,22.897186,-0.3525238,0.22237778,1013.3219,24.118988,0.64,0.14686584,0.032663345,0.0047683716,0.4704964,0.4168032
2019-05-13,PLAYAS,Antioquia,103.13,314181000.0,404570000.0,77.65800726697482,22.954315,-0.5169182,0.57865524,1013.1039,24.140839,0.64,0.012516975,0.027298927,0.00023841858,0.4513029,0.7759164
2019-05-14,PLAYAS,Antioquia,96.39,481224000.0,404570000.0,118.9470301801913,22.127594,-0.25708008,0.45020676,1013.77325,24.15268,0.64,0.0821352,0.037550926,0.011265278,0.44948578,0.5184364
2019-05-15,PLAYAS,Antioquia,94.71,405807000.0,404570000.0,100.305756729367,22.82016,-0.21473694,0.25998688,1013.3864,24.072418,0.64,0.007748604,0.025510788,5.9604645e-05,0.4355631,0.33720192
2019-05-16,PLAYAS,Antioquia,97.12,262375000.0,404570000.0,64.85280668363941,22.72763,-0.056045532,0.45238876,1013.58984,24.186981,0.64,0.28073788,0.032663345,0.007987022,0.4378754,0.45584723
2019-05-17,PLAYAS,Antioquia,100.09,355845000.0,404570000.0,87.95634871592061,22.671661,-0.31847382,-0.07722092,1013.10547,24.25232,0.64,0.026583672,0.02515316,0.0015497208,0.42721823,0.32770208
2019-05-18,PLAYAS,Antioquia,103.16,328766000.0,404570000.0,81.26306943174234,22.347443,0.07953644,0.27088165,1011.9761,24.20404,0.64,0.118374825,0.025689602,0.0028014183,0.43212086,0.28231704
2019-05-19,PLAYAS,Antioquia,107.29,471391000.0,404570000.0,116.51654843413996,20.79776,-0.06431961,-0.18406296,1013.66565,24.29364,0.64,1.2902021,0.42158365,0.28282404,0.48054716,0.1949774
2019-05-20,PLAYAS,Antioquia,110.95,446419000.0,404570000.0,110.34406901154313,21.615631,0.21292496,0.318573,1013.5544,24.26294,0.64,0.08499622,0.028908253,0.006735325,0.48381338,0.38317853
2019-05-21,PLAYAS,Antioquia,116.05,584123000.0,404570000.0,144.38119484885186,21.380035,-0.21741104,0.14676666,1012.8117,24.1503,0.64,0.42533875,0.14841557,0.047922134,0.48364276,0.2623128
2019-05-22,PLAYAS,Antioquia,120.45,726993000.0,404570000.0,179.69523197468916,22.774506,-0.23941803,0.5072365,1013.0609,24.029266,0.64,0.056028366,0.025868416,0.00166893,0.46952498,0.5609009
2019-05-23,PLAYAS,Antioquia,113.23,679676000.0,404570000.0,167.99960451837754,20.947906,0.11274719,0.05639267,1014.0608,23.944916,0.64,0.85783005,0.12362003,0.096678734,0.4777537,0.12606372
2019-05-24,PLAYAS,Antioquia,114.27,489736000.0,404570000.0,121.05099241169636,22.159882,-0.46032333,0.71489716,1012.6311,23.712372,0.64,0.038266182,0.03439188,0.0029802322,0.46610677,0.8502796
2019-05-25,PLAYAS,Antioquia,116.37,531311000.0,404570000.0,131.32733519539264,20.50235,0.21377182,-0.17108536,1013.89124,23.449188,0.64,0.2810955,0.048220158,0.012040138,0.46781772,0.27380392
2019-05-26,PLAYAS,Antioquia,105.56,493762000.0,404570000.0,122.04612304421978,22.118683,-0.27851486,-0.073913574,1013.14813,23.31311,0.64,0.032424927,0.0436306,0.0022053719,0.45395052,0.28815576
2019-05-27,PLAYAS,Antioquia,106.72,903928000.0,404570000.0,223.4293200187854,21.619171,0.20745087,0.2842636,1013.6863,23.171295,0.64,0.12588501,0.052809715,0.008285046,0.46635813,0.35191143
2019-05-28,PLAYAS,Antioquia,110.56,563294000.0,404570000.0,139.23276565242108,21.365265,-0.022636414,-0.2234993,1013.5589,23.158905,0.64,0.10848045,0.05340576,0.0062584877,0.46966267,0.2246427
2019-05-29,PLAYAS,Antioquia,109.52,516433000.0,404570000.0,127.64985045851152,21.151886,0.12674332,-0.024559021,1013.6308,23.095184,0.64,0.16403198,0.07861853,0.012218952,0.48298904,0.12910078
2019-05-30,PLAYAS,Antioquia,113.41,791915000.0,404570000.0,195.7423931581679,20.184174,0.017608643,-0.057445526,1015.1291,22.928253,0.64,0.14662743,0.0936389,0.0121593475,0.48111796,0.060083717
2019-05-31,PLAYAS,Antioquia,115.39,544763000.0,404570000.0,134.6523469362533,21.773468,-0.063137054,-0.3732872,1014.1944,22.79004,0.64,0.16379356,0.0936985,0.0086426735,0.47541177,0.37858897
2019-06-01,PLAYAS,Antioquia,114.19,628242000.0,366780000.0,171.2857843939146,21.067596,0.07116318,0.20266724,1014.6184,22.86444,0.52,1.5269518,0.459373,0.32699108,0.5038165,0.21479805
2019-06-02,PLAYAS,Antioquia,109.33,532301000.0,366780000.0,145.12814221058946,22.371857,-0.15481567,-0.13668823,1013.66,22.779938,0.52,0.076532364,0.24151802,0.0053048134,0.48271835,0.20652255
2019-06-03,PLAYAS,Antioquia,110.07,400170000.0,366780000.0,109.10354981187632,23.575836,-0.041324615,0.48106384,1013.4675,22.911835,0.52,0.00023841858,0.17780066,0.0,0.4651042,0.48283553
2019-06-04,PLAYAS,Antioquia,110.37,369598000.0,366780000.0,100.76830797753422,23.448761,-0.19699478,0.6358299,1013.7903,23.138794,0.52,0.10228157,0.14072657,0.004172325,0.44994134,0.66564757
2019-06-05,PLAYAS,Antioquia,114.94,402634000.0,366780000.0,109.77534216696658,23.48117,-0.17142105,0.19826126,1012.62,23.359589,0.52,0.0,0.10955334,0.0,0.43146935,0.26209295
2019-06-06,PLAYAS,Antioquia,111.37,434735000.0,366780000.0,118.52745515022627,22.59726,-0.34776688,0.48753738,1012.1852,23.453094,0.52,0.007033348,0.09202957,0.00047683716,0.41901493,0.598861
2019-06-07,PLAYAS,Antioquia,118.84,658473000.0,366780000.0,179.52805496482904,20.37204,-0.23797607,-0.42760468,1013.77765,23.34732,0.52,0.30374527,0.09542704,0.015616417,0.44136894,0.48936528
2019-06-08,PLAYAS,Antioquia,113.34,504155000.0,366780000.0,137.45433229728994,22.062592,-0.4984131,-0.017375946,1013.92017,23.211975,0.52,0.009298325,0.07092953,0.00017881393,0.4400593,0.49871588
2019-06-09,PLAYAS,Antioquia,116.11,445269000.0,366780000.0,121.3994765254376,23.20401,-0.19697571,0.29006577,1013.2455,23.091217,0.52,0.0047683716,0.062942505,5.9604645e-05,0.42639717,0.35062456
2019-06-10,PLAYAS,Antioquia,118.68,361766000.0,366780000.0,98.63296799171164,22.539337,0.06883621,0.60388184,1013.91205,23.267303,0.52,0.015497208,0.056624413,0.00059604645,0.41264272,0.60779244
2019-06-11,PLAYAS,Antioquia,111.63,356782000.0,366780000.0,97.27411527346092,22.817657,-0.6272516,0.7027359,1013.35736,23.376465,0.52,0.3682375,0.06723404,0.01680851,0.42490122,0.9419567
2019-06-12,PLAYAS,Antioquia,113.37,431970000.0,366780000.0,117.77359725175856,22.26419,-0.48316574,0.73558426,1013.95984,23.372559,0.52,0.21636486,0.049352646,0.003516674,0.42243883,0.8800758
2019-06-13,PLAYAS,Antioquia,111.26,379340000.0,366780000.0,103.42439609575224,22.242767,-0.14196396,0.1348114,1014.4459,23.439484,0.52,0.013232231,0.042319298,0.00011920929,0.40361792,0.19577508
2019-06-14,PLAYAS,Antioquia,113.98,414506000.0,366780000.0,113.01215987785594,23.08731,-0.42288208,0.2257042,1014.3272,23.624725,0.52,0.027894974,0.039339066,0.00029802322,0.39305344,0.47934502
2019-06-15,PLAYAS,Antioquia,115.21,561714000.0,366780000.0,153.147390806478,23.06076,-0.42033768,-0.07151413,1013.6859,23.665588,0.52,0.151515,0.039041042,0.0031590462,0.3974569,0.4263778
2019-06-16,PLAYAS,Antioquia,112.23,339058000.0,366780000.0,92.44179071923224,22.963654,-0.1590271,0.69612503,1013.4417,23.621094,0.52,0.026583672,0.0346303,0.0011324883,0.39087763,0.7140586
2019-06-17,PLAYAS,Antioquia,113.05,265895000.0,366780000.0,72.4944108184743,23.73758,0.23855972,1.245327,1012.1722,23.573181,0.52,0.00071525574,0.031352043,0.0,0.379915,1.2679708
2019-06-18,PLAYAS,Antioquia,108.5,251377000.0,366780000.0,68.53617972626643,23.751434,0.23345184,0.76403046,1011.3325,23.325409,0.52,0.0,0.02938509,0.0,0.3660186,0.79890066
2019-06-19,PLAYAS,Antioquia,114.92,279049000.0,366780000.0,76.08075685697148,23.44809,-0.069488525,1.0815582,1011.9451,23.234375,0.52,0.00047683716,0.027477741,0.0,0.3545769,1.0837883
2019-06-20,PLAYAS,Antioquia,112.33,214897000.0,366780000.0,58.59016304051475,23.84726,0.04063034,1.0713387,1012.1828,23.234375,0.52,0.0,0.02592802,0.0,0.3441655,1.0721087
2019-06-21,PLAYAS,Antioquia,112.42000000000002,224103000.0,366780000.0,61.10011451006052,23.171234,0.23034668,0.8306885,1013.1294,23.234375,0.52,0.0,0.02425909,0.0,0.33407193,0.86203414
2019-06-22,PLAYAS,Antioquia,118.73,214981100.0,366780000.0,58.61309231692022,24.230682,-0.09337616,1.1016579,1014.16437,23.10971,0.52,0.0,0.022828579,0.0,0.32412273,1.1056081
2019-06-23,PLAYAS,Antioquia,112.45,220459000.0,366780000.0,60.106603413490376,23.757355,-0.09846115,1.144928,1013.2872,22.698486,0.52,0.0,0.021517277,0.0,0.31611332,1.1491538
2019-06-24,PLAYAS,Antioquia,110.47,238480000.0,366780000.0,65.01990293909155,23.986847,-0.95396805,0.85593796,1013.8176,22.549713,0.52,0.000834465,0.020325184,0.0,0.30580074,1.2816727
2019-06-25,PLAYAS,Antioquia,114.8,234403000.0,366780000.0,63.90833742297836,22.45694,-0.14606857,0.19812775,1014.2692,22.456635,0.52,0.022768974,0.019669533,0.00047683716,0.3110149,0.24615164
2019-06-26,PLAYAS,Antioquia,109.83,204213000.0,366780000.0,55.67724521511532,24.05252,-0.44532013,1.0222511,1011.91266,22.550018,0.52,0.058174133,0.01859665,0.0004172325,0.3072972,1.115037
2019-06-27,PLAYAS,Antioquia,112.68,221479000.0,366780000.0,60.384699274769616,24.94278,-0.5680008,0.60886,1010.5486,22.666199,0.52,0.0,0.017225742,0.0,0.29701695,0.83266765
2019-06-28,PLAYAS,Antioquia,111.42,225720000.0,366780000.0,61.540978243088496,24.54123,-0.20604324,1.1154594,1010.8284,22.66336,0.52,0.007867813,0.016629696,0.00035762787,0.30632767,1.1343296
2019-06-29,PLAYAS,Antioquia,102.26,198054000.0,366780000.0,53.99803697039097,23.769135,-0.4629364,0.78235245,1011.7402,22.64035,0.52,0.0,0.015437603,0.0,0.301409,0.90905744
2019-06-30,PLAYAS,Antioquia,103.53000000000002,210189000.0,366780000.0,57.30655979061018,23.798004,-0.7284508,0.605423,1012.33624,22.769257,0.52,0.0,0.014662743,0.0,0.29543594,0.9471946
2019-07-01,PLAYAS,Antioquia,102.1,205726000.0,324420000.0,63.41347635780779,23.029572,-1.1234322,0.8719902,1013.9886,22.84082,0.33,0.028014183,0.0140070915,0.00023841858,0.29483724,1.4221345
2019-07-02,PLAYAS,Antioquia,110.92,214779000.0,324420000.0,66.20399482152764,23.592682,-0.32300186,0.20856094,1013.01013,22.6503,0.33,0.01347065,0.013649464,0.0005364418,0.2947801,0.3844839
2019-07-03,PLAYAS,Antioquia,107.97,356006000.0,324420000.0,109.73614450403797,23.229156,-0.84191895,0.2337799,1012.3031,22.507599,0.33,0.1399517,0.01513958,0.0023841858,0.32805493,0.87377375
2019-07-04,PLAYAS,Antioquia,112.03,255950000.0,324420000.0,78.89464274705628,24.011932,0.113464355,0.34163284,1011.39966,22.325836,0.33,0.020980835,0.012099743,5.9604645e-05,0.3190322,0.35998216
2019-07-05,PLAYAS,Antioquia,105.9,373941000.0,324420000.0,115.26447198076568,23.264557,-0.40634537,1.1814728,1013.03357,22.505219,0.33,0.27537346,0.015318394,0.0039339066,0.34678733,1.2493976
2019-07-06,PLAYAS,Antioquia,100.96,318129000.0,324420000.0,98.06084705012022,24.22165,-0.3185501,1.4851837,1013.3184,22.468292,0.33,0.078082085,0.014305115,0.0032782555,0.33694935,1.5189618
2019-07-07,PLAYAS,Antioquia,106.63,222737000.0,324420000.0,68.65698785524937,24.004974,-0.031791687,0.9292145,1012.7992,22.53299,0.33,0.0,0.010371208,0.0,0.32162696,0.9297582
2019-07-08,PLAYAS,Antioquia,101.1,197156000.0,324420000.0,60.77183897416929,23.76175,-0.4259529,0.90792084,1013.3317,22.355804,0.33,0.008106232,0.01001358,0.00011920929,0.32454675,1.0028739
2019-07-09,PLAYAS,Antioquia,107.66,221593000.0,324420000.0,68.3043585475618,22.585602,0.14754486,0.22149658,1015.63983,22.33258,0.33,0.16582012,0.011444092,0.0017881393,0.3199091,0.26613948
2019-07-10,PLAYAS,Antioquia,102.44,210241000.0,324420000.0,64.80519080204672,23.726898,-0.79693985,0.77859116,1014.3152,22.059662,0.33,0.0,0.009298325,0.0,0.31191635,1.1141442
2019-07-11,PLAYAS,Antioquia,110.56,247390300.0,324420000.0,76.2561802601566,23.698639,-1.3529358,0.289196,1012.9255,21.932861,0.33,0.07891655,0.009775162,0.001013279,0.30677456,1.383499
2019-07-12,PLAYAS,Antioquia,112.65,260756000.0,324420000.0,80.37605573022624,23.820038,-0.5297203,0.45677948,1011.7434,21.839844,0.33,0.11873245,0.009536743,0.0010728836,0.3101083,0.69946486
2019-07-13,PLAYAS,Antioquia,110.41,321961000.0,324420000.0,99.24203193391284,23.651276,-0.4371872,0.54306793,1012.13873,21.925415,0.33,0.009417534,0.008225441,0.00023841858,0.31285387,0.69717675
2019-07-14,PLAYAS,Antioquia,111.76,465482000.0,324420000.0,143.48128968620924,23.884674,-0.767704,0.86548233,1012.29846,22.160217,0.33,0.11456013,0.008523464,0.00071525574,0.30609858,1.156905
2019-07-15,PLAYAS,Antioquia,109.52,552868000.0,324420000.0,170.41736021207078,23.53238,-1.3720169,0.8962364,1013.01654,22.147583,0.33,0.038266182,0.007987022,0.00047683716,0.30574775,1.6388015
2019-07-16,PLAYAS,Antioquia,110.41,295123000.0,324420000.0,90.96942235373898,22.287994,-0.4816208,0.32391357,1014.64404,22.088043,0.33,0.17631054,0.009357929,0.0020861626,0.32293397,0.58041245
2019-07-17,PLAYAS,Antioquia,100.32,220426000.0,324420000.0,67.94463966463226,23.291962,-0.26420593,1.3483772,1013.52826,21.93753,0.33,0.00023841858,0.007033348,0.0,0.31998387,1.3740182
2019-07-18,PLAYAS,Antioquia,97.62,217551000.0,324420000.0,67.05844275938598,24.518097,-0.18423843,0.91101456,1012.35175,21.75174,0.33,0.00047683716,0.00667572,0.0,0.31100976,0.92945755
2019-07-19,PLAYAS,Antioquia,98.54,233828000.0,324420000.0,72.07570433388817,24.642914,-0.2021904,1.0408096,1012.48236,21.448822,0.33,0.0,0.0063180923,0.0,0.30416143,1.0602667
2019-07-20,PLAYAS,Antioquia,86.69,242013000.0,324420000.0,74.59866839282412,23.78653,-0.035957336,1.1598091,1011.1802,21.314453,0.33,0.0,0.006198883,0.0,0.29970568,1.1603664
2019-07-21,PLAYAS,Antioquia,72.28,248615000.0,324420000.0,76.63368472967142,24.514679,-0.3465805,0.81402206,1010.77856,21.128998,0.33,0.0,0.0059604645,0.0,0.29432964,0.8847316
2019-07-22,PLAYAS,Antioquia,73.21,203741000.0,324420000.0,62.801615190185565,23.843964,-0.359066,0.52469254,1012.35565,20.868042,0.33,0.008583069,0.005722046,5.9604645e-05,0.2906463,0.63579136
2019-07-23,PLAYAS,Antioquia,72.19,573523000.0,324420000.0,176.7841070217619,22.843475,-0.46264648,0.40408325,1014.71265,20.623016,0.33,0.002026558,0.0054836273,5.9604645e-05,0.29300833,0.6142679
2019-07-24,PLAYAS,Antioquia,66.95,265304000.0,324420000.0,81.77794217372542,23.179413,-1.0731316,0.22632599,1014.66315,20.47409,0.33,0.011086464,0.0056028366,0.00023841858,0.29387945,1.0967382
2019-07-25,PLAYAS,Antioquia,67.22,251519000.0,324420000.0,77.52882066457062,23.027924,-0.92329407,0.72301865,1013.9269,20.328125,0.33,0.02360344,0.006020069,0.00071525574,0.288882,1.1727011
2019-07-26,PLAYAS,Antioquia,71.27,245739000.0,324420000.0,75.7471795820233,23.10318,-1.099678,0.99551773,1014.4308,20.177002,0.33,0.17273426,0.0070929527,0.002026558,0.3322863,1.4833568
2019-07-27,PLAYAS,Antioquia,65.48,243203000.0,324420000.0,74.96547685099563,23.085724,-0.1947403,1.0100594,1014.5544,20.19983,0.33,0.07331371,0.009179115,0.0044107437,0.3169968,1.0286611
2019-07-28,PLAYAS,Antioquia,66.23,253381000.0,324420000.0,78.10276801676838,23.805328,-0.46214676,0.97426605,1013.8002,20.359467,0.33,0.0,0.004708767,0.0,0.30981255,1.07832
2019-07-29,PLAYAS,Antioquia,72.92999999999999,182304000.0,324420000.0,56.19382282226744,23.623322,-0.6870842,0.5254135,1012.70624,20.48404,0.33,0.0,0.0046491623,0.0,0.30397165,0.8649532
2019-07-30,PLAYAS,Antioquia,68.96,257278000.0,324420000.0,79.3039886566796,24.584808,-0.73890305,1.0303116,1012.8795,20.740967,0.33,0.0042915344,0.004351139,0.0,0.30073318,1.26788
2019-07-31,PLAYAS,Antioquia,64.64999999999999,199407000.0,324420000.0,61.4656926206769,23.98233,-0.26304245,1.3498421,1012.3364,20.879608,0.33,0.0010728836,0.0042915344,0.0,0.29694307,1.3752327
2019-08-01,PLAYAS,Antioquia,72.98,192073000.0,335020000.0,57.331801086502296,23.673798,-0.30646515,0.6324692,1011.58575,20.974243,0.19,0.0,0.0041127205,0.0,0.29401067,0.7028073
2019-08-02,PLAYAS,Antioquia,63.8,259966000.0,335020000.0,77.59715837860426,23.65329,0.018554688,0.47132492,1012.40906,20.902222,0.19,0.0023841858,0.003874302,0.0,0.2904145,0.47169
2019-08-03,PLAYAS,Antioquia,49.44,260923000.0,335020000.0,77.88281296639006,23.00418,-0.528389,0.9757042,1012.8641,20.869354,0.19,0.10919571,0.004887581,0.0009536743,0.30548036,1.1095916
2019-08-04,PLAYAS,Antioquia,33.78,174454000.0,335020000.0,52.07271207689094,23.856598,-0.88497925,1.2104607,1013.96674,20.898834,0.19,0.0059604645,0.0038146973,5.9604645e-05,0.30141413,1.4994677
2019-08-05,PLAYAS,Antioquia,63.190000000000005,229246000.0,335020000.0,68.42755656378723,24.014374,-0.034980774,1.4303932,1013.2006,20.708923,0.19,0.0030994415,0.003695488,0.0,0.29726896,1.4308208
2019-08-06,PLAYAS,Antioquia,66.99000000000001,214819000.0,335020000.0,64.12124649274669,24.339447,-0.17070007,1.3832512,1012.6923,20.693176,0.19,0.0,0.0034570694,0.0,0.29222882,1.393744
2019-08-07,PLAYAS,Antioquia,73.25,178368000.0,335020000.0,53.24100053728136,24.146027,-0.34119034,0.55776596,1014.97205,20.943085,0.19,0.0,0.00333786,0.0,0.28793088,0.6538453
2019-08-08,PLAYAS,Antioquia,70.16,167697000.0,335020000.0,50.05581756313055,23.364716,-0.60917664,1.0813293,1015.7453,21.072266,0.19,0.000834465,0.00333786,0.0,0.2848013,1.2411162
2019-08-09,PLAYAS,Antioquia,60.13,173423000.0,335020000.0,51.764969255566825,24.040863,-0.17154312,0.95596695,1014.1802,20.940033,0.19,0.0,0.00333786,0.0,0.28419015,0.9712363
2019-08-10,PLAYAS,Antioquia,71.58,163179000.0,335020000.0,48.70724135872485,24.076202,-0.22769547,1.0664673,1013.65045,20.625702,0.19,0.0,0.0030994415,0.0,0.2844723,1.0905035
2019-08-11,PLAYAS,Antioquia,67.74,170536000.0,335020000.0,50.90322965793087,24.478607,-0.3285942,0.7794342,1012.4495,20.688446,0.19,0.0,0.0029206276,0.0,0.2870115,0.8458675
2019-08-12,PLAYAS,Antioquia,56.67,150960000.0,335020000.0,45.05999641812429,25.265472,-0.9501991,1.093193,1011.76953,20.618988,0.19,0.0,0.002861023,0.0,0.28584424,1.4484301
2019-08-13,PLAYAS,Antioquia,74.57000000000001,207843000.0,335020000.0,62.03898274729867,24.880829,-0.67084885,0.61520004,1012.0522,20.6828,0.19,0.0,0.002861023,0.0,0.2813856,0.91022485
2019-08-14,PLAYAS,Antioquia,73.00999999999999,170996000.0,335020000.0,51.0405348934392,24.069244,-0.2124672,1.530529,1012.15204,20.901978,0.19,0.0,0.0028014183,0.0,0.28156337,1.545206
2019-08-15,PLAYAS,Antioquia,74.71,150075000.0,335020000.0,44.79583308459196,23.65097,-0.71486664,1.5808029,1013.3119,21.090363,0.19,0.0,0.002861023,0.0,0.28143403,1.734927
2019-08-16,PLAYAS,Antioquia,90.86,178992000.0,335020000.0,53.42725807414482,22.446442,-1.4053078,0.3893013,1016.21375,21.118927,0.19,0.12457371,0.003695488,0.0011324883,0.28812012,1.4582336
2019-08-17,PLAYAS,Antioquia,87.9,193696000.0,335020000.0,57.81624977613277,22.560577,-0.61283493,0.45978165,1015.8667,21.13031,0.19,0.03027916,0.003993511,0.0013113022,0.30917442,0.76613694
2019-08-18,PLAYAS,Antioquia,74.06,169072000.0,335020000.0,50.4662408214435,24.256195,-0.6769142,0.8932533,1013.9328,20.799927,0.19,0.0,0.002503395,0.0,0.3039125,1.1207651
2019-08-19,PLAYAS,Antioquia,59.41,148995000.0,335020000.0,44.473464270789805,24.143219,-0.17256927,1.3156052,1012.2989,20.565063,0.19,0.0,0.0023841858,0.0,0.30212164,1.326875
2019-08-20,PLAYAS,Antioquia,53.71,140543000.0,335020000.0,41.95062981314548,23.390594,-0.14916992,1.2071266,1013.90576,20.46753,0.19,0.28252602,0.0046491623,0.002503395,0.3093368,1.2163085
2019-08-21,PLAYAS,Antioquia,66.0,154717000.0,335020000.0,46.18142200465643,23.780243,0.0007247925,0.7270813,1013.8674,20.485382,0.19,0.0,0.0023841858,0.0,0.3029396,0.7270817
2019-08-22,PLAYAS,Antioquia,63.35,167528000.0,335020000.0,50.00537281356336,23.285858,-0.6481781,0.71232605,1014.4803,20.652802,0.19,0.0,0.0022053719,0.0,0.2976122,0.9630905
2019-08-23,PLAYAS,Antioquia,53.02,145144000.0,335020000.0,43.32398065787117,23.999481,0.08545685,0.62506866,1014.1794,20.700073,0.19,0.0,0.0022649765,0.0,0.29524606,0.6308833
2019-08-24,PLAYAS,Antioquia,66.95,142906000.0,335020000.0,42.65596083815892,24.790253,-0.24354553,1.1881104,1012.9461,20.615479,0.19,0.0,0.0021457672,0.0,0.29166216,1.2128152
2019-08-25,PLAYAS,Antioquia,53.87,138775000.0,335020000.0,41.42290012536565,24.361908,-0.6391716,1.1731071,1012.9448,20.60376,0.19,0.002861023,0.0019073486,0.0,0.2870114,1.3359344
2019-08-26,PLAYAS,Antioquia,69.71000000000001,137327000.0,335020000.0,40.990687123156825,23.947968,-0.21772766,1.3325539,1012.42456,20.432678,0.19,0.0,0.0019073486,0.0,0.28385335,1.3502241
2019-08-27,PLAYAS,Antioquia,62.25000000000001,148903000.0,335020000.0,44.44600322368814,24.598114,-0.18622208,1.1493607,1011.06,20.259735,0.19,0.0,0.0019073486,0.0,0.28239703,1.164349
2019-08-28,PLAYAS,Antioquia,52.81,172642000.0,335020000.0,51.531848844845086,23.874237,-0.078365326,1.1783295,1011.7466,20.012207,0.19,0.0,0.0019073486,0.0,0.28664532,1.1809324
2019-08-29,PLAYAS,Antioquia,63.7,137803000.0,335020000.0,41.1327681929437,23.81894,-0.28493118,1.2246513,1012.2458,19.740509,0.19,0.0009536743,0.0019073486,5.9604645e-05,0.283885,1.257361
2019-08-30,PLAYAS,Antioquia,49.64,133864000.0,335020000.0,39.95701749149305,24.198822,-0.5335846,0.7245865,1012.9327,19.621979,0.19,0.0,0.0017881393,0.0,0.2855649,0.89985454
2019-08-31,PLAYAS,Antioquia,64.44,133159000.0,335020000.0,39.746582293594415,24.389496,-0.5212097,0.7081566,1012.6998,19.5141,0.19,0.0,0.0019073486,0.0,0.28533214,0.8792868
2019-09-01,PLAYAS,Antioquia,52.75,162919000.0,393840000.0,41.36679869997969,23.999542,-0.8146744,1.0268097,1012.685,19.320465,0.23,0.0,0.0014901161,0.0,0.29064772,1.3107374
2019-09-02,PLAYAS,Antioquia,56.18,171272000.0,393840000.0,43.4877107454804,23.916046,-0.09189987,0.7449837,1012.34515,19.442902,0.23,0.011444092,0.0016093254,5.9604645e-05,0.30615705,0.75063056
2019-09-03,PLAYAS,Antioquia,58.56,145907000.0,393840000.0,37.04727808247004,24.440826,-0.39651108,0.97236633,1010.85565,19.462097,0.23,0.00035762787,0.0014901161,0.0,0.30093497,1.0501034
2019-09-04,PLAYAS,Antioquia,62.16,185063000.0,393840000.0,46.989386552914894,24.45755,-0.3867073,0.66547394,1012.15674,19.362091,0.23,0.006914139,0.0017881393,0.00023841858,0.31231356,0.769674
2019-09-05,PLAYAS,Antioquia,53.26,190273000.0,393840000.0,48.31225878529352,24.575653,-0.79948425,0.95417404,1013.8306,19.57727,0.23,0.005722046,0.0015497208,0.00023841858,0.30305457,1.2448386
2019-09-06,PLAYAS,Antioquia,53.77,273194000.0,393840000.0,69.36674791793622,24.400421,-0.72631073,0.9870529,1013.8209,19.672852,0.23,0.0035762787,0.00166893,0.0,0.3009728,1.2254798
2019-09-07,PLAYAS,Antioquia,52.25,150114000.0,393840000.0,38.11547836684948,24.108307,-0.066719055,1.2230072,1013.5144,19.77182,0.23,0.0,0.0014305115,0.0,0.29686975,1.2248257
2019-09-08,PLAYAS,Antioquia,75.03999999999999,158665000.0,393840000.0,40.28666463538493,24.11789,-0.089595795,1.0032845,1014.4927,19.727753,0.23,0.0,0.0014305115,0.0,0.2966493,1.007277
2019-09-09,PLAYAS,Antioquia,71.75,134811000.0,393840000.0,34.229890310786104,24.125519,-0.17631531,1.0570984,1013.76904,19.378937,0.23,0.0,0.0014305115,0.0,0.29469097,1.0717015
2019-09-10,PLAYAS,Antioquia,64.82,178953000.0,393840000.0,45.43799512492382,24.329315,-0.45303345,0.30094147,1012.7469,19.189545,0.23,0.0,0.0013113022,0.0,0.288445,0.5438796
2019-09-11,PLAYAS,Antioquia,55.06999999999999,219382000.0,393840000.0,55.7033313020516,24.57962,0.229393,-0.15236282,1011.47076,18.979706,0.23,0.021100044,0.00166893,0.00023841858,0.2898727,0.2753826
2019-09-12,PLAYAS,Antioquia,49.7,221575000.0,393840000.0,56.26015640869389,23.885529,-0.6826477,0.939991,1010.77075,18.844482,0.23,0.007867813,0.0015497208,0.00011920929,0.3104519,1.161719
2019-09-13,PLAYAS,Antioquia,53.16,349198000.0,393840000.0,88.6649400771887,23.984894,-0.0995903,0.19857025,1011.95483,18.78421,0.23,0.008940697,0.0014901161,0.00014901161,0.31196466,0.22214493
2019-09-14,PLAYAS,Antioquia,62.67,201362000.0,393840000.0,51.12786918545602,24.031342,-0.27578354,1.0884895,1012.08563,18.682465,0.23,0.37133694,0.0039339066,0.002682209,0.33282527,1.122883
2019-09-15,PLAYAS,Antioquia,72.23,168632000.0,393840000.0,42.81738777168393,24.473846,-0.63759613,1.0288239,1012.1789,18.735168,0.23,0.00023841858,0.0013709068,0.0,0.31425646,1.2103748
2019-09-16,PLAYAS,Antioquia,75.55,357508000.0,393840000.0,90.77493398334347,23.145844,-0.21134567,0.24514389,1014.21814,18.85025,0.23,0.07736683,0.0023245811,0.0009834766,0.32843778,0.3236704
2019-09-17,PLAYAS,Antioquia,75.68,204770000.0,393840000.0,51.99319520617509,22.676361,-0.3858223,0.077301025,1013.41736,19.013153,0.23,0.0667572,0.0019073486,0.00071525574,0.32242396,0.3934899
2019-09-18,PLAYAS,Antioquia,83.98,338273000.0,393840000.0,85.89097095267113,21.31015,-0.5292969,0.1282425,1013.7036,19.218811,0.23,0.91040134,0.05888939,0.0577569,0.4014819,0.54461116
2019-09-19,PLAYAS,Antioquia,83.13000000000001,408280000.0,393840000.0,103.66646353849278,20.80606,-0.008861542,0.022815704,1013.0641,19.564423,0.23,1.6391277,0.19270182,0.19162893,0.50300145,0.024476178
2019-09-20,PLAYAS,Antioquia,75.49,317713000.0,393840000.0,80.67057688401381,21.0596,0.013195038,0.0871048,1013.9817,19.854065,0.23,0.57935715,0.08952618,0.08845329,0.48999834,0.08809855
2019-09-21,PLAYAS,Antioquia,63.690000000000005,319329000.0,393840000.0,81.0808957952468,21.510223,-0.49890518,0.111148834,1014.96643,20.210052,0.23,0.14543533,0.014841557,0.013589859,0.4901424,0.5111364
2019-09-22,PLAYAS,Antioquia,50.68,277342000.0,393840000.0,70.41996749949217,22.505035,-0.44286346,-0.035373688,1014.77826,20.42633,0.23,0.07736683,0.0025629997,0.0014305115,0.4680127,0.44427395
2019-09-23,PLAYAS,Antioquia,63.35,461280000.0,393840000.0,117.12370505789154,21.261444,-0.451725,0.7762337,1014.8883,20.917206,0.23,0.0538826,0.0020861626,0.0009536743,0.46049404,0.8981059
2019-09-24,PLAYAS,Antioquia,65.29,247007000.0,393840000.0,62.7176010562665,21.60379,0.48174667,-0.16750717,1014.89874,21.249084,0.23,0.020742416,0.0029206276,0.0019073486,0.4515699,0.5100378
2019-09-25,PLAYAS,Antioquia,71.61,342464000.0,393840000.0,86.95510867357302,22.405304,0.6926727,0.17335129,1014.6844,21.520111,0.23,0.51033497,0.050783157,0.049591064,0.4852987,0.71403515
2019-09-26,PLAYAS,Antioquia,69.01,430546000.0,393840000.0,109.32002843794434,21.260101,0.04689026,0.032043457,1014.71906,21.638153,0.23,0.5366802,0.041663647,0.040590763,0.48819864,0.056793306
2019-09-27,PLAYAS,Antioquia,62.48,228537000.0,393840000.0,58.02787934186472,22.277802,-0.3737297,0.33154678,1013.71576,21.618103,0.23,0.0017881393,0.0010728836,0.00011920929,0.4658195,0.499597
2019-09-28,PLAYAS,Antioquia,60.05,264015000.0,393840000.0,67.03610603290676,22.567291,-0.23800278,-0.12683868,1014.1756,21.973755,0.23,0.12552738,0.00423193,0.0030994415,0.4618398,0.26969126
2019-09-29,PLAYAS,Antioquia,69.17,205146000.0,393840000.0,52.08866544789762,21.348236,-0.20018768,-0.1928215,1013.29767,22.219604,0.23,0.27775764,0.010728836,0.009655952,0.4582734,0.27794826
2019-09-30,PLAYAS,Antioquia,70.63000000000001,274996000.0,393840000.0,69.82429412959577,21.402008,0.1106987,-0.0323143,1012.0616,22.554504,0.23,0.14686584,0.006556511,0.0056028366,0.46013218,0.11531875
2019-10-01,PLAYAS,Antioquia,70.71,354013000.0,445970000.0,79.3804515998834,21.2966,0.3796425,0.1219635,1012.02295,22.365204,0.39,0.07045269,0.005841255,0.0049471855,0.4597178,0.39875245
2019-10-02,PLAYAS,Antioquia,59.7,306189000.0,445970000.0,68.65686032692781,21.193756,-0.09454727,-0.3321991,1012.10065,21.694489,0.39,0.025510788,0.0021457672,0.0011324883,0.45117253,0.3453917
2019-10-03,PLAYAS,Antioquia,62.59,257470000.0,445970000.0,57.7325829091643,20.100739,-0.18172073,0.70466614,1014.76514,21.466309,0.39,0.0371933,0.0022053719,0.0013113022,0.44932887,0.72772026
2019-10-04,PLAYAS,Antioquia,63.05,184541000.0,445970000.0,41.37968921676346,21.314728,-0.39059067,0.44264984,1014.3267,21.321869,0.39,0.0,0.0009536743,0.0,0.4351733,0.5903388
2019-10-05,PLAYAS,Antioquia,58.330000000000005,255188000.0,445970000.0,57.22088929748638,22.372223,-0.4944458,0.20997238,1013.3689,20.99759,0.39,0.004172325,0.0010728836,0.00011920929,0.41949126,0.5371825
2019-10-06,PLAYAS,Antioquia,75.49,249429000.0,445970000.0,55.92954683050429,22.108246,-0.41984558,-0.23332596,1012.7502,20.77539,0.39,0.12922287,0.0044107437,0.0034570694,0.4354244,0.48032418
2019-10-07,PLAYAS,Antioquia,82.11,334194000.0,445970000.0,74.9364307016167,21.459259,-0.6504135,0.18423462,1012.6878,20.615387,0.39,0.0385046,0.00166893,0.0007748604,0.43708402,0.67600304
2019-10-08,PLAYAS,Antioquia,85.18,284369000.0,445970000.0,63.76415453954301,21.832916,-0.38915253,0.4205551,1011.7495,20.676117,0.39,0.015735626,0.0014305115,0.00059604645,0.4255727,0.5729802
2019-10-09,PLAYAS,Antioquia,80.7,191415000.0,445970000.0,42.921048501020245,22.145111,-0.4678917,0.5652466,1011.4858,20.640656,0.39,0.08702278,0.0029802322,0.002026558,0.42642635,0.7337754
2019-10-10,PLAYAS,Antioquia,67.9,315257000.0,445970000.0,70.69018095387582,21.447418,0.17821884,-0.045684814,1011.70544,21.242859,0.39,0.058412552,0.0017285347,0.000834465,0.4189654,0.18398114
2019-10-11,PLAYAS,Antioquia,67.33,360498000.0,445970000.0,80.83458528600579,22.299103,0.18662643,0.07952881,1010.9425,21.91272,0.39,0.1887083,0.008106232,0.0070929527,0.4275725,0.20286512
2019-10-12,PLAYAS,Antioquia,85.76,411900000.0,445970000.0,92.36047267753436,21.72641,0.26788712,0.33654022,1011.7275,22.298737,0.39,0.25331974,0.02360344,0.022649765,0.4609106,0.4301428
2019-10-13,PLAYAS,Antioquia,76.67,672429000.0,445970000.0,150.778976164316,22.081818,-0.19017029,0.5787964,1012.062,22.22116,0.39,0.24354458,0.02360344,0.022828579,0.4538319,0.6092372
2019-10-14,PLAYAS,Antioquia,84.93,483616000.0,445970000.0,108.44137498037983,21.568268,-0.46497345,0.08997345,1014.1209,22.411407,0.39,0.27251244,0.03683567,0.018954277,0.44299686,0.47359848
2019-10-15,PLAYAS,Antioquia,70.21,298156000.0,445970000.0,66.85561809090298,21.271698,-0.53385544,0.1433754,1013.8628,22.35373,0.39,0.042676926,0.002861023,0.0020861626,0.4328713,0.5527731
2019-10-16,PLAYAS,Antioquia,55.65,286812000.0,445970000.0,64.31194923425343,21.55838,-0.21388626,0.1556778,1014.0613,22.373993,0.39,0.09572506,0.002861023,0.002026558,0.42575082,0.26454282
2019-10-17,PLAYAS,Antioquia,64.1,301225000.0,445970000.0,67.54378097181424,21.514496,-0.041862488,0.12754822,1013.4411,22.238678,0.39,0.04839897,0.0017881393,0.000834465,0.41502327,0.13424237
2019-10-18,PLAYAS,Antioquia,50.28,310152000.0,445970000.0,69.54548512231764,21.518097,-0.04896164,-0.28086472,1013.78705,21.952393,0.39,0.16951561,0.01180172,0.01090765,0.44127902,0.28510037
2019-10-19,PLAYAS,Antioquia,70.6,444393000.0,445970000.0,99.6463887705451,20.375092,-0.30054474,0.14833069,1014.3791,21.6846,0.39,0.23388863,0.026643276,0.025749207,0.45196933,0.3351554
2019-10-20,PLAYAS,Antioquia,76.19,409230000.0,445970000.0,91.76177769805145,21.475922,-0.35468674,0.30989456,1014.7572,21.481964,0.39,0.30577183,0.056505203,0.030219555,0.45045346,0.47099608
2019-10-21,PLAYAS,Antioquia,63.17,466667000.0,445970000.0,104.64089512747496,20.97696,-0.34548187,0.13995743,1014.4216,21.393463,0.39,0.08022785,0.0053048134,0.0042915344,0.44514367,0.37275434
2019-10-22,PLAYAS,Antioquia,50.72,358795000.0,445970000.0,80.4527210350472,20.487213,-0.028381348,-0.4574585,1013.9359,21.186798,0.39,0.010371208,0.0014901161,0.00047683716,0.44298264,0.45833805
2019-10-23,PLAYAS,Antioquia,66.63,465443000.0,445970000.0,104.36643720429626,21.219086,-0.12673187,-0.14650345,1012.41656,20.934052,0.39,0.041365623,0.002682209,0.0014305115,0.4421847,0.19371171
2019-10-24,PLAYAS,Antioquia,71.09,496699000.0,445970000.0,111.3749803798462,21.30423,-0.20175934,-0.091285706,1012.4258,20.777496,0.39,0.33295155,0.022351742,0.021398067,0.45885932,0.22144957
2019-10-25,PLAYAS,Antioquia,56.44,382246000.0,445970000.0,85.71114648967419,21.450348,-0.09975052,0.24003601,1012.8792,20.909943,0.39,0.09191036,0.0039339066,0.0026226044,0.44870934,0.2599374
2019-10-26,PLAYAS,Antioquia,41.34,459128000.0,445970000.0,102.95042267417092,21.784576,-0.04247284,0.017242432,1012.4286,21.147766,0.39,0.0030994415,0.0015497208,0.00011920929,0.44628006,0.04583932
2019-10-27,PLAYAS,Antioquia,59.48,553694000.0,445970000.0,124.15498800367736,21.0206,-0.34741974,0.18753052,1012.5131,21.498505,0.39,0.14317036,0.004887581,0.0034570694,0.44089028,0.39480144
2019-10-28,PLAYAS,Antioquia,60.09,307861000.0,445970000.0,69.03177343767518,22.580536,0.08564377,0.27057266,1011.1369,21.925903,0.39,0.005722046,0.00166893,5.9604645e-05,0.4287871,0.2838035
2019-10-29,PLAYAS,Antioquia,64.02,398408000.0,445970000.0,89.33515707334574,22.546417,-0.21297836,-0.10846329,1011.4578,22.151459,0.39,0.5187988,0.121831894,0.060141087,0.43586582,0.23900642
2019-10-30,PLAYAS,Antioquia,52.87,435060000.0,445970000.0,97.5536471063076,21.521515,-0.3109932,0.02394867,1012.22345,22.281006,0.39,0.16796589,0.10150671,0.008255243,0.43455106,0.31191394
2019-10-31,PLAYAS,Antioquia,76.96,430550000.0,445970000.0,96.54236832073906,22.06662,-0.1342125,-0.2319107,1012.4991,22.34671,0.39,0.016331673,0.0029206276,0.00035762787,0.422701,0.26794696
2019-11-01,PLAYAS,Antioquia,62.7,290587000.0,423440000.0,68.62530700925751,21.436615,-0.2166748,-0.072395325,1013.0105,22.57248,0.58,0.053167343,0.0044703484,0.0017881393,0.4185831,0.22844924
2019-11-02,PLAYAS,Antioquia,58.32000000000001,281370000.0,423440000.0,66.4486113735122,21.261505,0.10538101,-0.22328949,1013.2589,22.608795,0.58,0.23627281,0.011920929,0.008761883,0.4176888,0.24690758
2019-11-03,PLAYAS,Antioquia,54.21,253169000.0,423440000.0,59.78863593425279,22.520111,-0.33555222,0.28430176,1011.47925,22.403412,0.58,0.20349026,0.01090765,0.0072717667,0.41359684,0.43979856
2019-11-04,PLAYAS,Antioquia,47.74,271037000.0,423440000.0,64.00836009824296,22.3685,-0.37360764,-0.027233124,1010.6248,22.175507,0.58,0.09405613,0.007033348,0.002861023,0.4085786,0.37459886
2019-11-05,PLAYAS,Antioquia,65.78,337986000.0,423440000.0,79.81910069903645,22.189423,-0.18264008,0.10759354,1011.2491,22.118927,0.58,0.21076202,0.011861324,0.0072419643,0.4038775,0.21197586
2019-11-06,PLAYAS,Antioquia,63.61,325495000.0,423440000.0,76.86921405630078,22.55899,0.025669098,-0.052143097,1011.9169,22.034882,0.58,0.29444695,0.026971102,0.0218153,0.4010876,0.058118887
2019-11-07,PLAYAS,Antioquia,66.03,261343000.0,423440000.0,61.71901568108823,22.369843,-0.15981674,0.057388306,1010.71924,21.812927,0.58,0.04529953,0.006109476,0.0007748604,0.39224178,0.16980815
2019-11-08,PLAYAS,Antioquia,60.63,245338000.0,423440000.0,57.9392593992065,23.569305,0.21531296,-0.0029182434,1009.0469,21.770874,0.58,0.009536743,0.00590086,0.00023841858,0.38953182,0.21533273
2019-11-09,PLAYAS,Antioquia,66.89,412373000.0,423440000.0,97.38640657472132,21.129547,0.39863586,-0.31736755,1010.7358,21.585815,0.58,0.672102,0.07176399,0.06586313,0.40751216,0.5095417
2019-11-10,PLAYAS,Antioquia,65.68,262592000.0,423440000.0,62.01398072926507,21.171234,0.09431076,-0.2677269,1012.10516,21.703156,0.58,0.23663044,0.028014183,0.018030405,0.41523278,0.28385246
2019-11-11,PLAYAS,Antioquia,47.07,292988000.0,423440000.0,69.1923294917816,21.541779,-0.29247665,0.0049934387,1012.46063,21.812195,0.58,0.18846989,0.022411346,0.008255243,0.41339487,0.2925193
2019-11-12,PLAYAS,Antioquia,46.150000000000006,356866000.0,423440000.0,84.27781976194974,21.086517,0.22870255,0.21253204,1011.9459,22.126434,0.58,0.3196001,0.048160553,0.030577183,0.4188633,0.31220943
2019-11-13,PLAYAS,Antioquia,59.75,461879000.0,423440000.0,109.07779142263368,21.077484,-0.21966171,-0.19739532,1012.73096,22.292084,0.58,0.22947788,0.044584274,0.022232533,0.44599652,0.29532385
2019-11-14,PLAYAS,Antioquia,79.3,375734000.0,423440000.0,88.73370489325524,21.24228,-0.52280045,-0.4509964,1014.53815,22.375824,0.58,0.5213022,0.09787083,0.06580353,0.47728923,0.69044775
2019-11-15,PLAYAS,Antioquia,61.260000000000005,324591000.0,423440000.0,76.65572454184772,20.463165,-0.2939644,-0.5574875,1013.9125,22.789307,0.58,0.2771616,0.1128912,0.08031726,0.45665628,0.6302439
2019-11-16,PLAYAS,Antioquia,60.84,306657000.0,423440000.0,72.42041375401473,20.343048,-0.02910614,-0.49633408,1012.35846,22.833893,0.58,0.084757805,0.04249811,0.0036358833,0.45512286,0.49718675
2019-11-17,PLAYAS,Antioquia,66.64,275379000.0,423440000.0,65.03377101832609,21.470856,-0.3652687,-0.18374634,1011.59906,23.071869,0.58,0.049948692,0.038981438,0.0018179417,0.45305198,0.40888134
2019-11-18,PLAYAS,Antioquia,63.0,283815000.0,423440000.0,67.02602493859816,22.114166,-0.007762909,-0.15325165,1011.7686,23.204102,0.58,0.07665157,0.041127205,0.004172325,0.44883958,0.15344813
2019-11-19,PLAYAS,Antioquia,63.85999999999999,289321000.0,423440000.0,68.3263272246363,21.860382,-0.39198303,-0.5349312,1013.0056,23.285858,0.58,0.14472008,0.048041344,0.011384487,0.459393,0.66317576
2019-11-20,PLAYAS,Antioquia,63.63999999999999,283677000.0,423440000.0,66.99343472510864,21.759308,-0.049324036,-0.051628113,1014.3053,23.316559,0.58,0.06771088,0.038802624,0.0026226044,0.45318377,0.071402535
2019-11-21,PLAYAS,Antioquia,66.43,262454000.0,423440000.0,61.98139051577554,20.911285,0.30669403,-0.14190292,1013.7328,23.444489,0.58,0.12743473,0.042676926,0.0064373016,0.44714537,0.33793145
2019-11-22,PLAYAS,Antioquia,70.28,318021000.0,423440000.0,75.10414698658606,20.820343,-0.41835022,-0.38347626,1013.60077,23.608124,0.58,0.025510788,0.037670135,0.00166893,0.44052657,0.5675129
2019-11-23,PLAYAS,Antioquia,68.72,294468300.0,423440000.0,69.54191857169847,20.832611,0.078063965,-0.27817535,1013.3942,23.648193,0.58,0.23114681,0.0551939,0.019311905,0.43816382,0.2889213
2019-11-24,PLAYAS,Antioquia,62.67,244172000.0,423440000.0,57.66389571131684,21.231964,-0.18213654,-0.07569885,1012.72284,23.709564,0.58,0.0166893,0.03582239,0.00035762787,0.4310388,0.19724105
2019-11-25,PLAYAS,Antioquia,66.4,232455000.0,423440000.0,54.8967976572832,22.158356,-0.6248627,0.3717308,1010.5842,23.628387,0.58,0.012516975,0.035256147,0.00029802322,0.41991478,0.7270744
2019-11-26,PLAYAS,Antioquia,68.47999999999999,231046000.0,423440000.0,54.56404685433591,22.758331,-0.15969086,0.25315857,1009.733,23.571564,0.58,0.014185905,0.034689903,0.0004172325,0.4104644,0.2993166
2019-11-27,PLAYAS,Antioquia,64.99000000000001,285717000.0,478190000.0,59.74968108910684,23.021515,-0.15165329,0.5533829,1010.8706,23.55661,0.58,0.0,0.033408403,0.0,0.3989998,0.57378685
2019-11-28,PLAYAS,Antioquia,65.74,344732000.0,478190000.0,72.09100984964135,22.559113,-0.32399368,-0.3068924,1012.0178,23.361633,0.58,0.0,0.032544136,0.0,0.3875568,0.4462677
2019-11-29,PLAYAS,Antioquia,62.7,288037000.0,478190000.0,60.234843890503775,21.327179,0.4493866,0.010665894,1013.2994,23.420074,0.58,0.11777878,0.034570694,0.0024735928,0.39908907,0.44951314
2019-11-30,PLAYAS,Antioquia,54.75,292547000.0,478190000.0,61.17798364666764,21.131744,-0.5329094,-0.4784584,1012.2128,23.286102,0.58,0.10633469,0.035464764,0.0039041042,0.40268722,0.71618074
2019-12-01,PLAYAS,Antioquia,55.22,226055000.0,357800000.0,63.17915036333147,22.646515,-0.15177155,0.04813385,1011.8753,23.350586,0.66,0.0063180923,0.03117323,0.00029802322,0.395061,0.15922146
2019-12-02,PLAYAS,Antioquia,54.92,220314000.0,357800000.0,61.5746226942426,22.816742,-0.34463882,0.29172516,1013.0475,23.358032,0.66,0.12552738,0.033140182,0.0025629997,0.3902598,0.45153016
2019-12-03,PLAYAS,Antioquia,59.24,291912000.0,357800000.0,81.58524315259922,22.142303,-0.23355103,-0.22741318,1012.98206,23.404633,0.66,0.29039383,0.03886223,0.009119511,0.39549524,0.3259798
2019-12-04,PLAYAS,Antioquia,62.13999999999999,224895000.0,357800000.0,62.85494689770822,22.23587,-0.25328064,-0.2871971,1012.2697,23.59134,0.66,0.01680851,0.030040741,0.000834465,0.38803488,0.38292724
2019-12-05,PLAYAS,Antioquia,77.73,232522000.0,357800000.0,64.98658468418111,22.362457,-0.51190567,0.039569855,1012.84375,23.87149,0.66,0.049471855,0.029742718,0.0016391277,0.38938183,0.51343274
2019-12-06,PLAYAS,Antioquia,76.9,289028000.0,357800000.0,80.77920626048072,22.575043,-0.08452988,-0.34636688,1013.7919,23.976593,0.66,0.07891655,0.029683113,0.0017881393,0.38614643,0.35653234
2019-12-07,PLAYAS,Antioquia,77.38000000000001,297980000.0,357800000.0,83.2811626607043,21.166473,0.11582565,-0.14163208,1014.8814,23.937653,0.66,0.13816357,0.031411648,0.004053116,0.39259595,0.18296237
2019-12-08,PLAYAS,Antioquia,76.12,241723000.0,357800000.0,67.5581330352152,20.176605,0.012969971,-0.3951645,1014.59314,24.02835,0.66,0.10848045,0.031113625,0.004172325,0.4178356,0.39537728
2019-12-09,PLAYAS,Antioquia,70.00999999999999,218578000.0,357800000.0,61.08943543879262,21.353973,-0.35965347,-0.040512085,1012.2567,23.950256,0.66,0.025391579,0.026881695,0.00035762787,0.40622926,0.36192796
2019-12-10,PLAYAS,Antioquia,69.43,207995000.0,357800000.0,58.131637786472886,21.676544,-0.37509155,-0.037815094,1011.6217,23.958282,0.66,0.07081032,0.028252602,0.0022649765,0.3964279,0.3769929
2019-12-11,PLAYAS,Antioquia,59.58,215755000.0,357800000.0,60.30044717719396,21.830597,0.1894226,-0.24059296,1013.0628,23.893127,0.66,0.08678436,0.027298927,0.0019073486,0.39386225,0.3062122
2019-12-12,PLAYAS,Antioquia,50.580000000000005,205665000.0,357800000.0,57.48043599776411,21.158173,-0.5072479,-0.45767212,1012.27924,23.685883,0.66,0.11599064,0.027000904,0.001847744,0.39115673,0.6832015
2019-12-13,PLAYAS,Antioquia,62.870000000000005,282266000.0,357800000.0,78.88932364449414,21.23349,0.02217102,-0.2586174,1011.6266,23.59793,0.66,0.017404556,0.024914742,0.00029802322,0.3844852,0.259566
2019-12-14,PLAYAS,Antioquia,89.35,376391000.0,357800000.0,105.19591950810508,20.911835,-0.50092316,0.011428833,1013.0667,23.503143,0.66,0.42307377,0.053286552,0.029206276,0.40743026,0.5010535
2019-12-15,PLAYAS,Antioquia,93.65,392259000.0,357800000.0,109.6307993292342,21.349762,-0.39328003,-0.19538498,1013.6409,23.448456,0.66,0.020503998,0.024974346,0.0009536743,0.41323638,0.4391406
2019-12-16,PLAYAS,Antioquia,78.84,246972000.0,358260000.0,68.93652654496735,22.631195,-0.21521759,0.05758667,1011.8003,23.427917,0.66,0.008940697,0.023543835,0.00017881393,0.4025224,0.22278877
2019-12-17,PLAYAS,Antioquia,61.18,240407000.0,358260000.0,67.10405850499637,22.853424,0.054714203,-0.033676147,1010.30237,23.389404,0.66,0.04005432,0.024020672,0.0008940697,0.3979137,0.064247385
2019-12-18,PLAYAS,Antioquia,67.66,276959000.0,358260000.0,77.30670462792385,21.98825,0.27750015,-0.12226486,1010.7459,23.415405,0.66,0.39041042,0.10347366,0.021576881,0.4036231,0.30324087
2019-12-19,PLAYAS,Antioquia,59.79,243737000.0,358260000.0,68.03355105230838,22.361969,-0.36188507,0.1917038,1011.20593,23.435455,0.66,0.05209446,0.02360344,0.0014901161,0.4024101,0.4095255
2019-12-20,PLAYAS,Antioquia,50.09,392621000.0,358260000.0,109.59107910456096,22.601776,-0.16313171,0.09761429,1011.59436,23.61911,0.66,0.10251999,0.024080276,0.0023245811,0.39644945,0.19010656
2019-12-21,PLAYAS,Antioquia,77.60000000000001,305270000.0,358260000.0,85.20906604142243,22.607758,-0.19177628,0.26952744,1011.0784,23.692657,0.66,0.06365776,0.022470951,0.0010728836,0.38430792,0.33079174
2019-12-22,PLAYAS,Antioquia,72.49,255086000.0,358260000.0,71.2013621392285,23.027496,-0.5070343,0.22605133,1011.21375,23.729675,0.66,0.003695488,0.021159649,5.9604645e-05,0.37554234,0.5551423
2019-12-23,PLAYAS,Antioquia,80.78,287522000.0,358260000.0,80.2551219784514,22.95755,-0.22698975,0.34565735,1012.0717,23.741425,0.66,0.04887581,0.021338463,0.0007748604,0.3689452,0.4135255
2019-12-24,PLAYAS,Antioquia,63.89,230495000.0,358260000.0,64.33735276056495,23.149445,-0.32689667,0.40485382,1011.0159,23.778412,0.66,0.0,0.02026558,0.0,0.3603956,0.5203538
2019-12-25,PLAYAS,Antioquia,50.56,352970000.0,358260000.0,98.523418746162,23.77707,-0.04901886,-0.06764603,1010.71466,23.807434,0.66,0.0035762787,0.02002716,0.00011920929,0.35278177,0.08353941
2019-12-26,PLAYAS,Antioquia,70.55,353656000.0,358260000.0,98.7148997934461,23.409515,-0.28221512,0.031967163,1010.6926,23.895264,0.66,0.019192696,0.019669533,0.00023841858,0.35147053,0.28401986
2019-12-27,PLAYAS,Antioquia,60.25,251496000.0,358260000.0,70.19929660023446,22.496185,-0.23442078,0.41555405,1011.54486,23.92575,0.66,0.3232956,0.029683113,0.010788441,0.3652078,0.47711453
2019-12-28,PLAYAS,Antioquia,53.28000000000001,236159000.0,358260000.0,65.91832747166862,23.318329,-0.24436188,0.11759186,1011.6828,24.01892,0.66,0.26738644,0.03015995,0.01168251,0.3622525,0.27118364
2019-12-29,PLAYAS,Antioquia,57.2,230158000.0,358260000.0,64.24328699826941,23.183441,-0.17500305,-0.122348785,1010.71216,24.1716,0.66,0.081539154,0.021100044,0.0027418137,0.3611309,0.21353054
2019-12-30,PLAYAS,Antioquia,56.71000000000001,249760000.0,358260000.0,69.71473231731144,22.967377,0.09026337,0.027065277,1011.16656,24.092834,0.66,0.06663799,0.020086765,0.0019669533,0.3637498,0.09423377
2019-12-31,PLAYAS,Antioquia,47.68,448767000.0,358260000.0,125.2629375314018,21.374542,-0.028511047,-0.38866043,1012.8972,24.079498,0.66,0.24664402,0.027000904,0.009119511,0.39259416,0.38970476
2020-01-01,PLAYAS,Antioquia,64.01,283119000.0,275510000.0,102.7617872309535,21.3768,-0.29956818,-0.42494202,1013.2388,23.94107,0.64,0.11742115,0.02259016,0.0045895576,0.41664737,0.51992
2020-01-02,PLAYAS,Antioquia,68.8,258212000.0,275510000.0,93.7214620158978,22.096771,-0.38920593,-0.43278885,1012.98016,23.988739,0.64,0.011444092,0.018239021,0.00023841858,0.40244335,0.5820545
2020-01-03,PLAYAS,Antioquia,62.84,256076000.0,275510000.0,92.9461725527204,22.537567,-0.39829254,-0.08425903,1014.6908,24.087158,0.64,0.00834465,0.017881393,0.0004172325,0.38975137,0.4071075
2020-01-04,PLAYAS,Antioquia,54.77,230354000.0,275510000.0,83.61003230372764,21.753937,-0.6680603,0.16404724,1015.8989,24.208862,0.64,0.0035762787,0.017523766,0.00017881393,0.38049132,0.68790704
2020-01-05,PLAYAS,Antioquia,59.79,191954000.0,275510000.0,69.67224420166237,21.98996,-0.8056984,-0.1446495,1016.5667,24.318237,0.64,0.023841858,0.017523766,0.00035762787,0.37671477,0.8185801
2020-01-06,PLAYAS,Antioquia,54.28,191949000.0,275510000.0,69.67042938550325,20.989471,-0.58509064,-0.25956345,1014.65393,24.45282,0.64,0.00023841858,0.01692772,0.0,0.36942485,0.6400814
2020-01-07,PLAYAS,Antioquia,59.68,174673000.0,275510000.0,63.39987659250118,21.403107,-0.5074043,0.09832382,1014.1381,24.386139,0.64,0.0,0.016570091,0.0,0.36123627,0.516843
2020-01-08,PLAYAS,Antioquia,55.67999999999999,178513000.0,275510000.0,64.7936554027077,21.39981,-0.35407257,0.37590027,1014.8747,24.322845,0.64,0.0,0.016212463,0.0,0.35392064,0.51639944
2020-01-09,PLAYAS,Antioquia,55.87,170746000.0,275510000.0,61.97451998112591,21.45578,-0.3775215,0.3738327,1013.2609,24.247284,0.64,0.0,0.015676022,0.0,0.346875,0.53129405
2020-01-10,PLAYAS,Antioquia,56.38,180096000.0,275510000.0,65.36822619868607,22.819183,-0.103328705,0.7137909,1010.3805,24.148804,0.64,0.0,0.015437603,0.0,0.3388045,0.7212311
2020-01-11,PLAYAS,Antioquia,56.52,178165000.0,275510000.0,64.66734419803274,22.296356,-0.18722153,0.7694588,1011.16315,23.975098,0.64,0.0,0.015199184,0.0,0.33134234,0.79190826
2020-01-12,PLAYAS,Antioquia,72.26,184567000.0,275510000.0,66.99103480817394,22.875092,-0.17474365,0.39621353,1011.983,23.960663,0.64,0.0,0.014781952,0.0,0.32358795,0.4330364
2020-01-13,PLAYAS,Antioquia,71.75,233307000.0,275510000.0,84.68186272730573,22.729828,-0.24533081,0.61338043,1010.87,23.870941,0.64,0.0,0.014305115,0.0,0.31655365,0.660623
2020-01-14,PLAYAS,Antioquia,75.44999999999999,166049000.0,275510000.0,60.26968168124569,23.304962,0.09579086,0.66340256,1010.8717,23.847046,0.64,0.0,0.014066696,0.0,0.30683282,0.67028266
2020-01-15,PLAYAS,Antioquia,75.22999999999999,156525000.0,275510000.0,56.81281986134804,22.554108,-0.074523926,0.4842949,1010.14014,23.660889,0.64,0.0,0.013589859,0.0,0.30219012,0.48999524
2020-01-16,PLAYAS,Antioquia,60.81999999999999,169277000.0,275510000.0,61.44132699357555,23.276031,0.34572983,1.0240822,1011.9564,23.574585,0.64,0.0,0.013291836,0.0,0.29971966,1.0808669
2020-01-17,PLAYAS,Antioquia,60.81999999999999,158240000.0,275510000.0,57.43530180392726,23.870392,0.46154022,1.0461807,1011.14685,23.700562,0.64,0.0,0.0131726265,0.0,0.29611406,1.1434655
2020-01-18,PLAYAS,Antioquia,66.77,165597000.0,275510000.0,60.10562230046096,24.143585,0.3518715,1.1553688,1010.27734,23.76181,0.64,0.0,0.012516975,0.0,0.29323745,1.2077627
2020-01-19,PLAYAS,Antioquia,95.61,173247000.0,275510000.0,62.88229102391928,23.970612,-0.29315948,0.6110344,1010.5522,23.98526,0.64,0.0,0.012278557,0.0,0.2919252,0.6777208
2020-01-20,PLAYAS,Antioquia,93.21,165354000.0,275510000.0,60.01742223512758,22.914581,0.38642502,0.06018448,1012.61096,24.328003,0.64,0.020861626,0.012099743,0.00029802322,0.2923283,0.39108372
2020-01-21,PLAYAS,Antioquia,88.72,205207000.0,275510000.0,74.482595913034,22.004486,0.1849556,-0.14202881,1013.63654,24.79184,0.64,0.5720854,0.059247017,0.04774332,0.31238794,0.23319682
2020-01-22,PLAYAS,Antioquia,83.50999999999999,226415000.0,275510000.0,82.18032013357048,20.428802,-0.46086502,-0.0032997131,1014.83765,24.983673,0.64,1.3407469,0.16742945,0.15616417,0.4773401,0.46087682
2020-01-23,PLAYAS,Antioquia,66.53999999999999,192071000.0,275510000.0,69.71471089978584,20.935211,0.38848495,-0.14104462,1014.1186,25.079437,0.64,0.03385544,0.012457371,0.0011622906,0.46401423,0.41329667
2020-01-24,PLAYAS,Antioquia,53.98,186291000.0,275510000.0,67.61678341983956,21.46756,0.023292542,-0.2842598,1014.2445,25.441437,0.64,0.042915344,0.012755394,0.001847744,0.45836696,0.28521252
2020-01-25,PLAYAS,Antioquia,43.74,174117000.0,275510000.0,63.19806903560669,22.361053,-0.23794556,-0.2906456,1014.3152,25.631317,0.64,0.049233437,0.011563301,0.000834465,0.43309236,0.37562343
2020-01-26,PLAYAS,Antioquia,71.46000000000001,187125000.0,275510000.0,67.9194947551813,22.508392,-0.66285706,-0.50099564,1014.96,25.515656,0.64,0.06747246,0.013291836,0.0026226044,0.42462254,0.83088875
2020-01-27,PLAYAS,Antioquia,64.18,170250000.0,275510000.0,61.79449021814091,22.22647,0.10600662,-0.14291,1015.2008,25.499268,0.64,0.031232834,0.011205673,0.001013279,0.41857222,0.17793447
2020-01-28,PLAYAS,Antioquia,63.23,192164000.0,275510000.0,69.74846648034554,22.188202,-0.36448288,-0.19971466,1015.03766,25.534454,0.64,0.05030632,0.011622906,0.0012516975,0.41579562,0.41561246
2020-01-29,PLAYAS,Antioquia,73.27,170867000.0,275510000.0,62.01843853217669,22.080536,-0.42388153,-0.32667542,1014.5608,25.576904,0.64,0.008583069,0.010251999,0.00011920929,0.40493426,0.5351564
2020-01-30,PLAYAS,Antioquia,64.71000000000001,170936000.0,275510000.0,62.0434829951726,21.624237,-0.4699962,0.018566132,1014.09576,25.516663,0.64,0.0075101852,0.01001358,0.00011920929,0.3936181,0.47036278
2020-01-31,PLAYAS,Antioquia,66.59,161469000.0,275510000.0,58.60731007948895,23.271332,-0.311512,0.6038208,1013.4506,25.458893,0.64,0.007987022,0.009834766,0.00023841858,0.38621834,0.67944044
2020-02-01,PLAYAS,Antioquia,69.77,159900000.0,253260000.0,63.13669746505567,24.154877,-0.25824738,0.25204086,1012.96783,25.530426,0.63,0.0,0.009417534,0.0,0.3750694,0.36085495
2020-02-02,PLAYAS,Antioquia,64.56,189985000.0,253260000.0,75.0157940456448,21.935944,-0.24694824,-0.2082138,1013.96954,25.572266,0.63,0.1527071,0.012814999,0.0034570694,0.37776807,0.3230115
2020-02-03,PLAYAS,Antioquia,75.94,157830000.0,253260000.0,62.31935560293769,23.181305,0.08267212,0.4317932,1013.5625,25.774902,0.63,0.0054836273,0.009000301,0.00011920929,0.37758484,0.4396363
2020-02-04,PLAYAS,Antioquia,75.94,167095000.0,253260000.0,65.97765142541262,23.540497,-0.18767929,0.2008667,1013.40295,25.79837,0.63,0.0,0.008672476,0.0,0.36712542,0.27490172
2020-02-05,PLAYAS,Antioquia,70.71,152975000.0,253260000.0,60.40235331280107,22.82724,-0.23456955,0.1646576,1012.91986,25.912323,0.63,0.0,0.008523464,0.0,0.35735798,0.28659204
2020-02-06,PLAYAS,Antioquia,62.49,152041000.0,253260000.0,60.03356234699518,22.946564,-0.26733398,0.18076706,1011.77094,25.945038,0.63,0.0,0.00834465,0.0,0.3475937,0.3227138
2020-02-07,PLAYAS,Antioquia,58.330000000000005,157496000.0,253260000.0,62.18747532180368,21.809662,-0.12179947,0.2504921,1013.0069,25.982574,0.63,0.0,0.007927418,0.0,0.33967102,0.27853438
2020-02-08,PLAYAS,Antioquia,54.55,188302000.0,253260000.0,74.35125957514018,22.86203,0.14513779,-0.54086685,1014.16425,25.916534,0.63,0.019907951,0.00834465,0.00071525574,0.33491284,0.56000173
2020-02-09,PLAYAS,Antioquia,63.14999999999999,166089000.0,253260000.0,65.5804311774461,22.468048,-0.27674103,-0.39582825,1013.7587,25.959015,0.63,0.013589859,0.007867813,0.00023841858,0.33224386,0.48297578
2020-02-10,PLAYAS,Antioquia,62.1,141825000.0,253260000.0,55.99976308931532,22.410309,-0.32138062,0.54345703,1012.6372,26.059967,0.63,0.0,0.007390976,0.0,0.32752132,0.63137233
2020-02-11,PLAYAS,Antioquia,54.53,140844000.0,253260000.0,55.61241411987681,24.01767,-0.15406418,0.39291763,1011.7528,25.924774,0.63,0.0,0.0071525574,0.0,0.32196316,0.4220427
2020-02-12,PLAYAS,Antioquia,55.08,147145000.0,253260000.0,58.10037116007265,22.993439,-0.070129395,0.048812866,1011.53265,25.72525,0.63,0.0,0.006914139,0.0,0.31795275,0.08544488
2020-02-13,PLAYAS,Antioquia,55.33,174622000.0,253260000.0,68.94969596462134,23.378143,-0.024757385,0.116794586,1010.9391,25.612091,0.63,0.00047683716,0.00667572,0.0,0.31533292,0.11938971
2020-02-14,PLAYAS,Antioquia,47.58,165602000.0,253260000.0,65.38813867172077,23.408783,-0.344738,0.10555649,1012.0036,25.56424,0.63,0.044822693,0.008583069,0.0019669533,0.314055,0.36053637
2020-02-15,PLAYAS,Antioquia,56.37,264211000.0,253260000.0,104.3240148464029,23.703156,0.24145126,-0.02349472,1012.3766,25.493164,0.63,0.052452087,0.007927418,0.0014901161,0.31593806,0.24259166
2020-02-16,PLAYAS,Antioquia,58.16,218410000.0,253260000.0,86.23943773197504,23.78769,-0.27326202,0.59619904,1010.5623,25.31369,0.63,0.0014305115,0.0063180923,0.0,0.31305432,0.6558395
2020-02-17,PLAYAS,Antioquia,59.84,185349000.0,253260000.0,73.1852641554134,24.81247,-0.07493591,1.0188942,1009.5861,25.373566,0.63,0.15449524,0.008046627,0.002026558,0.32035214,1.0216461
2020-02-18,PLAYAS,Antioquia,54.76,159227000.0,253260000.0,62.87096264708205,25.300873,0.1297226,1.0540428,1009.6133,25.539642,0.63,0.0010728836,0.00590086,5.9604645e-05,0.313295,1.0619954
2020-02-19,PLAYAS,Antioquia,56.88999999999999,149371000.0,253260000.0,58.97930980020533,24.781036,-0.1314125,-0.09222031,1010.1205,25.575714,0.63,0.0,0.005722046,0.0,0.30898392,0.16054231
2020-02-20,PLAYAS,Antioquia,55.43,153651000.0,253260000.0,60.66927268419806,24.611542,0.0436821,0.0061187744,1010.4211,25.875458,0.63,0.0022649765,0.005722046,0.0,0.30475363,0.044108562
2020-02-21,PLAYAS,Antioquia,55.75,186783000.0,253260000.0,73.75148069177921,23.06424,0.30854797,-0.116046906,1013.2336,26.167206,0.63,0.39434433,0.011563301,0.005841255,0.3374629,0.32964942
2020-02-22,PLAYAS,Antioquia,52.82,253744000.0,253260000.0,100.19110795230198,21.637787,0.21833038,-0.12845993,1014.6953,26.430328,0.63,0.48792362,0.019788742,0.014424324,0.38455585,0.2533182
2020-02-23,PLAYAS,Antioquia,52.78,214651000.0,253260000.0,84.75519229250573,21.588837,0.02122116,-0.053352356,1014.5561,26.496155,0.63,0.5180836,0.032782555,0.027358532,0.43826824,0.05741787
2020-02-24,PLAYAS,Antioquia,54.91,167508000.0,253260000.0,66.1407249466951,22.47519,-0.11968613,-0.17483139,1013.4517,26.652618,0.63,0.008940697,0.0056028366,0.00035762787,0.4220218,0.21187446
2020-02-25,PLAYAS,Antioquia,54.620000000000005,215765000.0,253260000.0,85.19505646371319,23.6586,0.013946533,-0.4889145,1012.6831,26.929169,0.63,0.29349327,0.012040138,0.0069737434,0.4148708,0.48911336
2020-02-26,PLAYAS,Antioquia,57.60999999999999,164119000.0,253260000.0,64.8025744294401,22.943695,-0.20653915,-0.47551727,1014.2584,27.004242,0.63,0.011086464,0.005185604,0.00023841858,0.40427157,0.51843524
2020-02-27,PLAYAS,Antioquia,53.13,151694000.0,253260000.0,59.89654900102661,22.552399,-0.2867241,-0.5290642,1014.77673,26.976135,0.63,0.0076293945,0.0052452087,0.00029802322,0.39153123,0.6017637
2020-02-28,PLAYAS,Antioquia,56.3,136394000.0,253260000.0,53.85532654189371,22.427643,-0.20508575,-0.34862518,1014.6875,26.954254,0.63,0.011205673,0.0051259995,5.9604645e-05,0.38466445,0.4044746
2020-02-29,PLAYAS,Antioquia,56.31,140213000.0,253260000.0,55.363263049830216,22.832245,-0.3090973,-0.083034515,1014.59814,26.911652,0.63,0.014901161,0.004887581,0.00011920929,0.3756051,0.32005602
2020-03-01,PLAYAS,Antioquia,58.15,164028000.0,272230000.0,60.2534621459795,23.431488,-0.016384125,-0.27814102,1013.8063,26.787445,0.53,0.030398369,0.0059604645,0.0013113022,0.36973307,0.27862316
2020-03-02,PLAYAS,Antioquia,53.27,172593000.0,272230000.0,63.39969878411637,23.885834,0.08950043,-0.1420517,1012.9263,26.804962,0.53,0.15819073,0.00923872,0.004172325,0.37972945,0.16789584
2020-03-03,PLAYAS,Antioquia,56.13,187984000.0,272230000.0,69.05337398523308,24.296722,-0.07654953,-0.17457199,1011.96893,26.799713,0.53,0.019669533,0.00500679,0.00059604645,0.37978116,0.19061798
2020-03-04,PLAYAS,Antioquia,50.370000000000005,168183000.0,272230000.0,61.77974506850825,23.592133,-0.21826172,-0.021736145,1012.39484,26.834808,0.53,0.012874603,0.0045895576,0.00011920929,0.3706004,0.21934137
2020-03-05,PLAYAS,Antioquia,44.99,154855000.0,272230000.0,56.88388495022592,24.753265,-0.10930252,0.22321701,1012.47656,26.738617,0.53,0.00011920929,0.0042915344,0.0,0.36172938,0.24854149
2020-03-06,PLAYAS,Antioquia,61.56,149912000.0,272230000.0,55.068140910259714,23.71054,0.0049705505,-0.14933395,1012.8728,26.536285,0.53,0.0,0.0042915344,0.0,0.35279936,0.14941666
2020-03-07,PLAYAS,Antioquia,58.9,144172000.0,272230000.0,52.959629724865,23.351654,0.15915298,-0.38786697,1012.145,26.320953,0.53,0.01347065,0.0044107437,0.00011920929,0.344327,0.4192499
2020-03-08,PLAYAS,Antioquia,57.38999999999999,161043000.0,272230000.0,59.15696286228557,23.500885,-0.26611328,-0.17125702,1012.98596,26.36905,0.53,0.0654459,0.006854534,0.0029206276,0.343903,0.31645733
2020-03-09,PLAYAS,Antioquia,73.32,169134000.0,272230000.0,62.12908202622782,23.376373,0.45885468,-0.22924805,1013.507,26.267029,0.53,0.12934208,0.0073313713,0.0033974648,0.34682575,0.512935
2020-03-10,PLAYAS,Antioquia,75.92,202999000.0,272230000.0,74.56893068361312,23.533844,0.37921524,-0.30996704,1013.4416,26.255219,0.53,0.04553795,0.0052452087,0.0014305115,0.35313433,0.4897793
2020-03-11,PLAYAS,Antioquia,68.88,245634000.0,272230000.0,90.23031995004224,21.868378,0.040332794,-0.5182686,1012.4931,26.329712,0.53,0.1347065,0.008821487,0.004887581,0.38369235,0.5198356
2020-03-12,PLAYAS,Antioquia,63.53,184007000.0,272230000.0,67.59247694963817,23.296295,0.005130768,0.0059928894,1010.8869,26.29535,0.53,0.04041195,0.0062584877,0.0022351742,0.38873494,0.007889202
2020-03-13,PLAYAS,Antioquia,57.42,202125000.0,272230000.0,74.24787863203909,22.556488,-0.12073517,-0.28040695,1012.9972,26.365631,0.53,0.105023384,0.0078082085,0.0038146973,0.41059935,0.305295
2020-03-14,PLAYAS,Antioquia,51.41,219950000.0,272230000.0,80.79565073650957,22.335724,-0.070697784,-0.31197357,1014.5253,26.389862,0.53,0.116467476,0.007033348,0.0033974648,0.42070577,0.31988385
2020-03-15,PLAYAS,Antioquia,43.95,172840000.0,272230000.0,63.490430885648166,22.497833,-0.13819122,-0.43715286,1014.5637,26.582764,0.53,0.024199486,0.0044107437,0.00059604645,0.41171843,0.45847514
2020-03-16,PLAYAS,Antioquia,69.8,163521000.0,272230000.0,60.06722256915109,23.363739,-0.037719727,-0.5264702,1013.46564,26.711273,0.53,0.008583069,0.0039339066,0.00035762787,0.4002442,0.5278197
2020-03-17,PLAYAS,Antioquia,72.21,151085000.0,272230000.0,55.49902655842486,22.957611,-0.29802704,-0.71559525,1013.4844,26.90738,0.53,0.00011920929,0.00333786,0.0,0.38517803,0.7751752
2020-03-18,PLAYAS,Antioquia,75.63,133252000.0,272230000.0,48.94831576240679,22.801178,-0.31347656,-0.4416542,1013.97437,26.93814,0.53,0.0,0.00333786,0.0,0.37189844,0.54159576
2020-03-19,PLAYAS,Antioquia,69.13,179798000.0,272230000.0,66.04635785916321,23.938751,-0.07834625,-0.23431778,1013.8228,26.954681,0.53,0.012874603,0.00333786,0.00011920929,0.35818246,0.24706873
2020-03-20,PLAYAS,Antioquia,59.830000000000005,147376000.0,272230000.0,54.136575689674174,22.59616,0.36332703,-0.33744812,1015.4575,26.819427,0.53,0.04839897,0.0045895576,0.0013113022,0.36336738,0.49586064
2020-03-21,PLAYAS,Antioquia,52.5,171971000.0,272230000.0,63.17121551629137,21.960052,0.15969467,-0.3646698,1015.535,26.710693,0.53,0.26726723,0.01001358,0.006735325,0.38615,0.39810356
2020-03-22,PLAYAS,Antioquia,77.64999999999999,163720000.0,272230000.0,60.14032252139735,22.845856,-0.12317276,-0.33283234,1013.6305,26.649048,0.53,0.18775463,0.021278858,0.018119812,0.3857845,0.3548928
2020-03-23,PLAYAS,Antioquia,84.04,156180000.0,272230000.0,57.370605737795245,23.454865,0.35655355,-0.2855034,1014.86237,26.489075,0.53,0.0113248825,0.0034570694,0.00047683716,0.37678224,0.45677415
2020-03-24,PLAYAS,Antioquia,77.01,159209000.0,272230000.0,58.48326782500092,23.051666,0.46124268,-0.4435196,1014.71326,26.344025,0.53,0.012636185,0.003516674,0.00047683716,0.36947817,0.63988626
2020-03-25,PLAYAS,Antioquia,77.82,165689000.0,272230000.0,60.86360797854755,23.655182,0.062992096,-0.32583237,1012.5722,26.096527,0.53,0.029206276,0.0034570694,0.00059604645,0.3637738,0.33186555
2020-03-26,PLAYAS,Antioquia,70.71,146370000.0,272230000.0,53.76703522756493,23.230011,0.29601288,-0.39179993,1011.6756,25.60025,0.53,0.161767,0.0046491623,0.001847744,0.3655182,0.49105072
2020-03-27,PLAYAS,Antioquia,61.17,141457000.0,272230000.0,51.96231128090217,22.678009,0.22724152,-0.7577858,1010.72705,25.349854,0.53,0.012516975,0.0029206276,5.9604645e-05,0.36927617,0.7911245
2020-03-28,PLAYAS,Antioquia,46.7,135853000.0,272230000.0,49.90375785181648,23.319489,0.029758453,-0.23305893,1010.2519,25.014618,0.53,0.0113248825,0.0029802322,0.00023841858,0.35570517,0.23495112
2020-03-29,PLAYAS,Antioquia,55.84,202271000.0,272230000.0,74.30150975278256,23.389679,-0.05153656,-0.1515503,1011.26935,24.639008,0.53,0.048041344,0.0035762787,0.0009536743,0.35247308,0.16007344
2020-03-30,PLAYAS,Antioquia,50.79,265794000.0,272230000.0,97.63582264996508,23.368805,-0.08908081,0.13508224,1012.5225,24.513641,0.53,0.08714199,0.004053116,0.0013709068,0.36478353,0.1618104
2020-03-31,PLAYAS,Antioquia,59.97,323387000.0,272230000.0,118.79183043749772,23.75473,0.31879425,-0.16668701,1011.4014,24.34311,0.53,0.19550323,0.0063180923,0.0037550926,0.37388587,0.35974205
2020-04-01,PLAYAS,Antioquia,52.54,455082000.0,365230000.0,124.60148399638584,21.515106,-0.38526535,0.12957764,1012.9139,24.180511,0.3,0.4887581,0.028252602,0.025749207,0.3846075,0.40647233
2020-04-02,PLAYAS,Antioquia,52.92,195789000.0,365230000.0,53.60704213783095,23.04776,-0.51382065,-0.17730331,1013.78577,24.081024,0.3,0.269413,0.010550022,0.007987022,0.39296925,0.5435514
2020-04-03,PLAYAS,Antioquia,46.71,175656000.0,365230000.0,48.09462530460258,24.112701,-0.42992783,0.0779686,1011.9878,24.078094,0.3,0.10848045,0.0041127205,0.0016987324,0.3929081,0.43694055
2020-04-04,PLAYAS,Antioquia,63.16,298812000.0,365230000.0,81.81474687183419,24.208893,-0.10701752,0.097270966,1011.03156,24.120544,0.3,0.35846233,0.01835823,0.01591444,0.3888983,0.14461808
2020-04-05,PLAYAS,Antioquia,74.26,251327000.0,365230000.0,68.81335049147113,24.213531,-0.16240692,-0.26097488,1011.3663,24.082855,0.3,0.2632141,0.015676022,0.013411045,0.38176766,0.30738235
2020-04-06,PLAYAS,Antioquia,72.11,220035000.0,365230000.0,60.245598663855645,23.125824,-0.51836777,-0.17463303,1012.7575,24.036652,0.3,0.1308918,0.005543232,0.0031590462,0.39379913,0.54699343
2020-04-07,PLAYAS,Antioquia,59.8,180058000.0,365230000.0,49.29989321797223,23.995636,-0.060958862,0.12848282,1013.22955,23.856201,0.3,0.029683113,0.0035762787,0.0011920929,0.39220843,0.14221047
2020-04-08,PLAYAS,Antioquia,50.38,187534000.0,365230000.0,51.34682255017387,24.624542,-0.3140068,-0.13471603,1011.9794,23.950226,0.3,0.0034570694,0.0025629997,0.00017881393,0.3838041,0.34168506
2020-04-09,PLAYAS,Antioquia,59.29,302029000.0,365230000.0,82.69556170084604,23.26767,-0.18841934,0.07466507,1012.2458,23.694336,0.3,0.33771992,0.03015995,0.028014183,0.38341618,0.20267393
2020-04-10,PLAYAS,Antioquia,57.91,254006000.0,365230000.0,69.54686088218382,23.038849,0.1851387,-0.089351654,1012.40204,23.773193,0.3,0.15115738,0.0051259995,0.0029206276,0.3786084,0.20557252
2020-04-11,PLAYAS,Antioquia,71.55,644472000.0,365230000.0,176.45647947868466,22.507233,0.068222046,-0.054122925,1013.3209,23.694733,0.3,0.33783913,0.079512596,0.02527237,0.38502353,0.08708351
2020-04-12,PLAYAS,Antioquia,62.86000000000001,262668000.0,365230000.0,71.91851709881445,22.876007,-0.025371552,-0.052005768,1014.327,23.509674,0.3,0.27740002,0.013113022,0.010967255,0.39001468,0.057864632
2020-04-13,PLAYAS,Antioquia,45.36,219822000.0,365230000.0,60.187279248692604,22.307037,-0.10493088,-0.45535278,1014.8694,23.433228,0.3,0.0834465,0.0038146973,0.00166893,0.38916928,0.46728647
2020-04-14,PLAYAS,Antioquia,50.06,235152000.0,365230000.0,64.38463434000494,22.372955,0.02589035,-0.3076706,1014.7495,23.555176,0.3,0.041007996,0.00333786,0.0009536743,0.40780863,0.308758
2020-04-15,PLAYAS,Antioquia,71.57,201534000.0,365230000.0,55.180023546806126,20.848236,-0.12231445,-0.26511002,1014.553,23.752289,0.3,0.18537045,0.00834465,0.0059604645,0.45098317,0.29196602
2020-04-16,PLAYAS,Antioquia,76.03,178294000.0,365230000.0,48.81690989239657,21.51181,-0.36180496,-0.36733627,1014.46765,23.838806,0.3,0.06735325,0.0051259995,0.002861023,0.45058596,0.5155955
2020-04-17,PLAYAS,Antioquia,56.14,192480000.0,365230000.0,52.7010377022698,21.540375,0.038036346,-0.0066986084,1015.1272,23.832428,0.3,0.07545948,0.005364418,0.0030994415,0.43839967,0.03862169
2020-04-18,PLAYAS,Antioquia,57.73,315026000.0,365230000.0,86.25414122607673,22.292511,-0.2668724,-0.14498901,1014.5025,24.018951,0.3,0.039100647,0.004172325,0.0017881393,0.43192053,0.3037148
2020-04-19,PLAYAS,Antioquia,42.17,244394000.0,365230000.0,66.9150945979246,21.738678,0.027568817,-0.08929443,1015.15625,24.181793,0.3,0.19574165,0.0064969063,0.004053116,0.43428046,0.093453385
2020-04-20,PLAYAS,Antioquia,43.75,225236000.0,365230000.0,61.66963283410454,22.705048,0.08312225,-0.2262001,1013.47815,24.199799,0.3,0.15497208,0.0056028366,0.0030994415,0.44096547,0.2409892
2020-04-21,PLAYAS,Antioquia,66.53999999999999,294603000.0,365230000.0,80.66232237220382,20.617401,0.078746796,0.17443466,1015.1859,24.214325,0.3,0.7297993,0.19800663,0.10037422,0.45314056,0.19138576
2020-04-22,PLAYAS,Antioquia,66.18,222387000.0,365230000.0,60.88957643128987,21.902557,0.09736252,-0.30895615,1014.3978,24.107605,0.3,0.005722046,0.0029802322,0.00017881393,0.44512022,0.3239342
2020-04-23,PLAYAS,Antioquia,60.39,300455000.0,365230000.0,82.26460038879611,22.533356,-0.07144165,-0.019348145,1013.78986,24.13388,0.3,0.20885468,0.0094771385,0.006735325,0.44104382,0.07401527
2020-04-24,PLAYAS,Antioquia,60.99,275542000.0,365230000.0,75.443419215289,21.94986,4.196167e-05,-0.031105042,1013.79266,24.126068,0.3,0.058412552,0.005066395,0.0020861626,0.43469098,0.03110507
2020-04-25,PLAYAS,Antioquia,41.61,198134000.0,365230000.0,54.249103304766855,22.07602,0.18195343,-0.17411423,1013.28766,24.111969,0.3,0.047326088,0.004887581,0.0016093254,0.44153422,0.25183886
2020-04-26,PLAYAS,Antioquia,55.67999999999999,257234000.0,365230000.0,70.43068751197875,22.867157,-0.32479095,0.22535706,1013.53687,24.014343,0.3,0.04887581,0.004053116,0.00071525574,0.43157876,0.3953163
2020-04-27,PLAYAS,Antioquia,67.91,217813000.0,365230000.0,59.63721490567588,23.512848,0.07159424,0.17525864,1013.28467,23.75705,0.3,0.015735626,0.0037550926,0.00029802322,0.421067,0.18931805
2020-04-28,PLAYAS,Antioquia,84.28999999999999,388538000.0,365230000.0,106.38173205925034,23.24704,0.050735474,-0.15587997,1013.47565,23.585236,0.3,0.11610985,0.009059906,0.0056028366,0.41697043,0.1639288
2020-04-29,PLAYAS,Antioquia,88.34,215261000.0,365230000.0,58.93847712400405,22.747833,-0.23326111,-0.1359253,1013.6937,23.45044,0.3,0.10752678,0.0066161156,0.0029206276,0.41620427,0.26997486
2020-04-30,PLAYAS,Antioquia,78.09,265790000.0,365230000.0,72.77332092106344,22.603363,0.30229568,-0.2055397,1013.685,23.377838,0.3,0.08022785,0.0051259995,0.0013709068,0.41046387,0.36555335
2020-05-01,PLAYAS,Antioquia,73.17,246657000.0,459950000.0,53.62691596912708,21.975311,0.09149933,0.14357758,1014.70044,23.416687,0.01,0.51403046,0.11044741,0.030338764,0.4228293,0.17025466
2020-05-02,PLAYAS,Antioquia,71.13000000000001,198524000.0,459950000.0,43.16208283509077,23.11972,0.28251266,-0.04253006,1013.9895,23.4953,0.01,0.0010728836,0.004529953,5.9604645e-05,0.41107497,0.28569603
2020-05-03,PLAYAS,Antioquia,79.25999999999999,224509000.0,459950000.0,48.81160995760408,23.31485,-0.02563095,0.26389694,1013.1855,23.644989,0.01,0.26392937,0.012934208,0.007987022,0.41159067,0.26513872
2020-05-04,PLAYAS,Antioquia,72.56,242598000.0,459950000.0,52.74442874225459,24.658844,-0.5397377,0.050159454,1011.5555,23.709381,0.01,0.014424324,0.0061392784,0.0005364418,0.40025,0.5420634
2020-05-05,PLAYAS,Antioquia,81.75,320454000.0,459950000.0,69.67148603109034,23.942963,-0.14799118,0.38308716,1011.2286,23.698303,0.01,0.20563602,0.0150203705,0.00834465,0.3971014,0.4106789
2020-05-06,PLAYAS,Antioquia,76.7,229251000.0,459950000.0,49.84259158604196,24.325653,-0.5524292,0.27589035,1012.27466,23.867462,0.01,0.22554398,0.024855137,0.01603365,0.39270273,0.6174897
2020-05-07,PLAYAS,Antioquia,66.49000000000001,232606000.0,459950000.0,50.57201869768453,24.104218,-0.2283287,0.48983002,1013.0547,23.989227,0.01,0.48959255,0.052452087,0.041365623,0.39819258,0.54043263
2020-05-08,PLAYAS,Antioquia,46.34,186039000.0,459950000.0,40.44765735406023,24.4664,-0.2601509,0.7662697,1013.1933,24.189728,0.01,0.00023841858,0.0121593475,0.0,0.3875998,0.80922663
2020-05-09,PLAYAS,Antioquia,43.82,168857000.0,459950000.0,36.71203391673008,24.481049,-0.31674194,0.45923615,1012.65356,24.19928,0.01,0.0,0.012814999,0.0,0.3731396,0.5578739
2020-05-10,PLAYAS,Antioquia,44.72,160650000.0,459950000.0,34.927709533644965,24.751556,-0.4095459,0.054000854,1012.59467,24.124725,0.01,0.0009536743,0.01257658,0.0,0.36108232,0.4130907
2020-05-11,PLAYAS,Antioquia,40.92,188880000.0,459950000.0,41.06533318839004,24.226288,-0.2210083,-0.28977203,1013.4564,24.314423,0.01,0.01680851,0.012993813,0.00059604645,0.3512764,0.36443448
2020-05-12,PLAYAS,Antioquia,39.2,175298000.0,459950000.0,38.112403522121966,23.050629,-0.29346848,0.19849014,1013.84344,24.491089,0.01,0.14412403,0.015258789,0.0030994415,0.369635,0.35429096
2020-05-13,PLAYAS,Antioquia,55.3,236967000.0,459950000.0,51.52016523535167,21.799103,-0.6024513,-0.07592392,1014.71765,24.406677,0.01,0.26786327,0.019073486,0.0067949295,0.3881354,0.60721666
2020-05-14,PLAYAS,Antioquia,60.02,190669000.0,459950000.0,41.45428850962061,22.18637,0.02458191,-0.26324844,1013.9969,24.340973,0.01,0.046133995,0.013828278,0.0017881393,0.38826132,0.2643937
2020-05-15,PLAYAS,Antioquia,45.61,190340000.0,459950000.0,41.38275899554299,23.4169,0.19661331,0.09532952,1013.39825,24.251953,0.01,0.042557716,0.012874603,0.001013279,0.38701886,0.21850517
2020-05-16,PLAYAS,Antioquia,58.07,225409000.0,459950000.0,49.00728340036961,24.647797,-0.24348068,0.4690361,1011.6861,24.18872,0.01,0.0,0.01180172,0.0,0.37486416,0.5284673
2020-05-17,PLAYAS,Antioquia,48.48,201009000.0,459950000.0,43.70235895206,24.052643,-0.055747986,0.04151535,1012.5714,23.954254,0.01,0.024318695,0.012397766,0.000834465,0.37589374,0.069508
2020-05-18,PLAYAS,Antioquia,26.93,239227000.0,459950000.0,52.01152299162952,24.114716,-0.047664642,0.3822403,1012.98627,23.925873,0.01,0.21135807,0.01680851,0.0056028366,0.37387675,0.38520068
2020-05-19,PLAYAS,Antioquia,35.0,363668000.0,459950000.0,79.06685509294489,23.184296,-0.30717087,0.12561798,1013.97955,23.758148,0.01,0.25093555,0.030636787,0.019490719,0.36951068,0.33186415
2020-05-20,PLAYAS,Antioquia,50.72,203025000.0,459950000.0,44.14066746385477,23.27298,-0.41997528,0.36223984,1013.73157,23.66455,0.01,0.023007393,0.011444092,0.00059604645,0.37201706,0.5546142
2020-05-21,PLAYAS,Antioquia,31.53,203878000.0,459950000.0,44.3261224046092,24.454742,-0.18703079,0.3704872,1012.65564,23.34256,0.01,0.17654896,0.015318394,0.0044703484,0.36713332,0.41501963
2020-05-22,PLAYAS,Antioquia,35.08,183519000.0,459950000.0,39.89977171431677,24.047272,0.0051193237,0.34098434,1013.41,23.174805,0.01,0.004529953,0.011086464,5.9604645e-05,0.36149332,0.3410228
2020-05-23,PLAYAS,Antioquia,47.45,178747000.0,459950000.0,38.86226763778672,24.879791,-0.57154846,0.23583603,1013.368,22.902924,0.01,0.0962019,0.012993813,0.001847744,0.35558054,0.61829305
2020-05-24,PLAYAS,Antioquia,61.07,196431000.0,459950000.0,42.707033373192736,24.392426,-0.30482864,0.5945473,1012.71686,22.63916,0.01,0.013589859,0.0121593475,0.0005364418,0.35329494,0.66813695
2020-05-25,PLAYAS,Antioquia,69.5,153475000.0,459950000.0,33.36775736493097,24.867706,-0.4133377,0.44974518,1011.98486,22.411713,0.01,0.039577484,0.013291836,0.0006556511,0.34358642,0.6108345
2020-05-26,PLAYAS,Antioquia,69.87,165145000.0,459950000.0,35.90498967279052,24.235077,-0.09151077,0.64169693,1012.14044,22.223328,0.01,0.08392334,0.015974045,0.002503395,0.34887135,0.6481891
2020-05-27,PLAYAS,Antioquia,50.03999999999999,175076000.0,459950000.0,38.06413740623981,24.123566,-0.67777634,0.49007416,1012.63983,22.155518,0.01,0.0,0.014185905,0.0,0.3437484,0.8363931
2020-05-28,PLAYAS,Antioquia,54.690000000000005,333449000.0,459950000.0,72.49679312968802,21.339752,-0.4966774,-0.20540237,1015.21014,22.37149,0.01,0.9086132,0.06377697,0.04887581,0.36303917,0.5374742
2020-05-29,PLAYAS,Antioquia,57.8,222265000.0,459950000.0,48.323730840308734,22.344452,-0.17361069,-0.23967361,1014.53876,22.6091,0.01,0.09524822,0.021636486,0.005364418,0.41303805,0.29594612
2020-05-30,PLAYAS,Antioquia,78.82000000000001,431403000.0,459950000.0,93.79345581041416,20.55069,-0.09580612,-0.09187317,1016.09534,22.669037,0.01,1.5003681,0.233531,0.19693375,0.470382,0.13273843
2020-05-31,PLAYAS,Antioquia,64.0,260033000.0,459950000.0,56.53505815849549,21.12088,-0.08586502,0.16038132,1016.7097,22.614044,0.01,0.84519386,0.18399954,0.12564659,0.47637486,0.18192023
2020-06-01,PLAYAS,Antioquia,43.13,219586000.0,408130000.0,53.80295494082768,21.486359,0.16787338,0.11313248,1015.637,22.609863,-0.23,0.228405,0.11050701,0.043153763,0.46347228,0.20243624
2020-06-02,PLAYAS,Antioquia,46.32,190743300.0,408130000.0,46.7359174772744,22.119965,0.09830856,-0.08508301,1014.21313,22.45752,-0.23,0.010609627,0.061690807,0.00029802322,0.45828834,0.1300142
2020-06-03,PLAYAS,Antioquia,49.33,269717000.0,408130000.0,66.08605101315757,19.950531,-0.10725021,0.06237793,1014.9334,22.373352,-0.23,0.44500828,0.10639429,0.041127205,0.4511121,0.12407101
2020-06-04,PLAYAS,Antioquia,60.62,214008000.0,408130000.0,52.43623355303457,22.705658,-0.09201431,0.06880188,1013.1653,22.20346,-0.23,0.0,0.06389618,0.0,0.4342219,0.1148927
2020-06-05,PLAYAS,Antioquia,66.51,201665000.0,408130000.0,49.41195207409404,22.90506,-0.7022209,0.15459442,1013.91327,21.999664,-0.23,0.00071525574,0.062823296,0.0,0.41553122,0.71903664
2020-06-06,PLAYAS,Antioquia,47.19,362866000.0,408130000.0,88.90941611741357,22.092926,-0.2863922,0.20654297,1015.3652,21.989471,-0.23,0.0022649765,0.06121397,0.00011920929,0.4077078,0.35310125
2020-06-07,PLAYAS,Antioquia,55.78999999999999,208635000.0,408130000.0,51.1197412589126,23.221466,-0.44776535,0.074337006,1014.9875,21.927582,-0.23,0.0,0.058948994,0.0,0.39507604,0.45389405
2020-06-08,PLAYAS,Antioquia,52.6,193576000.0,408130000.0,47.42998554382182,22.110077,-0.29359055,0.48677063,1013.7861,22.062134,-0.23,0.0014305115,0.056266785,5.9604645e-05,0.37930104,0.568455
2020-06-09,PLAYAS,Antioquia,44.21,184818000.0,408130000.0,45.28410065420332,23.682587,0.4588356,0.17502213,1012.382,21.720825,-0.23,0.0019073486,0.05364418,0.00017881393,0.36782563,0.49108335
2020-06-10,PLAYAS,Antioquia,51.62,264724000.0,408130000.0,64.86266630730404,21.069183,-0.21765518,-0.41645813,1015.3038,21.531555,-0.23,0.14936924,0.057697296,0.007033348,0.38508394,0.46990547
2020-06-11,PLAYAS,Antioquia,59.940000000000005,318140000.0,408130000.0,77.95065297821773,21.690826,0.19131088,-0.2202301,1015.54156,21.30951,-0.23,0.02670288,0.050663948,0.0019073486,0.40006816,0.29172102
2020-06-12,PLAYAS,Antioquia,76.48,671052000.0,408130000.0,164.4211403229363,21.699554,-0.27793884,0.068359375,1014.9881,21.31543,-0.23,0.17046928,0.051379204,0.004887581,0.43092293,0.28622195
2020-06-13,PLAYAS,Antioquia,67.85,248990000.0,408130000.0,61.00752211305222,22.593414,-0.3508606,-0.0010108948,1012.96625,21.307648,-0.23,0.023126602,0.045239925,0.00071525574,0.413625,0.35086206
2020-06-14,PLAYAS,Antioquia,47.09,355194000.0,408130000.0,87.0296229142675,22.812897,-0.43638992,0.1892662,1012.9263,21.376343,-0.23,0.35130978,0.049352646,0.0072717667,0.40996695,0.4756657
2020-06-15,PLAYAS,Antioquia,50.370000000000005,335912000.0,408130000.0,82.30514786955136,22.320526,-0.058063507,0.2674904,1013.3342,21.74762,-0.23,0.029921532,0.04041195,0.00035762787,0.40001184,0.2737197
2020-06-16,PLAYAS,Antioquia,63.51,235122000.0,408130000.0,57.609585181192266,22.595428,-0.48944473,0.2864952,1013.6978,22.175262,-0.23,0.06318092,0.03862381,0.001013279,0.38866004,0.5671293
2020-06-17,PLAYAS,Antioquia,54.84,281731000.0,408130000.0,69.02972092225517,21.440765,0.010318756,0.29611206,1014.5408,22.382568,-0.23,0.43690205,0.047504902,0.011861324,0.40126112,0.2962918
2020-06-18,PLAYAS,Antioquia,66.64,227022000.0,408130000.0,55.624923431259646,22.08255,0.16827774,0.039352417,1013.262,22.491028,-0.23,0.0059604645,0.034809113,0.0004172325,0.3943117,0.17281786
2020-06-19,PLAYAS,Antioquia,45.26,235499000.0,408130000.0,57.70195770955333,23.549347,-0.13332748,0.49990082,1011.98846,22.471832,-0.23,0.22566319,0.040471554,0.0074505806,0.3947887,0.5173752
2020-06-20,PLAYAS,Antioquia,55.23,481861000.0,408130000.0,118.06556734373852,22.904205,-0.11558151,0.10170746,1013.233,22.406036,-0.23,0.19109249,0.04005432,0.008404255,0.38843992,0.1539594
2020-06-21,PLAYAS,Antioquia,70.35,551989000.0,408130000.0,135.24832773871069,23.399567,-0.18554306,0.43885422,1013.3206,22.360016,-0.23,0.38349628,0.105798244,0.07498264,0.37925297,0.47646537
2020-06-22,PLAYAS,Antioquia,60.27,321096000.0,408130000.0,78.67493200695857,23.403107,-0.16138458,0.6468086,1012.948,22.354126,-0.23,0.14054775,0.03385544,0.003874302,0.3753904,0.66663814
2020-06-23,PLAYAS,Antioquia,48.63,269832000.0,408130000.0,66.11422830960724,24.011383,-0.294796,0.3191223,1011.71765,22.256622,-0.23,0.076532364,0.032246113,0.0031590462,0.3645805,0.43444645
2020-06-24,PLAYAS,Antioquia,59.86,249452000.0,408130000.0,61.12072133878911,22.721344,-0.19962311,0.049682617,1011.91486,22.129425,-0.23,0.06890297,0.029981136,0.0017285347,0.36427867,0.20571278
2020-06-25,PLAYAS,Antioquia,55.17999999999999,212278000.0,408130000.0,52.012349006444026,23.111969,0.056797028,0.15016937,1011.7612,22.034882,-0.23,0.008106232,0.027477741,0.00017881393,0.3560264,0.16055137
2020-06-26,PLAYAS,Antioquia,69.41000000000001,373543000.0,408130000.0,91.52549432778773,22.917267,0.005844116,0.22475815,1012.5667,22.130371,-0.23,0.37789345,0.077962875,0.012516975,0.36181137,0.22483411
2020-06-27,PLAYAS,Antioquia,58.47,395669000.0,408130000.0,96.94680616470242,22.850739,-0.17717361,0.16591644,1011.6202,22.240631,-0.23,0.03671646,0.026643276,0.00059604645,0.3570574,0.24273185
2020-06-28,PLAYAS,Antioquia,70.71,470014000.0,408130000.0,115.16281576948522,21.615509,-0.06716919,0.3004303,1013.01404,22.2948,-0.23,0.595212,0.14317036,0.08648634,0.36300847,0.30784747
2020-06-29,PLAYAS,Antioquia,59.1,277137000.0,408130000.0,67.9040991840835,22.914093,-0.33562088,0.31043625,1012.6886,22.309021,-0.23,0.035762787,0.027358532,0.0013113022,0.3622082,0.45717832
2020-06-30,PLAYAS,Antioquia,50.18,288026000.0,408130000.0,70.57212162791268,23.22171,-0.32717514,0.07445145,1012.0478,22.344574,-0.23,0.20575523,0.17607212,0.056564808,0.35702357,0.33553925
2020-07-01,PLAYAS,Antioquia,59.5,371069000.0,356420000.0,104.11003871836596,21.586945,-0.15607452,0.05609131,1012.54175,22.203186,-0.36,0.5632639,0.09715557,0.065624714,0.35528287,0.1658478
2020-07-02,PLAYAS,Antioquia,69.5,579205000.0,356420000.0,162.50631277706077,21.535858,-0.03492737,0.08488083,1012.4998,22.13504,-0.36,0.41806698,0.069737434,0.020742416,0.39940172,0.091786034
2020-07-03,PLAYAS,Antioquia,57.07,316191000.0,356420000.0,88.71303518321082,22.006866,-0.046943665,0.22605515,1012.3231,22.106842,-0.36,0.22351742,0.103354454,0.017404556,0.4174615,0.23087797
2020-07-04,PLAYAS,Antioquia,50.370000000000005,531996000.0,356420000.0,149.26098423208575,21.868744,0.32602692,-0.08600998,1013.23206,21.976135,-0.36,0.21469593,0.08255243,0.005543232,0.4072136,0.33718136
2020-07-05,PLAYAS,Antioquia,66.89,695169000.0,356420000.0,195.04208518040517,20.44931,-0.18606567,0.08251953,1014.6525,21.94339,-0.36,0.4709959,0.10216236,0.02169609,0.4209037,0.20354338
2020-07-06,PLAYAS,Antioquia,69.24,363747000.0,356420000.0,102.0557207788564,21.67691,0.04641342,0.11745453,1013.5619,21.848663,-0.36,0.021100044,0.082969666,0.0011920929,0.42300376,0.12629241
2020-07-07,PLAYAS,Antioquia,62.39,372755000.0,356420000.0,104.58307614611977,22.37735,-0.47447205,-0.13847351,1013.08716,21.894012,-0.36,0.024914742,0.08034706,0.0009536743,0.41575956,0.49426576
2020-07-08,PLAYAS,Antioquia,56.23,463748000.0,356420000.0,130.11278828348577,22.740875,-0.15031815,0.16701126,1012.9,21.902863,-0.36,0.35905838,0.10728836,0.031143427,0.40461695,0.22469604
2020-07-09,PLAYAS,Antioquia,58.34,599334000.0,356420000.0,168.1538634195612,22.095367,0.39068604,0.09931946,1012.9417,21.479584,-0.36,0.06771088,0.07688999,0.0032186508,0.40019494,0.4031128
2020-07-10,PLAYAS,Antioquia,54.56999999999999,338244000.0,356420000.0,94.90039840637448,22.106415,-0.06951141,0.22206116,1012.7562,21.341248,-0.36,0.2168417,0.11193752,0.02503395,0.39861345,0.23268647
2020-07-11,PLAYAS,Antioquia,50.06,719014000.0,356420000.0,201.7322260254756,21.214874,0.10791397,-0.22616959,1014.4217,21.263458,-0.36,0.06484985,0.10514259,0.00333786,0.43371052,0.2505955
2020-07-12,PLAYAS,Antioquia,63.05,392813000.0,356420000.0,110.21070646989506,21.189423,-0.4980507,0.16433716,1015.2408,21.309692,-0.36,0.121593475,0.108122826,0.00756979,0.4418724,0.52446276
2020-07-13,PLAYAS,Antioquia,55.04,463426000.0,356420000.0,130.0224454295494,22.710175,0.32799911,0.059970856,1013.35156,21.185883,-0.36,0.004172325,0.09542704,0.00023841858,0.4247589,0.33343655
2020-07-14,PLAYAS,Antioquia,53.03,598715000.0,356420000.0,167.98019190842265,22.471588,-0.13637161,0.15436172,1013.67126,21.089203,-0.36,0.059485435,0.09149313,0.0028014183,0.41751558,0.20597272
2020-07-15,PLAYAS,Antioquia,63.71,326551000.0,356420000.0,91.61971830985917,22.84488,-0.09225845,0.3432083,1012.9302,21.228851,-0.36,0.0,0.08368492,0.0,0.3997792,0.35539213
2020-07-16,PLAYAS,Antioquia,61.81,310013000.0,356420000.0,86.9796868862578,22.696014,-0.33958817,0.1724701,1012.3123,21.459839,-0.36,0.0,0.07802248,0.0,0.3843928,0.38087538
2020-07-17,PLAYAS,Antioquia,65.24,263071000.0,356420000.0,73.8092699624039,23.155304,-0.14984131,0.9146538,1012.1403,21.513641,-0.36,0.21803379,0.07531047,0.00333786,0.37850928,0.92684627
2020-07-18,PLAYAS,Antioquia,57.84,245013000.0,356420000.0,68.74277537736378,23.824982,-0.49050903,0.5204582,1011.53564,21.545319,-0.36,0.0,0.06610155,0.0,0.36154968,0.7151754
2020-07-19,PLAYAS,Antioquia,36.75,231799000.0,356420000.0,65.03535155154032,23.649567,0.004501343,0.5411148,1010.90796,21.458282,-0.36,0.0032186508,0.060737133,0.0,0.35114264,0.5411335
2020-07-20,PLAYAS,Antioquia,48.74,250427000.0,356420000.0,70.26176982211997,23.200714,-0.31076813,0.44168472,1011.23346,21.200531,-0.36,0.0032186508,0.056028366,0.0,0.34431887,0.5400576
2020-07-21,PLAYAS,Antioquia,67.53,231351000.0,356420000.0,64.90965714606364,22.286835,-0.11079025,0.20910645,1012.82904,20.797882,-0.36,0.31626225,0.09036064,0.038564205,0.3479733,0.23664317
2020-07-22,PLAYAS,Antioquia,54.50000000000001,367689000.0,356420000.0,103.16171931990348,21.448578,-0.16462326,-0.05952072,1013.5723,20.471497,-0.36,0.3540516,0.059247017,0.011026859,0.42060238,0.17505294
2020-07-23,PLAYAS,Antioquia,59.1,328243000.0,356420000.0,92.09443914482914,20.868805,-0.15420151,0.17174149,1013.6106,20.115723,-0.36,0.29957294,0.05543232,0.009894371,0.43332076,0.23080997
2020-07-24,PLAYAS,Antioquia,85.76,676679000.0,356420000.0,189.85438527579825,20.64096,-0.13694382,-0.08270264,1014.0183,19.792145,-0.36,0.6695986,0.18328428,0.08714199,0.47355276,0.15997916
2020-07-25,PLAYAS,Antioquia,100.6,800625000.0,356420000.0,224.6296504124348,21.418243,-0.12358475,0.13812637,1014.5472,19.595795,-0.36,0.022530556,0.042796135,0.00047683716,0.45374927,0.18534316
2020-07-26,PLAYAS,Antioquia,89.97,360569000.0,356420000.0,101.16407609000618,21.979828,0.031887054,-0.003314972,1014.23486,19.529694,-0.36,0.0011920929,0.041127205,0.0,0.43146944,0.032058902
2020-07-27,PLAYAS,Antioquia,85.07000000000001,720655000.0,356420000.0,202.19263789910775,22.235687,-0.3098755,0.031066895,1013.97314,19.610138,-0.36,0.16355515,0.047445297,0.007688999,0.43537137,0.3114289
2020-07-28,PLAYAS,Antioquia,81.71000000000001,533076000.0,356420000.0,149.56399753100277,22.744171,0.07326889,-0.008132935,1013.3311,19.68863,-0.36,0.14126301,0.043988228,0.00590086,0.43430752,0.07371889
2020-07-29,PLAYAS,Antioquia,77.49000000000001,372365000.0,356420000.0,104.47365467706638,22.82492,-0.1860466,-0.016712189,1012.5153,19.805664,-0.36,0.18787384,0.041484833,0.004827976,0.43180794,0.1867957
2020-07-30,PLAYAS,Antioquia,81.69,357643000.0,356420000.0,100.34313450423656,22.84433,-0.15032196,0.6813469,1011.877,20.186432,-0.36,0.17559528,0.038444996,0.0030994415,0.41789836,0.6977322
2020-07-31,PLAYAS,Antioquia,81.94,286370000.0,356420000.0,80.34622075079962,23.8497,-0.32102966,0.37084198,1012.1741,20.457489,-0.36,0.00023841858,0.03385544,0.0,0.4061411,0.49049345
2020-08-01,PLAYAS,Antioquia,69.85,274672000.0,369150000.0,74.40660977922255,24.031647,-0.27978516,0.8059807,1012.8145,20.65036,-0.53,0.027179718,0.0333786,0.0007748604,0.39413333,0.8531615
2020-08-02,PLAYAS,Antioquia,56.88999999999999,237522000.0,369150000.0,64.34295002031695,23.421783,-0.23177338,0.46040726,1012.33716,20.505829,-0.53,0.0,0.031232834,0.0,0.37569654,0.5154549
2020-08-03,PLAYAS,Antioquia,59.72,251257000.0,369150000.0,68.06365975890559,23.926727,-0.10235214,0.8252449,1013.64233,20.174377,-0.53,0.0,0.029802322,0.0,0.3606438,0.8315678
2020-08-04,PLAYAS,Antioquia,56.830000000000005,228367000.0,369150000.0,61.86292834890966,23.448273,-0.09241104,0.91706085,1014.2517,19.840607,-0.53,0.019669533,0.028789043,0.00023841858,0.35294598,0.9217052
2020-08-05,PLAYAS,Antioquia,59.79,244362000.0,369150000.0,66.19585534335636,23.469696,-0.025299072,0.85515594,1013.4878,19.546753,-0.53,0.0021457672,0.027537346,0.0,0.34178263,0.8555301
2020-08-06,PLAYAS,Antioquia,65.08,191516000.0,369150000.0,51.88026547473926,22.524994,-0.60998535,0.6532631,1013.0051,19.18695,-0.53,0.03671646,0.0269413,0.00059604645,0.33699957,0.8937756
2020-08-07,PLAYAS,Antioquia,49.93,214619000.0,369150000.0,58.13869700663686,23.372772,-0.260849,1.114975,1013.6992,19.14035,-0.53,0.04720688,0.025987625,0.0008940697,0.34928548,1.1450814
2020-08-08,PLAYAS,Antioquia,61.06,221243000.0,369150000.0,59.93308953000136,23.999847,-0.044387817,1.2198372,1012.91736,19.267914,-0.53,0.010967255,0.024318695,0.00023841858,0.33660865,1.2206445
2020-08-09,PLAYAS,Antioquia,74.8,203085000.0,369150000.0,55.0142218610321,24.177887,-0.34906006,0.91166687,1012.4445,19.341583,-0.53,0.0,0.023066998,0.0,0.32531965,0.97620666
2020-08-10,PLAYAS,Antioquia,73.32,200623000.0,369150000.0,54.34728430177434,24.311554,-0.38373184,0.50668716,1011.9903,19.178009,-0.53,0.014901161,0.022113323,0.00011920929,0.31748235,0.6355958
2020-08-11,PLAYAS,Antioquia,67.17,194841000.0,369150000.0,52.78098334010565,22.857635,-0.06688309,0.12419891,1010.885,19.27652,-0.53,0.46741962,0.028848648,0.007748604,0.35301024,0.14106281
2020-08-12,PLAYAS,Antioquia,58.4,287956000.0,369150000.0,78.00514695923067,22.901276,0.04070282,0.04421997,1010.65424,19.616669,-0.53,0.10287762,0.028789043,0.008523464,0.39406067,0.060100958
2020-08-13,PLAYAS,Antioquia,62.18,438356000.0,369150000.0,118.74739265881078,24.053253,-0.16671753,-0.23329544,1010.06,20.0448,-0.53,0.33700466,0.02771616,0.007927418,0.3999099,0.2867429
2020-08-14,PLAYAS,Antioquia,73.58,399787000.0,369150000.0,108.29933631315184,22.639435,-0.52874756,0.16606522,1010.6183,20.241547,-0.53,0.36239624,0.1463294,0.06198883,0.39818412,0.5542126
2020-08-15,PLAYAS,Antioquia,65.2,394947000.0,369150000.0,106.9882161722877,21.703583,0.35144424,0.20412827,1011.91034,20.342438,-0.53,0.36776066,0.031352043,0.012516975,0.40978047,0.40642515
2020-08-16,PLAYAS,Antioquia,66.55,295330000.0,369150000.0,80.00270892591088,21.573639,-0.337883,-0.15930176,1013.0627,20.220367,-0.53,0.050663948,0.020384789,0.0017285347,0.41103676,0.37355316
2020-08-17,PLAYAS,Antioquia,69.89,511854000.0,369150000.0,138.6574563185697,20.859772,-0.457798,-0.04372406,1014.09717,20.042572,-0.53,0.28145313,0.028848648,0.010609627,0.409091,0.45988128
2020-08-18,PLAYAS,Antioquia,72.39999999999999,253366000.0,369150000.0,68.63497223350942,22.624542,-0.075107574,-0.057445526,1013.1853,19.861938,-0.53,0.08618832,0.020623207,0.002682209,0.42134407,0.09455758
2020-08-19,PLAYAS,Antioquia,76.92999999999999,343065000.0,369150000.0,92.93376676147908,22.184235,-0.16350937,0.1881218,1012.9991,19.683167,-0.53,0.2552271,0.027179718,0.009655952,0.45727026,0.24924912
2020-08-20,PLAYAS,Antioquia,77.61,650950000.0,369150000.0,176.3375321684952,21.151764,-0.07456207,0.08703232,1014.16205,19.755981,-0.53,0.20670891,0.02670288,0.008821487,0.4640683,0.11460422
2020-08-21,PLAYAS,Antioquia,79.79,432789000.0,369150000.0,117.23933360422592,21.599579,0.056354523,0.19231033,1013.9931,19.85611,-0.53,0.06651878,0.023901463,0.0039339066,0.46082222,0.20039734
2020-08-22,PLAYAS,Antioquia,78.25,547645000.0,369150000.0,148.3529730461872,21.134064,-0.0042762756,0.23714828,1014.1239,19.774445,-0.53,0.4569292,0.054836273,0.017642975,0.44987863,0.23718685
2020-08-23,PLAYAS,Antioquia,81.49,474499000.0,369150000.0,128.53826357849113,21.677582,-0.34542084,0.37350082,1013.70703,19.958618,-0.53,0.2900362,0.07838011,0.028073788,0.43991837,0.508742
2020-08-24,PLAYAS,Antioquia,79.25999999999999,375068000.0,369150000.0,101.60314235405662,21.590546,0.039260864,-0.10921478,1012.78296,20.07315,-0.53,0.051498413,0.060737133,0.0021457672,0.43343714,0.11605725
2020-08-25,PLAYAS,Antioquia,74.77000000000001,511378000.0,369150000.0,138.52851144521196,21.144989,0.11272812,0.24890137,1012.2497,20.183807,-0.53,0.16236305,0.07236004,0.014960766,0.43258187,0.27323893
2020-08-26,PLAYAS,Antioquia,70.85000000000001,429705000.0,369150000.0,116.40390085331168,20.695404,-0.34317017,0.15896988,1014.15625,20.161438,-0.53,0.15819073,0.06437302,0.006914139,0.44165495,0.37820256
2020-08-27,PLAYAS,Antioquia,59.39,345526000.0,369150000.0,93.60043342814572,21.395721,0.0871315,0.005794525,1015.0086,20.31961,-0.53,0.37240982,0.094890594,0.035762787,0.4361766,0.08732396
2020-08-28,PLAYAS,Antioquia,49.38,460963000.0,369150000.0,124.87146146552892,22.575836,-0.022342682,0.0074310303,1014.45685,20.410889,-0.53,0.12278557,0.065505505,0.003993511,0.42926633,0.023546033
2020-08-29,PLAYAS,Antioquia,70.04,290412000.0,369150000.0,78.6704591629419,22.24887,-0.31106186,-0.2719841,1013.65564,20.432983,-0.53,0.4132986,0.09202957,0.030040741,0.4272909,0.41320074
2020-08-30,PLAYAS,Antioquia,71.09,271543000.0,369150000.0,73.55898686170933,20.290802,0.09945679,0.026714325,1014.52185,20.4133,-0.53,0.106692314,0.06687641,0.0044703484,0.44750172,0.102982074
2020-08-31,PLAYAS,Antioquia,73.36,266892000.0,369150000.0,72.29906542056075,20.791107,0.17053604,-0.13786697,1013.615,20.549591,-0.53,0.029683113,0.06258488,0.0014901161,0.46586254,0.21929397
2020-09-01,PLAYAS,Antioquia,73.77,391714000.0,442060000.0,88.61104827398995,22.107452,0.043701172,0.40818024,1013.0442,20.642303,-0.85,0.04339218,0.06300211,0.003516674,0.45754597,0.41051295
2020-09-02,PLAYAS,Antioquia,77.89,750668000.0,442060000.0,169.81133782744425,19.893585,-0.14487457,0.14526367,1014.22375,20.741364,-0.85,1.3899803,0.3157854,0.16868114,0.48912084,0.2051589
2020-09-03,PLAYAS,Antioquia,64.49000000000001,336889000.0,442060000.0,76.2088856716283,21.56247,0.20397949,-0.07386017,1011.59155,20.552612,-0.85,0.0013113022,0.059068203,5.9604645e-05,0.47100997,0.21693999
2020-09-04,PLAYAS,Antioquia,59.39,538575000.0,442060000.0,121.83300909378818,21.547394,-0.2572441,0.12945557,1012.48065,20.30017,-0.85,0.06866455,0.06043911,0.0025629997,0.46598643,0.2879814
2020-09-05,PLAYAS,Antioquia,82.38,488225000.0,442060000.0,110.44315251323349,22.419647,0.045894623,-0.040138245,1013.3117,20.05838,-0.85,0.3311634,0.2156496,0.053286552,0.45393893,0.060970444
2020-09-06,PLAYAS,Antioquia,71.52,415222000.0,442060000.0,93.92887843279192,22.027374,-0.13006973,0.35252,1012.66046,19.908173,-0.85,0.05400181,0.06586313,0.0023841858,0.45384502,0.37575054
2020-09-07,PLAYAS,Antioquia,59.260000000000005,433296000.0,442060000.0,98.0174636927114,21.262115,-0.42492676,0.09926224,1011.6836,20.142822,-0.85,0.05877018,0.08034706,0.0023245811,0.44975516,0.43636653
2020-09-08,PLAYAS,Antioquia,66.34,847856000.0,442060000.0,191.79658869836672,20.386017,-0.28136826,0.32185364,1013.2442,20.274078,-0.85,0.8699894,0.2552271,0.06490946,0.46626687,0.4275019
2020-09-09,PLAYAS,Antioquia,59.55,367811000.0,442060000.0,83.20386372890557,21.10971,0.12340927,0.17195511,1014.04767,20.365906,-0.85,0.019550323,0.15819073,0.0015497208,0.4582743,0.21165635
2020-09-10,PLAYAS,Antioquia,56.57,397232000.0,442060000.0,89.85929511830973,22.38974,-0.065280914,0.2602501,1014.3931,20.48645,-0.85,0.15377998,0.14573336,0.003695488,0.44975686,0.26831272
2020-09-11,PLAYAS,Antioquia,49.93,345838000.0,442060000.0,78.23327150160611,22.434418,-0.35982513,-0.24263382,1012.02325,20.930939,-0.85,0.23138523,0.19717216,0.007033348,0.44221723,0.43398768
2020-09-12,PLAYAS,Antioquia,57.04,483730000.0,442060000.0,109.42632221870336,21.198578,0.3881302,-0.05984497,1011.5094,20.951813,-0.85,0.8575916,0.3168583,0.1269579,0.46149343,0.39271677
2020-09-13,PLAYAS,Antioquia,71.75,393781000.0,442060000.0,89.07863185992852,22.123383,-0.048316956,0.2190361,1011.9437,20.989227,-0.85,0.020742416,0.10609627,0.00071525574,0.45960438,0.2243019
2020-09-14,PLAYAS,Antioquia,77.42,286835000.0,442060000.0,64.88598832737638,22.040192,0.013126373,0.5514755,1014.6411,21.1221,-0.85,0.0011920929,0.096321106,0.0,0.4445128,0.5516317
2020-09-15,PLAYAS,Antioquia,89.96,346760000.0,442060000.0,78.44184047414379,22.051178,-0.07243729,0.14899826,1014.6167,21.169434,-0.85,0.008940697,0.08791685,0.0002682209,0.4263034,0.1656733
2020-09-16,PLAYAS,Antioquia,86.14,384445000.0,442060000.0,86.96670135275755,21.15384,0.19929123,0.1441307,1014.52893,21.144867,-0.85,0.13184547,0.08529425,0.004529953,0.43746582,0.24594848
2020-09-17,PLAYAS,Antioquia,98.0,324814000.0,442060000.0,73.47735601502059,20.480377,0.05095291,-0.22421265,1013.8808,21.129578,-0.85,0.02169609,0.07593632,0.0006556511,0.4382915,0.22992936
2020-09-18,PLAYAS,Antioquia,106.46,518713000.0,442060000.0,117.33995385241822,21.179901,0.10414505,-0.19194031,1013.8702,21.012756,-0.85,0.43284893,0.14209747,0.07134676,0.4778394,0.21837416
2020-09-19,PLAYAS,Antioquia,100.63,470281000.0,442060000.0,106.38397502601458,20.606232,-0.32387543,0.110816956,1013.6847,21.049866,-0.85,0.18179417,0.07587671,0.00834465,0.47380596,0.34230936
2020-09-20,PLAYAS,Antioquia,90.73,456478000.0,442060000.0,103.26154820612588,21.974884,-0.13358688,-0.33652496,1013.03784,21.023315,-0.85,0.24747849,0.08684397,0.022053719,0.48252946,0.36206976
2020-09-21,PLAYAS,Antioquia,88.22,493300000.0,442060000.0,111.5911867167353,22.15689,0.03319168,0.2171402,1012.613,20.968292,-0.85,0.26392937,0.069737434,0.007987022,0.45876515,0.21966237
2020-09-22,PLAYAS,Antioquia,90.66,420147000.0,442060000.0,95.04298059087002,22.474335,-0.23753738,0.42148972,1012.79736,20.978699,-0.85,0.040769577,0.060915947,0.00166893,0.445422,0.48381564
2020-09-23,PLAYAS,Antioquia,94.34,366069000.0,442060000.0,82.80979957471837,22.372223,-0.2402649,0.45441055,1013.58154,21.029083,-0.85,0.20813942,0.06431341,0.0073313713,0.4382505,0.5140196
2020-09-24,PLAYAS,Antioquia,106.21,325562000.0,442060000.0,73.64656381486677,23.004242,0.10884857,0.50201035,1014.58575,20.964844,-0.85,0.11277199,0.058352947,0.003516674,0.4315511,0.5136754
2020-09-25,PLAYAS,Antioquia,103.51,313391000.0,442060000.0,70.89331764918789,21.806793,-0.105789185,0.23521805,1014.98517,20.909302,-0.85,0.055909157,0.054955482,0.0019669533,0.42069766,0.25791255
2020-09-26,PLAYAS,Antioquia,101.42,438020000.0,442060000.0,99.08609690992172,21.338959,0.31721878,0.095760345,1015.21124,20.898956,-0.85,0.26488304,0.0833869,0.014841557,0.4209214,0.3313575
2020-09-27,PLAYAS,Antioquia,95.52,447459000.0,442060000.0,101.22132742161698,21.751434,0.15322113,0.013366699,1013.10547,20.865997,-0.85,0.048279762,0.05221367,0.0019669533,0.41838267,0.15380307
2020-09-28,PLAYAS,Antioquia,88.06,344540000.0,442060000.0,77.93964620187305,22.043365,0.2827835,0.099285126,1011.59796,20.838898,-0.85,0.03194809,0.052452087,0.001013279,0.41244617,0.2997066
2020-09-29,PLAYAS,Antioquia,103.16,330859000.0,442060000.0,74.84481744559562,22.773956,0.033592224,0.41430283,1010.4355,20.781769,-0.85,0.22470951,0.12397766,0.019490719,0.40424562,0.41566244
2020-09-30,PLAYAS,Antioquia,105.56,474815000.0,442060000.0,107.40962765235489,22.104584,-0.3494873,0.5577011,1013.01483,21.015839,-0.85,0.26524067,0.08714199,0.019609928,0.40764913,0.658158
2020-10-01,PLAYAS,Antioquia,106.82,380008000.0,499660000.0,76.05331625505343,22.137115,-0.3936882,0.12412262,1012.1269,21.018768,-1.12,0.10800362,0.05787611,0.0032782555,0.4079502,0.41279152
2020-10-02,PLAYAS,Antioquia,112.65,508192000.0,499660000.0,101.70756114157626,21.533295,0.10108566,0.3559265,1011.3812,20.878632,-1.12,0.36525726,0.15956163,0.019490719,0.40653506,0.3700027
2020-10-03,PLAYAS,Antioquia,113.05,447934000.0,499660000.0,89.64776047712445,21.834503,0.17941666,0.010276794,1011.31,20.917084,-1.12,0.020623207,0.07045269,0.0006556511,0.40247032,0.17971075
2020-10-04,PLAYAS,Antioquia,115.11,611906000.0,499660000.0,122.46447584357362,20.968414,-0.08234787,0.39068222,1013.70935,20.730011,-1.12,0.5378723,0.10085106,0.023961067,0.4184932,0.39926654
2020-10-05,PLAYAS,Antioquia,109.7,509804000.0,499660000.0,102.03018052275549,21.313019,-0.02148819,0.3836937,1013.29315,20.600006,-1.12,0.60248375,0.169456,0.04631281,0.46418613,0.38429493
2020-10-06,PLAYAS,Antioquia,109.48,669725000.0,499660000.0,134.03614457831324,20.927826,-0.66625595,0.50240326,1013.71454,20.62378,-1.12,0.05042553,0.11217594,0.0015497208,0.4482941,0.8344495
2020-10-07,PLAYAS,Antioquia,101.61,353991000.0,499660000.0,70.84637553536405,21.102203,0.15979767,0.29327774,1013.0745,20.49002,-1.12,0.0,0.104904175,0.0,0.42857036,0.33398673
2020-10-08,PLAYAS,Antioquia,102.27,339195000.0,499660000.0,67.88516191009887,21.58786,-0.3499756,0.3407097,1014.6986,20.626556,-1.12,0.29349327,0.19478798,0.020503998,0.43114346,0.4884322
2020-10-09,PLAYAS,Antioquia,101.29999999999998,342857000.0,499660000.0,68.61806028099107,22.441193,-0.7954674,0.6246338,1014.9484,20.923615,-1.12,0.12600422,0.097453594,0.0056028366,0.42485106,1.0114028
2020-10-10,PLAYAS,Antioquia,96.25,317885000.0,499660000.0,63.620261778009045,22.210297,-0.1303482,0.33628464,1013.85956,21.171051,-1.12,0.0269413,0.085413456,0.00047683716,0.41295934,0.3606633
2020-10-11,PLAYAS,Antioquia,96.02,282607000.0,499660000.0,56.55986070527958,22.927032,-0.071079254,0.20722222,1011.2569,21.46231,-1.12,0.0,0.077962875,0.0,0.39767516,0.21907376
2020-10-12,PLAYAS,Antioquia,93.77,303364000.0,499660000.0,60.71408557819316,22.631622,0.31491852,0.18109512,1011.96173,21.42392,-1.12,0.4169941,0.12207031,0.051021576,0.40004486,0.36327556
2020-10-13,PLAYAS,Antioquia,98.81,547377000.0,499660000.0,109.54989392787095,21.218353,0.2653618,0.30191803,1012.89764,21.239075,-1.12,0.52309036,0.23841858,0.08201599,0.41565478,0.40195942
2020-10-14,PLAYAS,Antioquia,100.98,465516000.0,499660000.0,93.16655325621424,20.991425,0.1330452,-0.11584091,1012.51373,21.232147,-1.12,0.027656555,0.061810017,0.0009834766,0.4191418,0.17640902
2020-10-15,PLAYAS,Antioquia,99.98,396540000.0,499660000.0,79.36196613697314,21.334015,-0.23301697,-0.14427567,1011.71,21.23703,-1.12,0.06496906,0.057816505,0.0011920929,0.41890773,0.27406636
2020-10-16,PLAYAS,Antioquia,96.68,376269000.0,499660000.0,75.30500740503543,22.318634,-0.13320541,0.5604477,1011.7097,21.409424,-1.12,0.313282,0.24652481,0.101566315,0.41350028,0.5760601
2020-10-17,PLAYAS,Antioquia,93.92,257150000.0,499660000.0,51.46499619741424,22.98996,-0.4032402,0.51846313,1011.0627,21.253693,-1.12,0.019192696,0.05054474,0.00023841858,0.39885867,0.6568155
2020-10-18,PLAYAS,Antioquia,90.01,256705000.0,499660000.0,51.37593563623264,22.402313,0.26350784,0.30215454,1010.9264,21.34433,-1.12,0.046491623,0.049233437,0.0013709068,0.39683777,0.40091616
2020-10-19,PLAYAS,Antioquia,79.36,343933000.0,499660000.0,68.83340671656727,20.694672,-0.42222595,0.06341171,1011.3766,21.29004,-1.12,0.59199333,0.09727478,0.051498413,0.40882242,0.42696112
2020-10-20,PLAYAS,Antioquia,81.67999999999999,309118000.0,499660000.0,61.8656686546852,21.177094,0.08839035,-0.20761108,1011.78314,21.109222,-1.12,0.13363361,0.049114227,0.004529953,0.43145862,0.225644
2020-10-21,PLAYAS,Antioquia,85.50999999999999,268347000.0,499660000.0,53.70592002561742,22.27536,-0.08182526,0.16592407,1012.7572,21.139648,-1.12,0.016570091,0.044047832,0.0004172325,0.43323186,0.18500316
2020-10-22,PLAYAS,Antioquia,84.13000000000001,298632000.0,499660000.0,59.76704158828004,22.605133,-0.20985794,0.4575386,1012.86346,21.095673,-1.12,0.027418137,0.044882298,0.001013279,0.42381713,0.5033706
2020-10-23,PLAYAS,Antioquia,88.05,319194000.0,499660000.0,63.88223992314774,22.318573,-0.18429184,0.25077057,1012.45654,20.841278,-1.12,0.008106232,0.044107437,0.00011920929,0.41410017,0.3112063
2020-10-24,PLAYAS,Antioquia,94.45,471348000.0,499660000.0,94.3337469479246,20.812653,0.031539917,-0.18842316,1013.7889,20.776398,-1.12,0.42581558,0.21219254,0.15181303,0.4255576,0.19104464
2020-10-25,PLAYAS,Antioquia,91.83,336144000.0,499660000.0,67.27454669175039,20.975128,-0.16940689,-0.30194092,1013.7508,20.93161,-1.12,0.014424324,0.08845329,0.000834465,0.43049395,0.34621817
2020-10-26,PLAYAS,Antioquia,85.53,293263000.0,499660000.0,58.69251090741704,21.973175,-0.060703278,-0.18353653,1013.1195,20.993134,-1.12,0.0705719,0.08946657,0.0019669533,0.42319307,0.19331463
2020-10-27,PLAYAS,Antioquia,85.82,306243000.0,499660000.0,61.29027738862426,21.635345,0.07476044,-0.315773,1011.9908,21.336884,-1.12,0.02169609,0.084877014,0.0005364418,0.42247957,0.32450226
2020-10-28,PLAYAS,Antioquia,84.00999999999999,337647000.0,499660000.0,67.57535123884242,20.804962,0.04750061,-0.2180214,1011.8839,21.526001,-1.12,0.01513958,0.08189678,0.00071525574,0.4245223,0.22313592
2020-10-29,PLAYAS,Antioquia,80.47999999999999,310355000.0,499660000.0,62.11323700116079,20.88565,-0.12057114,-0.384861,1012.5081,21.517487,-1.12,0.45859814,0.10180473,0.022113323,0.42969328,0.40330556
2020-10-30,PLAYAS,Antioquia,81.15,335849000.0,499660000.0,67.21550654445022,20.557098,-0.233387,-0.3873024,1013.2542,21.527191,-1.12,0.07247925,0.0872612,0.0038146973,0.4425933,0.4521865
2020-10-31,PLAYAS,Antioquia,90.09,763130000.0,499660000.0,152.72985630228555,20.351166,0.21199417,-0.08306122,1013.90063,21.42398,-1.12,1.59657,1.6482472,0.17136335,0.491986,0.22768553
2020-11-01,PLAYAS,Antioquia,86.07000000000001,891389000.0,476430000.0,187.0975799173016,19.569489,-0.20165253,0.38478088,1014.1202,21.48285,-1.2,2.747655,1.6651154,0.6298125,0.5048247,0.43441924
2020-11-02,PLAYAS,Antioquia,85.13,479753000.0,476430000.0,100.69747916797851,21.457123,0.046901703,-0.11323166,1012.4472,21.4487,-1.2,0.54335594,0.25194883,0.0859499,0.4903645,0.12256092
2020-11-03,PLAYAS,Antioquia,91.86,584311000.0,476430000.0,122.64362025900972,21.649689,0.14186478,-0.0330925,1012.5511,21.594147,-1.2,0.07379055,0.14674664,0.008821487,0.4816121,0.14567336
2020-11-04,PLAYAS,Antioquia,103.81,403977000.0,476430000.0,84.79251936276053,21.332184,0.071834564,-0.059253693,1013.59656,21.556091,-1.2,0.04839897,0.1219511,0.0033974648,0.47682413,0.0931193
2020-11-05,PLAYAS,Antioquia,106.58,416266000.0,476430000.0,87.37191192830007,20.931122,0.07511139,-0.18079376,1013.09686,21.505096,-1.2,0.097990036,0.10663271,0.0038146973,0.4798442,0.19577566
2020-11-06,PLAYAS,Antioquia,112.54,513155000.0,476430000.0,107.70837268853764,20.360748,-0.026676178,-0.3809204,1012.3777,21.361267,-1.2,0.0770092,0.09793043,0.00667572,0.49146152,0.38185334
2020-11-07,PLAYAS,Antioquia,108.96,403904000.0,476430000.0,84.77719706987385,21.754913,-0.010211945,-0.18379593,1012.6128,21.428986,-1.2,0.069618225,0.08517504,0.0028014183,0.48318487,0.1840794
2020-11-08,PLAYAS,Antioquia,108.8,390246000.0,476430000.0,81.91045903910333,21.436005,0.20183945,-0.2603302,1013.2692,21.369415,-1.2,0.05710125,0.078201294,0.0027418137,0.48141518,0.32941005
2020-11-09,PLAYAS,Antioquia,107.54999999999998,311707000.0,476430000.0,65.42556094284575,20.805695,-0.14466858,-0.15979767,1014.0397,21.342163,-1.2,0.10287762,0.074863434,0.00590086,0.47736648,0.21555579
2020-11-10,PLAYAS,Antioquia,106.13,459758000.0,476430000.0,96.50064017799048,20.871185,-0.28290176,-0.14684677,1013.90326,21.658295,-1.2,0.18906593,0.071942806,0.008046627,0.48791367,0.31874344
2020-11-11,PLAYAS,Antioquia,104.06,677459000.0,476430000.0,142.19486598241085,20.061615,-0.18066025,0.29224777,1015.2264,21.938965,-1.2,0.35977364,0.1167655,0.057041645,0.5008394,0.34357953
2020-11-12,PLAYAS,Antioquia,104.83,519891000.0,476430000.0,109.12222152257414,19.922821,0.11891937,-0.11527252,1013.6752,22.296143,-1.2,0.9074211,0.34159422,0.28419495,0.5001528,0.16561876
2020-11-13,PLAYAS,Antioquia,115.08,815377000.0,476430000.0,171.1430850282308,20.54068,0.07443237,-0.052288055,1013.9789,22.424591,-1.2,0.46515465,0.20164251,0.074863434,0.49678504,0.09096274
2020-11-14,PLAYAS,Antioquia,101.76,736682000.0,476430000.0,154.62544340196882,20.192963,0.21499252,0.08703995,1013.5142,22.308441,-1.2,1.3377666,0.39476156,0.26768446,0.500914,0.2319434
2020-11-15,PLAYAS,Antioquia,98.3,476691000.0,476430000.0,100.05478244443044,21.08603,0.58753204,-0.21809769,1012.5925,22.059479,-1.2,0.1424551,0.09179115,0.00756979,0.49564332,0.62670606
2020-11-16,PLAYAS,Antioquia,100.7,780201000.0,476430000.0,163.75983880108305,21.437714,0.1605835,-0.32923126,1013.42126,21.679932,-1.2,0.59199333,1.1060834,0.08922815,0.50642276,0.36630628
2020-11-17,PLAYAS,Antioquia,97.56,532093000.0,476430000.0,111.68335327330352,20.098114,-0.16469574,-0.18044662,1014.41876,21.216064,-1.2,0.38146973,0.32365322,0.14644861,0.49834335,0.2443065
2020-11-18,PLAYAS,Antioquia,97.97,554581000.0,476430000.0,116.40345906009276,20.722015,-0.28331757,-0.31217575,1014.5731,20.898224,-1.2,0.47516823,0.31894445,0.10848045,0.4983287,0.42157152
2020-11-19,PLAYAS,Antioquia,99.35,442193000.0,476430000.0,92.81384463614802,20.862885,-0.088645935,-0.38611603,1013.9256,20.78006,-1.2,0.19562244,0.17344952,0.017106533,0.49142763,0.39616117
2020-11-20,PLAYAS,Antioquia,99.31,435083000.0,476430000.0,91.3214952878702,20.83786,0.18265533,-0.13783646,1012.7608,20.618347,-1.2,0.27549267,0.12272596,0.0075101852,0.4822861,0.22882715
2020-11-21,PLAYAS,Antioquia,103.4,497600000.0,476430000.0,104.4434649371366,20.270233,-0.30340958,-0.21268463,1012.5061,20.537018,-1.2,0.24044514,0.12224913,0.017404556,0.48188534,0.3705295
2020-11-22,PLAYAS,Antioquia,106.79,489781000.0,476430000.0,102.80230044287724,21.050507,-0.33999634,-0.33817673,1012.95374,20.764984,-1.2,0.060796738,0.09936094,0.0032186508,0.47895285,0.4795425
2020-11-23,PLAYAS,Antioquia,106.92,365206000.0,476430000.0,76.65470268454968,21.24295,-0.2353096,0.0672493,1013.0588,20.99533,-1.2,0.09787083,0.09137392,0.002861023,0.47360682,0.24473062
2020-11-24,PLAYAS,Antioquia,103.08,357059000.0,476430000.0,74.94469281951179,21.368866,-0.30652237,-0.0880394,1012.4269,21.084686,-1.2,0.04720688,0.08332729,0.0017285347,0.4617805,0.3189152
2020-11-25,PLAYAS,Antioquia,100.99,350190000.0,476430000.0,73.50292802720232,21.71579,-0.049232483,-0.20560455,1012.58203,21.117584,-1.2,0.026345253,0.075638294,0.0005662441,0.45333847,0.21141681
2020-11-26,PLAYAS,Antioquia,104.03,322024000.0,476430000.0,67.59104170602187,20.953033,-0.3666916,-0.25226593,1012.1238,21.130981,-1.2,0.2990961,0.07867813,0.009596348,0.462197,0.4450852
2020-11-27,PLAYAS,Antioquia,107.8,421966000.0,476430000.0,88.56831013999958,21.132538,-0.4335158,-0.32301712,1012.2975,21.249817,-1.2,0.16534328,0.071287155,0.006854534,0.4658129,0.5406256
2020-11-28,PLAYAS,Antioquia,104.64,531068000.0,476430000.0,111.46821148962071,20.843658,-0.6534958,-0.009963989,1013.438,21.442291,-1.2,0.14460087,0.065505505,0.0051259995,0.4664081,0.6535717
2020-11-29,PLAYAS,Antioquia,97.19,465901000.0,476430000.0,97.79002161912558,21.480011,-0.22699356,0.14128876,1012.5019,21.573212,-1.2,0.10633469,0.057697296,0.0013113022,0.45600024,0.2673735
2020-11-30,PLAYAS,Antioquia,102.93,372781000.0,476430000.0,78.2446529395714,21.582062,0.5325775,-0.15562439,1012.33844,21.639313,-1.2,0.27263165,0.06771088,0.014722347,0.45912528,0.5548493
2020-12-01,PLAYAS,Antioquia,110.14,420399000.0,356640000.0,117.87769179004036,21.114227,0.07784653,-0.24925613,1012.83795,21.813171,-1.08,0.059366226,0.05185604,0.0019073486,0.46236503,0.26112968
2020-12-02,PLAYAS,Antioquia,111.57999999999998,359768000.0,356640000.0,100.87707492148944,20.949738,-0.41215515,0.029705048,1012.7614,22.021545,-1.08,0.094771385,0.049948692,0.0022649765,0.45632273,0.41322422
2020-12-03,PLAYAS,Antioquia,106.32,639098000.0,356640000.0,179.19975325257963,21.204254,-0.59519196,-0.09990692,1013.16046,22.179504,-1.08,0.14770031,0.04953146,0.003874302,0.45442003,0.6035187
2020-12-04,PLAYAS,Antioquia,107.48,370616000.0,356640000.0,103.91879766711529,20.86618,-0.39893723,0.057231903,1013.2667,22.246338,-1.08,0.049591064,0.04518032,0.0013709068,0.44827622,0.40302157
2020-12-05,PLAYAS,Antioquia,106.54999999999998,318995000.0,356640000.0,89.4445379093764,21.463531,-0.47476196,0.14278412,1013.98236,22.515137,-1.08,0.06318092,0.043570995,0.0017285347,0.43764395,0.49576834
2020-12-06,PLAYAS,Antioquia,105.96,387839000.0,356640000.0,108.7480372364289,21.578339,-0.26424408,0.05217743,1012.9917,22.637878,-1.08,0.038027763,0.040471554,0.0006556511,0.43042326,0.2693463
2020-12-07,PLAYAS,Antioquia,112.36,355419000.0,356640000.0,99.65763795423956,20.891144,0.26241302,-0.12987518,1013.21326,22.659943,-1.08,0.04029274,0.04005432,0.001847744,0.42736095,0.29279372
2020-12-08,PLAYAS,Antioquia,109.65,296029000.0,356640000.0,83.00499102736654,20.628632,-0.011203766,-0.33176804,1014.748,22.60913,-1.08,0.053286552,0.039339066,0.0028014183,0.44141403,0.33195716
2020-12-09,PLAYAS,Antioquia,113.34,319300000.0,356640000.0,89.53005832211754,20.435455,-0.098083496,-0.033679962,1015.34906,22.799805,-1.08,0.06723404,0.04005432,0.0046491623,0.4479187,0.10370493
2020-12-10,PLAYAS,Antioquia,102.63,299816000.0,356640000.0,84.06684611933602,21.009796,-0.09869766,-0.29353333,1013.63,22.965698,-1.08,0.025391579,0.036120415,0.001847744,0.45463762,0.30968216
2020-12-11,PLAYAS,Antioquia,103.54,268678000.0,356640000.0,75.33591296545536,20.804352,-0.49030304,-0.07073593,1012.3655,22.902557,-1.08,0.11432171,0.036597252,0.0033080578,0.44420183,0.4953793
2020-12-12,PLAYAS,Antioquia,101.21,278431000.0,356640000.0,78.07060340960071,21.262726,-0.4901657,0.013427734,1012.4447,22.763885,-1.08,0.10514259,0.038802624,0.0064373016,0.43970177,0.4903496
2020-12-13,PLAYAS,Antioquia,103.48,259009000.0,356640000.0,72.6247756841633,21.852814,-0.19377136,-0.030784607,1013.2455,22.53189,-1.08,0.036358833,0.03182888,0.00071525574,0.43270063,0.19620152
2020-12-14,PLAYAS,Antioquia,106.78,253727000.0,356640000.0,71.14373037236429,20.435638,-0.18764496,-0.14315414,1013.15607,22.274628,-1.08,0.006914139,0.03027916,0.00011920929,0.42131236,0.2360164
2020-12-15,PLAYAS,Antioquia,100.29999999999998,375252000.0,356640000.0,105.2187079407806,21.039337,-0.044719696,-0.20930862,1012.60175,22.154907,-1.08,0.086307526,0.031471252,0.0022649765,0.41928667,0.21403259
2020-12-16,PLAYAS,Antioquia,101.74,281669000.0,356640000.0,78.97852175863616,20.887238,-0.07783508,-0.14310837,1012.14124,22.280487,-1.08,0.06401539,0.030696392,0.0022947788,0.4198481,0.16290581
2020-12-17,PLAYAS,Antioquia,104.94,268107000.0,356640000.0,75.17580753701212,21.397858,-0.068294525,-0.23140335,1012.557,22.407867,-1.08,0.21004677,0.035107136,0.007748604,0.4243245,0.24127091
2020-12-18,PLAYAS,Antioquia,100.58,320113000.0,356640000.0,89.75801929116196,21.264374,0.060333252,0.1692543,1012.91266,22.457184,-1.08,0.062823296,0.02849102,0.0015497208,0.4206097,0.17968617
2020-12-19,PLAYAS,Antioquia,107.24,235437000.0,356640000.0,66.01530955585464,20.849213,-0.12322235,-0.3623047,1011.8053,22.360962,-1.08,0.0718832,0.02861023,0.0028014183,0.4195314,0.3826858
2020-12-20,PLAYAS,Antioquia,100.42,251674000.0,356640000.0,70.56807985643786,21.738495,0.15637589,0.06719971,1011.52985,22.205597,-1.08,0.049114227,0.027179718,0.0021457672,0.42312804,0.17020346
2020-12-21,PLAYAS,Antioquia,104.24,276731000.0,356640000.0,77.59393225661732,21.621002,-0.22784042,-0.19865036,1013.04205,22.091156,-1.08,0.14817715,0.027120113,0.0026226044,0.42474687,0.30228004
2020-12-22,PLAYAS,Antioquia,98.36,245537000.0,356640000.0,68.84729699416778,21.584625,-0.005634308,-0.12507248,1013.3178,22.089111,-1.08,0.16117096,0.027775764,0.004053116,0.4231057,0.12519932
2020-12-23,PLAYAS,Antioquia,101.76,231547000.0,356640000.0,64.92457379991028,21.2706,-0.10775757,-0.40370178,1012.52814,21.86673,-1.08,0.089645386,0.028014183,0.00500679,0.41674274,0.4178359
2020-12-24,PLAYAS,Antioquia,105.0,310653000.0,356640000.0,87.10548452220726,21.344208,0.10889816,-0.35821533,1011.3558,21.650238,-1.08,0.09274483,0.02360344,0.0012814999,0.41545272,0.37440223
2020-12-25,PLAYAS,Antioquia,99.13,399037000.0,356640000.0,111.88789816061012,21.02652,-0.34552765,-0.33136368,1012.28284,21.496002,-1.08,0.57172775,0.12212992,0.10037422,0.44598222,0.47873923
2020-12-26,PLAYAS,Antioquia,90.06,301426000.0,356640000.0,84.5182817406909,20.085236,-0.04907608,-0.3480034,1012.0214,21.275116,-1.08,0.053167343,0.022888184,0.0013113022,0.44198713,0.35144675
2020-12-27,PLAYAS,Antioquia,88.26,335682000.0,356640000.0,94.12348586810228,19.924591,-0.2686653,-0.4055748,1012.59534,21.287537,-1.08,0.2747774,0.04595518,0.024557114,0.4400419,0.48648944
2020-12-28,PLAYAS,Antioquia,89.86,301289000.0,356640000.0,84.47986765365634,20.537811,-0.24640274,-0.30747604,1013.3797,21.349213,-1.08,0.015258789,0.021576881,0.0007748604,0.42827246,0.39402515
2020-12-29,PLAYAS,Antioquia,95.78,250902000.0,356640000.0,70.35161507402422,21.144928,-0.59002304,-0.1365242,1012.9938,21.365509,-1.08,0.029206276,0.021398067,0.0011324883,0.41515556,0.6056121
2020-12-30,PLAYAS,Antioquia,97.94,255759000.0,356640000.0,71.71349259757739,20.905426,-0.14650345,-0.41243744,1012.7606,21.393646,-1.08,0.015258789,0.02026558,0.00029802322,0.4066528,0.4376847
2020-12-31,PLAYAS,Antioquia,93.41,255579000.0,356640000.0,71.66302153432032,21.194733,-0.22583008,-0.2530861,1012.8689,21.516815,-1.08,0.019073486,0.019729137,0.00035762787,0.4045803,0.33919284
2021-01-01,PLAYAS,Antioquia,87.38,245956000.0,274140000.0,89.7191216166922,21.200836,-0.045196533,-0.20312119,1013.55096,21.705109,-0.91,0.0641346,0.020802021,0.0017881393,0.4001629,0.20808879
2021-01-02,PLAYAS,Antioquia,83.28999999999999,297241000.0,274140000.0,108.42671627635514,21.465302,0.10031128,0.03898239,1013.15234,21.955261,-0.91,0.047326088,0.019967556,0.0015199184,0.39874956,0.107619606
2021-01-03,PLAYAS,Antioquia,73.6,281044000.0,274140000.0,102.51842124461956,20.954681,-0.11175156,-0.28287125,1012.95123,22.04538,-0.91,0.123262405,0.021338463,0.00333786,0.39799476,0.3041456
2021-01-04,PLAYAS,Antioquia,72.31,214364000.0,274140000.0,78.19508280440651,20.339874,-0.44369507,-0.35437393,1012.45013,22.169739,-0.91,0.039696693,0.018000603,0.00047683716,0.39926392,0.56784344
2021-01-05,PLAYAS,Antioquia,79.14,203261000.0,274140000.0,74.14496242795651,19.963837,-0.3599968,-0.3222885,1012.06,22.54367,-0.91,0.025629997,0.017404556,0.00023841858,0.39043748,0.4831848
2021-01-06,PLAYAS,Antioquia,80.84,201389000.0,274140000.0,73.4620996571095,20.969452,-0.098609924,-0.068367004,1013.0648,22.965546,-0.91,0.006914139,0.017285347,0.00044703484,0.38198346,0.11999152
2021-01-07,PLAYAS,Antioquia,81.69,246222000.0,274140000.0,89.8161523309258,21.142426,-0.12825012,-0.09239578,1013.9875,23.291656,-0.91,0.041007996,0.018239021,0.0019669533,0.37709188,0.15806668
2021-01-08,PLAYAS,Antioquia,80.2,350571000.0,274140000.0,127.88028014882906,20.320587,-0.08274078,-0.103694916,1014.372,23.502167,-0.91,0.2387762,0.023543835,0.007688999,0.39577225,0.13265999
2021-01-09,PLAYAS,Antioquia,86.83,303233000.0,274140000.0,110.61246078645948,21.022003,-0.32185745,-0.06580734,1013.5594,23.60379,-0.91,0.046253204,0.016510487,0.0008940697,0.39069125,0.3285161
2021-01-10,PLAYAS,Antioquia,81.35,411237000.0,274140000.0,150.00984898227182,21.130524,-0.07178497,0.098911285,1012.9433,23.685242,-0.91,0.0808239,0.016152859,0.001013279,0.39188573,0.12221508
2021-01-11,PLAYAS,Antioquia,80.57,465563000.0,274140000.0,169.82673086744,21.511322,0.10832214,-0.0013389587,1013.4228,23.757538,-0.91,0.07271767,0.017166138,0.0026226044,0.38792926,0.10833042
2021-01-12,PLAYAS,Antioquia,67.7,327117000.0,274140000.0,119.32479754869772,21.574127,-0.43019867,-0.06907272,1012.34644,23.760956,-0.91,0.06520748,0.01579523,0.0014901161,0.3787887,0.43570855
2021-01-13,PLAYAS,Antioquia,86.44,287270000.0,274140000.0,104.78952360107974,21.990204,-0.10925293,-0.18968964,1011.73627,23.744293,-0.91,0.0013113022,0.013947487,0.0,0.37127018,0.21890263
2021-01-14,PLAYAS,Antioquia,71.94,264362000.0,274140000.0,96.43320930911212,22.52774,-0.3298912,-0.0802269,1011.42847,23.605652,-0.91,0.010609627,0.013709068,0.00017881393,0.3639349,0.33950636
2021-01-15,PLAYAS,Antioquia,65.05,226654000.0,274140000.0,82.67819362369592,22.269073,-0.34773636,-0.14828491,1011.67596,23.403412,-0.91,0.041604042,0.013828278,0.0005364418,0.362462,0.37803304
2021-01-16,PLAYAS,Antioquia,43.9,215867000.0,274140000.0,78.74334281753849,21.542023,-0.4350052,-0.5394287,1012.6951,23.446564,-0.91,0.04684925,0.013232231,0.00047683716,0.36031246,0.6929739
2021-01-17,PLAYAS,Antioquia,57.6,230918000.0,274140000.0,84.233603268403,21.765533,-0.1790123,-0.2571907,1012.26154,23.657745,-0.91,0.0,0.01257658,0.0,0.3566868,0.31335676
2021-01-18,PLAYAS,Antioquia,76.53,222664000.0,274140000.0,81.22273291019188,21.375702,-0.3041649,-0.13477707,1012.4553,23.73462,-0.91,0.023126602,0.012516975,0.00023841858,0.34844035,0.33268774
2021-01-19,PLAYAS,Antioquia,78.07,195806000.0,274140000.0,71.42554898956737,21.780975,-0.4470291,-0.08061218,1012.0656,23.83487,-0.91,0.00059604645,0.01168251,0.0,0.3421397,0.4542393
2021-01-20,PLAYAS,Antioquia,71.41,183231000.0,274140000.0,66.83847669074196,21.30832,-0.40559006,0.11536789,1011.6467,24.034637,-0.91,0.00023841858,0.011444092,0.0,0.3348055,0.42167884
2021-01-21,PLAYAS,Antioquia,66.3,214057000.0,274140000.0,78.08309622820457,21.52768,-0.14531326,-0.13781357,1011.4981,24.295258,-0.91,0.0022649765,0.011265278,0.0,0.32789496,0.20027113
2021-01-22,PLAYAS,Antioquia,59.760000000000005,199722000.0,274140000.0,72.85401619610418,21.7695,-0.28128433,-0.1734581,1011.65125,24.554596,-0.91,0.0014305115,0.011026859,0.0,0.32226828,0.33046722
2021-01-23,PLAYAS,Antioquia,53.06999999999999,219992000.0,274140000.0,80.24804844240168,22.191132,0.07235718,-0.14601517,1012.0567,24.759888,-0.91,0.00059604645,0.0104904175,0.0,0.320622,0.16296008
2021-01-24,PLAYAS,Antioquia,47.98,252371000.0,274140000.0,92.05916684905525,22.061188,-0.24676514,0.15354156,1011.7042,24.980316,-0.91,0.039815903,0.010550022,0.00035762787,0.31340626,0.29063386
2021-01-25,PLAYAS,Antioquia,79.52,233541000.0,274140000.0,85.19041365725542,22.64682,-0.44078827,0.20116806,1010.7689,25.278595,-0.91,0.031471252,0.010967255,0.0010728836,0.31012356,0.48452336
2021-01-26,PLAYAS,Antioquia,73.56,232586000.0,274140000.0,84.84205150652951,22.151825,-0.15971375,0.098026276,1010.97375,25.57837,-0.91,0.0,0.0094771385,0.0,0.30624732,0.18739699
2021-01-27,PLAYAS,Antioquia,66.8,205713000.0,274140000.0,75.03939592908733,22.531647,-0.3863678,-0.110645294,1011.0648,25.629059,-0.91,0.0,0.009357929,0.0,0.30034947,0.40189856
2021-01-28,PLAYAS,Antioquia,70.19999999999999,187989000.0,274140000.0,68.57408623331145,21.705414,-0.17738724,-0.39427948,1012.15283,25.69989,-0.91,0.036001205,0.009834766,0.0009536743,0.2951817,0.4323454
2021-01-29,PLAYAS,Antioquia,71.36,195894000.0,274140000.0,71.45764937623113,22.54654,-0.39862442,-0.39772797,1011.2623,25.937408,-0.91,0.0,0.0086426735,0.0,0.29064122,0.56310654
2021-01-30,PLAYAS,Antioquia,63.98,191146000.0,274140000.0,69.72568760487341,22.108551,-0.16508484,0.39959335,1011.08093,26.012268,-0.91,0.0,0.008404255,0.0,0.2882249,0.43235153
2021-01-31,PLAYAS,Antioquia,56.99,174469000.0,274140000.0,63.64229955497191,22.370514,-0.040714264,0.8927803,1010.5764,25.95047,-0.91,0.0,0.008285046,0.0,0.28465253,0.89370817
2021-02-01,PLAYAS,Antioquia,82.39,204074000.0,251960000.0,80.99460231782822,23.110443,-0.3133011,0.27954483,1010.96796,25.798218,-0.79,0.0,0.007987022,0.0,0.28084198,0.41988435
2021-02-02,PLAYAS,Antioquia,85.11,193514000.0,251960000.0,76.80346086680426,23.232758,0.25879288,-0.17141724,1011.46045,25.814453,-0.79,0.01835823,0.007748604,0.00011920929,0.28441548,0.31041524
2021-02-03,PLAYAS,Antioquia,85.18,209045000.0,251960000.0,82.96753452929036,22.304108,-0.103565216,0.22927475,1011.4567,25.827301,-0.79,0.2168417,0.010967255,0.003516674,0.30406496,0.25158033
2021-02-04,PLAYAS,Antioquia,87.53,233282000.0,251960000.0,92.58691855850137,22.770538,-0.07248688,0.25619507,1012.03625,25.660065,-0.79,0.21398067,0.012636185,0.0054240227,0.33933353,0.26625225
2021-02-05,PLAYAS,Antioquia,100.0,376687000.0,251960000.0,149.5026988410859,22.92154,-0.17960358,0.06580353,1011.6705,25.700714,-0.79,0.00011920929,0.007033348,0.0,0.3272244,0.19127873
2021-02-06,PLAYAS,Antioquia,95.48,259237000.0,251960000.0,102.88815685029368,22.851349,-0.10297012,-0.24646759,1012.1788,25.553589,-0.79,0.06043911,0.0073313713,0.00047683716,0.32841226,0.26711255
2021-02-07,PLAYAS,Antioquia,90.57,197468000.0,251960000.0,78.37275758056835,22.35971,0.21215057,0.033111572,1011.02783,25.45163,-0.79,0.019669533,0.0075101852,0.00071525574,0.3192145,0.21471898
2021-02-08,PLAYAS,Antioquia,98.63,239136000.0,251960000.0,94.91030322273376,22.268036,0.5907364,-0.38804245,1012.16315,25.24472,-0.79,0.24282932,0.011026859,0.004529953,0.33777374,0.706786
2021-02-09,PLAYAS,Antioquia,101.19,222677000.0,251960000.0,88.37791712970314,22.034576,0.10841751,-0.09510422,1012.4451,25.168121,-0.79,0.20194054,0.009179115,0.0029206276,0.35122508,0.14421916
2021-02-10,PLAYAS,Antioquia,96.92,272857000.0,251960000.0,108.29377678996666,21.404938,0.35381317,-0.44973373,1012.5767,25.278656,-0.79,0.57792664,0.048935413,0.04261732,0.45021877,0.5722274
2021-02-11,PLAYAS,Antioquia,91.19,208317000.0,251960000.0,82.6785997777425,21.469696,0.27445984,-0.39164352,1011.0694,25.337463,-0.79,0.02014637,0.0063180923,0.00011920929,0.42270827,0.47823933
2021-02-12,PLAYAS,Antioquia,87.28,208461000.0,251960000.0,82.73575170662009,21.355255,0.48039627,-0.07947922,1010.9975,25.456818,-0.79,0.10371208,0.00667572,0.0008940697,0.40433896,0.48692662
2021-02-13,PLAYAS,Antioquia,92.55,201488000.0,251960000.0,79.96824892840134,21.502716,-0.015525818,-0.25069046,1011.8627,25.412079,-0.79,0.0059604645,0.00590086,0.00011920929,0.39279518,0.25117078
2021-02-14,PLAYAS,Antioquia,94.93,196427000.0,251960000.0,77.9595967613907,21.138947,0.42154312,-0.17756271,1013.60095,25.613892,-0.79,0.23150444,0.009953976,0.0042915344,0.40038496,0.4574135
2021-02-15,PLAYAS,Antioquia,97.07,195568000.0,251960000.0,77.61866963010002,21.886017,0.0149383545,-0.62386703,1013.8019,25.755463,-0.79,0.051021576,0.006020069,0.00035762787,0.39860922,0.62404585
2021-02-16,PLAYAS,Antioquia,97.45,168853000.0,251960000.0,67.01579615812034,21.189117,0.070388794,-0.4104538,1014.02405,25.684692,-0.79,0.1680851,0.008761883,0.0035762787,0.39088455,0.41644555
2021-02-17,PLAYAS,Antioquia,92.52,179555000.0,251960000.0,71.26329576123194,20.293488,0.013530731,-0.27159882,1013.98016,25.41388,-0.79,0.0962019,0.00834465,0.0030398369,0.3901022,0.27193567
2021-02-18,PLAYAS,Antioquia,103.75,233906000.0,251960000.0,92.83457691697096,21.653656,0.22187424,-0.46915436,1013.3008,25.284424,-0.79,0.032424927,0.0056028366,0.00059604645,0.38585752,0.518974
2021-02-19,PLAYAS,Antioquia,99.04,243347000.0,251960000.0,96.58160025400858,21.07071,0.026878357,-0.29834366,1014.1838,25.166199,-0.79,0.11205673,0.0071525574,0.0021457672,0.39064458,0.29955196
2021-02-20,PLAYAS,Antioquia,93.8,191280000.0,251960000.0,75.9168121924115,20.886078,-0.03145981,-0.5491028,1013.58484,25.145172,-0.79,0.027298927,0.006020069,0.0011920929,0.3886946,0.55000323
2021-02-21,PLAYAS,Antioquia,89.11,227517000.0,251960000.0,90.29885696142244,21.016876,0.47275543,-0.36883926,1014.03186,24.947296,-0.79,0.17988682,0.014185905,0.009298325,0.40251273,0.59961665
2021-02-22,PLAYAS,Antioquia,89.02,206481000.0,251960000.0,81.94991268455311,21.150177,-0.1362381,-0.43218613,1012.29706,24.890778,-0.79,0.039458275,0.0054836273,0.00071525574,0.40892458,0.4531508
2021-02-23,PLAYAS,Antioquia,93.31,232091000.0,251960000.0,92.1142244800762,21.858307,-0.2772751,-0.039978027,1012.47876,24.689087,-0.79,0.12123585,0.009596348,0.0049471855,0.39876756,0.28014234
2021-02-24,PLAYAS,Antioquia,100.07999999999998,198656000.0,251960000.0,78.84426099380855,22.580658,-0.053806305,0.14530945,1011.98486,24.59143,-0.79,0.035881996,0.00500679,0.00059604645,0.39230147,0.15495145
2021-02-25,PLAYAS,Antioquia,98.83,240059000.0,251960000.0,95.27663121130338,23.679962,0.07279205,0.24924469,1010.9988,24.540283,-0.79,0.004172325,0.0045895576,0.00017881393,0.38034838,0.2596567
2021-02-26,PLAYAS,Antioquia,108.52,474456000.0,251960000.0,188.3060803302112,22.423248,0.32897186,-0.22431564,1010.0678,24.39505,-0.79,0.09393692,0.006198883,0.0019669533,0.379431,0.3981708
2021-02-27,PLAYAS,Antioquia,104.2,424066000.0,251960000.0,168.3068741070011,21.546051,0.51334,-0.13471222,1011.21814,24.585144,-0.79,0.24569035,0.01347065,0.009536743,0.4102565,0.5307215
2021-02-28,PLAYAS,Antioquia,108.18,285661000.0,251960000.0,113.37553579933324,20.965302,0.46226883,-0.4426422,1010.0541,24.726929,-0.79,0.03182888,0.0044107437,0.00035762787,0.4131666,0.64001924
2021-03-01,PLAYAS,Antioquia,102.1,246975000.0,271850000.0,90.84973330881002,22.045563,0.05618286,-0.20133209,1009.83154,25.08435,-0.71,0.04541874,0.0046491623,0.00059604645,0.40240377,0.20902422
2021-03-02,PLAYAS,Antioquia,98.11,268898000.0,271850000.0,98.91410704432592,21.229645,-0.43374252,-0.20946884,1011.02625,25.636963,-0.71,0.0039339066,0.0038146973,0.0,0.3915705,0.48167393
2021-03-03,PLAYAS,Antioquia,97.21,221485000.0,271850000.0,81.47323891852125,21.588898,-0.026088715,-0.24570084,1012.2725,26.247528,-0.71,0.00059604645,0.0038146973,0.0,0.38331282,0.24708201
2021-03-04,PLAYAS,Antioquia,102.66,270720000.0,271850000.0,99.58432959352584,21.886444,0.26418686,-0.10592651,1013.89795,26.642395,-0.71,0.008225441,0.004053116,0.00029802322,0.37390995,0.28463155
2021-03-05,PLAYAS,Antioquia,104.86,252453000.0,271850000.0,92.8648151554166,21.293182,0.21474457,-0.10450745,1012.8036,26.922546,-0.71,0.03182888,0.004053116,0.00029802322,0.37101737,0.23882428
2021-03-06,PLAYAS,Antioquia,98.64,249748000.0,271850000.0,91.86978112929924,21.74881,-0.018894196,-0.15439987,1012.1064,26.980713,-0.71,0.04053116,0.005096197,0.00166893,0.36646533,0.15555164
2021-03-07,PLAYAS,Antioquia,109.62,363376000.0,271850000.0,133.66783152473792,22.220734,0.12187576,-0.09629059,1012.565,26.957092,-0.71,0.32639503,0.01090765,0.0074505806,0.38429984,0.15532412
2021-03-08,PLAYAS,Antioquia,103.64,474512000.0,271850000.0,174.54919992643002,21.92392,-0.1781807,0.04953003,1013.7928,26.935272,-0.71,0.19657612,0.009715557,0.0060796738,0.41191724,0.18493669
2021-03-09,PLAYAS,Antioquia,105.77,283130000.0,271850000.0,104.14934706639691,21.917145,0.39316177,-0.22451782,1013.52875,26.84018,-0.71,0.16498566,0.00667572,0.0030994415,0.4107032,0.45275205
2021-03-10,PLAYAS,Antioquia,105.08,300573000.0,271850000.0,110.56575317270554,20.599762,0.36773682,-0.30970383,1013.22064,26.848114,-0.71,0.19395351,0.0057816505,0.0025629997,0.41122013,0.4807773
2021-03-11,PLAYAS,Antioquia,100.46,308877000.0,271850000.0,113.62037888541474,19.753021,0.1524353,-0.3924675,1014.52344,26.981812,-0.71,0.7624626,0.10931492,0.06094575,0.47350642,0.42103118
2021-03-12,PLAYAS,Antioquia,104.64,459391000.0,271850000.0,168.9869413279382,19.432709,0.23677063,-0.10651016,1015.84625,27.200195,-0.71,0.07247925,0.008165836,0.00500679,0.4628818,0.25962424
2021-03-13,PLAYAS,Antioquia,108.18,378007000.0,271850000.0,139.04984366378517,20.009064,0.48270035,-0.09709549,1015.27124,27.306396,-0.71,0.34952164,0.028967857,0.025749207,0.4495114,0.49236894
2021-03-14,PLAYAS,Antioquia,106.25,334420000.0,271850000.0,123.0163693213169,20.963104,-0.02878952,-0.3052826,1014.6686,27.330719,-0.71,0.18167496,0.009357929,0.0063180923,0.45285344,0.30663708
2021-03-15,PLAYAS,Antioquia,110.67,335124000.0,271850000.0,123.27533566304947,20.158966,0.48946762,-0.22682571,1013.63513,27.378265,-0.71,0.38957596,0.021338463,0.018119812,0.45286596,0.5394705
2021-03-16,PLAYAS,Antioquia,106.88,423751000.0,271850000.0,155.87677027772668,20.389679,0.3543167,-0.25166702,1013.1998,27.216583,-0.71,0.21469593,0.0150203705,0.01168251,0.4620309,0.4345994
2021-03-17,PLAYAS,Antioquia,104.34,582804000.0,271850000.0,214.3844031635093,21.01889,-0.15227509,-0.07354355,1012.98016,26.68451,-0.71,0.14591217,0.01257658,0.009536743,0.4502009,0.16910458
2021-03-18,PLAYAS,Antioquia,101.53000000000002,699190000.0,271850000.0,257.1969836306787,20.779327,0.059562683,-0.21097565,1013.28455,26.299194,-0.71,0.33712387,0.044882298,0.0121593475,0.45848972,0.21922234
2021-03-19,PLAYAS,Antioquia,96.34,569211000.0,271850000.0,209.38421923855063,20.598358,-0.109939575,-0.36370087,1013.40564,25.790863,-0.71,0.21743774,0.01746416,0.014305115,0.46650928,0.37995398
2021-03-20,PLAYAS,Antioquia,90.48,633520000.0,271850000.0,233.0402795659371,20.240997,0.031482697,-0.24566269,1013.27954,25.305664,-0.71,0.16856194,0.02861023,0.025391579,0.47649175,0.2476718
2021-03-21,PLAYAS,Antioquia,77.95,525605000.0,271850000.0,193.34375574765497,20.72409,0.32529068,-0.08412933,1012.46765,24.975677,-0.71,0.09846687,0.0075101852,0.0042915344,0.46577182,0.3359937
2021-03-22,PLAYAS,Antioquia,61.52,591440000.0,271850000.0,217.5611550487401,19.96103,0.1289177,0.1013298,1013.3187,24.449127,-0.71,0.80549717,0.2439022,0.22470951,0.48102018,0.16397409
2021-03-23,PLAYAS,Antioquia,61.650000000000006,492312000.0,271850000.0,181.09692845319108,20.32492,0.18270493,-0.26613617,1014.08124,24.233124,-0.71,0.088214874,0.010192394,0.006854534,0.48229498,0.32281503
2021-03-24,PLAYAS,Antioquia,70.61,730144000.0,271850000.0,268.5834099687328,21.251434,-0.25575638,-0.09712601,1013.82764,23.943634,-0.71,0.03552437,0.0104904175,0.0071525574,0.48403183,0.27357775
2021-03-25,PLAYAS,Antioquia,64.53999999999999,412570000.0,271850000.0,151.76384035313592,21.337189,0.116363525,-0.30012512,1013.19653,23.638092,-0.71,0.10788441,0.0074505806,0.0038146973,0.47503942,0.32189372
2021-03-26,PLAYAS,Antioquia,65.79,470608000.0,271850000.0,173.1131138495494,20.932648,0.3444252,-0.10147858,1012.59406,23.348724,-0.71,0.32651424,0.11873245,0.011265278,0.46181542,0.35906354
2021-03-27,PLAYAS,Antioquia,70.78999999999999,425882000.0,271850000.0,156.66065845135185,20.08255,0.14834976,-0.047447205,1013.11017,23.187103,-0.71,0.50497055,0.048458576,0.04428625,0.48770875,0.15575266
2021-03-28,PLAYAS,Antioquia,64.63,289783000.0,271850000.0,106.59665256575316,21.990265,-0.22865677,-0.0023536682,1011.59766,23.121063,-0.71,0.015854836,0.005364418,0.0009536743,0.4723144,0.22866888
2021-03-29,PLAYAS,Antioquia,59.58,406291000.0,271850000.0,149.45411072282508,22.030365,-0.16114044,0.37096786,1010.7039,23.064423,-0.71,0.020384789,0.0056028366,0.000834465,0.45721006,0.40445444
2021-03-30,PLAYAS,Antioquia,68.0,492097000.0,271850000.0,181.01784072098584,22.58603,0.18896484,0.52708054,1010.855,22.975952,-0.71,0.00166893,0.005185604,0.00023841858,0.44524258,0.55992997
2021-03-31,PLAYAS,Antioquia,60.4,310769000.0,271850000.0,114.31635092882104,22.720367,0.09976959,0.19220352,1009.8128,22.794067,-0.71,0.0013113022,0.0051259995,0.00011920929,0.4410287,0.21655522
2021-04-01,PLAYAS,Antioquia,57.31,355337000.0,365170000.0,97.3072815401046,22.397491,0.13744354,-0.29542923,1009.3561,22.739746,-0.55,0.00333786,0.0054836273,0.00023841858,0.43380627,0.3258361
2021-04-02,PLAYAS,Antioquia,49.06,307743000.0,365170000.0,84.27389982747762,21.239105,0.45311356,-0.069625854,1010.2567,22.894073,-0.55,0.557065,0.026106834,0.020563602,0.44957483,0.45843175
2021-04-03,PLAYAS,Antioquia,49.44,433367000.0,365170000.0,118.67541145220036,21.140594,0.024497986,-0.1224556,1012.2512,23.095428,-0.55,0.9394884,0.13703108,0.06765127,0.4772963,0.12488204
2021-04-04,PLAYAS,Antioquia,69.28,390138000.0,365170000.0,106.83736341977708,21.28598,0.33839798,0.16461182,1011.6433,23.091217,-0.55,0.06377697,0.010371208,0.0030994415,0.4630086,0.37631136
2021-04-05,PLAYAS,Antioquia,64.74,466016000.0,365170000.0,127.61617876605416,21.763702,-0.15543747,-0.1656456,1011.3801,23.165314,-0.55,0.10943413,0.0166893,0.008046627,0.46397135,0.22715473
2021-04-06,PLAYAS,Antioquia,73.83,695423000.0,365170000.0,190.43815209354543,22.186066,0.18164444,0.3806038,1011.96655,23.36322,-0.55,0.10943413,0.018537045,0.008940697,0.4740362,0.42172733
2021-04-07,PLAYAS,Antioquia,82.05,374279000.0,365170000.0,102.49445463756604,21.998505,-0.21382904,0.19052505,1012.70264,23.48111,-0.55,0.022530556,0.0104904175,0.0004172325,0.45863846,0.28639597
2021-04-08,PLAYAS,Antioquia,89.49000000000001,310527000.0,365170000.0,85.03628447024674,21.957794,-0.051498413,-0.26290512,1012.28033,23.4917,-0.55,0.00047683716,0.010430813,0.0,0.44136494,0.26790145
2021-04-09,PLAYAS,Antioquia,105.55,582865000.0,365170000.0,159.61470000273846,21.067047,0.21705246,0.041908264,1013.96173,23.451324,-0.55,0.17857552,0.02527237,0.014305115,0.46694338,0.22106124
2021-04-10,PLAYAS,Antioquia,103.61,347457000.0,365170000.0,95.14938247939315,21.88144,-0.41312408,-0.32907867,1012.9992,23.45401,-0.55,0.09286404,0.017166138,0.004172325,0.4614427,0.5281707
2021-04-11,PLAYAS,Antioquia,98.26,390940000.0,365170000.0,107.05698715666676,22.417267,-0.11061096,0.16085434,1011.84375,23.337067,-0.55,0.08583069,0.014811754,0.002861023,0.4516253,0.19521502
2021-04-12,PLAYAS,Antioquia,101.76,491143000.0,365170000.0,134.49708355012731,22.71048,-0.065761566,0.83868027,1010.7341,23.202484,-0.55,0.012278557,0.0131726265,0.00047683716,0.44044912,0.8412545
2021-04-13,PLAYAS,Antioquia,104.6,267978000.0,365170000.0,73.38445107758031,23.504791,-0.23593521,0.3118019,1011.15076,22.967224,-0.55,0.0,0.01335144,0.0,0.42582273,0.3910062
2021-04-14,PLAYAS,Antioquia,100.92000000000002,255391000.0,365170000.0,69.93756332666977,23.013763,0.30348206,0.51057816,1012.1838,22.930023,-0.55,0.3322363,0.021576881,0.007897615,0.42567503,0.5939625
2021-04-15,PLAYAS,Antioquia,105.63,340554000.0,365170000.0,93.25903004080293,22.139313,-0.23459244,0.56427,1011.8681,22.92041,-0.55,0.30767918,0.047147274,0.03325939,0.42447156,0.6110927
2021-04-16,PLAYAS,Antioquia,102.24,401670000.0,365170000.0,109.99534463400607,22.564667,-0.49543762,-0.38210297,1012.1967,22.971039,-0.55,0.25713444,0.027418137,0.013232231,0.43045717,0.6256685
2021-04-17,PLAYAS,Antioquia,100.15,359126000.0,365170000.0,98.34488046663198,22.78543,0.2998848,0.20183182,1012.715,22.980927,-0.55,0.07331371,0.017225742,0.0027120113,0.43409514,0.36147887
2021-04-18,PLAYAS,Antioquia,92.86,324096000.0,365170000.0,88.7520880685708,21.492462,-0.06322479,-0.28824997,1013.565,23.058746,-0.55,0.28526783,0.030398369,0.014603138,0.4402917,0.2951024
2021-04-19,PLAYAS,Antioquia,82.97,296825000.0,365170000.0,81.28405947914669,21.29184,-0.21210098,-0.13328552,1014.2478,23.165985,-0.55,0.3079176,0.065624714,0.047385693,0.43809614,0.2505032
2021-04-20,PLAYAS,Antioquia,88.13,248763000.0,365170000.0,68.12251827915765,22.012726,-0.117298126,-0.30802155,1012.96436,23.196533,-0.55,0.024199486,0.021100044,0.00071525574,0.42732602,0.32959995
2021-04-21,PLAYAS,Antioquia,91.88,266214000.0,365170000.0,72.90138839444641,21.582489,-0.32437134,-0.10642624,1013.1244,23.209076,-0.55,0.067949295,0.024437904,0.0025331974,0.42352188,0.3413844
2021-04-22,PLAYAS,Antioquia,91.5,276153000.0,365170000.0,75.6231344305392,22.059723,-0.21121216,-0.21818542,1012.1705,23.130066,-0.55,0.10240078,0.028550625,0.0060796738,0.43478745,0.30367
2021-04-23,PLAYAS,Antioquia,92.64,512826000.0,365170000.0,140.4348659528439,22.045074,-0.013820648,-0.13695145,1012.26483,23.091278,-0.55,0.0910759,0.026404858,0.003695488,0.4311062,0.13764705
2021-04-24,PLAYAS,Antioquia,86.14,424040000.0,365170000.0,116.1212585918887,21.332245,-0.2678833,-0.08052063,1012.9917,23.126343,-0.55,0.13005733,0.027000904,0.004529953,0.4305079,0.27972314
2021-04-25,PLAYAS,Antioquia,85.66,291562000.0,365170000.0,79.84281293644057,22.23526,-0.09415054,-0.1169281,1012.517,23.180603,-0.55,0.17130375,0.02670288,0.004708767,0.42398316,0.15012163
2021-04-26,PLAYAS,Antioquia,90.94,340564000.0,365170000.0,93.26176849138756,22.27298,0.11445236,0.10387039,1011.84546,23.20346,-0.55,0.03886223,0.02270937,0.0010728836,0.4280728,0.15455873
2021-04-27,PLAYAS,Antioquia,94.17,496526000.0,365170000.0,135.97119149984937,21.020905,0.015075684,0.30571747,1012.4486,23.179993,-0.55,0.32126904,0.049591064,0.027954578,0.454584,0.30608895
2021-04-28,PLAYAS,Antioquia,92.33,390128000.0,365170000.0,106.83462496919245,20.06894,0.14012146,-0.050785065,1013.6864,23.219818,-0.55,0.5284548,0.07802248,0.05441904,0.4859866,0.14904076
2021-04-29,PLAYAS,Antioquia,82.92,483418000.0,365170000.0,132.3816304734781,19.087372,-0.52311707,0.002418518,1015.15314,23.204529,-0.55,1.4009476,0.42891502,0.34332275,0.49043018,0.5231226
2021-04-30,PLAYAS,Antioquia,73.83,518668000.0,365170000.0,142.0346687844018,19.853607,-0.1597557,0.3262825,1015.91156,23.253784,-0.55,0.7315874,0.17470121,0.11861324,0.50480306,0.3632935
2021-05-01,PLAYAS,Antioquia,61.4,390388000.0,460610000.0,84.75456459911857,20.224518,0.17426682,-0.16264343,1014.7239,23.500916,-0.39,0.084877014,0.07534027,0.0073313713,0.48844436,0.23837325
2021-05-02,PLAYAS,Antioquia,78.4,645348000.0,460610000.0,140.1072490827381,20.749054,-0.0581398,0.20022964,1015.3206,23.602448,-0.39,0.6970167,0.15068054,0.07843971,0.504221,0.20849974
2021-05-03,PLAYAS,Antioquia,69.0,802688000.0,460610000.0,174.26629903823192,20.158966,-0.3362007,-0.101615906,1016.1936,23.585663,-0.39,1.4640093,0.3771782,0.21642447,0.5064207,0.35122174
2021-05-04,PLAYAS,Antioquia,65.75,897340000.0,460610000.0,194.8155706563036,20.63443,-0.47735214,-0.30831528,1016.2225,23.493805,-0.39,0.11265278,0.11754036,0.011146069,0.49352345,0.5682635
2021-05-05,PLAYAS,Antioquia,56.02,768352000.0,460610000.0,166.81183647771434,21.28415,0.008434296,-0.08787155,1015.4961,23.52539,-0.39,0.08893013,0.11861324,0.010251999,0.48525435,0.0882754
2021-05-06,PLAYAS,Antioquia,52.81,560322000.0,460610000.0,121.64781485421506,20.937836,0.09399414,-0.18543625,1014.8119,23.559357,-0.39,0.36156178,0.17619133,0.070512295,0.49561542,0.20789781
2021-05-07,PLAYAS,Antioquia,52.61,556042000.0,460610000.0,120.7186122750266,20.997284,0.0016365051,0.15867233,1014.5497,23.522186,-0.39,0.3130436,0.15383959,0.05185604,0.5004795,0.15868077
2021-05-08,PLAYAS,Antioquia,72.05,753495000.0,460610000.0,163.58633116953604,21.357086,-0.4473648,0.13825226,1014.5494,23.39862,-0.39,0.54073334,0.2425909,0.081419945,0.50150037,0.4682403
2021-05-09,PLAYAS,Antioquia,85.61999999999999,611233000.0,460610000.0,132.7007663750244,21.704437,-0.14138031,0.06353378,1013.58453,23.309387,-0.39,0.054240227,0.10102987,0.00166893,0.4851976,0.1549998
2021-05-10,PLAYAS,Antioquia,80.30000000000001,721019000.0,460610000.0,156.53568094483404,22.229095,0.110183716,0.8012047,1011.8775,23.237,-0.39,0.027060509,0.09739399,0.00047683716,0.46956524,0.80874556
2021-05-11,PLAYAS,Antioquia,88.35,405817000.0,460610000.0,88.10425305573044,22.367706,-0.3323593,0.16464615,1012.0986,23.108368,-0.39,0.002503395,0.09334087,0.00011920929,0.45358992,0.37090573
2021-05-12,PLAYAS,Antioquia,76.33,409307000.0,460610000.0,88.86194394390049,22.860199,-0.26849365,0.03048706,1012.1475,23.08963,-0.39,0.0,0.08934736,0.0,0.4369189,0.27021897
2021-05-13,PLAYAS,Antioquia,66.28,641821000.0,460610000.0,139.34152536853304,23.073822,-0.27713776,0.25266266,1012.2522,23.100464,-0.39,0.17654896,0.10961294,0.024914742,0.43603206,0.375025
2021-05-14,PLAYAS,Antioquia,55.93,412360000.0,460610000.0,89.52476064349449,22.901093,-0.15980148,-0.01910019,1012.2333,23.126678,-0.39,0.03516674,0.08058548,0.000834465,0.42097402,0.1609389
2021-05-15,PLAYAS,Antioquia,65.72,620610000.0,460610000.0,134.73654501639132,22.683075,-0.13129044,-0.058109283,1012.437,23.224823,-0.39,0.006556511,0.074505806,0.00017881393,0.41003385,0.14357531
2021-05-16,PLAYAS,Antioquia,69.84,600898000.0,460610000.0,130.4570026703719,21.927399,-0.047878265,-0.25793076,1013.09515,23.27121,-0.39,0.14305115,0.07164478,0.0026226044,0.41346735,0.26233682
2021-05-17,PLAYAS,Antioquia,92.64,1084062000.0,460610000.0,235.35355289724495,21.109344,-0.06352615,-0.009304047,1014.2495,23.15326,-0.39,0.4272461,0.08392334,0.01937151,0.45992318,0.06420387
2021-05-18,PLAYAS,Antioquia,99.34,1134260000.0,460610000.0,246.25170968932505,21.394196,0.18034363,0.2789383,1014.6197,23.174408,-0.39,0.27883053,0.0885725,0.028073788,0.49448124,0.3321602
2021-05-19,PLAYAS,Antioquia,104.87,596076000.0,460610000.0,129.4101300449404,22.64273,-0.43663788,0.2276268,1013.242,23.241425,-0.39,0.016331673,0.058174133,0.0011920929,0.46960706,0.49240896
2021-05-20,PLAYAS,Antioquia,104.53,492246000.0,460610000.0,106.86828336336598,22.824188,-0.050922394,0.031929016,1012.1233,23.232513,-0.39,0.03218651,0.054359436,0.0005364418,0.4494677,0.06010451
2021-05-21,PLAYAS,Antioquia,103.1,409564000.0,460610000.0,88.91773951933305,22.5654,0.17103577,-0.2414093,1011.655,23.403992,-0.39,0.016212463,0.051021576,0.0004172325,0.44451383,0.29585755
2021-05-22,PLAYAS,Antioquia,105.0,689165000.0,460610000.0,149.62006903888323,22.418427,0.11431503,0.14099503,1012.182,23.38031,-0.39,0.20492077,0.053286552,0.0054240227,0.44471103,0.18151453
2021-05-23,PLAYAS,Antioquia,103.68,856952000.0,460610000.0,186.047198280541,22.380768,-0.07411957,0.12794113,1012.32794,23.37387,-0.39,0.40757656,0.060081482,0.014305115,0.43979514,0.14786021
2021-05-24,PLAYAS,Antioquia,102.5,566931000.0,460610000.0,123.08265126679838,22.133331,0.38934326,-0.00970459,1012.508,23.253113,-0.39,0.016570091,0.04452467,0.0006854534,0.43542892,0.38946417
2021-05-25,PLAYAS,Antioquia,107.9,1134360000.0,460610000.0,246.27342002996028,22.49112,0.37906647,0.11008072,1013.4966,23.291779,-0.39,0.30994415,0.05978346,0.017821789,0.4379745,0.39472666
2021-05-26,PLAYAS,Antioquia,101.03,815695000.0,460610000.0,177.09016304465817,22.99466,-0.3483162,0.30831528,1013.3699,23.420166,-0.39,0.0218153,0.041246414,0.0012516975,0.4297326,0.4651693
2021-05-27,PLAYAS,Antioquia,100.02,584918000.0,460610000.0,126.9876902368598,21.807648,0.27647018,0.3409958,1014.20953,23.330933,-0.39,0.08094311,0.042557716,0.004351139,0.43132758,0.4389919
2021-05-28,PLAYAS,Antioquia,100.25,508653000.0,460610000.0,110.43029895139054,21.286102,-0.26270676,-0.2759056,1014.2551,23.450409,-0.39,0.3362894,0.053048134,0.016212463,0.44210008,0.38097078
2021-05-29,PLAYAS,Antioquia,100.32,638372000.0,460610000.0,138.59273572002343,20.519196,0.18229675,0.004497528,1014.1728,23.486145,-0.39,0.77438354,0.1347065,0.098884106,0.4930829,0.18235223
2021-05-30,PLAYAS,Antioquia,95.58,560212000.0,460610000.0,121.6239334795163,21.458893,-0.31240463,-0.08492279,1014.53375,23.64978,-0.39,0.14603138,0.04643202,0.011146069,0.49020085,0.32374147
2021-05-31,PLAYAS,Antioquia,101.6,846511000.0,460610000.0,183.78042161481517,21.668121,-0.20908356,0.05942917,1013.90656,23.770813,-0.39,0.033974648,0.0371933,0.002503395,0.48285288,0.2173655
2021-06-01,PLAYAS,Antioquia,123.77,1417211000.0,407570000.0,347.72210908555587,22.161224,0.049339294,-0.1981163,1013.32983,23.856934,-0.3,0.12242794,0.039339066,0.0054836273,0.48247355,0.20416766
2021-06-02,PLAYAS,Antioquia,109.92,999519000.0,407570000.0,245.23860931864465,21.977448,-0.40048218,0.17987442,1012.4725,23.744507,-0.3,0.10240078,0.036418438,0.0029206276,0.4806322,0.43902254
2021-06-03,PLAYAS,Antioquia,114.85,843134000.0,407570000.0,206.868513384204,21.901337,0.7472725,-0.014854431,1012.2111,23.54602,-0.3,0.12898445,0.03874302,0.0044107437,0.47458023,0.74742013
2021-06-04,PLAYAS,Antioquia,111.31,620223000.0,407570000.0,152.1758225580882,21.675629,0.31233215,0.2461319,1012.90295,23.647095,-0.3,0.5531311,0.2233386,0.07110834,0.46675512,0.3976585
2021-06-05,PLAYAS,Antioquia,107.32,497270000.0,407570000.0,122.0084893392546,22.054901,-0.4052658,-0.058246613,1012.2525,23.469574,-0.3,0.0436306,0.04518032,0.002682209,0.45810872,0.40943015
2021-06-06,PLAYAS,Antioquia,115.76,763474000.0,407570000.0,187.3234045685404,21.73117,0.18754196,0.12813568,1013.07983,23.82312,-0.3,0.44703484,0.07665157,0.028908253,0.47218797,0.22713596
2021-06-07,PLAYAS,Antioquia,113.58,623266000.0,407570000.0,152.92244277056702,21.226654,0.13879776,-0.3371048,1012.91797,24.077118,-0.3,0.09953976,0.06055832,0.0054836273,0.46816367,0.36456066
2021-06-08,PLAYAS,Antioquia,112.59,874999000.0,407570000.0,214.68680226709523,21.062042,-0.17113113,0.11105728,1014.91797,24.20752,-0.3,0.15616417,0.06610155,0.006854534,0.4719338,0.20400879
2021-06-09,PLAYAS,Antioquia,112.62,1088950200.0,407570000.0,267.18114679686926,20.907318,-0.36749268,-0.23371887,1016.34735,24.079102,-0.3,0.1449585,0.116825104,0.01347065,0.48235598,0.43551737
2021-06-10,PLAYAS,Antioquia,111.94,678287000.0,407570000.0,166.42220968177247,20.583221,-0.13890076,0.19665146,1015.91876,24.112946,-0.3,0.032663345,0.10305643,0.0039339066,0.4784033,0.24075966
2021-06-11,PLAYAS,Antioquia,116.76,854089000.0,407570000.0,209.5563952204529,21.404633,0.14710617,-0.15303421,1013.86487,23.829224,-0.3,0.015854836,0.0962019,0.00023841858,0.46033332,0.21227269
2021-06-12,PLAYAS,Antioquia,115.92,1042463000.0,407570000.0,255.77520425939105,20.751984,0.46783066,-0.43545914,1013.3528,23.559235,-0.3,0.2682209,0.17261505,0.08189678,0.47434634,0.6391324
2021-06-13,PLAYAS,Antioquia,118.55,732787000.0,407570000.0,179.7941457909071,20.633087,0.32097626,0.016319275,1014.52594,23.444855,-0.3,0.68843365,0.20319223,0.035703182,0.474016,0.32139084
2021-06-14,PLAYAS,Antioquia,118.68,971557000.0,407570000.0,238.3779473464681,20.570038,-0.23426437,-0.32704926,1015.8088,23.317078,-0.3,0.33676624,0.10210276,0.02193451,0.47366434,0.40229467
2021-06-15,PLAYAS,Antioquia,116.39,658836000.0,407570000.0,161.6497779522536,20.173126,-0.012828827,-0.16511917,1016.4416,23.370728,-0.3,0.166893,0.08869171,0.012814999,0.48225188,0.16561678
2021-06-16,PLAYAS,Antioquia,114.49,589439000.0,407570000.0,144.6227641877469,21.236053,-0.2756195,-0.009529114,1014.2011,23.48346,-0.3,0.009655952,0.073075294,0.0005364418,0.4802315,0.2757842
2021-06-17,PLAYAS,Antioquia,113.43,530700000.0,407570000.0,130.21076134161004,23.086884,-0.2855034,0.30609512,1012.6308,23.233429,-0.3,0.0011920929,0.06908178,0.00011920929,0.45878494,0.41857666
2021-06-18,PLAYAS,Antioquia,111.99,567783000.0,407570000.0,139.30932109821626,22.427338,-0.029670715,0.1994667,1013.40155,23.158447,-0.3,0.003695488,0.0654459,0.00011920929,0.44439036,0.20166141
2021-06-19,PLAYAS,Antioquia,114.75,668709000.0,407570000.0,164.07218391932673,22.046173,0.18482208,0.053497314,1014.11487,23.29242,-0.3,0.01335144,0.062048435,0.00020861626,0.4340775,0.19240884
2021-06-20,PLAYAS,Antioquia,120.16,892610000.0,407570000.0,219.0077778050396,21.763031,-0.45939636,0.54766464,1014.4447,23.378021,-0.3,0.004529953,0.058352947,0.00014901161,0.43890172,0.71482974
2021-06-21,PLAYAS,Antioquia,115.58,908695000.0,407570000.0,222.95433913192824,22.18277,-0.024936676,0.15391159,1014.63,23.350067,-0.3,0.024676323,0.055611134,0.000834465,0.42621195,0.15591863
2021-06-22,PLAYAS,Antioquia,112.16,715497000.0,407570000.0,175.55192972986237,20.264496,-0.08820343,0.08821106,1016.0062,23.41214,-0.3,0.30124187,0.06431341,0.012695789,0.4307598,0.12474388
2021-06-23,PLAYAS,Antioquia,110.79,559999000.0,407570000.0,137.39946512255565,21.473541,-0.059509277,-0.15496445,1015.3897,23.356598,-0.3,0.0071525574,0.04976988,0.00017881393,0.42220476,0.165998
2021-06-24,PLAYAS,Antioquia,113.56,1175040000.0,407570000.0,288.3038496454597,20.851837,0.18499756,0.10359192,1014.4808,23.227142,-0.3,0.2784729,0.06920099,0.021904707,0.44209862,0.21202683
2021-06-25,PLAYAS,Antioquia,118.89,721906000.0,407570000.0,177.1244203449714,20.848358,0.2455864,0.0822258,1014.22424,22.951874,-0.3,0.21290779,0.056147575,0.010609627,0.44676414,0.25898603
2021-06-26,PLAYAS,Antioquia,116.18,667162000.0,407570000.0,163.692617219128,19.940948,-0.30554962,0.0004043579,1014.3286,22.89154,-0.3,0.536561,0.14615059,0.024408102,0.4594772,0.3055499
2021-06-27,PLAYAS,Antioquia,115.12,568080000.0,407570000.0,139.3821920160954,20.691498,-0.17204666,-0.016532898,1014.21814,22.991425,-0.3,0.24569035,0.13583899,0.03361702,0.46126613,0.17283921
2021-06-28,PLAYAS,Antioquia,113.2,664960000.0,407570000.0,163.1523419289938,21.692108,-0.0497818,0.11432266,1014.5112,23.07251,-0.3,0.0014305115,0.047892332,5.9604645e-05,0.4509163,0.12469122
2021-06-29,PLAYAS,Antioquia,112.01,595952000.0,407570000.0,146.2207718919449,22.689178,-0.21145248,0.5748825,1013.5767,23.029968,-0.3,0.002861023,0.05018711,0.0,0.43770468,0.6125374
2021-06-30,PLAYAS,Antioquia,111.77,447487000.0,407570000.0,109.79390043428124,21.931854,-0.23353195,0.69714737,1012.9522,22.926208,-0.3,0.0014305115,0.04965067,0.0,0.41837418,0.73522216
2021-07-01,PLAYAS,Antioquia,111.03,400010000.0,356420000.0,112.22995342573368,21.140228,-0.48041534,0.28707886,1013.97986,22.933868,-0.35,0.0,0.04839897,0.0,0.40557918,0.55965453
2021-07-02,PLAYAS,Antioquia,118.7,390770000.0,356420000.0,109.63750631277706,21.530792,-0.2754135,0.48900604,1014.96893,22.986176,-0.35,0.06055832,0.048339367,0.0014901161,0.4242782,0.56123036
2021-07-03,PLAYAS,Antioquia,118.32,368603000.0,356420000.0,103.41815835250549,22.08194,-0.37958908,0.9460449,1014.6114,22.973297,-0.35,0.00667572,0.045657158,0.0004172325,0.41187817,1.0193571
2021-07-04,PLAYAS,Antioquia,114.73,347827000.0,356420000.0,97.5890802985242,21.717438,-0.36089706,0.41770554,1015.5131,22.722656,-0.35,0.002503395,0.0436306,0.00011920929,0.39736873,0.55201864
2021-07-05,PLAYAS,Antioquia,118.62,328084000.0,356420000.0,92.04982885359968,22.345306,-0.40637207,0.3991661,1015.4003,22.565582,-0.35,0.00333786,0.041902065,0.00011920929,0.3834827,0.5696243
2021-07-06,PLAYAS,Antioquia,109.24,326030000.0,356420000.0,91.47354244991864,22.943268,-0.33089066,0.8946495,1014.5662,22.379059,-0.35,0.007748604,0.04017353,5.9604645e-05,0.37152958,0.95387965
2021-07-07,PLAYAS,Antioquia,105.82,337801000.0,356420000.0,94.77610684024464,22.92685,-0.37601852,0.6306076,1011.6689,22.289886,-0.35,0.0,0.038266182,0.0,0.3599586,0.73420423
2021-07-08,PLAYAS,Antioquia,100.8,404789000.0,356420000.0,113.57078727344144,22.800507,-0.10019302,0.15776443,1011.3169,22.245056,-0.35,0.029683113,0.0371933,0.00071525574,0.3713423,0.18689103
2021-07-09,PLAYAS,Antioquia,105.35,481146000.0,356420000.0,134.99410807474328,22.566376,-0.05669403,0.60395813,1012.1194,22.19989,-0.35,0.05531311,0.036537647,0.0014305115,0.3714867,0.6066133
2021-07-10,PLAYAS,Antioquia,107.54,456032000.0,356420000.0,127.94792660344538,21.994904,-0.03530121,0.15555573,1013.0023,22.135223,-0.35,0.0063180923,0.03385544,0.00023841858,0.36320424,0.159511
2021-07-11,PLAYAS,Antioquia,112.77,896332000.0,356420000.0,251.48195948599965,21.680328,0.07888031,0.31428146,1013.7564,22.118744,-0.35,0.32377243,0.03939867,0.0069737434,0.37233087,0.32402924
2021-07-12,PLAYAS,Antioquia,111.32,357232000.0,356420000.0,100.2278211099265,22.296234,-0.1734047,0.25589752,1012.66077,22.229218,-0.35,0.00011920929,0.03117323,0.0,0.36837286,0.30911604
2021-07-13,PLAYAS,Antioquia,109.87,372530000.0,356420000.0,104.51994837551204,22.548004,-0.5641937,0.6932144,1013.40607,22.209473,-0.35,0.05531311,0.030636787,0.0005364418,0.35629138,0.8937901
2021-07-14,PLAYAS,Antioquia,106.56000000000002,302769000.0,356420000.0,84.9472532405589,22.795746,-0.5444374,0.24945831,1014.34766,22.250824,-0.35,0.007033348,0.028908253,0.00017881393,0.35323364,0.5988669
2021-07-15,PLAYAS,Antioquia,110.59,352442000.0,356420000.0,98.88390101565568,23.924896,-0.08300781,0.10151672,1013.0128,22.36731,-0.35,0.04017353,0.028192997,0.0005364418,0.34424263,0.1311333
2021-07-16,PLAYAS,Antioquia,117.17,622395000.0,356420000.0,174.62403905504743,22.88974,0.17336655,0.4072342,1012.5158,22.380249,-0.35,0.43034554,0.12457371,0.023961067,0.35637003,0.442601
2021-07-17,PLAYAS,Antioquia,120.13,884356000.0,356420000.0,248.12187868245329,23.095367,-0.15063858,0.28012085,1013.27313,22.531067,-0.35,0.7327795,0.15163422,0.07724762,0.37557757,0.31805608
2021-07-18,PLAYAS,Antioquia,111.5,890674000.0,356420000.0,249.8945064811178,22.739594,-0.3830986,0.4394722,1013.4261,22.688171,-0.35,0.29683113,0.051021576,0.026166439,0.38618696,0.5830097
2021-07-19,PLAYAS,Antioquia,111.68,423748000.0,356420000.0,118.89007350878178,23.178558,-0.05218506,1.0778656,1013.40985,22.79184,-0.35,0.03838539,0.02503395,0.00071525574,0.37440303,1.0791281
2021-07-20,PLAYAS,Antioquia,111.89,306278000.0,356420000.0,85.9317658941698,23.607758,0.11653137,0.92080307,1011.3606,22.855652,-0.35,0.0,0.023722649,0.0,0.36057276,0.9281475
2021-07-21,PLAYAS,Antioquia,114.24,308752000.0,356420000.0,86.62589080298524,23.93576,0.0062065125,0.92790604,1011.7558,22.759705,-0.35,0.00047683716,0.022947788,0.0,0.34945443,0.9279268
2021-07-22,PLAYAS,Antioquia,114.59,276176000.0,356420000.0,77.4861118904663,23.735382,-0.24866104,0.88947296,1012.78143,22.653473,-0.35,0.0,0.022292137,0.0,0.33964536,0.923577
2021-07-23,PLAYAS,Antioquia,114.68,297593000.0,356420000.0,83.49503394871219,24.827484,-0.38594818,0.6742172,1013.35486,22.45285,-0.35,0.0,0.021576881,0.0,0.331544,0.77686864
2021-07-24,PLAYAS,Antioquia,113.71,266174000.0,356420000.0,74.67987206105157,21.741974,-0.09415817,0.24967575,1014.46344,22.407532,-0.35,0.2874136,0.030517578,0.009536743,0.37294936,0.26684028
2021-07-25,PLAYAS,Antioquia,114.91,487332000.0,356420000.0,136.72970091465126,19.77243,-0.35988617,0.08971405,1015.7463,22.278046,-0.35,0.54335594,0.07432699,0.05364418,0.4846044,0.37089983
2021-07-26,PLAYAS,Antioquia,111.08,340694000.0,356420000.0,95.58778968632512,20.630585,0.21075058,-0.09356308,1015.41235,22.324402,-0.35,0.032544136,0.020980835,0.0006556511,0.44847772,0.23058589
2021-07-27,PLAYAS,Antioquia,116.19,567842000.0,356420000.0,159.3182200774367,20.673676,-0.42126465,0.14929199,1015.8864,22.268433,-0.35,0.65255165,0.105023384,0.036239624,0.45911682,0.44693625
2021-07-28,PLAYAS,Antioquia,111.16,387693000.0,356420000.0,108.77419897873295,21.68631,-0.096149445,0.6004257,1013.8798,22.253326,-0.35,0.013709068,0.02014637,0.00071525574,0.4421506,0.60807544
2021-07-29,PLAYAS,Antioquia,113.0,369706000.0,356420000.0,103.72762471241796,22.690277,-0.53897476,0.3765602,1011.83813,22.310577,-0.35,0.0,0.019073486,0.0,0.41992325,0.6574887
2021-07-30,PLAYAS,Antioquia,112.49,614597000.0,356420000.0,172.43617080971887,22.979523,-0.6115303,0.5107689,1014.1472,22.454742,-0.35,0.06484985,0.020980835,0.0022649765,0.4173,0.79677737
2021-07-31,PLAYAS,Antioquia,108.36,285193000.0,356420000.0,80.01599236855395,22.928192,-0.56803894,0.7602463,1013.5734,22.698364,-0.35,0.008106232,0.01847744,0.00035762787,0.39934978,0.94902194
2021-08-01,PLAYAS,Antioquia,118.97,265818000.0,369150000.0,72.00812677773263,23.160492,-0.24988556,1.035244,1012.97076,22.664337,-0.45,0.00011920929,0.01758337,0.0,0.38316882,1.0649755
2021-08-02,PLAYAS,Antioquia,114.97,451507000.0,369150000.0,122.30990112420426,22.666595,-0.4532547,0.76940536,1014.8155,22.584808,-0.45,0.0,0.017285347,0.0,0.36879465,0.89298624
2021-08-03,PLAYAS,Antioquia,109.35,255400000.0,369150000.0,69.18596776378166,22.451508,-0.35157013,0.72052765,1015.14154,22.42685,-0.45,0.00047683716,0.016748905,0.0,0.35791695,0.8017242
2021-08-04,PLAYAS,Antioquia,100.91,371357000.0,369150000.0,100.5978599485304,22.841095,-0.3383484,0.8604889,1015.6392,22.374603,-0.45,0.002503395,0.016272068,0.00011920929,0.35435292,0.92461926
2021-08-05,PLAYAS,Antioquia,100.93,230112000.0,369150000.0,62.33563592035758,23.029755,-0.19609451,1.0583191,1014.7236,22.034576,-0.45,0.0,0.01579523,0.0,0.34027347,1.0763329
2021-08-06,PLAYAS,Antioquia,100.46,241090000.0,369150000.0,65.30949478531763,23.880768,-0.56355286,0.6573448,1014.3056,21.898987,-0.45,0.0,0.015437603,0.0,0.32737476,0.8658487
2021-08-07,PLAYAS,Antioquia,106.88,258350000.0,369150000.0,69.98510090749018,22.603363,0.063266754,0.16382217,1014.90063,21.589935,-0.45,0.039458275,0.016212463,0.0013113022,0.3224044,0.17561431
2021-08-08,PLAYAS,Antioquia,104.73,300452000.0,369150000.0,81.39022077746174,21.279938,-0.42694855,-0.113910675,1015.6044,21.367218,-0.45,0.6825924,0.047504902,0.03296137,0.41986173,0.44188315
2021-08-09,PLAYAS,Antioquia,106.25,273079000.0,369150000.0,73.97507788161994,22.965729,-0.5387039,0.12112808,1013.8597,21.287537,-0.45,0.034689903,0.015199184,0.000834465,0.42901945,0.5521539
2021-08-10,PLAYAS,Antioquia,100.07999999999998,380363000.0,369150000.0,103.03751862386564,22.89206,-0.055667877,0.35630798,1013.9392,21.260437,-0.45,0.46432018,0.094890594,0.0808239,0.42423344,0.36063042
2021-08-11,PLAYAS,Antioquia,101.4,370365000.0,369150000.0,100.32913449817148,22.258026,-0.42029572,0.2935524,1014.65466,21.15445,-0.45,0.37670135,0.024318695,0.0104904175,0.4217558,0.5126612
2021-08-12,PLAYAS,Antioquia,104.94,432936000.0,369150000.0,117.27915481511582,21.786163,0.10569,0.025466919,1015.2272,21.02353,-0.45,0.14936924,0.017881393,0.004529953,0.41799775,0.10871495
2021-08-13,PLAYAS,Antioquia,110.39,478152000.0,369150000.0,129.52783421373425,21.844696,0.09050751,0.052574158,1015.40424,21.224915,-0.45,0.20098686,0.03385544,0.020742416,0.41240448,0.10466924
2021-08-14,PLAYAS,Antioquia,122.95,664178000.0,369150000.0,179.9208993634024,20.381134,-0.1693573,0.34392166,1016.1875,21.467255,-0.45,0.30708313,0.025510788,0.0121593475,0.42696878,0.38335884
2021-08-15,PLAYAS,Antioquia,121.8,617418000.0,369150000.0,167.25396180414464,21.414886,0.014957428,0.19149399,1014.5467,21.4646,-0.45,0.09536743,0.020444393,0.0069737434,0.4436646,0.19207726
2021-08-16,PLAYAS,Antioquia,119.77,461092000.0,369150000.0,124.90640660977922,20.953217,-0.051311493,0.02097702,1013.7017,21.50647,-0.45,0.24032593,0.022888184,0.009000301,0.4356401,0.055433787
2021-08-17,PLAYAS,Antioquia,120.14,700237000.0,369150000.0,189.68901530543135,20.094757,0.01934433,0.2398529,1014.7631,21.630219,-0.45,1.1729002,0.32901764,0.1847148,0.4884748,0.2406317
2021-08-18,PLAYAS,Antioquia,120.14,462577000.0,369150000.0,125.30868210754436,21.283234,-0.25782776,-0.10500717,1014.91516,21.789154,-0.45,0.0320673,0.03862381,0.0010728836,0.4518325,0.2783912
2021-08-19,PLAYAS,Antioquia,121.5,478302000.0,369150000.0,129.5684681023974,20.80362,-0.1356163,-0.10643387,1014.46533,21.763489,-0.45,0.34165382,0.05364418,0.0123381615,0.4476594,0.17239475
2021-08-20,PLAYAS,Antioquia,121.79,482498000.0,369150000.0,130.7051334146011,19.429169,-0.21809006,-0.1954956,1013.1725,21.789398,-0.45,0.8749962,0.14770031,0.073730946,0.4828477,0.2928853
2021-08-21,PLAYAS,Antioquia,115.29,332491000.0,369150000.0,90.06934850331844,21.622528,0.16539383,0.04977417,1011.9114,21.65982,-0.45,0.0042915344,0.062406063,0.0004172325,0.45756102,0.17272112
2021-08-22,PLAYAS,Antioquia,114.54,302227000.0,369150000.0,81.87105512664229,21.633575,0.123420715,-0.004951477,1011.9475,21.67334,-0.45,0.24926662,0.09047985,0.019311905,0.44845873,0.12352
2021-08-23,PLAYAS,Antioquia,122.19,658232000.0,369150000.0,178.31017201679532,21.733734,0.24412537,-0.1223526,1010.8322,21.416656,-0.45,0.2501011,0.07075071,0.005722046,0.4409462,0.27307025
2021-08-24,PLAYAS,Antioquia,115.75,504713000.0,369150000.0,136.7230123256129,21.47165,0.2304039,-0.06629944,1010.945,21.02652,-0.45,0.1308918,0.07581711,0.0061392784,0.44549882,0.23975314
2021-08-25,PLAYAS,Antioquia,120.17,582891000.0,369150000.0,157.90085331166193,21.485443,-0.20417786,0.12951255,1011.96844,20.767242,-0.45,0.4016161,0.13792515,0.020980835,0.45529497,0.24178937
2021-08-26,PLAYAS,Antioquia,117.51,506751000.0,369150000.0,137.2750914262495,20.852203,0.13990784,-0.078704834,1013.2566,20.5195,-0.45,0.1553297,0.13530254,0.0078082085,0.47435027,0.16052617
2021-08-27,PLAYAS,Antioquia,116.7,340763000.0,369150000.0,92.31017201679536,21.035004,-0.34942245,-0.1224823,1013.4908,20.518097,-0.45,0.33962727,0.13160706,0.012934208,0.46271068,0.37026742
2021-08-28,PLAYAS,Antioquia,113.65,394118000.0,369150000.0,106.76364621427604,20.98587,0.10246277,0.07705307,1013.98065,20.4458,-0.45,0.05209446,0.11640787,0.0025629997,0.44968882,0.12820217
2021-08-29,PLAYAS,Antioquia,117.88,320942000.0,369150000.0,86.94080996884736,22.459564,-0.021640778,0.16384506,1012.95294,20.725067,-0.45,0.007867813,0.108242035,0.00029802322,0.43603992,0.16526805
2021-08-30,PLAYAS,Antioquia,121.64,649707000.0,369150000.0,176.00081267777327,21.47995,0.020030975,0.24390793,1013.1873,21.018036,-0.45,0.26106834,0.20849705,0.026226044,0.4410558,0.24472907
2021-08-31,PLAYAS,Antioquia,115.47,616685000.0,369150000.0,167.0553975348774,19.634308,0.06656265,-0.3222046,1014.6792,21.122284,-0.45,1.2607574,2.2656918,0.29075146,0.48185384,0.32900816
2021-09-01,PLAYAS,Antioquia,114.92,500583000.0,441860000.0,113.28995609469064,21.210663,-0.124385834,0.18906021,1014.9267,21.538055,-0.63,0.020861626,0.21976233,0.0005364418,0.4559518,0.22630863
2021-09-02,PLAYAS,Antioquia,112.32,393976000.0,441860000.0,89.1630833295614,22.737823,-0.36259842,0.022663116,1014.28174,21.939056,-0.63,0.008583069,0.1296997,5.9604645e-05,0.4344772,0.36330596
2021-09-03,PLAYAS,Antioquia,108.66,335694000.0,441860000.0,75.97293260308695,22.232758,0.14350128,0.038517,1013.22516,22.349243,-0.63,0.011444092,0.09828806,0.00029802322,0.42947394,0.14858055
2021-09-04,PLAYAS,Antioquia,115.15,432483000.0,441860000.0,97.87783460824696,21.71054,0.055568695,-0.23155975,1012.4241,22.36853,-0.63,0.11539459,0.08237362,0.002503395,0.45147812,0.238134
2021-09-05,PLAYAS,Antioquia,116.64,755376000.0,441860000.0,170.95369574073237,20.597626,-0.08224106,-0.09723663,1013.753,22.482147,-0.63,0.5034208,0.12648106,0.057667494,0.4552706,0.12735209
2021-09-06,PLAYAS,Antioquia,110.27,540949000.0,441860000.0,122.42542886887249,21.16397,0.051410675,0.023628235,1013.7495,22.557129,-0.63,0.042557716,0.063061714,0.0017285347,0.45232883,0.056580484
2021-09-07,PLAYAS,Antioquia,105.05,562269000.0,441860000.0,127.25048657945956,20.62857,-0.07911301,-0.09222412,1014.2739,22.376465,-0.63,0.641942,0.1077652,0.051796436,0.47346452,0.121507846
2021-09-08,PLAYAS,Antioquia,101.07,594909000.0,441860000.0,134.63744172362286,21.437775,0.23050308,-0.24036789,1014.1125,22.123138,-0.63,0.07748604,0.053584576,0.0023245811,0.48261017,0.33302912
2021-09-09,PLAYAS,Antioquia,101.36,394788000.0,441860000.0,89.34685194405468,21.5737,-0.41815186,-0.348938,1013.53284,21.838196,-0.63,0.046372414,0.04929304,0.0015199184,0.46270788,0.54461795
2021-09-10,PLAYAS,Antioquia,101.39,429458000.0,441860000.0,97.1932286244512,22.335968,0.18638992,0.12184906,1012.6105,21.560059,-0.63,0.011086464,0.044941902,0.00035762787,0.45219862,0.22268452
2021-09-11,PLAYAS,Antioquia,100.32,481799000.0,441860000.0,109.03883583035348,21.170807,0.000869751,-0.2105217,1014.1892,21.431854,-0.63,0.26714802,0.051140785,0.00923872,0.45227507,0.21052349
2021-09-12,PLAYAS,Antioquia,104.67,429957000.0,441860000.0,97.30616032227402,20.961151,0.29367447,0.2334671,1015.642,21.385712,-0.63,0.14853477,0.044345856,0.0044107437,0.45101044,0.37516874
2021-09-13,PLAYAS,Antioquia,101.15,360816000.0,441860000.0,81.65844385099352,21.531036,-0.10418701,0.04768753,1015.6358,21.436005,-0.63,0.044822693,0.040113926,0.0017881393,0.44461644,0.114581995
2021-09-14,PLAYAS,Antioquia,101.56,438821000.0,441860000.0,99.3122255918164,21.19278,-0.26905823,0.046920776,1014.9241,21.524384,-0.63,0.1500845,0.039994717,0.0032186508,0.4405846,0.27311882
2021-09-15,PLAYAS,Antioquia,106.78,544510000.0,441860000.0,123.23134024351606,21.088104,-0.006790161,0.27846146,1014.3052,21.60672,-0.63,0.22351742,0.04297495,0.0074505806,0.43524104,0.27854422
2021-09-16,PLAYAS,Antioquia,106.97,344553000.0,441860000.0,77.97786629249084,21.682465,0.014286041,0.41951752,1014.90546,21.598206,-0.63,0.6773472,0.29170513,0.07724762,0.4334731,0.41976067
2021-09-17,PLAYAS,Antioquia,106.88,311073000.0,441860000.0,70.40080568505861,22.394012,-0.30295944,0.44493484,1013.8234,22.044098,-0.63,0.0,0.034689903,0.0,0.42084494,0.5382857
2021-09-18,PLAYAS,Antioquia,107.8,301719000.0,441860000.0,68.2838455619427,23.029327,-0.12654114,0.052703857,1012.40924,22.243652,-0.63,0.00023841858,0.03451109,0.0,0.40470824,0.13707793
2021-09-19,PLAYAS,Antioquia,105.57,386047000.0,441860000.0,87.36862354591952,21.47586,-0.2865715,-0.026172638,1012.8728,22.476074,-0.63,0.45108795,0.04440546,0.01013279,0.4099732,0.2877642
2021-09-20,PLAYAS,Antioquia,104.37,316193000.0,441860000.0,71.55954374688815,21.054718,-0.5070534,-0.26382446,1012.40186,22.050629,-0.63,0.045657158,0.035881996,0.0021457672,0.40499234,0.57158244
2021-09-21,PLAYAS,Antioquia,111.03,663906000.0,441860000.0,150.2525686869144,21.499847,0.2516899,0.17449951,1012.9316,21.826996,-0.63,0.2105236,0.04684925,0.013589859,0.4038112,0.30626443
2021-09-22,PLAYAS,Antioquia,113.65,680623000.0,441860000.0,154.0358937219934,20.578094,0.23717499,-0.072963715,1013.0411,21.632904,-0.63,0.28765202,0.04309416,0.009655952,0.39236635,0.24814448
2021-09-23,PLAYAS,Antioquia,112.45,1118481000.0,441860000.0,253.13017697913364,20.662018,0.01650238,0.3607483,1013.34015,21.312073,-0.63,0.45132637,0.16480684,0.038981438,0.46051633,0.36112556
2021-09-24,PLAYAS,Antioquia,106.28,562770000.0,441860000.0,127.3638709093378,21.688507,-0.4298439,0.26080322,1013.97296,21.279572,-0.63,0.06723404,0.046014786,0.002503395,0.4592045,0.5027764
2021-09-25,PLAYAS,Antioquia,108.1,389674000.0,441860000.0,88.18947177839135,23.64444,-0.27693176,1.2273102,1013.03076,21.140106,-0.63,0.22256374,0.054359436,0.00923872,0.44246763,1.258166
2021-09-26,PLAYAS,Antioquia,107.38,337621000.0,441860000.0,76.40904358846694,22.477753,-0.4379654,0.3036995,1013.46826,21.181885,-0.63,0.00023841858,0.044226646,0.0,0.41892904,0.53296065
2021-09-27,PLAYAS,Antioquia,109.73,328417000.0,441860000.0,74.32603086950618,22.685211,-0.0006790161,0.105350494,1013.6941,21.115814,-0.63,0.07510185,0.04416704,0.0010728836,0.41076392,0.105352685
2021-09-28,PLAYAS,Antioquia,102.64,337478000.0,441860000.0,76.37668039650568,21.711578,-0.03226471,-0.08958435,1013.15314,21.098358,-0.63,0.2450943,0.058412552,0.016331673,0.40212286,0.095217474
2021-09-29,PLAYAS,Antioquia,109.18,434986000.0,441860000.0,98.44430362558276,21.2388,0.13280869,-0.20805359,1013.8592,21.15689,-0.63,0.10788441,0.043034554,0.0022053719,0.40072602,0.24682878
2021-09-30,PLAYAS,Antioquia,111.35,529170000.0,441860000.0,119.75965237858146,19.271942,-0.51436615,0.27378464,1014.4825,21.215546,-0.63,0.56660175,0.07414818,0.0346303,0.45503974,0.5826925
2021-10-01,PLAYAS,Antioquia,110.53,450393000.0,498340000.0,90.37865714171048,21.220306,-0.16685486,-0.1949501,1013.1464,21.485443,-0.76,0.0051259995,0.03874302,0.00011920929,0.4495825,0.2566049
2021-10-02,PLAYAS,Antioquia,110.72,715847000.0,498340000.0,143.64630573504033,21.658295,0.09953308,-0.024921417,1012.10266,21.489136,-0.76,0.024080276,0.03784895,0.0005364418,0.43231878,0.10260561
2021-10-03,PLAYAS,Antioquia,112.7,557691000.0,498340000.0,111.90974033792187,21.886932,0.040721893,-0.22349548,1010.2653,21.681946,-0.76,0.004887581,0.03629923,0.00011920929,0.43571234,0.22717504
2021-10-04,PLAYAS,Antioquia,106.91,425878000.0,498340000.0,85.45932495886342,22.0383,0.06785965,0.24837494,1010.6325,21.3721,-0.76,0.17666817,0.10561943,0.005811453,0.43393993,0.25747824
2021-10-05,PLAYAS,Antioquia,107.69,489162000.0,498340000.0,98.15828550788618,22.44516,-0.022205353,0.14068222,1011.11206,20.697144,-0.76,0.09846687,0.036597252,0.0022649765,0.45148784,0.1424239
2021-10-06,PLAYAS,Antioquia,104.29,461525000.0,498340000.0,92.61247341172694,21.595001,-0.0499115,0.3435402,1011.8767,20.396698,-0.76,0.17249584,0.03916025,0.0054836273,0.46607652,0.347147
2021-10-07,PLAYAS,Antioquia,103.71,567647000.0,498340000.0,113.90757314283422,21.696075,-0.17371368,0.10074997,1011.40485,20.076874,-0.76,0.01513958,0.033557415,0.0004172325,0.44619986,0.20081584
2021-10-08,PLAYAS,Antioquia,109.73,382755000.0,498340000.0,76.80599590640928,21.542511,0.026901245,-0.059108734,1011.97876,19.71637,-0.76,0.111460686,0.03671646,0.0039339066,0.44104737,0.064942434
2021-10-09,PLAYAS,Antioquia,111.61,389182000.0,498340000.0,78.09567764979732,21.566315,0.07949066,-0.09755707,1012.8652,19.530304,-0.76,0.20968914,0.041604042,0.0078082085,0.45788392,0.12584175
2021-10-10,PLAYAS,Antioquia,112.64,463623000.0,498340000.0,93.03347112413212,21.484528,-0.20790863,-0.17609024,1013.04517,19.303375,-0.76,0.14734268,0.047445297,0.0074505806,0.45957467,0.27245876
2021-10-11,PLAYAS,Antioquia,106.59,400923000.0,498340000.0,80.45169964281415,20.494598,0.076057434,0.0041389465,1014.0678,19.273102,-0.76,0.19419193,0.08696318,0.019729137,0.4756658,0.07616997
2021-10-12,PLAYAS,Antioquia,102.33,313475000.0,498340000.0,62.9038407512943,22.34842,-0.67300797,-0.034866333,1012.9334,19.34085,-0.76,0.039577484,0.10198355,0.002861023,0.45317295,0.6739105
2021-10-13,PLAYAS,Antioquia,107.57,420409000.0,498340000.0,84.36188144640205,21.734161,-0.12927628,0.38111115,1012.9984,19.661346,-0.76,0.043272972,0.100016594,0.0013709068,0.44273224,0.40244013
2021-10-14,PLAYAS,Antioquia,104.86,507327000.0,498340000.0,101.8033872456556,22.235382,-0.04096985,0.034381866,1012.0853,19.952728,-0.76,0.038146973,0.094890594,0.0013411045,0.44008148,0.05348496
2021-10-15,PLAYAS,Antioquia,106.6,397393000.0,498340000.0,79.74334791507806,22.54953,0.018493652,-0.27293015,1012.16455,20.189697,-0.76,0.05710125,0.09036064,0.0022649765,0.44049117,0.273556
2021-10-16,PLAYAS,Antioquia,110.83,555696000.0,498340000.0,111.5094112453345,20.665741,-0.20640182,-0.17248535,1014.0555,20.226776,-0.76,0.32401085,0.09846687,0.014543533,0.4435435,0.26898497
2021-10-17,PLAYAS,Antioquia,107.12,536027000.0,498340000.0,107.56250752498296,20.680817,-0.12977219,0.112342834,1015.5095,20.373352,-0.76,0.06723404,0.08279085,0.0022649765,0.45223165,0.17164421
2021-10-18,PLAYAS,Antioquia,106.05,367146000.0,498340000.0,73.67379700606011,21.485504,-0.5906639,-0.19384003,1014.0795,20.420807,-0.76,0.1026392,0.08100271,0.0032782555,0.45412993,0.6216573
2021-10-19,PLAYAS,Antioquia,106.75,560909000.0,498340000.0,112.55548420756914,21.401764,-0.14612961,-0.094127655,1014.0167,20.75528,-0.76,0.26667118,0.08612871,0.0113248825,0.4460794,0.17382139
2021-10-20,PLAYAS,Antioquia,110.07,546643000.0,498340000.0,109.6927800296986,21.236786,-0.35225677,0.16251373,1015.0087,20.981293,-0.76,0.10061264,0.07522106,0.0027418137,0.43872535,0.38793758
2021-10-21,PLAYAS,Antioquia,112.94,413602000.0,498340000.0,82.99594654252117,20.700165,-0.60931015,-0.10028076,1014.6339,21.397705,-0.76,0.2617836,0.08392334,0.0131726265,0.44365066,0.61750716
2021-10-22,PLAYAS,Antioquia,109.81,490418000.0,498340000.0,98.4103222699362,21.244232,-0.30493546,-0.018489838,1014.15924,21.635956,-0.76,0.25701523,0.08249283,0.0123381615,0.44345966,0.3054955
2021-10-23,PLAYAS,Antioquia,112.52,403364900.0,498340000.0,80.94170646546534,21.255096,-0.42137146,-0.23856735,1013.4939,21.834137,-0.76,0.1026392,0.076413155,0.0032782555,0.44061264,0.48421925
2021-10-24,PLAYAS,Antioquia,112.92,371209000.0,498340000.0,74.489103824698,20.771393,0.011600494,0.018051147,1014.5775,22.111664,-0.76,0.119924545,0.08291006,0.0067949295,0.4441192,0.021457292
2021-10-25,PLAYAS,Antioquia,112.0,365183000.0,498340000.0,73.27988923225107,20.492706,-0.20179367,-0.26118088,1014.7136,22.266693,-0.76,0.19538403,0.093221664,0.010550022,0.4398552,0.33005476
2021-10-26,PLAYAS,Antioquia,109.41,554174000.0,498340000.0,111.20399727093952,21.083344,-0.15115738,-0.0076026917,1013.742,22.423615,-0.76,0.67973137,0.25004148,0.10818243,0.44114202,0.15134846
2021-10-27,PLAYAS,Antioquia,107.39,742316000.0,498340000.0,148.95773969579002,20.346466,-0.3432274,-0.25392532,1013.89343,22.397125,-0.76,0.24878979,0.5745292,0.011861324,0.44485965,0.42694625
2021-10-28,PLAYAS,Antioquia,106.66,507642000.0,498340000.0,101.86659710237991,22.294037,0.020248413,0.09805298,1013.65015,22.472168,-0.76,0.011563301,0.20736456,0.0005364418,0.4367969,0.10012185
2021-10-29,PLAYAS,Antioquia,109.38,502294000.0,498340000.0,100.79343420154912,20.346344,0.25525665,-0.25006104,1014.40076,22.45523,-0.76,0.828743,0.22870302,0.06681681,0.47260818,0.35733244
2021-10-30,PLAYAS,Antioquia,115.89,483990000.0,498340000.0,97.12043986033632,20.12088,-0.15803146,-0.57590103,1013.7972,22.158447,-0.76,0.44739246,0.18185377,0.04220009,0.47581574,0.59719
2021-10-31,PLAYAS,Antioquia,117.88,633870000.0,498340000.0,127.19629168840552,20.603546,-0.043254852,-0.14613342,1015.003,21.951721,-0.76,0.24926662,0.15056133,0.027775764,0.48939326,0.15240066
2021-11-01,PLAYAS,Antioquia,113.74,494705000.0,479230000.0,103.22913840953196,21.007294,-0.0055160522,0.081920624,1015.1,22.015564,-0.91,0.20515919,0.13566017,0.025570393,0.49473333,0.08210612
2021-11-02,PLAYAS,Antioquia,112.25,454191000.0,479230000.0,94.77516015274504,21.191864,0.0987854,-0.15643692,1014.22,22.226624,-0.91,0.60915947,0.1949668,0.094771385,0.49219808,0.1850164
2021-11-03,PLAYAS,Antioquia,111.66,552288000.0,479230000.0,115.24487198213802,20.685577,-0.3793335,-0.3368721,1013.90924,22.051483,-0.91,0.98752975,0.2360344,0.14019012,0.50304836,0.5073231
2021-11-04,PLAYAS,Antioquia,114.63,793171000.0,479230000.0,165.50946309705154,20.504852,-0.5287552,-0.19031143,1013.8808,22.04535,-0.91,0.33199787,0.14197826,0.048935413,0.49824437,0.5619613
2021-11-05,PLAYAS,Antioquia,112.3,435842000.0,479230000.0,90.94630970515202,20.914764,-0.22845078,-0.21012497,1013.41406,22.067291,-0.91,0.18513203,0.12439489,0.021994114,0.49193656,0.3103905
2021-11-06,PLAYAS,Antioquia,114.43,387493000.0,479230000.0,80.85741710660852,21.827545,-0.26574326,-0.016300201,1013.305,22.12857,-0.91,0.09334087,0.11050701,0.006377697,0.48465148,0.26624268
2021-11-07,PLAYAS,Antioquia,122.56,567738000.0,479230000.0,118.4687936898775,21.909943,-0.08854294,-0.23677826,1013.10406,21.96045,-0.91,0.073075294,0.101685524,0.00166893,0.47110078,0.252792
2021-11-08,PLAYAS,Antioquia,112.45,488132000.0,479230000.0,101.85756317425871,20.495026,-0.03942108,-0.38938904,1014.3931,21.6315,-0.91,0.2270937,0.1129508,0.016868114,0.48425525,0.39137942
2021-11-09,PLAYAS,Antioquia,114.44,497438000.0,479230000.0,103.79942824948354,20.308624,-0.35453415,-0.077625275,1014.0831,21.58374,-0.91,0.20837784,0.1013875,0.0074207783,0.48375773,0.3629327
2021-11-10,PLAYAS,Antioquia,112.09,500656000.0,479230000.0,104.47092210420882,20.831085,-0.030590057,-0.34436035,1013.1972,21.251953,-0.91,0.101566315,0.09524822,0.0030398369,0.47310266,0.34571636
2021-11-11,PLAYAS,Antioquia,110.41,407321000.0,479230000.0,84.99488763224339,21.64029,-0.4897232,-0.3565178,1013.1147,20.986359,-0.91,0.013947487,0.089764595,0.00023841858,0.45978948,0.60575056
2021-11-12,PLAYAS,Antioquia,111.38,363826000.0,479230000.0,75.91886985372368,21.346039,-0.61802673,-0.11223221,1012.7447,20.669067,-0.91,0.035881996,0.08672476,0.0008940697,0.4451194,0.62813467
2021-11-13,PLAYAS,Antioquia,108.25,460509000.0,479230000.0,96.0935250297352,21.773224,-0.13148499,-0.04194641,1012.6933,20.375458,-0.91,0.081539154,0.084757805,0.0026226044,0.43935084,0.13801378
2021-11-14,PLAYAS,Antioquia,104.67,420934000.0,479230000.0,87.83548609227302,21.61856,0.23695755,-0.16210938,1012.46045,20.12918,-0.91,0.1437664,0.08392334,0.005632639,0.4555862,0.28710335
2021-11-15,PLAYAS,Antioquia,109.12,379535000.0,479230000.0,79.19683659203305,20.24649,-0.26913834,-0.23994827,1012.6453,20.008392,-0.91,0.1912117,0.083208084,0.008225441,0.4580269,0.36056986
2021-11-16,PLAYAS,Antioquia,107.54,336288000.0,479230000.0,70.17256849529453,21.562836,-0.29984283,-0.2601242,1011.9347,19.96637,-0.91,0.039696693,0.07522106,0.0022053719,0.46978137,0.3969513
2021-11-17,PLAYAS,Antioquia,107.45,310854000.0,479230000.0,64.86530475971871,21.960419,-0.45310974,-0.7150841,1012.14905,20.043457,-0.91,0.02515316,0.07236004,0.0017881393,0.45999822,0.846554
2021-11-18,PLAYAS,Antioquia,107.86,296134000.0,479230000.0,61.79371074431901,21.199982,-0.42718506,-0.49129486,1012.6266,20.099823,-0.91,0.016331673,0.06812811,0.0004172325,0.44366747,0.65104353
2021-11-19,PLAYAS,Antioquia,106.16,301602000.0,479230000.0,62.93470776036558,20.029877,-0.380764,0.008308411,1012.60236,20.174988,-0.91,0.082969666,0.06836653,0.00333786,0.4380585,0.38085467
2021-11-20,PLAYAS,Antioquia,108.33,364147000.0,479230000.0,75.98585230473886,20.409576,0.20269775,-0.1462822,1012.7442,20.209167,-0.91,0.03194809,0.066161156,0.0035762787,0.46039584,0.24996972
2021-11-21,PLAYAS,Antioquia,106.91,413241000.0,479230000.0,86.23020261669761,20.908417,0.10550308,-0.045970917,1013.04565,20.528473,-0.91,0.0770092,0.06353855,0.003516674,0.46857128,0.11508356
2021-11-22,PLAYAS,Antioquia,108.14,367313000.0,479230000.0,76.64649541973583,20.039581,0.198452,-0.1972351,1012.90594,20.794922,-0.91,0.4862547,0.16129017,0.10371208,0.47492507,0.27979437
2021-11-23,PLAYAS,Antioquia,103.15,421465000.0,479230000.0,87.94628883834484,20.407562,-0.3062477,0.01833725,1013.6184,21.161987,-0.91,0.5643368,0.24497509,0.11330843,0.4951436,0.30679622
2021-11-24,PLAYAS,Antioquia,106.86,623912000.0,479230000.0,130.1905139494606,19.948029,-0.3720398,-0.058826447,1014.80237,21.5289,-0.91,0.598073,0.28580427,0.15634298,0.4872047,0.37666187
2021-11-25,PLAYAS,Antioquia,102.66,652627000.0,479230000.0,136.1824176282787,20.921234,-0.34936523,-0.13850784,1013.7452,21.782623,-0.91,0.064730644,0.06997585,0.0029206276,0.4798692,0.37581977
2021-11-26,PLAYAS,Antioquia,103.54,735713000.0,479230000.0,153.51981303340776,20.449615,-0.5760498,-0.1838913,1013.84,21.78659,-0.91,0.65279007,0.26792288,0.088870525,0.49640024,0.6046895
2021-11-27,PLAYAS,Antioquia,106.11,632537000.0,479230000.0,131.99027606785884,21.447662,-0.6135292,0.095588684,1013.5789,21.802795,-0.91,0.062942505,0.10609627,0.005543232,0.4822942,0.62093097
2021-11-28,PLAYAS,Antioquia,104.84,529889000.0,479230000.0,110.57091584416668,21.898102,-0.23267746,-0.16922379,1012.3894,21.788239,-0.91,0.02503395,0.098109245,0.00047683716,0.46615168,0.2877073
2021-11-29,PLAYAS,Antioquia,108.08,383568000.0,479230000.0,80.03839492519249,21.507233,-0.12578583,-0.043216705,1011.3697,21.83902,-0.91,0.0756979,0.09536743,0.0022053719,0.46307865,0.13300285
2021-11-30,PLAYAS,Antioquia,110.37,442949000.0,479230000.0,92.4293136907122,21.070953,-0.15806198,-0.1043663,1012.78485,21.729065,-0.91,0.14173985,0.092327595,0.0044107437,0.4655087,0.18940939
2021-12-01,PLAYAS,Antioquia,110.26,624721000.0,359770000.0,173.64455068515997,20.604828,-0.2648735,0.07474136,1014.2942,21.602509,-0.87,0.17476082,0.09328127,0.0104904175,0.46814167,0.27521673
2021-12-02,PLAYAS,Antioquia,102.93,407100000.0,359770000.0,113.15562720627068,21.288422,-0.14931107,-0.19536209,1013.08044,21.765808,-0.87,0.025749207,0.07867813,0.00047683716,0.45864886,0.24588645
2021-12-03,PLAYAS,Antioquia,103.57,442010000.0,359770000.0,122.85904883675684,21.952362,-0.06430435,-0.13069916,1011.3653,21.882843,-0.87,0.03886223,0.073850155,0.0007748604,0.44860083,0.14566167
2021-12-04,PLAYAS,Antioquia,103.64,529083000.0,359770000.0,147.0614559301776,21.549896,0.20109558,0.013637543,1011.99,21.87796,-0.87,0.114798546,0.072181225,0.0032782555,0.44772026,0.20155747
2021-12-05,PLAYAS,Antioquia,101.6,448037000.0,359770000.0,124.53428579370154,22.253632,-0.14445877,-0.19037247,1012.51764,21.893585,-0.87,0.03540516,0.06592274,0.00071525574,0.4410136,0.23897702
2021-12-06,PLAYAS,Antioquia,97.52,403538000.0,359770000.0,112.16555021263584,21.951202,-0.123752594,-0.1451149,1013.1164,21.760406,-0.87,0.10573864,0.06568432,0.003784895,0.4419753,0.19071716
2021-12-07,PLAYAS,Antioquia,100.27,308650000.0,359770000.0,85.79092197793034,22.59201,-0.3368988,0.16758347,1012.16437,21.83255,-0.87,0.056505203,0.059723854,0.0010728836,0.44554153,0.37627786
2021-12-08,PLAYAS,Antioquia,99.44,293877000.0,359770000.0,81.68468743919726,22.059784,-0.11462402,-0.17241287,1012.3791,21.958038,-0.87,0.055789948,0.056624413,0.00086426735,0.4326687,0.20703833
2021-12-09,PLAYAS,Antioquia,101.04,300511000.0,359770000.0,83.52864329988604,22.415741,0.053173065,-0.022396088,1012.3569,21.86502,-0.87,0.11789799,0.0564456,0.0034570694,0.43186995,0.057697136
2021-12-10,PLAYAS,Antioquia,100.07999999999998,294769000.0,359770000.0,81.93262362064652,22.095306,-0.2653923,-0.027862549,1011.0878,21.873718,-0.87,0.06520748,0.05143881,0.0013113022,0.42799643,0.2668509
2021-12-11,PLAYAS,Antioquia,98.23,278232000.0,359770000.0,77.3360758262223,21.921783,-0.06441116,-0.23659897,1011.42346,21.976562,-0.87,0.103235245,0.051259995,0.003516674,0.42499983,0.24520984
2021-12-12,PLAYAS,Antioquia,95.17,295064000.0,359770000.0,82.01462045195541,21.210602,-0.4245262,-0.84046173,1013.14966,21.790497,-0.87,0.20599365,0.07069111,0.025331974,0.43864083,0.9415935
2021-12-13,PLAYAS,Antioquia,91.2,264133000.0,359770000.0,73.41718320037802,20.285797,-0.31793976,-0.340477,1013.442,21.748993,-0.87,0.031352043,0.04351139,0.0004172325,0.43187168,0.46584362
2021-12-14,PLAYAS,Antioquia,88.61,253557000.0,359770000.0,70.47752730911415,21.316254,-0.36974716,-0.19954681,1013.33453,21.704071,-0.87,0.06568432,0.04196167,0.00071525574,0.41722482,0.420157
2021-12-15,PLAYAS,Antioquia,87.27000000000001,272059000.0,359770000.0,75.62025738666371,22.083893,-0.17091751,-0.2908821,1012.5467,21.633667,-0.87,0.22792816,0.04351139,0.0046491623,0.42125365,0.3373799
2021-12-16,PLAYAS,Antioquia,86.25,268687000.0,359770000.0,74.682991911499,22.039703,-0.05065918,-0.1807785,1011.22235,21.701904,-0.87,0.16725063,0.040590763,0.00333786,0.41882077,0.18774243
2021-12-17,PLAYAS,Antioquia,84.64,313238000.0,359770000.0,87.0661811713039,21.983734,-0.08872223,0.06296539,1011.6394,21.749084,-0.87,0.07426739,0.037431717,0.001847744,0.41048777,0.108794644
2021-12-18,PLAYAS,Antioquia,82.99,312771000.0,359770000.0,86.9363760180115,21.176117,0.33873367,-0.06716156,1012.7722,21.944977,-0.87,0.1488924,0.042319298,0.007867813,0.41630635,0.34532765
2021-12-19,PLAYAS,Antioquia,82.89999999999999,258818000.0,359770000.0,71.93985046001612,21.991486,0.0245018,-0.4396057,1012.3091,22.134277,-0.87,0.046253204,0.03492832,0.0011920929,0.43043453,0.440288
2021-12-20,PLAYAS,Antioquia,85.87,281104000.0,359770000.0,78.13436362120243,22.10379,0.014945984,0.0028686523,1012.28534,22.321472,-0.87,0.14805794,0.037431717,0.004827976,0.43322834,0.015218791
2021-12-21,PLAYAS,Antioquia,85.98,264666000.0,359770000.0,73.56533340745476,20.735504,-0.13050461,-0.28521347,1012.8078,22.28946,-0.87,0.16605854,0.043928623,0.011831522,0.42632675,0.31365296
2021-12-22,PLAYAS,Antioquia,80.47999999999999,245749000.0,359770000.0,68.30725185535204,21.3367,-0.18008804,-0.35476685,1014.46826,22.287384,-0.87,0.19717216,0.037789345,0.0064373016,0.44241947,0.3978583
2021-12-23,PLAYAS,Antioquia,73.89,262795000.0,359770000.0,73.04527892820413,20.999725,-0.1580925,-0.43034744,1014.84454,22.42691,-0.87,0.033140182,0.032007694,0.0008940697,0.4325124,0.4584672
2021-12-24,PLAYAS,Antioquia,68.05,246499000.0,359770000.0,68.51571837562888,22.081879,0.14647675,-0.17685318,1014.1206,22.555725,-0.87,0.06353855,0.03248453,0.0019073486,0.421709,0.22963554
2021-12-25,PLAYAS,Antioquia,60.74,254851000.0,359770000.0,70.83720154543181,22.39627,-0.16208649,-0.06587982,1012.9822,22.556,-0.87,0.0705719,0.032901764,0.002682209,0.4151047,0.17496337
2021-12-26,PLAYAS,Antioquia,54.44,297517000.0,359770000.0,82.69644495094089,21.767426,-0.38272095,-0.16707611,1013.5389,22.552582,-0.87,0.2859831,0.038564205,0.008821487,0.41443315,0.41759998
2021-12-27,PLAYAS,Antioquia,73.42999999999999,329855000.0,359770000.0,91.68496539455764,21.011383,0.20602417,-0.097587585,1013.6373,22.842804,-0.87,0.1142025,0.03248453,0.0030994415,0.41855377,0.22796775
2021-12-28,PLAYAS,Antioquia,76.58,303688000.0,359770000.0,84.41170747977876,21.707855,-0.0073127747,0.19808197,1013.0042,22.882904,-0.87,0.08773804,0.03325939,0.004172325,0.42001933,0.19821692
2021-12-29,PLAYAS,Antioquia,80.58,305769000.0,359770000.0,84.9901325847069,21.410248,-0.21165466,-0.0944252,1013.6622,22.678192,-0.87,0.11718273,0.032782555,0.004142523,0.41546905,0.23176241
2021-12-30,PLAYAS,Antioquia,75.85,308302000.0,359770000.0,85.69419351252189,21.472504,-0.29681396,-0.23328781,1013.84875,22.49353,-0.87,0.019192696,0.029027462,0.0005662441,0.4088916,0.3775205
2021-12-31,PLAYAS,Antioquia,83.00999999999999,253776000.0,359770000.0,70.53839953303499,22.058624,-0.25295258,-0.05077362,1012.15564,22.382294,-0.87,0.027894974,0.02926588,0.0011324883,0.39934677,0.257998
2022-01-01,PLAYAS,Antioquia,91.66,315449000.0,274290000.0,115.00565095337052,22.166107,-0.12945175,0.026073456,1012.52765,22.331207,-0.82,0.0770092,0.029206276,0.0016093254,0.393944,0.13205144
2022-01-02,PLAYAS,Antioquia,90.81,322143000.0,274290000.0,117.44613365416166,21.911224,-0.20816803,0.033294678,1013.6408,22.659973,-0.82,0.09918213,0.030815601,0.0032782555,0.39104834,0.2108138
2022-01-03,PLAYAS,Antioquia,87.87,257998000.0,274290000.0,94.060301141128,21.637665,-0.45005035,-0.052913666,1014.79126,22.838806,-0.82,0.058174133,0.029087067,0.001847744,0.38803184,0.45315027
2022-01-04,PLAYAS,Antioquia,81.31,256495000.0,274290000.0,93.51234095300596,21.23758,-0.527153,-0.36091995,1013.1805,22.849915,-0.82,0.016331673,0.027477741,0.00035762787,0.38254136,0.6388689
2022-01-05,PLAYAS,Antioquia,74.32,225956000.0,274290000.0,82.37850450253381,21.469452,-0.4331665,-0.18118286,1011.3775,22.920197,-0.82,0.004053116,0.0269413,0.0,0.37270012,0.46953216
2022-01-06,PLAYAS,Antioquia,79.36999999999999,283943000.0,274290000.0,103.51926792810528,22.055695,-0.4341507,0.34586334,1011.78217,23.21637,-0.82,0.0046491623,0.02670288,0.00011920929,0.3654725,0.555075
2022-01-07,PLAYAS,Antioquia,76.7,390902000.0,274290000.0,142.5141273834263,19.989777,-0.014595032,-0.11582947,1014.02185,23.524261,-0.82,0.15115738,0.035881996,0.009894371,0.37453657,0.11674537
2022-01-08,PLAYAS,Antioquia,81.53,273081000.0,274290000.0,99.55922563709944,20.680328,0.1341095,-0.44309616,1015.315,23.739746,-0.82,0.057935715,0.028252602,0.002503395,0.38593465,0.46294662
2022-01-09,PLAYAS,Antioquia,63.84,271835000.0,274290000.0,99.10496190163695,21.166718,0.12199783,-0.36894608,1015.21313,24.118835,-0.82,0.05674362,0.02759695,0.0022649765,0.38744774,0.38859323
2022-01-10,PLAYAS,Antioquia,77.27000000000001,296022000.0,274290000.0,107.9230012031062,20.098846,-0.080265045,-0.16702652,1014.22107,24.048248,-0.82,0.034213066,0.025987625,0.000923872,0.38540208,0.18531147
2022-01-11,PLAYAS,Antioquia,71.00999999999999,226977000.0,274290000.0,82.75073826971455,20.110199,-0.31176376,-0.4941635,1014.97174,23.878357,-0.82,0.103354454,0.03170967,0.007033348,0.3888546,0.5842895
2022-01-12,PLAYAS,Antioquia,63.96,250695000.0,274290000.0,91.39779065952096,21.354584,-0.50258636,0.13003922,1014.6231,23.712585,-0.82,0.15068054,0.029683113,0.0052452087,0.39525336,0.519137
2022-01-13,PLAYAS,Antioquia,54.06,298885000.0,274290000.0,108.96678697728682,20.375397,0.04458618,-0.12226105,1015.46844,23.598175,-0.82,0.3887415,0.051796436,0.027060509,0.43052933,0.1301372
2022-01-14,PLAYAS,Antioquia,48.36,407923000.0,274290000.0,148.71960333953115,20.248993,-0.5066681,0.10684204,1016.1181,23.494812,-0.82,0.04708767,0.026643276,0.0028014183,0.45113966,0.5178106
2022-01-15,PLAYAS,Antioquia,76.06,259254000.0,274290000.0,94.51821065295854,20.771759,-0.23021317,0.15630722,1015.1919,23.366302,-0.82,0.02169609,0.02399087,0.00062584877,0.4269625,0.27826256
2022-01-16,PLAYAS,Antioquia,77.38000000000001,232942000.0,274290000.0,84.92544387327281,21.510895,0.0048713684,-0.0011978149,1014.3666,23.262482,-0.82,0.008821487,0.023126602,0.00014901161,0.4113183,0.0050164717
2022-01-17,PLAYAS,Antioquia,58.02,248232000.0,274290000.0,90.49983594006343,21.1492,-0.02809143,-0.053340912,1014.34674,23.258087,-0.82,0.264287,0.02926588,0.006824732,0.41408712,0.06028583
2022-01-18,PLAYAS,Antioquia,79.43,231543000.0,274290000.0,84.41539975937876,20.661652,-0.13750839,-0.23439026,1014.04877,23.309174,-0.82,0.09846687,0.024825335,0.0027418137,0.41079843,0.2717487
2022-01-19,PLAYAS,Antioquia,107.96,251798000.0,274290000.0,91.79991979291992,22.036346,-0.08687973,0.19726944,1012.71954,23.496613,-0.82,0.014424324,0.022172928,0.0005364418,0.40696555,0.21555352
2022-01-20,PLAYAS,Antioquia,102.93,227125000.0,274290000.0,82.80469575996209,22.897552,-0.26905823,0.43074417,1011.2612,23.43985,-0.82,0.00071525574,0.021278858,0.0,0.39267963,0.5078709
2022-01-21,PLAYAS,Antioquia,101.54,219302000.0,274290000.0,79.95260490721499,22.463776,0.067157745,-0.14826584,1012.3486,23.471619,-0.82,0.024914742,0.021338463,0.00047683716,0.37898064,0.16276646
2022-01-22,PLAYAS,Antioquia,98.71,228693000.0,274290000.0,83.37635349447665,21.815765,0.07710266,-0.093250275,1012.96375,23.561615,-0.82,0.051379204,0.0218153,0.0017285347,0.3794418,0.12099766
2022-01-23,PLAYAS,Antioquia,96.65,222964000.0,274290000.0,81.287688213205,22.176361,-0.2984619,-0.006465912,1011.84656,23.740082,-0.82,0.12814999,0.02169609,0.0020861626,0.37862366,0.29853195
2022-01-24,PLAYAS,Antioquia,91.68,207132000.0,274290000.0,75.51569506726457,21.70401,-0.19829178,-0.12608719,1011.26794,23.861298,-0.82,0.18250942,0.025510788,0.0061392784,0.3800978,0.23498428
2022-01-25,PLAYAS,Antioquia,89.58,260787000.0,274290000.0,95.07710817018484,21.88913,0.13697433,-0.16500854,1012.4377,23.992462,-0.82,0.09453297,0.021278858,0.0022649765,0.39170307,0.2144523
2022-01-26,PLAYAS,Antioquia,88.01,218863000.0,274290000.0,79.79255532465639,21.085907,0.044487,-0.23170471,1013.2942,24.158295,-0.82,0.08237362,0.021219254,0.0024437904,0.400795,0.23593679
2022-01-27,PLAYAS,Antioquia,92.06,206910000.0,274290000.0,75.43475883189326,20.993744,-0.22381592,-0.3008194,1013.47174,24.235016,-0.82,0.25200844,0.07683039,0.058352947,0.40237162,0.37494782
2022-01-28,PLAYAS,Antioquia,82.25,228622000.0,274290000.0,83.3504684822633,21.22641,0.058567047,-0.5720215,1013.08264,24.587402,-0.82,0.0269413,0.018656254,0.00059604645,0.40194726,0.5750119
2022-01-29,PLAYAS,Antioquia,71.92,198169000.0,274290000.0,72.24798570855664,20.881073,-0.21100616,-0.5684624,1013.89703,24.77597,-0.82,0.017285347,0.018119812,0.0004172325,0.39314216,0.6063605
2022-01-30,PLAYAS,Antioquia,73.06,195189000.0,274290000.0,71.16154435086952,20.77237,-0.123550415,-0.56259155,1014.16016,24.850555,-0.82,0.0021457672,0.01746416,0.0,0.38205492,0.5759982
2022-01-31,PLAYAS,Antioquia,72.31,184561000.0,274290000.0,67.28681322687666,20.261932,-0.3662529,-0.34577942,1013.77185,24.822052,-0.82,0.0030994415,0.017046928,0.0,0.37095317,0.50369096
2022-02-01,PLAYAS,Antioquia,75.05,187596000.0,251820000.0,74.49606862044318,20.48935,-0.37841034,-0.14706802,1012.97205,24.969055,-0.79,0.01001358,0.016748905,0.00011920929,0.3636734,0.4059845
2022-02-02,PLAYAS,Antioquia,75.61,197269000.0,251820000.0,78.33730442379478,21.378387,-0.2508583,0.2205391,1012.21155,24.953278,-0.79,0.03218651,0.016778708,0.0004172325,0.3579709,0.33401704
2022-02-03,PLAYAS,Antioquia,68.96,186783000.0,251820000.0,74.17321896592804,21.907867,-0.22349167,0.01826477,1012.39825,24.826813,-0.79,0.0047683716,0.016152859,0.00017881393,0.35138354,0.22423677
2022-02-04,PLAYAS,Antioquia,61.53,227034000.0,251820000.0,90.15725518227306,21.588715,-0.09480667,-0.3727684,1013.8727,24.676025,-0.79,0.15509129,0.019669533,0.0041127205,0.35028592,0.38463566
2022-02-05,PLAYAS,Antioquia,63.07000000000001,248333000.0,251820000.0,98.61528075609564,20.633148,0.11541748,-0.24646378,1014.0211,24.462616,-0.79,0.11587143,0.019013882,0.0033974648,0.36956695,0.27214995
2022-02-06,PLAYAS,Antioquia,65.45,245153000.0,251820000.0,97.35247398935748,20.924713,0.039619446,-0.17958832,1013.4158,24.441315,-0.79,0.05400181,0.017106533,0.00166893,0.40131104,0.18390667
2022-02-07,PLAYAS,Antioquia,61.58,292045000.0,251820000.0,115.97371138114528,20.922516,-0.14585876,-0.2725525,1013.7392,24.32669,-0.79,0.10597706,0.019967556,0.004887581,0.39765036,0.3091272
2022-02-08,PLAYAS,Antioquia,65.9,285738000.0,251820000.0,113.46914462711462,20.47647,-0.13965607,0.021080017,1013.7939,24.186676,-0.79,0.08451939,0.017046928,0.0020563602,0.4125378,0.14123805
2022-02-09,PLAYAS,Antioquia,76.55,317512000.0,251820000.0,126.08688745929632,19.734406,-0.01645279,-0.17409897,1013.35815,24.096222,-0.79,0.012993813,0.015437603,0.00059604645,0.43947542,0.17487465
2022-02-10,PLAYAS,Antioquia,72.08,238139000.0,251820000.0,94.56715113970296,20.70401,-0.05631256,-0.31492996,1012.3956,24.02597,-0.79,0.1103878,0.019192696,0.0044107437,0.4343131,0.31992498
2022-02-11,PLAYAS,Antioquia,72.39,217323000.0,251820000.0,86.30092923516798,21.466034,-0.06644821,-0.4321518,1011.0831,23.996979,-0.79,0.04839897,0.015616417,0.0012516975,0.4416792,0.43723053
2022-02-12,PLAYAS,Antioquia,65.88000000000001,217977000.0,251820000.0,86.5606385513462,22.00296,-0.21992111,-0.20837402,1011.3162,23.904755,-0.79,0.02002716,0.014483929,0.0002682209,0.41963607,0.30296046
2022-02-13,PLAYAS,Antioquia,64.21,229325000.0,251820000.0,91.06703200698912,21.608307,-0.13410187,-0.012203217,1011.82764,23.899231,-0.79,0.09405613,0.017344952,0.003427267,0.41088572,0.13465597
2022-02-14,PLAYAS,Antioquia,71.59,294806000.0,251820000.0,117.07012945754904,20.859344,-0.04657364,-0.2092781,1013.4175,23.840485,-0.79,0.13363361,0.018656254,0.004887581,0.44218263,0.21439783
2022-02-15,PLAYAS,Antioquia,74.27,216682000.0,251820000.0,86.04638233658963,21.160736,0.28185654,-0.3126831,1013.6914,23.61856,-0.79,0.15592575,0.019669533,0.0061392784,0.45931733,0.42096773
2022-02-16,PLAYAS,Antioquia,78.11,215022000.0,251820000.0,85.38718131999048,21.638702,0.040576935,-0.133564,1013.3122,23.507416,-0.79,0.06771088,0.015377998,0.002026558,0.43883616,0.13959165
2022-02-17,PLAYAS,Antioquia,71.23,250117000.0,251820000.0,99.32372329441664,21.850677,0.24652481,-0.12890625,1012.92346,23.398224,-0.79,0.076413155,0.014781952,0.0015497208,0.4284367,0.27819294
2022-02-18,PLAYAS,Antioquia,68.97999999999999,328509000.0,251820000.0,130.45389563974268,20.365753,0.07625198,-0.07627487,1012.7561,23.45166,-0.79,0.09357929,0.016987324,0.0039339066,0.4316084,0.10785277
2022-02-19,PLAYAS,Antioquia,72.27,312648000.0,251820000.0,124.15534905885156,20.602142,-0.08908081,-0.27812958,1013.2447,23.677612,-0.79,0.12803078,0.019192696,0.006377697,0.43871143,0.292047
2022-02-20,PLAYAS,Antioquia,59.58,324086000.0,251820000.0,128.69748232864742,20.255157,0.016368866,-0.18359756,1013.7861,23.632599,-0.79,0.1347065,0.01859665,0.0056624413,0.43842825,0.18432581
2022-02-21,PLAYAS,Antioquia,67.36999999999999,374869000.0,251820000.0,148.86387101898185,20.943085,-0.028858185,-0.32069016,1013.28564,23.853577,-0.79,0.00834465,0.01335144,0.00047683716,0.42804667,0.321986
2022-02-22,PLAYAS,Antioquia,71.99,329672000.0,251820000.0,130.91573346040823,21.738373,-0.2007904,-0.37090302,1012.5564,24.102264,-0.79,0.00059604645,0.0131726265,0.0,0.4120444,0.42176515
2022-02-23,PLAYAS,Antioquia,74.03999999999999,312366000.0,251820000.0,124.04336430783891,21.655243,-0.019435883,-0.26958466,1012.77734,24.346008,-0.79,0.01001358,0.013053417,0.00011920929,0.40024588,0.27028435
2022-02-24,PLAYAS,Antioquia,75.49,221576000.0,251820000.0,87.98983400841871,22.18045,-0.39468384,-0.3686142,1012.2875,24.832733,-0.79,0.015377998,0.0131726265,0.00020861626,0.3912404,0.54004794
2022-02-25,PLAYAS,Antioquia,82.08,212803000.0,251820000.0,84.50599634659677,22.086578,-0.31816864,-0.43293762,1012.8486,25.165802,-0.79,0.07915497,0.01579523,0.002861023,0.38571167,0.53727674
2022-02-26,PLAYAS,Antioquia,83.89999999999999,251224000.0,251820000.0,99.76332300849812,21.263947,-0.05580902,-0.18281937,1014.22455,25.431244,-0.79,0.14436245,0.0166893,0.0038146973,0.39493275,0.19114803
2022-02-27,PLAYAS,Antioquia,95.17,279840000.0,251820000.0,111.12699547295688,20.564667,-0.24524689,-0.12352753,1014.22284,25.712738,-0.79,0.43964386,0.032305717,0.019490719,0.4235525,0.27459988
2022-02-28,PLAYAS,Antioquia,100.03,365821000.0,251820000.0,145.27082836947025,19.91092,0.04931259,0.014850616,1014.13654,25.807465,-0.79,0.23818016,0.022232533,0.00923872,0.4412164,0.05150022
2022-03-01,PLAYAS,Antioquia,100.65,423480000.0,273610000.0,154.7750447717554,21.506866,0.03924179,-0.26460266,1013.41284,25.96457,-0.86,0.25308132,0.025689602,0.011265278,0.44947404,0.2674967
2022-03-02,PLAYAS,Antioquia,92.05,473268000.0,273610000.0,172.97174810862177,20.615692,0.36797714,0.103214264,1013.64233,25.915833,-0.86,0.38015842,0.16522408,0.027298927,0.46530116,0.38217846
2022-03-03,PLAYAS,Antioquia,85.11999999999999,305934000.0,273610000.0,111.81389569094698,20.649445,0.15808105,-0.24163055,1013.54205,26.0878,-0.86,0.19717216,0.048160553,0.01579523,0.47267553,0.2887472
2022-03-04,PLAYAS,Antioquia,77.69,323408000.0,273610000.0,118.20035817404334,20.825958,0.07064819,-0.010070801,1013.6958,26.388824,-0.86,0.08440018,0.041246414,0.0031292439,0.46939933,0.071362376
2022-03-05,PLAYAS,Antioquia,71.23,375543000.0,273610000.0,137.25485179635243,20.81546,-0.1774559,0.08691025,1013.3525,26.391327,-0.86,0.18286705,0.05221367,0.010371208,0.4633278,0.19759552
2022-03-06,PLAYAS,Antioquia,74.56,582364000.0,273610000.0,212.844559774862,19.919464,-0.454525,-0.17822647,1014.04596,26.498749,-0.86,1.0962486,0.24300814,0.17082691,0.50597286,0.48821884
2022-03-07,PLAYAS,Antioquia,82.1,383139000.0,273610000.0,140.03106611600452,19.988983,-0.12625504,-0.3025093,1013.6247,26.75177,-0.86,0.059604645,0.11134148,0.0057816505,0.48621255,0.32779905
2022-03-08,PLAYAS,Antioquia,84.1,315300000.0,273610000.0,115.2370161909287,20.417328,-0.023105621,-0.23725128,1012.8311,26.848206,-0.86,0.081181526,0.10865927,0.005364418,0.4750095,0.23837374
2022-03-09,PLAYAS,Antioquia,84.43,264548000.0,273610000.0,96.68798655019918,20.588043,-0.17795563,-0.06380463,1012.7403,26.8992,-0.86,0.06759167,0.10359287,0.0047683716,0.47161272,0.18904823
2022-03-10,PLAYAS,Antioquia,76.69,287718000.0,273610000.0,105.15624428931692,20.753143,-0.13259125,-0.41888046,1013.71094,26.901672,-0.86,0.03552437,0.09560585,0.0017881393,0.47210544,0.43936464
2022-03-11,PLAYAS,Antioquia,79.69000000000001,296673000.0,273610000.0,108.42915098132376,21.35904,0.08407974,-0.27906036,1013.9939,27.332397,-0.86,0.4426241,0.1322031,0.043988228,0.48258364,0.2914517
2022-03-12,PLAYAS,Antioquia,92.48,437469000.0,273610000.0,159.88779649866598,21.172821,0.47568893,-0.15428925,1013.6139,27.31955,-0.86,0.118494034,0.09280443,0.01090765,0.47846508,0.5000851
2022-03-13,PLAYAS,Antioquia,96.1,363676000.0,273610000.0,132.9176565184021,20.922455,0.28124237,-0.0019683838,1014.78705,27.350067,-0.86,0.18978119,0.14460087,0.012993813,0.48755413,0.28124925
2022-03-14,PLAYAS,Antioquia,100.85,431773000.0,273610000.0,157.80600124264464,20.898712,0.28064728,-0.3439865,1013.3089,27.580658,-0.86,0.0027418137,0.07224083,0.00011920929,0.48205715,0.44394776
2022-03-15,PLAYAS,Antioquia,106.99,374226000.0,273610000.0,136.7735097401411,21.148651,-0.24922562,-0.10139847,1013.6425,27.649872,-0.86,0.12469292,0.07742643,0.009715557,0.4829952,0.2690633
2022-03-16,PLAYAS,Antioquia,101.79,340316000.0,273610000.0,124.37995687292133,21.590912,0.16744995,-0.30418015,1013.3755,27.653412,-0.86,0.13017654,0.0692606,0.0046491623,0.4804967,0.34722477
2022-03-17,PLAYAS,Antioquia,107.31,345740000.0,273610000.0,126.36234055772816,21.651337,0.06357956,0.047538757,1012.9114,27.609436,-0.86,0.037908554,0.062823296,0.00074505806,0.47606254,0.07938699
2022-03-18,PLAYAS,Antioquia,106.63,355382000.0,273610000.0,129.8863345637952,20.983612,-0.048362732,-0.15856934,1012.9592,27.304657,-0.86,0.73361397,0.2862215,0.22697449,0.47575217,0.16578054
2022-03-19,PLAYAS,Antioquia,94.9,285586000.0,273610000.0,104.3770330031797,21.833527,-0.104789734,-0.057540894,1012.5694,26.995178,-0.86,0.08535385,0.061631203,0.004887581,0.47214088,0.11954849
2022-03-20,PLAYAS,Antioquia,90.18,402190000.0,273610000.0,146.9938964219144,22.000458,0.42331314,-0.16190338,1012.82794,26.99472,-0.86,0.09894371,0.057458878,0.0033974648,0.4764749,0.4532182
2022-03-21,PLAYAS,Antioquia,94.42,309742000.0,273610000.0,113.20565768795,21.672943,0.12446213,-0.045612335,1011.78424,26.851624,-0.86,0.11241436,0.05686283,0.0053048134,0.47870055,0.13255681
2022-03-22,PLAYAS,Antioquia,89.87,372361000.0,273610000.0,136.09188260662987,22.050995,0.18338013,-0.0012321472,1011.4986,26.801453,-0.86,0.07164478,0.05507469,0.00590086,0.47734636,0.18338427
2022-03-23,PLAYAS,Antioquia,101.45,432559000.0,273610000.0,158.09327144475714,22.513947,0.27279663,-0.22225952,1011.77924,26.664948,-0.86,0.04351139,0.049859285,0.0025331974,0.47411656,0.35187683
2022-03-24,PLAYAS,Antioquia,105.16,323611000.0,273610000.0,118.27455136873652,22.135284,-0.017082214,-0.1948471,1011.78674,26.463074,-0.86,0.14030933,0.049591064,0.0045895576,0.46674806,0.19559447
2022-03-25,PLAYAS,Antioquia,109.04,339891000.0,273610000.0,124.22462629289863,21.83609,0.12958145,-0.19760513,1012.5759,26.284607,-0.86,0.11205673,0.055491924,0.0123381615,0.465841,0.23630308
2022-03-26,PLAYAS,Antioquia,108.95,355285000.0,273610000.0,129.85088264317827,21.372711,0.20718384,-0.13069153,1011.8691,26.196594,-0.86,0.06067753,0.045478344,0.004053116,0.46393418,0.24496004
2022-03-27,PLAYAS,Antioquia,105.56,441257000.0,273610000.0,161.272248821315,19.926971,0.22475815,0.0872612,1012.6925,26.062042,-0.86,0.093102455,0.045359135,0.005543232,0.4838845,0.24110317
2022-03-28,PLAYAS,Antioquia,105.13,354168000.0,273610000.0,129.44263733050693,21.504303,-0.24671555,-0.2669716,1013.2303,26.28543,-0.86,0.36668777,0.074505806,0.035583973,0.48290548,0.36351395
2022-03-29,PLAYAS,Antioquia,98.67,533140000.0,273610000.0,194.8539892547787,21.699127,-0.111904144,-0.21672821,1013.23,26.146881,-0.86,0.23138523,0.05865097,0.020503998,0.48317608,0.2439132
2022-03-30,PLAYAS,Antioquia,101.19,570942000.0,273610000.0,208.67000475128836,21.082306,-0.14517593,-0.21590042,1012.5062,25.760834,-0.86,0.39470196,0.17261505,0.04285574,0.49086523,0.26017118
2022-03-31,PLAYAS,Antioquia,97.87,487971000.0,273610000.0,178.3454552099704,21.442902,-0.008476257,0.2112732,1011.72064,25.798126,-0.86,0.1385212,0.05710125,0.0051259995,0.4819366,0.21144316
2022-04-01,PLAYAS,Antioquia,100.16,643332000.0,366330000.0,175.6154287118172,20.68686,-0.32351685,-0.15646744,1012.7452,25.53357,-0.95,0.1591444,0.068068504,0.009179115,0.48696646,0.3593678
2022-04-02,PLAYAS,Antioquia,107.38,596322000.0,366330000.0,162.78273687658668,22.07022,-0.17324448,0.035686493,1013.4003,25.401459,-0.95,0.26106834,0.103116035,0.012457371,0.47754276,0.1768818
2022-04-03,PLAYAS,Antioquia,104.71,381909000.0,366330000.0,104.25272295471298,21.871735,-0.111763,-0.12879562,1011.8778,25.197937,-0.95,0.051379204,0.10174513,0.0052452087,0.46347,0.17052647
2022-04-04,PLAYAS,Antioquia,100.13,429864000.0,366330000.0,117.34337892064532,20.784271,0.3122902,-0.0048675537,1012.6086,25.051453,-0.95,0.29194355,0.10251999,0.009894371,0.47842702,0.31232813
2022-04-05,PLAYAS,Antioquia,91.22,407755000.0,366330000.0,111.30811017388692,21.412079,-0.21694946,0.15126038,1012.5114,24.814941,-0.95,0.16498566,0.09685755,0.007987022,0.47623408,0.2644745
2022-04-06,PLAYAS,Antioquia,88.56,385325000.0,366330000.0,105.18521551606474,22.9404,-0.075050354,0.00037384033,1011.04517,24.625763,-0.95,0.0121593475,0.08511543,0.00047683716,0.46709973,0.075051285
2022-04-07,PLAYAS,Antioquia,95.5,910487000.0,366330000.0,248.5428438839298,21.164703,-0.19221878,0.22426605,1012.71185,24.371552,-0.95,0.44846535,0.123500824,0.042676926,0.48676986,0.2953698
2022-04-08,PLAYAS,Antioquia,95.72,553260000.0,366330000.0,151.027761854066,21.761993,-0.26968002,-0.20277786,1012.8836,24.161896,-0.95,0.09739399,0.08922815,0.010609627,0.47422156,0.337411
2022-04-09,PLAYAS,Antioquia,103.71,464171000.0,366330000.0,126.7084322878279,22.028656,0.15099335,-0.09227371,1012.7553,23.983185,-0.95,0.036001205,0.07754564,0.0018775463,0.47195673,0.176956
2022-04-10,PLAYAS,Antioquia,106.38,459507000.0,366330000.0,125.43526328720009,21.277374,-0.33473587,-0.0345726,1012.5089,23.943298,-0.95,0.28145313,0.17660856,0.027298927,0.47407693,0.33651653
2022-04-11,PLAYAS,Antioquia,112.59,353447000.0,366330000.0,96.48322550705647,22.195099,0.24935532,0.018096924,1011.8883,23.766205,-0.95,0.039815903,0.08004904,0.0015497208,0.4704495,0.25001115
2022-04-12,PLAYAS,Antioquia,109.14,500388000.0,366330000.0,136.5948734747359,22.375458,0.0050086975,0.013202667,1010.97217,23.491455,-0.95,0.14722347,0.0898242,0.0044703484,0.4795501,0.014120817
2022-04-13,PLAYAS,Antioquia,105.49,443566000.0,366330000.0,121.08372232686376,22.561676,-0.49559402,0.07465744,1010.8986,23.094757,-0.95,0.016570091,0.08869171,0.0012516975,0.46053684,0.5011858
2022-04-14,PLAYAS,Antioquia,105.6,308418000.0,366330000.0,84.19130292359348,21.661163,-0.058109283,-0.06850052,1011.03766,22.993744,-0.95,0.66936016,0.14799833,0.061929226,0.4600656,0.08982767
2022-04-15,PLAYAS,Antioquia,109.41,326997000.0,366330000.0,89.26295962656621,23.131989,0.003414154,-0.17109299,1011.693,22.63623,-0.95,0.13327599,0.09351969,0.0063180923,0.45451647,0.17112705
2022-04-16,PLAYAS,Antioquia,104.39,353027000.0,366330000.0,96.36857478230012,21.454376,0.36130524,0.034931183,1011.90216,22.369781,-0.95,0.48077106,0.14770031,0.055730343,0.45623177,0.36298987
2022-04-17,PLAYAS,Antioquia,108.33,381494000.0,366330000.0,104.13943711953704,19.981964,-0.18515396,0.084033966,1012.76843,22.259094,-0.95,0.72574615,0.23251772,0.06610155,0.49579147,0.2033315
2022-04-18,PLAYAS,Antioquia,105.8,435287000.0,366330000.0,118.82373815958287,20.26529,0.0012054443,-0.15188599,1013.7473,22.28543,-0.95,0.20956993,0.21207333,0.021457672,0.4919004,0.15189077
2022-04-19,PLAYAS,Antioquia,103.5,426989000.0,366330000.0,116.5585674118964,20.37918,-0.28731155,-0.32769775,1015.303,22.457031,-0.95,0.8864403,0.2989769,0.12010336,0.50330544,0.4358139
2022-04-20,PLAYAS,Antioquia,104.34,519384000.0,366330000.0,141.78036196871673,19.783722,0.10248947,0.023109436,1015.6406,22.55368,-0.95,0.35190582,0.20968914,0.055253506,0.49992177,0.105062544
2022-04-21,PLAYAS,Antioquia,107.62,805332000.0,366330000.0,219.83785111784456,20.178986,-0.72875595,-0.36016464,1015.90155,22.78421,-0.95,1.9488335,0.5224347,0.38719177,0.50850797,0.8128984
2022-04-22,PLAYAS,Antioquia,107.15,1008636000.0,366330000.0,275.33535336991235,19.874237,-0.6364403,0.027988434,1015.21014,23.045105,-0.95,1.0943413,0.44101477,0.24664402,0.5016522,0.6370554
2022-04-23,PLAYAS,Antioquia,105.89,826642000.0,366330000.0,225.6550105096497,20.567535,-0.44187164,-0.23746109,1014.14935,23.083344,-0.95,1.3313293,0.6059408,0.3195405,0.50489765,0.5016357
2022-04-24,PLAYAS,Antioquia,109.84,559810000.0,366330000.0,152.81576720443314,21.6904,-0.56861496,-0.34796906,1012.0684,23.117462,-0.95,0.2888441,0.1527667,0.015735626,0.49193597,0.6666374
2022-04-25,PLAYAS,Antioquia,112.26,586645000.0,366330000.0,160.14112958261677,20.435638,-0.14910126,0.09444046,1013.4934,23.471771,-0.95,0.41377544,0.3156662,0.18197298,0.50090843,0.17649415
2022-04-26,PLAYAS,Antioquia,107.57,407537000.0,366330000.0,111.24860098818006,21.44101,-0.51587296,-0.47839355,1013.0078,23.724274,-0.95,0.018715858,0.13881922,0.0022053719,0.47811434,0.7035519
2022-04-27,PLAYAS,Antioquia,108.39,635466000.0,366330000.0,173.4681844238801,22.185455,-0.16301727,-0.11402893,1012.2966,23.697052,-0.95,0.013232231,0.1296997,0.00047683716,0.46494615,0.19894026
2022-04-28,PLAYAS,Antioquia,107.41,480618000.0,366330000.0,131.19810007370404,20.97702,-0.27487946,0.0039024353,1012.6203,23.4599,-0.95,0.07224083,0.12117624,0.0013709068,0.46576956,0.27490714
2022-04-29,PLAYAS,Antioquia,112.09,572050000.0,366330000.0,156.15701689733302,22.582855,-0.27437592,0.053497314,1012.2623,23.325317,-0.95,0.04684925,0.11485815,0.0028014183,0.46466082,0.27954265
2022-04-30,PLAYAS,Antioquia,110.32,333602000.0,366330000.0,91.06597876231814,22.69522,-0.25034714,0.53657913,1011.2975,23.07669,-0.95,0.0,0.1026988,0.0,0.4513595,0.5921071
2022-05-01,PLAYAS,Antioquia,109.35,316016000.0,460980000.0,68.55308256323485,22.96872,-0.40039062,0.53175354,1012.2536,22.816772,-0.9,0.041365623,0.09328127,0.00071525574,0.4419609,0.6656384
2022-05-02,PLAYAS,Antioquia,107.22,348312000.0,460980000.0,75.55902642197059,22.03653,0.11300659,0.15335464,1013.41516,22.755432,-0.9,0.0538826,0.087976456,0.003695488,0.44505954,0.19049446
2022-05-03,PLAYAS,Antioquia,104.54,295507000.0,460980000.0,64.10408260662068,23.204498,-0.26824188,0.09732056,1012.5078,22.564148,-0.9,0.0,0.07736683,0.0,0.4316064,0.28535065
2022-05-04,PLAYAS,Antioquia,99.47,290103000.0,460980000.0,62.93179747494469,23.696198,-0.26668167,0.06472397,1011.52344,22.470367,-0.9,0.0,0.070512295,0.0,0.41767114,0.2744236
2022-05-05,PLAYAS,Antioquia,94.72,424447000.0,460980000.0,92.07492732873445,21.086456,0.47268295,0.1398201,1013.89923,22.539703,-0.9,0.1937151,0.07534027,0.010192394,0.4374356,0.49292883
2022-05-06,PLAYAS,Antioquia,89.39,404718000.0,460980000.0,87.79513210985293,20.501434,-0.3495865,-0.61558914,1015.65356,22.389984,-0.9,0.91052055,0.19419193,0.110030174,0.460029,0.70792705
2022-05-07,PLAYAS,Antioquia,89.58,651298000.0,460980000.0,141.2855221484663,21.33017,-0.4017563,0.50057983,1015.60846,22.312958,-0.9,0.029087067,0.060856342,0.0014305115,0.46746936,0.6418631
2022-05-08,PLAYAS,Antioquia,90.13,459652000.0,460980000.0,99.7119180875526,22.9617,0.16819763,-0.090904236,1012.98206,22.207062,-0.9,0.008106232,0.057816505,0.0006556511,0.44724613,0.19119106
2022-05-09,PLAYAS,Antioquia,95.38,412724000.0,460980000.0,89.53186689227299,21.993866,0.17970657,-0.029327393,1012.22626,22.100922,-0.9,0.0059604645,0.055015087,0.00023841858,0.440594,0.1820839
2022-05-10,PLAYAS,Antioquia,102.76,426659000.0,460980000.0,92.55477461061218,20.532928,0.41755295,-0.0054016113,1013.03906,22.14148,-0.9,0.80370903,0.15580654,0.08195639,0.46711662,0.41758788
2022-05-11,PLAYAS,Antioquia,110.78,463400000.0,460980000.0,100.52496854527313,20.842926,-0.11361313,-0.080963135,1013.0709,22.244537,-0.9,0.9176731,0.20992756,0.15872717,0.4965506,0.13950975
2022-05-12,PLAYAS,Antioquia,107.18,415326000.0,460980000.0,90.09631654301704,21.65799,0.09159088,-0.08586502,1012.8906,22.36377,-0.9,0.76162815,0.24878979,0.15503168,0.5002197,0.12554558
2022-05-13,PLAYAS,Antioquia,99.44,384557000.0,460980000.0,83.42162349776562,21.629913,-0.101802826,-0.02985382,1011.8816,22.778229,-0.9,0.25343895,0.14692545,0.09262562,0.4893607,0.1060899
2022-05-14,PLAYAS,Antioquia,91.08,552863000.0,460980000.0,119.932101175756,21.34665,-0.11165619,-0.04499817,1012.83575,22.939453,-0.9,0.10347366,0.06097555,0.004053116,0.49122432,0.12038247
2022-05-15,PLAYAS,Antioquia,97.67,441398000.0,460980000.0,95.75209336630655,22.81137,-0.11355591,-0.077568054,1012.54456,23.116333,-0.9,0.009775162,0.058948994,0.0005364418,0.47863293,0.13751999
2022-05-16,PLAYAS,Antioquia,99.78,671101000.0,460980000.0,145.58137012451732,22.592499,-0.018321991,0.14456558,1012.9275,22.904877,-0.9,0.010609627,0.059366226,0.00071525574,0.46994466,0.145722
2022-05-17,PLAYAS,Antioquia,107.17000000000002,405921000.0,460980000.0,88.05609787843291,21.72293,0.034210205,-0.0040245056,1015.16846,23.272797,-0.9,0.23663044,0.07003546,0.012814999,0.47513407,0.034446113
2022-05-18,PLAYAS,Antioquia,106.86,589918000.0,460980000.0,127.97041086381188,21.223907,-0.01473999,0.28179932,1016.4945,23.433228,-0.9,0.1758337,0.079751015,0.017762184,0.4881161,0.28218454
2022-05-19,PLAYAS,Antioquia,108.01,426559000.0,460980000.0,92.53308169551823,22.172638,-0.52926636,0.13028336,1015.0572,23.46341,-0.9,0.11515617,0.088870525,0.010669231,0.48813438,0.5450657
2022-05-20,PLAYAS,Antioquia,109.35,365303000.0,460980000.0,79.24486962558028,21.634308,-0.3229332,0.003982544,1015.7364,23.510223,-0.9,0.037670135,0.081300735,0.0030994415,0.4781342,0.32295775
2022-05-21,PLAYAS,Antioquia,105.56,381855000.0,460980000.0,82.83548093192763,21.868622,-0.1370697,0.17817688,1016.84686,23.47818,-0.9,0.1077652,0.08124113,0.0054836273,0.47600445,0.22480014
2022-05-22,PLAYAS,Antioquia,112.04,362686000.0,460980000.0,78.67716603757214,22.0914,0.017681122,0.020557404,1015.40485,23.526794,-0.9,0.0011920929,0.073194504,0.0,0.46399036,0.027115105
2022-05-23,PLAYAS,Antioquia,111.91,444860000.0,460980000.0,96.50310208685843,21.478973,0.6026459,-0.023536682,1013.6486,23.209656,-0.9,0.17738342,0.07605553,0.006020069,0.47386035,0.6031053
2022-05-24,PLAYAS,Antioquia,106.8,394146000.0,460980000.0,85.50175712612261,21.288605,0.21306992,-0.19013977,1012.6403,23.151947,-0.9,0.10740757,0.07468462,0.006854534,0.47460914,0.28557298
2022-05-25,PLAYAS,Antioquia,110.24,391875000.0,460980000.0,85.00911102433945,21.561188,0.12043762,0.116168976,1013.58545,22.927826,-0.9,0.22697449,0.07635355,0.01090765,0.4746103,0.16733335
2022-05-26,PLAYAS,Antioquia,106.11,324537000.0,460980000.0,70.40153585838866,22.307037,-0.037822723,-0.0012779236,1014.313,23.141632,-0.9,0.0859499,0.06610155,0.0026226044,0.4634563,0.037844304
2022-05-27,PLAYAS,Antioquia,104.57,318421000.0,460980000.0,69.07479717124387,22.273651,-0.030841827,0.40314865,1013.8234,23.121948,-0.9,0.010967255,0.06109476,0.00023841858,0.4577733,0.40432665
2022-05-28,PLAYAS,Antioquia,109.26,292411000.0,460980000.0,63.4324699553126,22.229279,-0.085041046,-0.06458664,1012.64374,22.839142,-0.9,0.009894371,0.058293343,0.00017881393,0.44586968,0.106786765
2022-05-29,PLAYAS,Antioquia,108.03,349902000.0,460980000.0,75.90394377196408,21.838104,0.26945496,0.088775635,1012.46014,22.504547,-0.9,0.12886524,0.0577569,0.0021755695,0.44896814,0.28370246
2022-05-30,PLAYAS,Antioquia,104.46,512038000.0,460980000.0,111.07596858865894,21.251678,0.23435974,0.09333038,1012.1731,22.382904,-0.9,0.17976761,0.058472157,0.005066395,0.46009266,0.25225988
2022-05-31,PLAYAS,Antioquia,105.82,463976000.0,460980000.0,100.64991973621416,21.154083,-0.012775421,-0.23019409,1013.5037,22.405365,-0.9,0.038146973,0.053167343,0.0013113022,0.46933365,0.23054832
2022-06-01,PLAYAS,Antioquia,104.47,435658000.0,409470000.0,106.39558453610763,21.227753,0.21875381,-0.15596771,1012.7559,22.151764,-0.78,0.0047683716,0.050365925,0.00017881393,0.45581877,0.2686618
2022-06-02,PLAYAS,Antioquia,110.59,652976000.0,409470000.0,159.46858133685006,20.440887,-0.104969025,-0.058361053,1013.9892,21.830719,-0.78,0.4581213,0.09661913,0.048160553,0.4852863,0.12010208
2022-06-03,PLAYAS,Antioquia,117.04,485122000.0,409470000.0,118.4755903973429,19.908356,-0.14673615,0.07764435,1015.42346,21.702087,-0.78,0.80263615,0.18322468,0.086545944,0.49616906,0.16601247
2022-06-04,PLAYAS,Antioquia,111.24,394866000.0,409470000.0,96.43343834713166,20.532196,-0.11358261,-0.17593384,1014.1817,21.81308,-0.78,0.09083748,0.071942806,0.006914139,0.48781002,0.2094128
2022-06-05,PLAYAS,Antioquia,109.9,400611000.0,409470000.0,97.8364715363763,20.770844,-0.022888184,-0.14783096,1013.7483,21.798706,-0.78,0.11050701,0.079870224,0.011920929,0.48790202,0.14959233
2022-06-06,PLAYAS,Antioquia,119.04999999999998,459547000.0,409470000.0,112.22971157838182,21.060333,0.016273499,-0.12840271,1013.22626,21.917633,-0.78,0.009655952,0.06657839,0.0005364418,0.4793102,0.12942983
2022-06-07,PLAYAS,Antioquia,115.21,613923000.0,409470000.0,149.93113048574986,20.034454,0.40233612,-0.06529617,1014.24097,22.095703,-0.78,0.28014183,0.07480383,0.010550022,0.49765298,0.40760022
2022-06-08,PLAYAS,Antioquia,114.0,411163000.0,409470000.0,100.4134613036364,20.233063,-0.18807983,-0.33455658,1014.4817,22.37677,-0.78,0.1322031,0.08940697,0.026404858,0.4955703,0.38379958
2022-06-09,PLAYAS,Antioquia,113.74,465550000.0,409470000.0,113.69575304662123,20.222443,-0.131073,-0.19429779,1014.15576,22.555695,-0.78,0.08046627,0.06490946,0.004053116,0.49025553,0.23437525
2022-06-10,PLAYAS,Antioquia,110.76,398411000.0,409470000.0,97.29919163797103,20.57846,-0.2714424,-0.13874817,1012.97046,22.649109,-0.78,0.074744225,0.061690807,0.0026524067,0.4871408,0.30484757
2022-06-11,PLAYAS,Antioquia,107.27,795690000.0,409470000.0,194.321928346399,20.686127,0.065193176,0.10412979,1013.71545,22.7836,-0.78,0.2670288,0.0949502,0.022768974,0.4864258,0.12285424
2022-06-12,PLAYAS,Antioquia,110.11,529476000.0,409470000.0,129.30764158546413,20.490265,-0.27360916,0.15241623,1014.5528,22.700684,-0.78,0.032663345,0.060021877,0.002026558,0.47983962,0.31319752
2022-06-13,PLAYAS,Antioquia,109.96999999999998,375756000.0,409470000.0,91.7664297750751,21.43106,-0.17277145,0.43594742,1014.03094,22.61383,-0.78,0.17821789,0.063955784,0.0062584877,0.47120687,0.4689351
2022-06-14,PLAYAS,Antioquia,107.62,592313000.0,409470000.0,144.65357657459643,20.615082,-0.44273758,-0.06798935,1013.97296,22.43991,-0.78,0.38969517,0.12123585,0.06467104,0.478189,0.44792756
2022-06-15,PLAYAS,Antioquia,108.76999999999998,874449000.0,409470000.0,213.55630449117152,21.162994,-0.48313522,0.1298294,1013.8789,22.052734,-0.78,0.05686283,0.056564808,0.0017285347,0.47499198,0.50027525
2022-06-16,PLAYAS,Antioquia,105.92,878398000.0,409470000.0,214.52072190880892,21.280426,0.06147003,-0.0807457,1014.0528,21.747772,-0.78,0.21255016,0.06330013,0.010371208,0.47242522,0.10148119
2022-06-17,PLAYAS,Antioquia,110.53,515757000.0,409470000.0,125.9572129826361,20.381378,0.042491913,0.032657623,1014.0722,21.496552,-0.78,0.2824068,0.09047985,0.038981438,0.49543506,0.053591818
2022-06-18,PLAYAS,Antioquia,118.81,563583000.0,409470000.0,137.63718953769506,20.580475,0.030361176,-0.18421936,1013.46655,21.392517,-0.78,0.01001358,0.05173683,0.0011324883,0.4900123,0.1867045
2022-06-19,PLAYAS,Antioquia,114.49,576470000.0,409470000.0,140.78442865167167,20.50766,-0.46817398,0.11551666,1014.7972,21.513947,-0.78,0.42200089,0.084757805,0.034213066,0.49547875,0.48221466
2022-06-20,PLAYAS,Antioquia,111.28,435932000.0,409470000.0,106.46250030527268,20.822906,-0.22323227,-0.03488159,1015.15955,21.429077,-0.78,0.1142025,0.06866455,0.015318394,0.4896959,0.22594108
2022-06-21,PLAYAS,Antioquia,107.58,393124000.0,409470000.0,96.00801035484896,20.960846,0.036109924,-0.021598816,1013.7072,21.253906,-0.78,0.1680851,0.078856945,0.025451183,0.49037677,0.042076543
2022-06-22,PLAYAS,Antioquia,110.24,486544000.0,409470000.0,118.82286858622122,21.496307,0.05457306,0.13777924,1012.375,21.363708,-0.78,0.023722649,0.05453825,0.0019073486,0.4797973,0.14819358
2022-06-23,PLAYAS,Antioquia,105.96,463718000.0,409470000.0,113.24834542213104,21.25589,0.51242447,0.33805084,1011.5552,21.401398,-0.78,0.0051259995,0.052332878,0.00059604645,0.47606626,0.61388695
2022-06-24,PLAYAS,Antioquia,110.1,351721000.0,409470000.0,85.89664688499768,20.905792,-0.36343384,-0.11117935,1012.8211,21.450592,-0.78,0.0013113022,0.05054474,0.00011920929,0.46513173,0.3800592
2022-06-25,PLAYAS,Antioquia,112.6,441863000.0,409470000.0,107.91095806774612,20.492096,0.13196182,0.17167664,1014.4314,21.591156,-0.78,0.05185604,0.051379204,0.0022053719,0.4796126,0.21653357
2022-06-26,PLAYAS,Antioquia,109.55,805005000.0,409470000.0,196.596820279874,20.040802,-0.5887413,0.1752739,1015.10205,21.698395,-0.78,0.26345253,0.087201595,0.038981438,0.48665246,0.61427784
2022-06-27,PLAYAS,Antioquia,112.72,500559000.0,409470000.0,122.24558575719831,20.154999,-0.45787048,-0.2408638,1015.5128,21.753662,-0.78,0.04839897,0.050902367,0.0035762787,0.47543246,0.5173594
2022-06-28,PLAYAS,Antioquia,111.15,963460000.0,409470000.0,235.2944049625125,20.570404,-0.14777374,-0.011898041,1015.53467,21.75534,-0.78,0.15366077,0.053703785,0.0075101852,0.48476294,0.14825195
2022-06-29,PLAYAS,Antioquia,113.2,832597000.0,409470000.0,203.33528707841845,20.349274,-0.10679245,0.18850708,1015.5023,21.812042,-0.78,0.32556057,0.08571148,0.040352345,0.49333706,0.21665536
2022-06-30,PLAYAS,Antioquia,116.1,598249000.0,409470000.0,146.10325542774808,21.453156,-0.08771896,0.08134079,1013.03766,21.727325,-0.78,0.007748604,0.045478344,0.000834465,0.4782892,0.11962835
2022-07-01,PLAYAS,Antioquia,113.36,579563000.0,361330000.0,160.3971438850912,21.111115,0.06296921,0.37859726,1012.3856,21.737488,-0.76,0.054240227,0.046908855,0.0030398369,0.4789097,0.38379812
2022-07-02,PLAYAS,Antioquia,112.09,657129000.0,361330000.0,181.8639470843827,21.184052,-0.123809814,0.27630997,1012.6181,21.871246,-0.76,0.2168417,0.06699562,0.023901463,0.4787133,0.30278057
2022-07-03,PLAYAS,Antioquia,107.31,402675000.0,361330000.0,111.44244873107684,22.076202,-0.42879486,0.33172226,1013.2516,21.874329,-0.76,0.024676323,0.04351139,0.0009536743,0.4607027,0.54212976
2022-07-04,PLAYAS,Antioquia,111.23,590537000.0,361330000.0,163.43425677358647,21.825714,0.027763367,0.40161133,1013.2736,21.857697,-0.76,0.015377998,0.042557716,0.0008940697,0.44799092,0.40256983
2022-07-05,PLAYAS,Antioquia,110.26,385573000.0,361330000.0,106.70937923781584,21.825897,-0.27165985,0.18476486,1013.4417,21.860321,-0.76,0.00846386,0.041365623,0.00071525574,0.43653655,0.32853785
2022-07-06,PLAYAS,Antioquia,108.55,447529000.0,361330000.0,123.85603188221292,21.536835,-0.35657883,0.32933044,1012.84515,21.684784,-0.76,0.017404556,0.039875507,0.00059604645,0.42841986,0.48539364
2022-07-07,PLAYAS,Antioquia,106.42,371083000.0,361330000.0,102.699194642017,22.088531,0.4029312,0.23920059,1012.04156,21.586823,-0.76,0.16725063,0.0410676,0.002861023,0.42643186,0.4685835
2022-07-08,PLAYAS,Antioquia,108.83,453625000.0,361330000.0,125.54313231671878,21.719208,0.26384354,0.7866745,1013.5803,21.537262,-0.76,0.25117397,0.044226646,0.0074505806,0.4289669,0.82974106
2022-07-09,PLAYAS,Antioquia,110.13,333270000.0,361330000.0,92.23424570337365,22.427155,-0.33410645,0.30787277,1014.0114,21.485535,-0.76,0.031471252,0.0385046,0.0026226044,0.4226768,0.45432672
2022-07-10,PLAYAS,Antioquia,107.88,389212000.0,361330000.0,107.7164918495558,22.64798,0.14995575,-0.057811737,1013.9869,21.479279,-0.76,0.3322363,0.04786253,0.01347065,0.42163944,0.16071379
2022-07-11,PLAYAS,Antioquia,101.32,604721000.0,361330000.0,167.35975424127528,19.811005,-0.030635834,-0.26192474,1013.9975,21.475067,-0.76,0.5302429,0.07498264,0.04172325,0.46130687,0.26371032
2022-07-12,PLAYAS,Antioquia,107.61,403813000.0,361330000.0,111.7573962859436,21.409454,-0.25832748,-0.38861465,1013.70905,21.498535,-0.76,0.0075101852,0.032901764,0.00029802322,0.46179065,0.46664166
2022-07-13,PLAYAS,Antioquia,105.46,653091000.0,361330000.0,180.74640909971487,21.35373,0.22462463,0.1954155,1014.08264,21.646576,-0.76,0.044584274,0.033438206,0.0017285347,0.45334876,0.2977305
2022-07-14,PLAYAS,Antioquia,109.11,414564000.0,361330000.0,114.7327927379404,21.23233,-0.2712059,-0.17891312,1014.8061,21.422394,-0.76,0.32031536,0.039339066,0.008285046,0.46139818,0.32490388
2022-07-15,PLAYAS,Antioquia,109.09,354270000.0,361330000.0,98.04610743641548,21.343964,-0.09916687,-0.17661285,1014.79767,21.423157,-0.76,0.08547306,0.038802624,0.0051259995,0.45718464,0.20254917
2022-07-16,PLAYAS,Antioquia,106.63,320575000.0,361330000.0,88.72083690808957,21.017975,0.0015335083,-0.030792236,1013.15295,21.300934,-0.76,0.14078617,0.04941225,0.006854534,0.4582519,0.030830398
2022-07-17,PLAYAS,Antioquia,103.3,495762000.0,361330000.0,137.2047712617275,21.73465,-0.18609238,0.35667038,1012.77985,21.21994,-0.76,0.020623207,0.0783205,0.0011324883,0.448611,0.40229857
2022-07-18,PLAYAS,Antioquia,102.17,426493000.0,361330000.0,118.03420695762875,22.02475,-0.33300018,0.47275162,1013.8242,21.317383,-0.76,0.00667572,0.0795722,0.00011920929,0.43011016,0.57825875
2022-07-19,PLAYAS,Antioquia,108.2,320611000.0,361330000.0,88.7308000996319,22.50113,-0.4130783,0.5974922,1012.9345,21.325348,-0.76,0.0013113022,0.075638294,0.0,0.41080976,0.7263819
2022-07-20,PLAYAS,Antioquia,103.47,284800000.0,361330000.0,78.81991531287188,21.92575,-0.2564125,0.7683258,1011.7431,21.421326,-0.76,0.0,0.07069111,0.0,0.39413467,0.80998266
2022-07-21,PLAYAS,Antioquia,108.53,304554000.0,361330000.0,84.2869399164199,21.625824,-0.31616592,0.4121666,1012.7944,21.31482,-0.76,0.0034570694,0.06580353,0.00011920929,0.38267562,0.51946336
2022-07-22,PLAYAS,Antioquia,100.09,346900000.0,361330000.0,96.0064207234384,20.835907,0.19663239,0.15449905,1013.5586,21.229126,-0.76,0.21469593,0.06425381,0.002682209,0.40424204,0.25006852
2022-07-23,PLAYAS,Antioquia,97.8,569246000.0,361330000.0,157.54185924224393,20.352386,-0.050624847,-0.16859818,1013.64844,21.374176,-0.76,1.075387,0.2220869,0.10755658,0.45895222,0.17603472
2022-07-24,PLAYAS,Antioquia,102.57,353541000.0,361330000.0,97.84435280768274,20.305817,-0.08861542,-0.083683014,1013.8077,21.416168,-0.76,0.15544891,0.06318092,0.00667572,0.46097252,0.1218833
2022-07-25,PLAYAS,Antioquia,110.37,577055000.0,361330000.0,159.70304154097363,20.464264,0.33089828,0.20178604,1013.9875,21.323242,-0.76,0.5172491,0.09828806,0.043451786,0.46675044,0.387571
2022-07-26,PLAYAS,Antioquia,109.32,563036000.0,361330000.0,155.8232087011873,20.080109,0.29565048,-0.15954971,1014.6678,21.38211,-0.76,0.14519691,0.060260296,0.0071525574,0.4680821,0.33595434
2022-07-27,PLAYAS,Antioquia,101.02,383974000.0,361330000.0,106.2668474801428,20.695038,-0.16978455,-0.123363495,1014.4331,21.531952,-0.76,0.1449585,0.06330013,0.009596348,0.46679845,0.20986983
2022-07-28,PLAYAS,Antioquia,104.71,1246167000.0,361330000.0,344.88334763235827,20.33023,0.009876251,-0.08462143,1015.2395,21.741058,-0.76,0.9328127,0.43666363,0.11050701,0.49480903,0.08519582
2022-07-29,PLAYAS,Antioquia,109.15,826279000.0,361330000.0,228.67710956743144,21.644867,-0.08421326,0.119319916,1014.33813,21.748138,-0.76,0.007748604,0.19901991,0.00059604645,0.47434023,0.14604491
2022-07-30,PLAYAS,Antioquia,106.28,399556000.0,361330000.0,110.57924888605984,22.003021,0.049232483,-0.14800262,1012.6306,21.628906,-0.76,0.0,0.14263391,0.0,0.4539479,0.15597633
2022-07-31,PLAYAS,Antioquia,110.33,433699000.0,361330000.0,120.02850579802396,21.206146,-0.065216064,0.1766243,1012.78186,21.706512,-0.76,0.047326088,0.118374825,0.0056028366,0.4438873,0.1882798
2022-08-01,PLAYAS,Antioquia,116.16,1020612000.0,372620000.0,273.9015619129408,21.277557,0.19894028,-0.01863861,1013.1014,21.582275,-0.87,0.48208237,0.17440319,0.07992983,0.45643747,0.19981149
2022-08-02,PLAYAS,Antioquia,114.43,918089000.0,372620000.0,246.3874724920831,20.151642,0.40633774,0.1746521,1013.24,21.446747,-0.87,0.47791004,0.1707673,0.02926588,0.46345028,0.44228238
2022-08-03,PLAYAS,Antioquia,109.14,565379000.0,372620000.0,151.73071762116902,20.975311,-0.46435928,-0.14220428,1012.6245,21.471222,-0.87,0.10347366,0.08785725,0.010460615,0.4759134,0.48564556
2022-08-04,PLAYAS,Antioquia,110.88,551913000.0,372620000.0,148.1168482636466,21.131989,0.10667038,-0.07004166,1012.47815,21.360992,-0.87,0.1449585,0.0756979,0.0027418137,0.4675035,0.12761036
2022-08-05,PLAYAS,Antioquia,116.01,942381000.0,372620000.0,252.9067146154259,20.802277,0.019931793,-0.32465363,1012.0094,21.500458,-0.87,0.33926964,0.085532665,0.015497208,0.47597992,0.3252649
2022-08-06,PLAYAS,Antioquia,115.66,1196930000.0,372620000.0,321.22000966131714,20.39096,-0.13399887,0.095458984,1012.91437,21.553955,-0.87,0.13589859,0.07802248,0.009834766,0.46645135,0.1645239
2022-08-07,PLAYAS,Antioquia,113.72,552449000.0,372620000.0,148.2606945413558,21.697418,-0.08108902,0.12696457,1012.89813,21.520538,-0.87,0.0009536743,0.06651878,0.0,0.4528899,0.15065002
2022-08-08,PLAYAS,Antioquia,110.78,502660000.0,372620000.0,134.8988245397456,22.499664,0.0072517395,0.30437088,1011.3828,21.443634,-0.87,0.018239021,0.06431341,0.00059604645,0.44270316,0.30445725
2022-08-09,PLAYAS,Antioquia,108.21,500936000.0,372620000.0,134.43615479577048,22.012604,0.046661377,0.5604515,1012.28186,21.30777,-0.87,0.29599667,0.09518862,0.034332275,0.43741402,0.5623906
2022-08-10,PLAYAS,Antioquia,104.87,411875000.0,372620000.0,110.5348612527508,21.81314,-0.52996063,0.47694016,1013.72687,21.308289,-0.87,0.00011920929,0.05811453,0.0,0.43023092,0.7129728
2022-08-11,PLAYAS,Antioquia,108.84,381175000.0,372620000.0,102.29590467500402,22.337372,-0.21376419,0.36240387,1013.85077,21.51593,-0.87,0.002026558,0.0551939,0.00017881393,0.4137438,0.42075133
2022-08-12,PLAYAS,Antioquia,111.77,334660000.0,372620000.0,89.81267779507273,21.692902,0.16339111,0.047973633,1015.0676,21.526123,-0.87,0.09262562,0.055909157,0.0034570694,0.40852392,0.17028835
2022-08-13,PLAYAS,Antioquia,112.46,438538000.0,372620000.0,117.69040845901992,20.869354,-0.062274933,0.041481018,1016.3616,21.400452,-0.87,0.24318695,0.05877018,0.0086426735,0.44327056,0.07482541
2022-08-14,PLAYAS,Antioquia,110.37,609073000.0,372620000.0,163.45687295367935,21.160797,-0.23482513,0.27035904,1014.5795,21.484283,-0.87,0.015377998,0.04887581,0.00059604645,0.4482489,0.35810176
2022-08-15,PLAYAS,Antioquia,108.98,707779000.0,372620000.0,189.94659438570125,21.165985,-0.29867935,0.38471222,1013.7919,21.468048,-0.87,0.16117096,0.0603199,0.013709068,0.45317855,0.487045
2022-08-16,PLAYAS,Antioquia,103.73000000000002,754188000.0,372620000.0,202.401374053996,20.311798,0.024333954,0.08057785,1015.7394,21.249237,-0.87,0.21219254,0.052392483,0.0076293945,0.4505466,0.08417203
2022-08-17,PLAYAS,Antioquia,105.84,384613000.0,372620000.0,103.21856046374324,22.300507,-0.047676086,-0.19153976,1013.625,21.140045,-0.87,0.010728836,0.04374981,0.00023841858,0.4352269,0.19738412
2022-08-18,PLAYAS,Antioquia,105.74,416893000.0,372620000.0,111.8815415168268,22.681793,0.20285034,0.013824463,1012.26874,20.938782,-0.87,0.13244152,0.04643202,0.004529953,0.43011385,0.20332086
2022-08-19,PLAYAS,Antioquia,108.14,353763000.0,372620000.0,94.93934839783157,22.988861,-0.18890762,0.07739258,1011.99,20.903778,-0.87,0.19466877,0.044822693,0.0041127205,0.4189688,0.20414628
2022-08-20,PLAYAS,Antioquia,106.23,552523000.0,372620000.0,148.28055391551715,22.316193,0.031902313,0.41313934,1013.09155,20.854889,-0.87,0.008106232,0.040113926,0.00047683716,0.41265434,0.41436926
2022-08-21,PLAYAS,Antioquia,106.0,416082000.0,372620000.0,111.66389351081531,21.165192,-0.35338593,0.08419037,1014.0372,20.809052,-0.87,0.06258488,0.040650368,0.002026558,0.40977982,0.36327624
2022-08-22,PLAYAS,Antioquia,103.4,670213000.0,372620000.0,179.8650099296871,21.58908,-0.34235764,0.14936066,1013.59106,21.112762,-0.87,0.003695488,0.038027763,0.00023841858,0.4001154,0.37352023
2022-08-23,PLAYAS,Antioquia,101.04,474902000.0,372620000.0,127.44941226987278,21.19815,-0.2968483,0.35169983,1013.3669,21.310486,-0.87,0.02670288,0.0371933,0.00035762787,0.39064297,0.46023005
2022-08-24,PLAYAS,Antioquia,101.14,336487000.0,372620000.0,90.30298964092106,21.928864,-0.54208755,0.4211464,1013.2089,21.292664,-0.87,0.05197525,0.036418438,0.0007748604,0.38047418,0.686457
2022-08-25,PLAYAS,Antioquia,98.11,320819000.0,372620000.0,86.0981697171381,21.864777,-0.5601425,0.03278351,1014.5009,21.399933,-0.87,0.009894371,0.034689903,0.00023841858,0.37687662,0.561101
2022-08-26,PLAYAS,Antioquia,93.58,359612000.0,372620000.0,96.50904406634103,21.054352,-0.0920105,-0.054405212,1014.6928,21.714447,-0.87,0.022888184,0.03373623,0.00035762787,0.38614583,0.1068918
2022-08-27,PLAYAS,Antioquia,91.22,356883000.0,372620000.0,95.7766625516612,21.33017,-0.03735733,-0.098926544,1013.33704,21.569733,-0.87,0.007033348,0.032782555,0.00017881393,0.40893948,0.10574513
2022-08-28,PLAYAS,Antioquia,95.73,624923000.0,372620000.0,167.71053620310238,21.454742,-0.08932114,0.3519745,1013.77716,21.617218,-0.87,0.2567768,0.042557716,0.011086464,0.4374033,0.36313125
2022-08-29,PLAYAS,Antioquia,108.44,889233000.0,372620000.0,238.64339004884332,20.376556,-0.025295258,0.39414597,1014.84674,21.493439,-0.87,0.53572655,0.123143196,0.04541874,0.46767476,0.39495683
2022-08-30,PLAYAS,Antioquia,104.74,371029000.0,372620000.0,99.5730234555311,22.504425,-0.46073914,0.37005615,1013.76733,21.591522,-0.87,0.023245811,0.03093481,0.0011324883,0.44839412,0.5909502
2022-08-31,PLAYAS,Antioquia,109.7,629868000.0,372620000.0,169.03762546293814,21.563751,-0.3134346,0.027988434,1013.82794,21.361572,-0.87,0.09417534,0.03182888,0.0026226044,0.4334349,0.31468174
2022-09-01,PLAYAS,Antioquia,109.95,497451000.0,444460000.0,111.92255771048012,20.683441,-0.29887772,-0.21440887,1013.15125,21.020844,-0.97,0.32103062,0.04285574,0.014483929,0.45992443,0.3678302
2022-09-02,PLAYAS,Antioquia,108.63,406801000.0,444460000.0,91.5270215542456,20.65445,0.077617645,0.20589447,1012.54517,20.846588,-0.97,0.20289421,0.033080578,0.0052452087,0.47363544,0.22003871
2022-09-03,PLAYAS,Antioquia,108.93,655227000.0,444460000.0,147.42091526796565,21.908173,-0.09251404,0.3297348,1012.2458,20.754944,-0.97,0.008821487,0.02759695,0.00035762787,0.46427038,0.34246737
2022-09-04,PLAYAS,Antioquia,107.87,406819000.0,444460000.0,91.53107141250057,22.029388,-0.5740013,0.8855133,1012.16516,20.798798,-0.97,0.00166893,0.02670288,5.9604645e-05,0.44162798,1.0552778
2022-09-05,PLAYAS,Antioquia,111.47,329663000.0,444460000.0,74.17157899473519,21.757843,-0.460804,0.4300499,1013.9847,20.634583,-0.97,0.008225441,0.026226044,0.00011920929,0.42505336,0.6303041
2022-09-06,PLAYAS,Antioquia,107.02,440564000.0,444460000.0,99.1234306799262,22.43338,-0.31585693,0.6963234,1015.1817,20.677765,-0.97,0.010967255,0.025629997,0.00011920929,0.41282266,0.76461226
2022-09-07,PLAYAS,Antioquia,109.03,510985000.0,444460000.0,114.96760113396031,22.738739,-0.41776657,0.34168243,1014.2272,20.712463,-0.97,0.022888184,0.025093555,0.00035762787,0.401255,0.53969973
2022-09-08,PLAYAS,Antioquia,113.59,511733000.0,444460000.0,115.13589524366648,21.723785,0.03523636,-0.09318924,1013.0842,20.619446,-0.97,0.4491806,0.032663345,0.00846386,0.40632582,0.099628486
2022-09-09,PLAYAS,Antioquia,109.94,601330000.0,444460000.0,135.2945146919858,21.225922,0.15942383,0.17591858,1013.16486,20.365265,-0.97,0.21076202,0.0885725,0.009357929,0.426754,0.23740956
2022-09-10,PLAYAS,Antioquia,108.28,370059000.0,444460000.0,83.26036088736895,22.031525,-0.1584816,0.8206253,1013.8722,20.200989,-0.97,0.1103878,0.03492832,0.0039339066,0.44179922,0.8357885
2022-09-11,PLAYAS,Antioquia,105.7,344998000.0,444460000.0,77.62183323583675,22.256744,-0.3919716,0.23884201,1014.8055,19.924286,-0.97,0.00011920929,0.024139881,0.0,0.4192233,0.4590068
2022-09-12,PLAYAS,Antioquia,107.93,564065000.0,444460000.0,126.91018314358998,20.669098,-0.09965134,-0.13490677,1014.4625,19.592499,-0.97,0.1975298,0.030398369,0.005841255,0.42262167,0.16772068
2022-09-13,PLAYAS,Antioquia,109.39,589357000.0,444460000.0,132.60068397606085,20.982513,-0.07066727,0.26134872,1013.4316,19.066193,-0.97,0.20492077,0.039935112,0.014424324,0.43108392,0.27073422
2022-09-14,PLAYAS,Antioquia,106.32999999999998,628809000.0,444460000.0,141.4770733024344,20.364899,0.18516922,0.005027771,1013.65424,18.877472,-0.97,0.3874302,0.14740229,0.016868114,0.4669554,0.18523747
2022-09-15,PLAYAS,Antioquia,100.97,416637000.0,444460000.0,93.74004409845656,22.112091,-0.0018081665,-0.10230255,1013.4875,18.900879,-0.97,0.015497208,0.037908554,0.00029802322,0.45940077,0.10231853
2022-09-16,PLAYAS,Antioquia,106.19,1062101000.0,444460000.0,238.96436124735635,21.09842,0.0341568,0.33169174,1013.9308,19.143097,-0.97,0.10025501,0.0487566,0.0056028366,0.45109534,0.3334458
2022-09-17,PLAYAS,Antioquia,102.14,486669000.0,444460000.0,109.49669261575843,21.965363,-0.027225494,-0.10823059,1013.8183,19.47699,-0.97,0.051140785,0.049591064,0.0029206276,0.45729294,0.111602366
2022-09-18,PLAYAS,Antioquia,109.91,842987000.0,444460000.0,189.66543670971515,21.421356,-0.05871582,0.255867,1013.82904,19.77182,-0.97,0.27513504,0.15032291,0.023245811,0.46392298,0.26251757
2022-09-19,PLAYAS,Antioquia,110.04,749266000.0,444460000.0,168.57894973675923,20.878632,-0.09939957,-0.21467972,1014.8317,19.943573,-0.97,0.23674965,0.06330013,0.010430813,0.46623927,0.23657484
2022-09-20,PLAYAS,Antioquia,116.27,585985000.0,444460000.0,131.84201052963147,21.179169,0.22348022,0.20048523,1014.60345,20.286285,-0.97,0.17893314,0.08332729,0.022470951,0.4787863,0.30022946
2022-09-21,PLAYAS,Antioquia,110.3,554410000.0,444460000.0,124.73788417405392,21.348602,-0.155159,-0.023029327,1014.20624,20.261353,-0.97,0.37288666,0.09793043,0.03129244,0.48272702,0.15685874
2022-09-22,PLAYAS,Antioquia,113.97,629864000.0,444460000.0,141.71443999460018,19.860077,-0.20314026,-0.041053772,1014.5408,20.245392,-0.97,0.64492226,0.13941526,0.07119775,0.5006298,0.20724714
2022-09-23,PLAYAS,Antioquia,109.48,598670000.0,444460000.0,134.69603563875265,21.699371,-0.12681198,-0.1841011,1013.97266,20.437561,-0.97,0.09763241,0.07992983,0.01090765,0.48807356,0.22354975
2022-09-24,PLAYAS,Antioquia,112.94,745425000.0,444460000.0,167.71475498357557,21.687653,0.28647232,0.34266663,1013.35315,20.252594,-0.97,0.116467476,0.08273125,0.015318394,0.48325402,0.44663945
2022-09-25,PLAYAS,Antioquia,107.22,700352000.0,444460000.0,157.57368492102776,21.77829,-0.23244858,0.29036713,1012.41766,20.046295,-0.97,0.32496452,0.07367134,0.00756979,0.47862735,0.37194812
2022-09-26,PLAYAS,Antioquia,110.16,539523000.0,444460000.0,121.38842640507583,22.211517,-0.32580948,-0.0027503967,1012.40063,19.792328,-0.97,0.026226044,0.06467104,0.0005364418,0.4626943,0.3258211
2022-09-27,PLAYAS,Antioquia,111.93,463326000.0,444460000.0,104.24470143544976,21.630829,-0.37703323,0.008811951,1013.60205,19.543121,-0.97,0.17356873,0.066161156,0.0044703484,0.45664167,0.3771362
2022-09-28,PLAYAS,Antioquia,118.12,611102000.0,444460000.0,137.4931377401791,20.79068,-0.27544403,-0.37978363,1014.21185,19.425446,-0.97,0.19967556,0.06699562,0.0076293945,0.44996983,0.46915352
2022-09-29,PLAYAS,Antioquia,115.23,533183000.0,444460000.0,119.9619763308284,20.893341,-0.3899765,0.14082336,1013.33716,19.710083,-0.97,0.4812479,0.10025501,0.04285574,0.45713824,0.4146238
2022-09-30,PLAYAS,Antioquia,117.36,559070000.0,444460000.0,125.78634747783828,21.114288,-0.30181503,-0.30675507,1012.4961,19.713043,-0.97,0.8736849,0.29736757,0.18060207,0.4985264,0.4303382
2022-10-01,PLAYAS,Antioquia,114.34,1591888000.0,1420030000.0,112.1024203714006,20.787018,-0.1343689,0.21625519,1014.23,19.77475,-0.94,0.2502203,0.09095669,0.037431717,0.49276152,0.2546003
2022-10-02,PLAYAS,Antioquia,113.46,1208658600.0,1420030000.0,85.1150046125786,21.880035,-0.3016739,0.34649658,1015.2573,20.034882,-0.94,0.02527237,0.052809715,0.00047683716,0.4710323,0.45942032
2022-10-03,PLAYAS,Antioquia,111.42,1128876500.0,1420030000.0,79.4966655634036,22.789215,-0.3806076,-0.105594635,1013.7442,20.411652,-0.94,0.0,0.05054474,0.0,0.45260707,0.394984
2022-10-04,PLAYAS,Antioquia,115.04,1114976200.0,1420030000.0,78.51779187763638,22.242401,0.05804062,0.37273788,1012.32935,20.425507,-0.94,0.007867813,0.048577785,0.0004172325,0.44080168,0.3772297
2022-10-05,PLAYAS,Antioquia,114.81,1356708700.0,1420030000.0,95.5408477285691,20.380463,-0.26982498,-0.109947205,1013.04846,20.184479,-0.94,0.58078766,0.24056435,0.19401312,0.4583504,0.2913656
2022-10-06,PLAYAS,Antioquia,113.68,1401853300.0,1420030000.0,98.719977746949,21.201324,0.026325226,-0.1035614,1013.51764,19.972473,-0.94,0.41007996,0.09167194,0.04631281,0.48565573,0.10685495
2022-10-07,PLAYAS,Antioquia,115.5,1399563100.0,1420030000.0,98.55869946409584,21.71231,0.103530884,0.19249344,1011.61017,19.812653,-0.94,0.03862381,0.046014786,0.0017881393,0.49297577,0.2185689
2022-10-08,PLAYAS,Antioquia,115.29,1775790400.0,1420030000.0,125.05302000661958,21.426971,-0.2651863,0.56199646,1012.0641,19.652283,-0.94,0.48434734,0.10597706,0.058948994,0.49302992,0.6214208
2022-10-09,PLAYAS,Antioquia,115.58,1632202900.0,1420030000.0,114.94143785694668,21.257843,-0.192276,-0.39102173,1013.3192,19.413513,-0.94,0.31590462,0.06443262,0.021100044,0.49357033,0.43573853
2022-10-10,PLAYAS,Antioquia,112.06,1569674200.0,1420030000.0,110.53810130771886,21.82602,-0.07791138,0.19317245,1013.8119,19.365112,-0.94,0.22351742,0.06276369,0.019490719,0.49017635,0.20829253
2022-10-11,PLAYAS,Antioquia,114.0,1381820100.0,1420030000.0,97.30921881932072,21.861542,0.27412033,0.4305458,1014.09546,19.421906,-0.94,0.07665157,0.06222725,0.0026226044,0.47726476,0.5104034
2022-10-12,PLAYAS,Antioquia,115.78,1186008800.0,1420030000.0,83.51998197221185,21.094147,0.29686356,0.19643402,1013.01794,19.529022,-0.94,0.21088123,0.04887581,0.00590086,0.47538573,0.35596952
2022-10-13,PLAYAS,Antioquia,115.34,1291881900.0,1420030000.0,90.97567657021332,20.791046,0.22890091,-0.2632637,1013.91455,19.476898,-0.94,0.38599968,0.10061264,0.038951635,0.48956898,0.34886014
2022-10-14,PLAYAS,Antioquia,109.98000000000002,1236172600.0,1420030000.0,87.05256931191595,20.864532,-0.3032112,-0.27993774,1014.09735,19.446808,-0.94,0.4515648,0.11998415,0.050663948,0.49913797,0.41267684
2022-10-15,PLAYAS,Antioquia,109.09,1147951100.0,1420030000.0,80.83991887495334,21.122833,0.033462524,-0.012168884,1013.8795,19.715363,-0.94,0.039339066,0.06979704,0.002682209,0.48609635,0.035606492
2022-10-16,PLAYAS,Antioquia,107.69,1201306800.0,1420030000.0,84.59728315598967,22.004486,-0.23464203,0.0120277405,1012.70825,19.951447,-0.94,0.029921532,0.06699562,0.0013113022,0.48649362,0.2349501
2022-10-17,PLAYAS,Antioquia,111.20000000000002,1589992600.0,1420030000.0,111.96894431807776,21.190704,0.119392395,-0.15546036,1012.3708,20.048859,-0.94,0.13685226,0.06955862,0.0054836273,0.48524407,0.19601649
2022-10-18,PLAYAS,Antioquia,114.46,1645466600.0,1420030000.0,115.87548150391189,20.564362,-0.41746902,-0.044013977,1013.39825,20.211853,-0.94,0.07045269,0.06854534,0.005841255,0.4894347,0.41978282
2022-10-19,PLAYAS,Antioquia,111.4,1935383200.0,1420030000.0,136.29171214692647,20.716827,0.18660355,-0.114780426,1014.04767,20.468414,-0.94,0.25081635,0.074625015,0.01335144,0.48631227,0.21907859
2022-10-20,PLAYAS,Antioquia,107.93,2735634800.0,1420030000.0,192.6462680365908,19.99295,0.20729828,0.19151688,1014.48706,20.373047,-0.94,0.36883354,0.17023087,0.049948692,0.5021427,0.2822256
2022-10-21,PLAYAS,Antioquia,108.37,2456820100.0,1420030000.0,173.01184482017987,20.84555,0.08944321,-0.45645523,1013.4775,20.280823,-0.94,0.23937225,0.17142296,0.038444996,0.48880404,0.46513596
2022-10-22,PLAYAS,Antioquia,109.8,2082737000.0,1420030000.0,146.66852108758266,20.99997,-0.4446411,-0.2638359,1013.1255,20.35785,-0.94,0.7867813,0.2517104,0.12558699,0.500737,0.51702523
2022-10-23,PLAYAS,Antioquia,114.26,2370652400.0,1420030000.0,166.94382513045497,20.877655,-0.25743103,-0.099845886,1013.58795,20.348572,-0.94,0.70238113,0.23204088,0.035703182,0.5052824,0.2761158
2022-10-24,PLAYAS,Antioquia,111.9,2585500500.0,1420030000.0,182.07365337352027,20.20871,-0.008098602,-0.14481354,1013.79175,20.45755,-0.94,0.20444393,0.1372695,0.019699335,0.4917886,0.14503981
2022-10-25,PLAYAS,Antioquia,109.81,2165933700.0,1420030000.0,152.52731984535538,21.1904,0.29273987,-0.2083931,1013.71466,20.454285,-0.94,0.44071674,0.18393993,0.062197447,0.4869796,0.35933873
2022-10-26,PLAYAS,Antioquia,109.29,2097738600.0,1420030000.0,147.72494947289846,20.612274,0.1483612,-0.37948227,1013.2477,20.4646,-0.94,0.51403046,0.1912117,0.037252903,0.48995775,0.40745285
2022-10-27,PLAYAS,Antioquia,108.87,2264445400.0,1420030000.0,159.46461694471245,20.484955,0.32337952,-0.13633728,1012.6114,20.418182,-0.94,0.47028065,0.33795834,0.040113926,0.50393075,0.35094467
2022-10-28,PLAYAS,Antioquia,111.83,2932038200.0,1420030000.0,206.4772011858905,20.315765,-0.42032623,-0.40031052,1013.96954,20.254883,-0.94,0.5595684,0.34356117,0.0680089,0.4976929,0.58045036
2022-10-29,PLAYAS,Antioquia,106.08,3093529000.0,1420030000.0,217.84955247424352,20.11905,-0.8884125,-0.54016113,1014.8081,20.225769,-0.94,0.7046461,0.91326237,0.15377998,0.5004528,1.0397359
2022-10-30,PLAYAS,Antioquia,105.16,2596209000.0,1420030000.0,182.82775716006,21.395233,-0.653347,-0.00048828125,1013.16486,20.131622,-0.94,0.2039671,0.26470423,0.031471252,0.48471642,0.6533472
2022-10-31,PLAYAS,Antioquia,105.5,2321876800.0,1420030000.0,163.5089962888108,21.345306,-0.39684677,-0.06116867,1012.323,20.110199,-0.94,0.014781952,0.15306473,0.0013113022,0.4689912,0.40153328
2022-11-01,PLAYAS,Antioquia,104.86,2167823100.0,1730210000.0,125.29248472728744,21.866058,-0.54491806,-0.027519226,1013.3558,20.18631,-0.85,0.002861023,0.117361546,5.9604645e-05,0.45426765,0.5456125
2022-11-02,PLAYAS,Antioquia,105.39,2017991500.0,1730210000.0,116.6327497818184,21.980927,-0.23052216,0.32628632,1013.6711,20.580627,-0.85,0.00035762787,0.09608269,0.0,0.4421548,0.3995037
2022-11-03,PLAYAS,Antioquia,104.91,2000779600.0,1730210000.0,115.63796302182972,21.87619,-0.3553505,0.15444946,1012.5186,20.644318,-0.85,0.00023841858,0.08165836,0.0,0.4309525,0.3874643
2022-11-04,PLAYAS,Antioquia,105.86,2162950800.0,1730210000.0,125.01088307199704,21.653229,-0.04663849,0.25893784,1013.445,20.641876,-0.85,0.072956085,0.0757575,0.0045895576,0.4264904,0.26310447
2022-11-05,PLAYAS,Antioquia,114.24,2053377500.0,1730210000.0,118.67793504834674,20.67984,-0.09441376,-0.15108871,1013.15234,20.456818,-0.85,0.49078465,0.08845329,0.024795532,0.45893142,0.17816216
2022-11-06,PLAYAS,Antioquia,114.4,2057592900.0,1730210000.0,118.92157021402024,20.84964,-0.32813644,0.040309906,1013.65094,20.322845,-0.85,0.38301945,0.12212992,0.06407499,0.49641997,0.33060312
2022-11-07,PLAYAS,Antioquia,112.25,1972164200.0,1730210000.0,113.98409441628472,21.108246,0.2269249,-0.08870697,1013.6914,20.423492,-0.85,0.118255615,0.07379055,0.019967556,0.49728668,0.24364695
2022-11-08,PLAYAS,Antioquia,109.48,2303848200.0,1730210000.0,133.1542529519538,20.425323,0.2315526,0.14616013,1014.9447,20.464783,-0.85,0.60999393,0.18125772,0.13035536,0.507384,0.27382365
2022-11-09,PLAYAS,Antioquia,113.76,2776061600.0,1730210000.0,160.44651227307668,20.124115,0.06513214,-0.17791367,1014.8161,20.715271,-0.85,0.7853508,0.23114681,0.18256903,0.5034387,0.189461
2022-11-10,PLAYAS,Antioquia,111.18,2869413400.0,1730210000.0,165.8419151432485,20.48819,-0.6730614,-0.09333801,1015.22986,21.072144,-0.85,0.41282177,0.119924545,0.06979704,0.5036491,0.6795025
2022-11-11,PLAYAS,Antioquia,108.83,2336300200.0,1730210000.0,135.02986342698284,20.529999,-0.13954926,-0.41153336,1014.34186,21.209595,-0.85,0.1269579,0.059604645,0.008672476,0.4914839,0.43455
2022-11-12,PLAYAS,Antioquia,111.68,2410617600.0,1730210000.0,139.32514550256906,19.699799,-0.031570435,-0.040008545,1013.5661,21.188202,-0.85,0.233531,0.074625015,0.024974346,0.49283937,0.05096446
2022-11-13,PLAYAS,Antioquia,108.76,2599772700.0,1730210000.0,150.25763924610308,20.814178,-0.13133621,-0.2956009,1013.1206,21.494507,-0.85,0.3196001,0.08183718,0.03248453,0.49848443,0.32346418
2022-11-14,PLAYAS,Antioquia,109.46,2352469200.0,1730210000.0,135.96437426670752,21.254791,0.387146,-0.1674118,1012.8736,21.611237,-0.85,0.009298325,0.0538826,0.001013279,0.49001572,0.4217923
2022-11-15,PLAYAS,Antioquia,104.56,2328984700.0,1730210000.0,134.60705347905747,21.48941,-0.20907211,-0.007633209,1013.1861,21.244904,-0.85,0.034570694,0.05787611,0.0013113022,0.4845942,0.20921141
2022-11-16,PLAYAS,Antioquia,105.37,2523938000.0,1730210000.0,145.8746626132088,21.512665,-0.07648468,-0.1777153,1013.3803,20.97409,-0.85,0.0052452087,0.059127808,0.00023841858,0.47203633,0.19347514
2022-11-17,PLAYAS,Antioquia,105.13,2254493600.0,1730210000.0,130.30173215968003,21.272308,0.17216873,0.12919235,1012.34,20.554901,-0.85,0.038981438,0.06353855,0.0032782555,0.46804535,0.2152504
2022-11-18,PLAYAS,Antioquia,114.81,2477457200.0,1730210000.0,143.1882372659966,19.917023,-0.12902832,-0.20672607,1013.4919,20.24405,-0.85,0.42819977,0.099778175,0.03838539,0.49568927,0.24368829
2022-11-19,PLAYAS,Antioquia,108.83,2495699400.0,1730210000.0,144.2425717109484,21.451752,-0.3261032,0.029685974,1011.8006,19.961304,-0.85,0.010609627,0.063061714,0.0012516975,0.4817413,0.32745162
2022-11-20,PLAYAS,Antioquia,118.47,2350961500.0,1730210000.0,135.877234555343,22.123138,-0.14040756,0.010726929,1011.302,19.631378,-0.85,0.0166893,0.061511993,0.0007748604,0.47809568,0.14081672
2022-11-21,PLAYAS,Antioquia,107.74,2206572100.0,1730210000.0,127.53203946341772,20.708466,-0.017341614,-0.23716354,1012.0217,19.591003,-0.85,0.14269352,0.08022785,0.020384789,0.4881481,0.23779671
2022-11-22,PLAYAS,Antioquia,102.06,2129406900.0,1730210000.0,123.07216465053376,20.7883,-0.07509613,-0.4420395,1012.6694,19.837036,-0.85,0.1502037,0.07277727,0.013411045,0.4891378,0.448373
2022-11-23,PLAYAS,Antioquia,101.29999999999998,2292534600.0,1730210000.0,132.50036700747307,20.35495,-0.2571602,-0.23372269,1013.09686,19.888153,-0.85,0.09000301,0.066280365,0.0064969063,0.47727123,0.34750202
2022-11-24,PLAYAS,Antioquia,105.1,2302368000.0,1730210000.0,133.06870264303177,20.343903,0.016540527,-0.14391327,1013.02313,19.958527,-0.85,0.18656254,0.08314848,0.02026558,0.48303476,0.14486068
2022-11-25,PLAYAS,Antioquia,100.83,1983041800.0,1730210000.0,114.61278110749562,21.186432,-0.03681183,-0.043518066,1013.2447,20.341583,-0.85,0.06222725,0.11610985,0.0044107437,0.49102616,0.05699941
2022-11-26,PLAYAS,Antioquia,101.11,2302799100.0,1730210000.0,133.0936186936846,20.550201,0.19868469,-0.1326294,1014.86096,20.952148,-0.85,0.28252602,0.21791458,0.04309416,0.49001062,0.23888525
2022-11-27,PLAYAS,Antioquia,101.81,1889090200.0,1730210000.0,109.18271192514204,20.549469,0.008522034,-0.05461502,1014.16235,21.336884,-0.85,0.25773048,0.30109286,0.046640635,0.5017314,0.055275906
2022-11-28,PLAYAS,Antioquia,103.58,2337885700.0,1730210000.0,135.12149970234827,20.378937,-0.08680725,0.0008621216,1013.39124,21.821228,-0.85,0.29563904,0.25367737,0.062942505,0.49387947,0.08681153
2022-11-29,PLAYAS,Antioquia,108.18,2265156500.0,1730210000.0,130.9180099525491,20.279022,0.18898392,-0.28432846,1012.64734,22.031647,-0.85,0.22780895,0.19618869,0.041991472,0.49759415,0.34140533
2022-11-30,PLAYAS,Antioquia,107.27,2255549300.0,1730210000.0,130.36274787453544,20.02768,-0.12675858,-0.34638596,1012.7864,21.963104,-0.85,0.2734661,0.16799569,0.0282228,0.4838844,0.3688509
2022-12-01,PLAYAS,Antioquia,103.14,3322862000.0,2479150000.0,134.03230946090395,19.862152,-0.09127045,-0.7051544,1012.0131,21.826569,-0.71,0.009059906,0.12153387,0.00023841858,0.47456503,0.71103656
2022-12-02,PLAYAS,Antioquia,102.81,3331371900.0,2479150000.0,134.37556823911422,20.184479,-0.17412949,-0.8095436,1011.7275,21.879547,-0.71,0.007033348,0.107467175,5.9604645e-05,0.46322197,0.82805914
2022-12-03,PLAYAS,Antioquia,106.15,3458996100.0,2479150000.0,139.52346973761166,20.260468,-0.26597214,-0.37743378,1012.6886,21.767487,-0.71,0.046133995,0.096321106,0.0010728836,0.45531797,0.46173307
2022-12-04,PLAYAS,Antioquia,106.58,3685041600.0,2479150000.0,148.64133271484178,19.866852,0.21097493,-0.37512589,1012.47906,21.814362,-0.71,0.36144257,0.12540817,0.039696693,0.4731786,0.43038338
2022-12-05,PLAYAS,Antioquia,108.3,3598195700.0,2479150000.0,145.1382812657564,19.514862,0.14144516,-0.26163864,1012.3834,21.783966,-0.71,0.12278557,0.09781122,0.018537045,0.49406183,0.2974248
2022-12-06,PLAYAS,Antioquia,107.08,3553289300.0,2479150000.0,143.32691850029244,19.9581,0.12799835,-0.16421509,1013.59796,21.816498,-0.71,0.09024143,0.08147955,0.0068843365,0.49047738,0.20820704
2022-12-07,PLAYAS,Antioquia,105.55,3492878200.0,2479150000.0,140.89015186656718,19.483551,-0.10525513,-0.29920197,1014.22205,21.966888,-0.71,0.07033348,0.07325411,0.0024437904,0.48140675,0.31717575
2022-12-08,PLAYAS,Antioquia,104.47,3642605700.0,2479150000.0,146.92962103946917,20.373749,-0.3402748,-0.048324585,1013.6223,21.977509,-0.71,0.015258789,0.06777048,0.00081956387,0.4703511,0.3436891
2022-12-09,PLAYAS,Antioquia,106.82,3842683100.0,2479150000.0,155.0000242018434,20.091644,-0.24394608,-0.0358963,1012.73737,22.00351,-0.71,0.045895576,0.06502867,0.0017285347,0.46347108,0.24657297
2022-12-10,PLAYAS,Antioquia,106.25,3381990600.0,2479150000.0,136.41734465441783,20.691376,-0.0839386,-0.00088500977,1013.52325,21.967499,-0.71,0.064611435,0.06747246,0.0074505806,0.46451426,0.08394326
2022-12-11,PLAYAS,Antioquia,106.85,3502591500.0,2479150000.0,141.28195147530406,21.137543,0.16563034,-0.11565018,1013.77783,21.98883,-0.71,0.03194809,0.058054924,0.0013709068,0.4703433,0.20201083
2022-12-12,PLAYAS,Antioquia,109.29,3607316600.0,2479150000.0,145.50618558780226,20.565033,-0.10682678,-0.20555878,1013.42236,22.084564,-0.71,0.09119511,0.055849552,0.0022053719,0.46723682,0.23166004
2022-12-13,PLAYAS,Antioquia,102.56,3482754400.0,2479150000.0,140.48179416332212,20.520966,0.37498856,-0.19389725,1012.77545,22.014557,-0.71,0.13625622,0.056803226,0.00590086,0.4717219,0.42215228
2022-12-14,PLAYAS,Antioquia,106.42,3306062400.0,2479150000.0,133.35467398100155,21.112396,-0.087135315,-0.10866928,1012.1872,22.249939,-0.71,0.073194504,0.053226948,0.0049471855,0.47064513,0.13928954
2022-12-15,PLAYAS,Antioquia,107.11,3111461800.0,2479150000.0,125.50518524494282,21.906342,-0.13352585,-0.06715393,1011.9794,22.30722,-0.71,0.0039339066,0.045657158,5.9604645e-05,0.45364174,0.1494617
2022-12-16,PLAYAS,Antioquia,105.56,2995457100.0,2479150000.0,120.8259726115806,21.083527,-0.018535614,-0.27998352,1011.3786,22.324158,-0.71,0.022649765,0.04351139,0.0003874302,0.44705537,0.2805964
2022-12-17,PLAYAS,Antioquia,94.89,3014528500.0,2479150000.0,121.59524433777706,20.936676,-0.06396103,-0.1314621,1010.41095,22.328339,-0.71,0.05686283,0.045478344,0.004529953,0.44708982,0.14619608
2022-12-18,PLAYAS,Antioquia,89.14,2870989100.0,2479150000.0,115.80538087651009,20.388092,-0.15982819,-0.16735077,1012.16174,22.426361,-0.71,0.12540817,0.04595518,0.007033348,0.45543528,0.2314116
2022-12-19,PLAYAS,Antioquia,85.22999999999999,2417823500.0,2479150000.0,97.52630942056754,20.913849,-0.29722977,-0.05817032,1013.4459,22.530182,-0.71,0.07581711,0.03963709,0.0023841858,0.4603036,0.3028685
2022-12-20,PLAYAS,Antioquia,73.71,2375309500.0,2479150000.0,95.81144747191578,22.001617,-0.042762756,-0.10213852,1012.78955,22.590485,-0.71,0.002026558,0.035464764,0.00017881393,0.44418523,0.11072908
2022-12-21,PLAYAS,Antioquia,66.51,2150142700.0,2479150000.0,86.72902809430651,21.115631,0.32011795,-0.05683899,1013.0486,22.658417,-0.71,0.11765957,0.038266182,0.004827976,0.44612324,0.32512486
2022-12-22,PLAYAS,Antioquia,71.35000000000001,2103732100.0,2479150000.0,84.85699130750459,21.475739,-0.11061096,-0.34526443,1012.0037,22.620453,-0.71,0.097990036,0.038683414,0.006735325,0.44679937,0.36254972
2022-12-23,PLAYAS,Antioquia,65.49000000000001,2084809300.0,2479150000.0,84.09371357118367,21.764374,-0.45171356,-0.13068008,1012.5439,22.73288,-0.71,0.06687641,0.035881996,0.0054240227,0.44259343,0.47023657
2022-12-24,PLAYAS,Antioquia,59.41,1920699600.0,2479150000.0,77.47411814533207,21.22226,-0.073280334,-0.09551239,1012.3903,22.81018,-0.71,0.14090538,0.034332275,0.00500679,0.43885082,0.12038531
2022-12-25,PLAYAS,Antioquia,51.31,2080588600.0,2479150000.0,83.92346570397112,21.547516,-0.654438,-0.3075447,1011.97015,22.910034,-0.71,0.034093857,0.02837181,0.0004172325,0.43306354,0.72309947
2022-12-26,PLAYAS,Antioquia,43.82,2142142500.0,2479150000.0,86.40632878204222,21.539825,-0.47960663,0.12340164,1012.89764,23.076752,-0.71,0.0,0.026524067,0.0,0.4229819,0.4952277
2022-12-27,PLAYAS,Antioquia,60.13,2381636500.0,2479150000.0,96.06665591029184,20.040741,-0.3959465,-0.1962738,1014.34265,23.138763,-0.71,0.014662743,0.026464462,0.000834465,0.41427946,0.44192424
2022-12-28,PLAYAS,Antioquia,67.99,5932675600.0,2479150000.0,239.30280943065165,21.017914,0.07944107,-0.23310089,1014.91846,23.098785,-0.71,0.086545944,0.028550625,0.003993511,0.4179578,0.24626593
2022-12-29,PLAYAS,Antioquia,60.92999999999999,2341266000.0,2479150000.0,94.43825504709277,20.43637,0.13719177,-0.032039642,1015.03766,23.151398,-0.71,0.08928776,0.027954578,0.004440546,0.43065515,0.14088336
2022-12-30,PLAYAS,Antioquia,53.33,5605973000.0,2479150000.0,226.12480083899723,20.49759,0.22835922,-0.38492584,1013.29596,23.108032,-0.71,0.028252602,0.024795532,0.002026558,0.44339147,0.4475666
2022-12-31,PLAYAS,Antioquia,45.77,1863578200.0,2479150000.0,75.17004618518443,21.48764,-0.046894073,-0.2675705,1014.0522,23.065216,-0.71,0.19490719,0.025391579,0.0035762787,0.44490653,0.2716487
2023-01-01,PLAYAS,Antioquia,39.28,2022738100.0,1780620000.0,113.59740427491548,21.159027,0.10747528,-0.28659058,1014.59174,22.870361,-0.54,0.13375282,0.026524067,0.0054836273,0.4344921,0.3060802
2023-01-02,PLAYAS,Antioquia,66.05,2142337100.0,1780620000.0,120.3141096921297,20.303131,-0.019321442,-0.22691345,1014.70483,22.628632,-0.54,0.26869774,0.044584274,0.024437904,0.43496126,0.22773457
2023-01-03,PLAYAS,Antioquia,65.3,2929108700.0,1780620000.0,164.4993710056048,19.437225,0.34013367,-0.118644714,1015.4311,22.575531,-0.54,0.21600723,0.030994415,0.011146069,0.45645207,0.36023253
2023-01-04,PLAYAS,Antioquia,62.41,3239306000.0,1780620000.0,181.92011771180825,19.873077,-0.24062729,-0.3358078,1014.97015,22.53946,-0.54,0.028252602,0.019907951,0.00071525574,0.46875286,0.41312027
2023-01-05,PLAYAS,Antioquia,61.35,2690288500.0,1780620000.0,151.08717749997192,20.934174,-0.05718994,-0.2880783,1014.4431,22.471191,-0.54,0.027179718,0.019818544,0.0012516975,0.44677734,0.2937002
2023-01-06,PLAYAS,Antioquia,60.39,2545544100.0,1780620000.0,142.95830104121038,20.785492,-0.0732193,-0.26588058,1014.6614,22.626495,-0.54,0.072956085,0.021398067,0.0032782555,0.4471097,0.27577808
2023-01-07,PLAYAS,Antioquia,66.45,2685930400.0,1780620000.0,150.84242567195696,19.875885,0.032684326,0.11626053,1015.52374,22.83957,-0.54,0.64122677,0.07760525,0.060021877,0.49961835,0.120767444
2023-01-08,PLAYAS,Antioquia,65.83,2755323600.0,1780620000.0,154.7395626242545,19.682465,0.027641296,-0.055511475,1015.65326,23.036133,-0.54,0.033974648,0.019431114,0.0022053719,0.47871792,0.06201262
2023-01-09,PLAYAS,Antioquia,69.77,2520524000.0,1780620000.0,141.55316687445946,20.344147,-0.12239075,-0.4883232,1015.11127,23.251892,-0.54,0.013232231,0.018239021,0.0012516975,0.46418226,0.50342727
2023-01-10,PLAYAS,Antioquia,77.71000000000001,3321535200.0,1780620000.0,186.53812716918824,19.854156,-0.72109985,0.12628555,1015.6325,23.590271,-0.54,0.8275509,0.1937151,0.119656324,0.4917315,0.7320745
2023-01-11,PLAYAS,Antioquia,83.56,3268016600.0,1780620000.0,183.53251114780244,20.69925,-0.3086586,-0.34300613,1015.15656,23.93637,-0.54,0.29551983,0.06341934,0.046670437,0.5017484,0.46143618
2023-01-12,PLAYAS,Antioquia,82.45,3517024100.0,1780620000.0,197.51682560007188,20.578705,-0.110694885,-0.10235596,1014.8389,24.075409,-0.54,0.07367134,0.0243783,0.007748604,0.48785645,0.15076505
2023-01-13,PLAYAS,Antioquia,92.06,3698239900.0,1780620000.0,207.69394368253757,21.43332,0.029205322,-0.26273727,1014.03564,24.084015,-0.54,0.036001205,0.019073486,0.002413988,0.47794604,0.26435548
2023-01-14,PLAYAS,Antioquia,98.84,3664684000.0,1780620000.0,205.80943716233676,21.022552,-0.3450737,-0.038196564,1014.28033,24.124329,-0.54,0.088095665,0.019431114,0.0027418137,0.48175067,0.34718126
2023-01-15,PLAYAS,Antioquia,98.78,3868542700.0,1780620000.0,217.25818535116983,20.460846,-0.3354187,-0.10614395,1014.9316,24.118988,-0.54,0.1770258,0.025331974,0.008881092,0.4785268,0.35181278
2023-01-16,PLAYAS,Antioquia,94.52,3287918100.0,1780620000.0,184.6501836438993,20.671967,-0.35145187,0.086875916,1014.165,24.079742,-0.54,0.1039505,0.021159649,0.0044703484,0.47358432,0.36203018
2023-01-17,PLAYAS,Antioquia,86.46000000000001,2916460400.0,1780620000.0,163.78903977266347,21.035187,-0.17997742,0.076690674,1013.03375,24.068909,-0.54,0.08201599,0.020503998,0.003695488,0.47305945,0.1956357
2023-01-18,PLAYAS,Antioquia,83.32000000000001,2965988700.0,1780620000.0,166.5705596926913,20.631195,0.2673111,-0.04650116,1013.6694,24.089417,-0.54,0.25188923,0.027537346,0.010967255,0.46476477,0.27132562
2023-01-19,PLAYAS,Antioquia,87.09,2768496000.0,1780620000.0,155.47932742527885,20.145538,-0.16143799,-0.15827179,1014.1969,24.206512,-0.54,0.08332729,0.019729137,0.0031590462,0.46028286,0.22608003
2023-01-20,PLAYAS,Antioquia,89.98,2733894100.0,1780620000.0,153.53607732138244,19.667328,0.08415985,-0.14748764,1014.1741,24.330627,-0.54,0.1707077,0.022530556,0.0063180923,0.46282762,0.16981013
2023-01-21,PLAYAS,Antioquia,81.93,2703966200.0,1780620000.0,151.85532005705878,21.045868,-0.18152618,-0.2867813,1013.03204,24.33136,-0.54,0.019431114,0.017523766,0.0013113022,0.45307946,0.33940428
2023-01-22,PLAYAS,Antioquia,92.03,2708243900.0,1780620000.0,152.09555660387954,20.68515,-0.37511826,-0.020309448,1012.2272,24.318695,-0.54,0.062167645,0.02026558,0.004351139,0.45289174,0.37566766
2023-01-23,PLAYAS,Antioquia,84.39,2662922100.0,1780620000.0,149.55027462344577,21.187408,0.28866577,0.04567337,1013.3873,24.518524,-0.54,0.023126602,0.01680851,0.0008940697,0.4495174,0.2922567
2023-01-24,PLAYAS,Antioquia,86.92,2419685900.0,1780620000.0,135.89007761341557,21.686493,-0.18088531,0.115745544,1012.3292,24.564667,-0.54,0.0,0.015497208,0.0,0.43548506,0.2147476
2023-01-25,PLAYAS,Antioquia,95.13,2390814000.0,1780620000.0,134.26862553492606,21.768707,-0.4248581,-0.17321396,1011.7558,24.66745,-0.54,0.0011920929,0.015318394,0.00011920929,0.42546695,0.45881093
2023-01-26,PLAYAS,Antioquia,101.54,2257414100.0,1780620000.0,126.77685862227764,21.413483,-0.20114517,-0.1255188,1011.5533,24.845764,-0.54,0.01335144,0.015556812,0.00047683716,0.41458002,0.23709565
2023-01-27,PLAYAS,Antioquia,94.91,2007681200.0,1780620000.0,112.75180555087556,21.966095,-0.1974144,-0.14700699,1011.80237,25.135101,-0.54,0.00011920929,0.014662743,0.0,0.40614069,0.24613716
2023-01-28,PLAYAS,Antioquia,95.88,1475311300.0,1780620000.0,82.85379811526322,20.999176,-0.4270439,0.013748169,1011.7722,25.138214,-0.54,0.0,0.014424324,0.0,0.39513808,0.42726517
2023-01-29,PLAYAS,Antioquia,89.49000000000001,2345271400.0,1780620000.0,131.71094337927238,20.722687,-0.30294037,0.13630676,1011.0189,25.277771,-0.54,0.0,0.014185905,0.0,0.38631454,0.33219332
2023-01-30,PLAYAS,Antioquia,87.44,1376805900.0,1780620000.0,77.3217137850861,21.079742,-0.35006332,-0.12002182,1012.2525,25.629303,-0.54,0.0,0.013709068,0.0,0.378322,0.37006697
2023-01-31,PLAYAS,Antioquia,89.81,1592412600.0,1780620000.0,89.43023216632409,21.400238,-0.47268677,-0.24029541,1012.52655,25.888458,-0.54,0.0,0.01347065,0.0,0.3695047,0.5302591
2023-02-01,PLAYAS,Antioquia,85.66,1542476700.0,1571930000.0,98.1262969725115,20.889435,-0.46407318,-0.16707993,1012.8017,26.031921,-0.29,0.0,0.013291836,0.0,0.360589,0.49323383
2023-02-02,PLAYAS,Antioquia,78.14,1507718800.0,1571930000.0,95.9151361701857,20.854645,-0.27698898,0.1638794,1012.71655,26.067108,-0.29,0.0,0.013053417,0.0,0.35269684,0.32183748
2023-02-03,PLAYAS,Antioquia,69.83,1379099000.0,1571930000.0,87.73285069945864,21.800201,-0.056900024,-0.14866257,1012.5075,26.229492,-0.29,0.0,0.012457371,0.0,0.3471397,0.15917969
2023-02-04,PLAYAS,Antioquia,69.8,1450413500.0,1571930000.0,92.26959851901805,20.925262,-0.061012268,-0.05052948,1014.8347,26.486725,-0.29,0.06866455,0.012874603,0.00059604645,0.34509653,0.079219475
2023-02-05,PLAYAS,Antioquia,74.63,1345623200.0,1571930000.0,85.60325205320848,21.421722,-0.22689438,-0.037773132,1013.4964,26.692352,-0.29,0.00035762787,0.011980534,0.0,0.34334534,0.23001711
2023-02-06,PLAYAS,Antioquia,70.41,1405610700.0,1571930000.0,89.41942071211822,21.950348,-0.29312897,0.2975464,1012.5619,26.76883,-0.29,0.0009536743,0.011861324,5.9604645e-05,0.33965373,0.41768223
2023-02-07,PLAYAS,Antioquia,66.85,1522512500.0,1571930000.0,96.85625314104318,21.770782,0.09144974,-0.27439117,1011.5684,26.872559,-0.29,0.078201294,0.012040138,0.00059604645,0.33547723,0.28922927
2023-02-08,PLAYAS,Antioquia,62.48,1360111300.0,1571930000.0,86.52492795480715,22.077911,-0.24571991,-0.10969925,1011.3178,26.896454,-0.29,0.0010728836,0.011265278,0.00011920929,0.33030206,0.26909515
2023-02-09,PLAYAS,Antioquia,53.93,1379580000.0,1571930000.0,87.76345002640068,21.089874,0.29981613,-0.17639923,1012.2569,26.892975,-0.29,0.18715858,0.014483929,0.0035762787,0.34682643,0.34785974
2023-02-10,PLAYAS,Antioquia,54.43,1374052300.0,1571930000.0,87.41179950761166,21.995697,-0.1231575,-0.25364304,1011.16376,26.770294,-0.29,0.000834465,0.010669231,0.0,0.34498766,0.28196198
2023-02-11,PLAYAS,Antioquia,49.370000000000005,1405666000.0,1571930000.0,89.4229386804756,22.006927,0.028469086,-0.20354462,1010.9772,26.641357,-0.29,0.037670135,0.011026859,0.0007748604,0.3394792,0.2055259
2023-02-12,PLAYAS,Antioquia,50.92,1354318200.0,1571930000.0,86.15639373254534,21.418243,0.13000107,-0.26580048,1010.6758,26.563812,-0.29,0.07331371,0.0123381615,0.0021457672,0.35208654,0.29588878
2023-02-13,PLAYAS,Antioquia,60.99,1508901000.0,1571930000.0,95.99034308143492,21.562653,-0.29320908,-0.19296646,1011.2064,26.557007,-0.29,0.12266636,0.013947487,0.003874302,0.35126853,0.35100943
2023-02-14,PLAYAS,Antioquia,58.830000000000005,1326408400.0,1571930000.0,84.38088210034797,22.098541,-0.023174286,-0.033260345,1011.8159,26.52652,-0.29,0.2143383,0.013649464,0.003695488,0.34907305,0.040537614
2023-02-15,PLAYAS,Antioquia,81.42,1620894900.0,1571930000.0,103.1149542282417,21.772675,0.018493652,-0.0125312805,1012.5756,26.604614,-0.29,0.32806396,0.019907951,0.010371208,0.3880565,0.022339385
2023-02-16,PLAYAS,Antioquia,84.6,1561418100.0,1571930000.0,99.33127429338457,21.048492,0.06877899,-0.22356796,1011.71924,26.896057,-0.29,0.16462803,0.012934208,0.0035762787,0.3956198,0.23390849
2023-02-17,PLAYAS,Antioquia,79.49000000000001,1726055000.0,1571930000.0,109.80482591463996,21.347382,-0.020965576,-0.28106308,1011.1233,27.2706,-0.29,0.20003319,0.015318394,0.00590086,0.4082465,0.28184396
2023-02-18,PLAYAS,Antioquia,68.44,1602638700.0,1571930000.0,101.9535666346466,21.114044,-0.28734207,-0.22471237,1012.29767,27.127228,-0.29,0.31220913,0.016152859,0.007033348,0.43357277,0.36477542
2023-02-19,PLAYAS,Antioquia,75.77000000000001,1607500400.0,1571930000.0,102.26284885459276,22.104889,0.09656906,-0.15890503,1012.0728,26.953003,-0.29,0.016450882,0.009655952,0.0006556511,0.4180467,0.18594728
2023-02-20,PLAYAS,Antioquia,82.33,1655321700.0,1571930000.0,105.30505175166832,21.38095,0.071495056,-0.015686035,1012.4409,26.60846,-0.29,0.07915497,0.010430813,0.0015497208,0.4088341,0.07319559
2023-02-21,PLAYAS,Antioquia,88.23,1758130700.0,1571930000.0,111.8453557092237,21.212982,0.07762909,-0.1050148,1012.9517,26.688446,-0.29,0.004053116,0.0086426735,0.0,0.3975635,0.13059244
2023-02-22,PLAYAS,Antioquia,97.63,1784539600.0,1571930000.0,113.52538599047033,20.08603,0.25131607,0.17810059,1015.45685,26.698639,-0.29,0.019311905,0.009596348,0.0009536743,0.3928277,0.3080253
2023-02-23,PLAYAS,Antioquia,88.64999999999999,1614626800.0,1571930000.0,102.71620237542383,21.3096,-0.15982437,-0.25720596,1014.6905,26.787292,-0.29,0.0,0.00846386,0.0,0.38685372,0.302818
2023-02-24,PLAYAS,Antioquia,74.22,1538593700.0,1571930000.0,97.87927579472368,21.643951,-0.36518097,-0.24869537,1014.2517,26.964111,-0.29,0.0019073486,0.00834465,0.00011920929,0.3756327,0.4418218
2023-02-25,PLAYAS,Antioquia,66.3,1439584800.0,1571930000.0,91.5807192432233,22.055328,-0.02721405,0.09547043,1013.38983,26.9581,-0.29,0.0022649765,0.008165836,0.0,0.36587858,0.0992734
2023-02-26,PLAYAS,Antioquia,68.4,1371304000.0,1571930000.0,87.23696347801747,22.3414,0.04565811,0.031013489,1012.77686,26.92035,-0.29,0.00023841858,0.007987022,0.0,0.35758346,0.055195104
2023-02-27,PLAYAS,Antioquia,67.81,1354713000.0,1571930000.0,86.18150935474226,22.345306,0.2714424,-0.19743729,1012.7455,26.983124,-0.29,0.00667572,0.007987022,0.0,0.35127723,0.3356523
2023-02-28,PLAYAS,Antioquia,80.35,1505133500.0,1571930000.0,95.75066955907708,22.785004,0.5297966,0.09853363,1012.927,27.140045,-0.29,0.27489662,0.014662743,0.007033348,0.36866227,0.53888154
2023-03-01,PLAYAS,Antioquia,83.12,1262918900.0,1843030000.0,68.5240554955698,22.35257,0.30799484,-0.42858505,1012.9517,27.313751,-0.02,0.2361536,0.019073486,0.011503696,0.38745338,0.5277746
2023-03-02,PLAYAS,Antioquia,79.72,1244776800.0,1843030000.0,67.53969278850589,22.528656,0.17245483,-0.19110489,1011.01544,27.182983,-0.02,0.06270409,0.009119511,0.0017285347,0.38135996,0.25741357
2023-03-03,PLAYAS,Antioquia,79.54,1205585200.0,1843030000.0,65.4132162797133,23.259186,-0.02853012,-0.1790657,1009.4925,27.08548,-0.02,0.0009536743,0.0071525574,0.0,0.37333822,0.18132429
2023-03-04,PLAYAS,Antioquia,86.63,1499510000.0,1843030000.0,81.36112814224403,21.52536,0.04378891,-0.23299026,1010.8289,27.111328,-0.02,0.2913475,0.01513958,0.007987022,0.38322243,0.23706947
2023-03-05,PLAYAS,Antioquia,91.7,1617732600.0,1843030000.0,87.77570630971823,21.730316,0.41861725,0.23561859,1012.33,27.349792,-0.02,0.5863905,0.07092953,0.049173832,0.39807835,0.48037124
2023-03-06,PLAYAS,Antioquia,106.89,1857812700.0,1843030000.0,100.80208678100738,22.155304,0.19290924,-0.1596756,1012.9597,27.34665,-0.02,0.0487566,0.01090765,0.0038146973,0.4292348,0.25042018
2023-03-07,PLAYAS,Antioquia,98.03,1641165300.0,1843030000.0,89.04712891271438,21.867828,-0.07436752,-0.09680557,1012.67267,27.227295,-0.02,0.10347366,0.010609627,0.00333786,0.43804747,0.12207312
2023-03-08,PLAYAS,Antioquia,103.07,1881125900.0,1843030000.0,102.06702549605812,19.945282,0.33237457,-0.019813538,1014.15186,27.255066,-0.02,0.29969215,0.038564205,0.030636787,0.48499253,0.33296463
2023-03-09,PLAYAS,Antioquia,97.84,2335656000.0,1843030000.0,126.7291362593121,18.881256,-0.34111023,-0.011363983,1015.17847,27.241425,-0.02,1.0619164,0.25445223,0.20313263,0.49731624,0.34129947
2023-03-10,PLAYAS,Antioquia,100.05,3191100400.0,1843030000.0,173.14424615985632,20.854828,-0.07485199,-0.12317276,1014.905,27.306366,-0.02,0.15246868,0.03182888,0.013649464,0.4894096,0.14413309
2023-03-11,PLAYAS,Antioquia,109.49,4003505100.0,1843030000.0,217.22408750807097,20.140656,-0.123535156,0.14234161,1015.0119,27.113464,-0.02,0.10359287,0.03618002,0.013232231,0.4787712,0.188473
2023-03-12,PLAYAS,Antioquia,101.19,4271354800.0,1843030000.0,231.75720416922132,20.130585,-0.3680153,-0.12514496,1016.0167,27.060577,-0.02,0.15342236,0.0320673,0.00667572,0.48158053,0.38871133
2023-03-13,PLAYAS,Antioquia,110.43,4462639700.0,1843030000.0,242.1360314265096,20.226532,-0.25522614,-0.44441986,1016.4547,27.473602,-0.02,0.032305717,0.029563904,0.0027418137,0.47644532,0.5124933
2023-03-14,PLAYAS,Antioquia,111.61,4066443500.0,1843030000.0,220.6390292073379,20.228668,-0.09106064,-0.36037064,1015.6131,27.61966,-0.02,0.004053116,0.027537346,0.00023841858,0.48028934,0.37169752
2023-03-15,PLAYAS,Antioquia,110.34,4386312800.0,1843030000.0,237.9946501142141,19.962128,-0.18714905,-0.08147812,1015.1912,27.982727,-0.02,0.17726421,0.040113926,0.012516975,0.49662355,0.20411627
2023-03-16,PLAYAS,Antioquia,109.46,5100150100.0,1843030000.0,276.7263745028567,20.062897,-0.16389847,-0.0657959,1014.47064,27.958954,-0.02,0.11718273,0.048458576,0.015974045,0.4979791,0.17661202
2023-03-17,PLAYAS,Antioquia,109.06,4433155100.0,1843030000.0,240.53624194939852,19.597198,0.15789795,-0.24993896,1014.3336,27.991333,-0.02,1.049757,0.35578012,0.14597178,0.49789202,0.295637
2023-03-18,PLAYAS,Antioquia,110.4,4257747700.0,1843030000.0,231.0189036532232,20.718964,-0.14753342,-0.07299805,1014.58905,28.174072,-0.02,0.57947636,0.26619434,0.06520748,0.48850712,0.16460505
2023-03-19,PLAYAS,Antioquia,101.72,4095579600.0,1843030000.0,222.2199096053781,20.68106,0.013858795,-0.24652863,1014.8161,28.463165,-0.02,0.06496906,0.08946657,0.0026524067,0.49280992,0.24691786
2023-03-20,PLAYAS,Antioquia,108.27,3475444600.0,1843030000.0,188.572329262139,20.455597,0.016864777,-0.36683655,1014.83545,28.669983,-0.02,0.27942657,0.11575222,0.012516975,0.49000612,0.367224
2023-03-21,PLAYAS,Antioquia,111.51,3350887900.0,1843030000.0,181.81407247847292,21.440765,-0.15596771,-0.18294525,1013.5023,28.59494,-0.02,0.10704994,0.10955334,0.0029802322,0.4827715,0.24040568
2023-03-22,PLAYAS,Antioquia,110.19,3121237400.0,1843030000.0,169.3535862140063,21.28421,-0.08906555,-0.1596756,1012.52783,28.471588,-0.02,0.014066696,0.1026392,0.00017881393,0.46955898,0.1828359
2023-03-23,PLAYAS,Antioquia,111.06,3045230500.0,1843030000.0,165.22956761420053,22.213226,-0.10178757,-0.15592575,1013.3005,28.583221,-0.02,0.12552738,0.103890896,0.0064074993,0.46565878,0.18620835
2023-03-24,PLAYAS,Antioquia,105.77,2965861000.0,1843030000.0,160.92309946121333,21.46756,0.31001663,-0.24815369,1013.21515,28.484497,-0.02,0.02026558,0.09340048,0.0016093254,0.48153162,0.3971027
2023-03-25,PLAYAS,Antioquia,111.91,3545466800.0,1843030000.0,192.37162715745265,21.128265,-0.10948181,-0.009788513,1013.72736,28.653412,-0.02,0.15091896,0.09423494,0.008821487,0.47978246,0.10991853
2023-03-26,PLAYAS,Antioquia,104.68,3181752800.0,1843030000.0,172.63705962463987,21.448761,0.055015564,-0.12356186,1013.2683,28.752472,-0.02,0.039815903,0.08261204,0.0031590462,0.47254592,0.13525622
2023-03-27,PLAYAS,Antioquia,112.42000000000002,3093963400.0,1843030000.0,167.87374052511353,21.09317,0.24498367,-0.056045532,1012.83813,28.649078,-0.02,0.01847744,0.07504225,0.0016093254,0.46115363,0.25131276
2023-03-28,PLAYAS,Antioquia,114.0,3203088200.0,1843030000.0,173.7946859248086,21.12558,-0.020450592,-0.0026130676,1012.8248,28.623596,-0.02,0.38826466,0.09036064,0.022113323,0.46751827,0.020616857
2023-03-29,PLAYAS,Antioquia,106.51,3424919200.0,1843030000.0,185.83089803204507,20.826385,-0.16516113,-0.09869766,1012.6887,28.550446,-0.02,0.10716915,0.07134676,0.007688999,0.471359,0.19240433
2023-03-30,PLAYAS,Antioquia,106.41,3446539900.0,1843030000.0,187.00400427556795,21.241241,-0.019752502,-0.08385086,1012.3845,28.484344,-0.02,0.07677078,0.06651878,0.006377697,0.4728415,0.08614597
2023-03-31,PLAYAS,Antioquia,106.63,3261473100.0,1843030000.0,176.96256165119394,21.564606,0.18326187,-0.31518936,1013.03094,28.303986,-0.02,0.11444092,0.061154366,0.004529953,0.47729498,0.36459464
2023-04-01,PLAYAS,Antioquia,110.92,2904923000.0,2410580000.0,120.50722232823637,21.777802,0.36339188,-0.041519165,1013.0694,28.482758,0.27,0.37145615,0.09584427,0.042259693,0.4738117,0.36575606
2023-04-02,PLAYAS,Antioquia,107.31,3221783700.0,2410580000.0,133.65180578947806,21.492035,0.17718506,-0.17516327,1012.8295,28.62088,0.27,0.22757053,0.061273575,0.009775162,0.46480688,0.24915199
2023-04-03,PLAYAS,Antioquia,108.92,2833760400.0,2410580000.0,117.55512781156403,22.71048,-0.06654358,-0.09767532,1010.65594,28.722443,0.27,0.00035762787,0.049948692,5.9604645e-05,0.44851643,0.11818848
2023-04-04,PLAYAS,Antioquia,107.32,2637243600.0,2410580000.0,109.40286570037084,21.591156,0.17290497,-0.09225845,1010.238,28.736877,0.27,0.00667572,0.048279762,0.00047683716,0.43877205,0.19597895
2023-04-05,PLAYAS,Antioquia,98.76,2760033000.0,2410580000.0,114.4966356644459,21.959747,0.19054794,-0.2572708,1010.682,28.636017,0.27,0.016093254,0.046491623,0.0006854534,0.4514161,0.3201512
2023-04-06,PLAYAS,Antioquia,91.71,3024994600.0,2410580000.0,125.4882476416464,20.888763,0.09095764,-0.35468292,1011.3616,28.49228,0.27,0.36513805,0.08195639,0.037908554,0.46783346,0.36616015
2023-04-07,PLAYAS,Antioquia,100.86,3327138600.0,2410580000.0,138.02232657700637,20.479218,-0.1824913,-0.15453339,1012.92236,28.588959,0.27,1.1490583,0.38176775,0.23576617,0.50246155,0.23913102
2023-04-08,PLAYAS,Antioquia,94.29,3281394700.0,2410580000.0,136.12469613122153,21.22586,-0.3248024,0.10416412,1013.90125,28.779297,0.27,0.9788275,0.24449825,0.16999245,0.5027409,0.3410964
2023-04-09,PLAYAS,Antioquia,101.26,3111922200.0,2410580000.0,129.0943341436501,22.089264,0.2913704,0.07759476,1013.35657,28.712372,0.27,0.021576881,0.082850456,0.00071525574,0.47951806,0.30152553
2023-04-10,PLAYAS,Antioquia,95.07,2831652300.0,2410580000.0,117.4676758290536,21.577667,0.216465,0.038360596,1013.1711,28.772186,0.27,0.1502037,0.08666515,0.004708767,0.47864723,0.21983774
2023-04-11,PLAYAS,Antioquia,95.26,2728718300.0,2410580000.0,113.19758315426162,22.041962,0.1937027,-0.15106964,1012.78937,28.801086,0.27,0.20182133,0.08714199,0.006914139,0.47366688,0.24564767
2023-04-12,PLAYAS,Antioquia,96.89,2573028200.0,2410580000.0,106.7389673854425,21.82425,0.58008575,-0.07345581,1012.21857,28.67453,0.27,0.25057793,0.1835227,0.022470951,0.47287127,0.5847181
2023-04-13,PLAYAS,Antioquia,90.26,2334644200.0,2410580000.0,96.84989504600551,21.99527,-0.2759552,-0.13673782,1010.70123,28.618896,0.27,0.06067753,0.079631805,0.0039339066,0.4686668,0.30797485
2023-04-14,PLAYAS,Antioquia,82.67999999999999,2288959200.0,2410580000.0,94.95470799558612,21.367645,0.31751633,-0.17733383,1010.9275,28.671844,0.27,0.344038,0.08940697,0.016212463,0.47235966,0.36368105
2023-04-15,PLAYAS,Antioquia,71.6,2178843800.0,2410580000.0,90.38670361489766,22.073212,0.18218994,-0.09090042,1012.125,28.4758,0.27,0.11014938,0.08058548,0.009894371,0.47377884,0.20360762
2023-04-16,PLAYAS,Antioquia,66.14999999999999,2313476800.0,2410580000.0,95.971791021248,19.853607,0.25732803,-0.08383179,1014.17596,28.182892,0.27,0.45120716,0.17261505,0.0218153,0.48675033,0.27063903
2023-04-17,PLAYAS,Antioquia,62.580000000000005,2634908400.0,2410580000.0,109.3059927486331,20.205841,-0.10756302,-0.042430878,1014.1962,28.235504,0.27,0.7377863,0.5206466,0.17911196,0.50111234,0.1156295
2023-04-18,PLAYAS,Antioquia,61.84,3227699000.0,2410580000.0,133.89719486596587,21.617706,0.08172989,0.042388916,1013.1873,28.378204,0.27,0.73206425,0.34880638,0.12993813,0.50427413,0.09206843
2023-04-19,PLAYAS,Antioquia,66.0,2763086800.0,2410580000.0,114.62331886931776,21.487885,0.30820084,0.08589935,1012.02814,28.166168,0.27,0.1308918,0.16397238,0.007897615,0.48935437,0.31994757
2023-04-20,PLAYAS,Antioquia,69.94,2651804100.0,2410580000.0,110.00689045789812,21.76712,-0.40348816,-0.09719467,1013.03204,27.92456,0.27,0.14996529,0.1437664,0.015616417,0.48682585,0.41502953
2023-04-21,PLAYAS,Antioquia,72.31,3024061700.0,2410580000.0,125.4495474118262,20.628815,-0.2287178,0.20743942,1013.77545,27.996185,0.27,0.17774105,0.12981892,0.017285347,0.4933738,0.30877653
2023-04-22,PLAYAS,Antioquia,72.61,2966994000.0,2410580000.0,123.08216279899445,20.168427,-0.3592453,-0.08762741,1013.6622,27.92215,0.27,2.2140741,1.0518432,0.6110072,0.503625,0.36977798
2023-04-23,PLAYAS,Antioquia,89.57000000000001,2800905200.0,2410580000.0,116.1921695193688,20.850311,-0.027526855,-0.27233505,1013.16736,27.568085,0.27,0.45382977,0.22250414,0.10371208,0.5007433,0.27372268
2023-04-24,PLAYAS,Antioquia,92.61,2733399800.0,2410580000.0,113.39178952783146,20.657745,-0.22774887,0.20415878,1014.27783,28.028381,0.27,1.4500618,1.5719533,0.41732192,0.50159043,0.30586
2023-04-25,PLAYAS,Antioquia,89.92,2638291200.0,2410580000.0,109.44632412116586,21.427277,0.28944016,-0.13014984,1014.0053,28.186157,0.27,0.29671192,0.30583143,0.098884106,0.4943632,0.3173556
2023-04-26,PLAYAS,Antioquia,99.14,2747534000.0,2410580000.0,113.97812974470874,21.013947,-0.10102081,0.027500153,1013.84534,28.277802,0.27,0.47647953,0.27096272,0.11897087,0.49555054,0.104697004
2023-04-27,PLAYAS,Antioquia,92.76,2564630500.0,2410580000.0,106.39059894299297,21.931732,0.3196373,-0.346035,1013.66125,28.296936,0.27,0.024080276,0.12528896,0.0014901161,0.48659056,0.47107136
2023-04-28,PLAYAS,Antioquia,108.28,3308019800.0,2410580000.0,137.22920624911848,21.472076,-0.026111603,-0.1777916,1013.4412,28.210754,0.27,0.2888441,0.14847517,0.044465065,0.4932494,0.17969882
2023-04-29,PLAYAS,Antioquia,100.95,2872814500.0,2410580000.0,119.17523998373836,22.031403,0.08268738,-0.10780716,1013.78094,28.223999,0.27,0.22768974,0.103235245,0.013887882,0.489,0.13586606
2023-04-30,PLAYAS,Antioquia,85.86,2584494900.0,2410580000.0,107.21464958640658,22.079071,-0.004802704,0.029376984,1014.64343,28.357422,0.27,0.049352646,0.080645084,0.0020861626,0.48565364,0.02976698
2023-05-01,PLAYAS,Antioquia,73.97,2360143700.0,2871090000.0,82.20375188517252,22.376312,-0.25147247,0.08354187,1013.5428,28.480347,0.57,0.015616417,0.07241964,0.0019073486,0.48272976,0.26498613
2023-05-02,PLAYAS,Antioquia,68.51,2185005500.0,2871090000.0,76.10369232591107,22.927277,-0.036777496,0.39836502,1012.0797,28.316498,0.57,0.00166893,0.06347895,0.0,0.46547493,0.40005907
2023-05-03,PLAYAS,Antioquia,59.38,1917219700.0,2871090000.0,66.77671894646284,22.90799,-0.20145416,0.2997284,1009.6456,28.07782,0.57,0.0,0.057041645,0.0,0.4504642,0.36113834
2023-05-04,PLAYAS,Antioquia,68.66,1818029500.0,2871090000.0,63.32192651571354,22.919281,-0.33285522,0.4084854,1010.9981,27.85025,0.57,0.0,0.05173683,0.0,0.43755507,0.5269278
2023-05-05,PLAYAS,Antioquia,66.9,1710622800.0,2871090000.0,59.58095357512304,23.919342,-0.18173218,0.23009872,1010.52844,27.620697,0.57,0.0,0.047028065,0.0,0.42627138,0.29320985
2023-05-06,PLAYAS,Antioquia,62.64999999999999,1611645300.0,2871090000.0,56.13356948058055,24.204742,-0.3625412,0.18732071,1011.3303,27.439789,0.57,0.00071525574,0.04339218,0.00011920929,0.41410166,0.40807495
2023-05-07,PLAYAS,Antioquia,80.47999999999999,1632812700.0,2871090000.0,56.87082954557329,23.769135,-0.32294083,0.06884003,1011.5673,27.556274,0.57,0.00023841858,0.039577484,0.0,0.41287607,0.3301965
2023-05-08,PLAYAS,Antioquia,66.75999999999999,1562223400.0,2871090000.0,54.41220581730284,23.485504,-0.4600029,0.34299088,1011.22266,27.48825,0.57,0.017523766,0.036656857,0.00017881393,0.3999412,0.57379913
2023-05-09,PLAYAS,Antioquia,51.73,1466534900.0,2871090000.0,51.07937751864274,24.068024,0.28401184,0.45121002,1011.6964,27.310638,0.57,0.0019073486,0.033974648,0.00023841858,0.4037866,0.533154
2023-05-10,PLAYAS,Antioquia,50.19,1665724300.0,2871090000.0,58.01713983191053,21.957916,-0.44696808,0.2254448,1013.84937,27.15805,0.57,0.23567677,0.034689903,0.0031590462,0.4224571,0.50060546
2023-05-11,PLAYAS,Antioquia,40.39,1537129300.0,2871090000.0,53.53817887979826,22.384857,0.21809006,-0.024456024,1013.26904,27.054352,0.57,0.16832352,0.033438206,0.00333786,0.42481247,0.21945699
2023-05-12,PLAYAS,Antioquia,47.46,1629745700.0,2871090000.0,56.76400600468811,22.699799,0.2728157,-0.13740921,1012.6253,27.012573,0.57,0.31507015,0.09763241,0.027120113,0.4271562,0.30546635
2023-05-13,PLAYAS,Antioquia,51.33,1529593000.0,2871090000.0,53.27568972062875,23.511505,-0.111019135,0.41018295,1011.41425,26.79425,0.57,0.026226044,0.027120113,0.00035762787,0.41643175,0.4249415
2023-05-14,PLAYAS,Antioquia,64.25999999999999,1461194900.0,2871090000.0,50.89338543897962,23.392975,0.27835464,0.08987427,1013.52155,26.53128,0.57,0.018954277,0.025629997,0.00023841858,0.4098717,0.29250416
2023-05-15,PLAYAS,Antioquia,50.17,1563386800.0,2871090000.0,54.45272701308562,22.147308,-0.4019966,0.36112213,1015.5505,26.4906,0.57,0.14066696,0.026762486,0.0024437904,0.4091057,0.54037994
2023-05-16,PLAYAS,Antioquia,51.690000000000005,1715214700.0,2871090000.0,59.740889348644586,22.117523,0.013698578,-0.085445404,1014.8016,26.425842,0.57,0.022768974,0.02360344,0.00035762787,0.40555462,0.08653651
2023-05-17,PLAYAS,Antioquia,43.42,2240561200.0,2871090000.0,78.03869610496362,21.860931,-0.032600403,0.21251297,1014.84467,26.207855,0.57,0.118494034,0.035107136,0.012874603,0.42541045,0.21499895
2023-05-18,PLAYAS,Antioquia,36.89,1697865700.0,2871090000.0,59.136624069604224,23.849274,-0.19501495,-0.4481392,1011.9122,26.044067,0.57,0.0,0.02169609,0.0,0.4168119,0.4887326
2023-05-19,PLAYAS,Antioquia,47.82,1510112000.0,2871090000.0,52.597166929633,23.465057,0.1341896,0.08451843,1011.9275,25.84433,0.57,0.03325939,0.022292137,0.0013709068,0.41603196,0.1585882
2023-05-20,PLAYAS,Antioquia,62.3,1836509100.0,2871090000.0,63.96557056727584,22.08902,-0.08541107,-0.13164139,1012.0806,25.865662,0.57,0.13506413,0.027000904,0.0067055225,0.42387545,0.15692197
2023-05-21,PLAYAS,Antioquia,66.60000000000001,1906868100.0,2871090000.0,66.4161729517361,21.041473,0.42739868,-0.11433411,1012.47626,25.75058,0.57,0.6431341,0.09071827,0.07081032,0.45555943,0.4424273
2023-05-22,PLAYAS,Antioquia,80.28999999999999,2365063500.0,2871090000.0,82.37510840830487,22.049347,-0.10534668,-0.19527435,1013.3105,25.635254,0.57,0.5018711,0.084638596,0.06490946,0.49525714,0.22187833
2023-05-23,PLAYAS,Antioquia,73.24000000000001,3073809100.0,2871090000.0,107.060701684726,21.739227,-0.17866898,0.2858429,1014.07733,25.698944,0.57,0.9843111,0.2117157,0.19016862,0.5023224,0.33708864
2023-05-24,PLAYAS,Antioquia,78.22,3614669800.0,2871090000.0,125.89886767743262,21.835175,-0.42914963,-0.43143845,1012.6647,25.79898,0.57,0.4210472,0.100553036,0.07647276,0.5018034,0.6085298
2023-05-25,PLAYAS,Antioquia,58.48,3149754900.0,2871090000.0,109.70589218728774,22.039642,-0.10463333,0.02035141,1011.73,25.945068,0.57,0.600338,0.090777874,0.06407499,0.49590665,0.10659415
2023-05-26,PLAYAS,Antioquia,63.870000000000005,4011239700.0,2871090000.0,139.71138835773175,21.416595,-0.048374176,-0.02614975,1013.8097,26.033295,0.57,0.8606911,0.28145313,0.25442243,0.50380033,0.05498973
2023-05-27,PLAYAS,Antioquia,67.08,3148572700.0,2871090000.0,109.66471618792863,22.371552,-0.08541107,-0.21847153,1014.313,26.047913,0.57,0.19109249,0.03862381,0.011444092,0.4963189,0.23457378
2023-05-28,PLAYAS,Antioquia,47.32,3754444700.0,2871090000.0,130.76722429460588,22.373993,0.1542778,0.070682526,1014.1372,26.03659,0.57,0.14197826,0.03683567,0.009506941,0.48706487,0.16969873
2023-05-29,PLAYAS,Antioquia,51.85999999999999,3814722700.0,2871090000.0,132.86670567624142,21.769989,-0.15789032,-0.05899048,1013.5034,26.12619,0.57,0.029087067,0.031232834,0.0031590462,0.4754352,0.16855039
2023-05-30,PLAYAS,Antioquia,73.00999999999999,4850890000.0,2871090000.0,168.95638938521606,21.776764,0.1488266,0.11687088,1013.70844,26.115875,0.57,0.33521652,0.08684397,0.04810095,0.4944117,0.18923044
2023-05-31,PLAYAS,Antioquia,65.5,3311222000.0,2871090000.0,115.3297876416274,22.910675,-0.06545639,-0.07485199,1013.7492,26.009613,0.57,0.09453297,0.039756298,0.008612871,0.48102504,0.0994352
2023-06-01,PLAYAS,Antioquia,75.44,3524900600.0,2374760000.0,148.43186679917127,21.79068,-0.49190903,0.124046326,1014.785,25.937164,0.84,0.56672096,0.08559227,0.052809715,0.49844843,0.50730854
2023-06-02,PLAYAS,Antioquia,69.41000000000001,3099394000.0,2374760000.0,130.51398878202428,21.931854,-0.3044052,0.24408722,1013.23065,26.095612,0.84,0.00035762787,0.043988228,5.9604645e-05,0.484744,0.39018086
2023-06-03,PLAYAS,Antioquia,57.99999999999999,2674888900.0,2374760000.0,112.63828344759052,23.111053,-0.09324646,0.31285095,1011.59924,26.160797,0.84,0.0,0.04914403,0.0,0.46610144,0.32645157
2023-06-04,PLAYAS,Antioquia,50.84,2424833400.0,2374760000.0,102.10856676043052,22.041962,-0.118709564,0.047916412,1013.1956,26.11502,0.84,0.24747849,0.055789948,0.006854534,0.46523476,0.1280154
2023-06-05,PLAYAS,Antioquia,49.33,2275606600.0,2401180000.0,94.77034624642884,22.002289,-0.14863968,0.14871979,1014.39514,26.206573,0.84,0.043153763,0.05108118,0.0031888485,0.4598192,0.2102649
2023-06-06,PLAYAS,Antioquia,31.78,2619911800.0,2374760000.0,110.32322424160756,22.88559,0.08000946,0.36549377,1014.01263,26.186432,0.84,0.01680851,0.04684925,0.00023841858,0.45445213,0.37414867
2023-06-07,PLAYAS,Antioquia,20.91,2118216300.0,2374760000.0,89.1970683353265,22.730865,-0.3253479,0.17939758,1013.15704,26.163208,0.84,0.0,0.04541874,0.0,0.44179517,0.37153026
2023-06-08,PLAYAS,Antioquia,31.14,2277643900.0,2374760000.0,95.91048779666156,22.011444,-0.10900879,-0.06697464,1014.54065,26.22348,0.84,0.044107437,0.046491623,0.002682209,0.4355464,0.12793952
2023-06-09,PLAYAS,Antioquia,36.06,2325749600.0,2374760000.0,97.93619565766646,22.468964,-0.12151718,0.20923233,1014.9175,26.302704,0.84,0.16152859,0.05596876,0.013440847,0.47912192,0.2419599
2023-06-10,PLAYAS,Antioquia,48.59,2165185100.0,2374760000.0,91.17490188482203,21.480194,0.22805405,-0.04288864,1014.90894,26.264618,0.84,0.3039837,0.058352947,0.01692772,0.4751746,0.2320519
2023-06-11,PLAYAS,Antioquia,74.95,2780672500.0,2374760000.0,117.09277990196904,22.140594,0.35936737,0.19050217,1014.5772,26.23996,0.84,0.025868416,0.041604042,0.00071525574,0.46249837,0.40673822
2023-06-12,PLAYAS,Antioquia,67.7,1923775200.0,2374760000.0,81.00924725024845,22.836334,0.24902344,-0.019504547,1012.52374,26.133484,0.84,0.0014305115,0.039994717,0.0,0.45182645,0.24978611
2023-06-13,PLAYAS,Antioquia,59.63,1746511500.0,2374760000.0,73.54475820714515,24.702545,-0.36009216,0.53162766,1011.4292,25.941254,0.84,0.0047683716,0.039041042,0.00029802322,0.43682608,0.64210147
2023-06-14,PLAYAS,Antioquia,45.48,1698735200.0,2374760000.0,71.53292122151291,23.018219,0.06581879,0.7678795,1011.76544,25.806244,0.84,0.021100044,0.039458275,0.0017881393,0.4278507,0.77069515
2023-06-15,PLAYAS,Antioquia,39.92,1504057100.0,2374760000.0,63.33512018056562,23.543793,0.059814453,0.29115295,1011.92487,25.810638,0.84,0.050783157,0.0385046,0.002026558,0.4243839,0.2972336
2023-06-16,PLAYAS,Antioquia,25.1,1466444400.0,2374760000.0,61.75126749650492,22.71872,-0.26179886,0.5556526,1012.8173,25.9617,0.84,0.007390976,0.03552437,0.00011920929,0.411526,0.61423814
2023-06-17,PLAYAS,Antioquia,36.56,1459148300.0,2374760000.0,61.44403223904732,23.31662,-0.6513405,0.37539673,1013.3259,26.027283,0.84,0.02837181,0.036895275,0.0025629997,0.39979607,0.751776
2023-06-18,PLAYAS,Antioquia,46.83,1338355500.0,2374760000.0,56.35750560056595,22.514618,0.15011597,1.1567307,1013.40186,25.986633,0.84,0.009059906,0.03361702,0.00047683716,0.39124784,1.1664307
2023-06-19,PLAYAS,Antioquia,65.31,1287991800.0,2374760000.0,54.23671444693359,22.750092,0.31930542,1.2198639,1011.5175,25.840332,0.84,0.0,0.031769276,0.0,0.38135707,1.2609614
2023-06-20,PLAYAS,Antioquia,51.85,1262135900.0,2374760000.0,53.14793494921592,23.847687,-0.1091423,1.0023766,1011.1672,25.73767,0.84,0.0,0.030457973,0.0,0.36655498,1.0083009
2023-06-21,PLAYAS,Antioquia,52.54,1257937900.0,2374760000.0,52.97115919082349,24.033722,-0.12038803,0.54245377,1010.60034,25.623291,0.84,0.0,0.02926588,0.0,0.35474595,0.5556522
2023-06-22,PLAYAS,Antioquia,81.5,1278897000.0,2374760000.0,53.85373679866598,23.972382,-0.629097,0.2085495,1011.935,25.545807,0.84,0.002026558,0.028252602,5.9604645e-05,0.34354576,0.66276383
2023-06-23,PLAYAS,Antioquia,78.01,1222930500.0,2374760000.0,51.49701443514292,22.511322,-0.03742218,0.20755005,1013.3558,25.526245,0.84,0.5930662,0.038683414,0.011622906,0.38326576,0.21089676
2023-06-24,PLAYAS,Antioquia,86.99,1506218300.0,2374760000.0,63.42612727180852,22.0195,0.16145706,0.19607544,1013.67377,25.473328,0.84,0.34558773,0.04452467,0.018209219,0.3906937,0.25399598
2023-06-25,PLAYAS,Antioquia,88.56,1965314700.0,2374760000.0,82.75845559130187,21.749054,-0.02640152,0.25336456,1013.35376,25.504486,0.84,0.2514124,0.033974648,0.00846386,0.39706218,0.25473642
2023-06-26,PLAYAS,Antioquia,88.42,2064840000.0,2374760000.0,86.94941804645522,21.625885,-0.11665344,-0.085235596,1014.6884,25.726074,0.84,0.29683113,0.0551939,0.030219555,0.44310355,0.14447537
2023-06-27,PLAYAS,Antioquia,82.33,1580501900.0,2374760000.0,66.55417389546733,22.439789,0.046974182,0.28126526,1013.89935,25.919952,0.84,0.04839897,0.025749207,0.0015497208,0.4321932,0.28516087
2023-06-28,PLAYAS,Antioquia,79.5,1528097300.0,2374760000.0,64.34744142565985,23.286041,-0.19335175,0.24809265,1012.61127,25.915009,0.84,0.011920929,0.024497509,0.000834465,0.43818098,0.31453913
2023-06-29,PLAYAS,Antioquia,79.16,1419575300.0,2374760000.0,59.77763226599741,24.159515,0.10475922,0.7856369,1011.40283,25.88147,0.84,0.0,0.023007393,0.0,0.4191596,0.79259056
2023-06-30,PLAYAS,Antioquia,79.32000000000001,1250631300.0,2374760000.0,52.66348178342233,24.452362,0.112350464,1.0214844,1012.03674,25.915009,0.84,0.0,0.022053719,0.0,0.3989648,1.0276444
2023-07-01,PLAYAS,Antioquia,64.72,1149525700.0,1750500000.0,65.66842045129962,23.823456,-0.31157303,0.58777237,1011.6967,25.895569,1.12,0.0,0.021100044,0.0,0.3822055,0.6652474
2023-07-02,PLAYAS,Antioquia,52.23,1180580700.0,1750500000.0,67.44248500428449,22.629425,-0.33888245,0.23170471,1013.1814,25.958618,1.12,0.21958351,0.024676323,0.004053116,0.38452142,0.41052207
2023-07-03,PLAYAS,Antioquia,62.68,1399070300.0,1750500000.0,79.92403884604398,21.773285,-0.16083527,-0.009281158,1014.3694,26.073517,1.12,0.37395954,0.026881695,0.006854534,0.39615953,0.16110283
2023-07-04,PLAYAS,Antioquia,77.08,1639676200.0,1750500000.0,93.66902027992002,21.42691,-0.10806656,0.3078003,1014.9889,26.145752,1.12,0.48601627,0.116705894,0.09715557,0.44350412,0.32621986
2023-07-05,PLAYAS,Antioquia,74.65,1531671100.0,1750500000.0,87.49906312482148,22.817108,-0.081199646,0.06783676,1014.3045,26.069122,1.12,0.064492226,0.019967556,0.0010728836,0.43212935,0.105807416
2023-07-06,PLAYAS,Antioquia,73.22999999999999,1758485700.0,1750500000.0,100.45619537275064,22.20047,-0.19263458,-0.17765045,1013.4305,25.96814,1.12,0.49233437,0.062465668,0.044047832,0.44072893,0.26204535
2023-07-07,PLAYAS,Antioquia,90.64,2469582100.0,1750500000.0,141.07866895172808,21.796967,-0.14492798,-0.19743729,1013.8178,25.948303,1.12,0.2719164,0.030755997,0.012874603,0.44991338,0.24491958
2023-07-08,PLAYAS,Antioquia,84.81,2329637100.0,1750500000.0,133.08409597257926,21.598724,-0.21513367,0.28502274,1014.03705,26.242218,1.12,0.19693375,0.029206276,0.011622906,0.47308058,0.35710007
2023-07-09,PLAYAS,Antioquia,77.35,1815585000.0,1750500000.0,103.71808054841472,22.980377,0.07104111,0.12493515,1013.65735,26.251648,1.12,0.04053116,0.018954277,0.0015497208,0.44862863,0.14372067
2023-07-10,PLAYAS,Antioquia,69.85,1462955500.0,1750500000.0,83.57357897743502,22.834381,-0.15531158,0.41919708,1012.14703,26.364288,1.12,0.0,0.016868114,0.0,0.42209727,0.44704348
2023-07-11,PLAYAS,Antioquia,49.84,1429428500.0,1750500000.0,81.65829762924879,23.55191,-0.24680328,0.22399521,1012.3825,26.29303,1.12,0.01859665,0.01692772,0.00059604645,0.40596694,0.33329523
2023-07-12,PLAYAS,Antioquia,64.59,1430551100.0,1750500000.0,81.72242787774921,23.298553,-0.061328888,0.75520706,1012.46326,26.257202,1.12,0.054717064,0.01680851,0.00071525574,0.40916276,0.7576932
2023-07-13,PLAYAS,Antioquia,69.27,1259229400.0,1750500000.0,71.93541273921737,23.969818,-0.10858917,0.22799683,1010.3203,26.121368,1.12,0.0010728836,0.015616417,0.0,0.39047098,0.25253546
2023-07-14,PLAYAS,Antioquia,64.05,1220948900.0,1750500000.0,69.7485804055984,22.359222,0.039108276,0.5160408,1011.6824,26.056213,1.12,0.111460686,0.017225742,0.0019669533,0.3866607,0.5175206
2023-07-15,PLAYAS,Antioquia,82.27,1189727000.0,1750500000.0,67.96498143387603,23.180878,-0.056098938,0.5905647,1011.65436,26.033722,1.12,0.007867813,0.015199184,0.0004172325,0.38393396,0.5932232
2023-07-16,PLAYAS,Antioquia,76.71,1251426300.0,1750500000.0,71.48964867180806,23.85733,-0.29071808,0.2132492,1011.85846,26.160309,1.12,0.009298325,0.014543533,0.00011920929,0.3694117,0.36054435
2023-07-17,PLAYAS,Antioquia,80.66,1692452800.0,1750500000.0,96.68396458154814,23.515594,-0.1108017,0.8104515,1012.97736,26.16455,1.12,0.63061714,0.045895576,0.03170967,0.38466522,0.8179906
2023-07-18,PLAYAS,Antioquia,79.79,1221614500.0,1750500000.0,69.78660382747786,24.355316,-0.2547989,0.9110756,1013.84265,26.150665,1.12,0.0,0.013768673,0.0,0.37326187,0.9460345
2023-07-19,PLAYAS,Antioquia,73.39,1269151500.0,1750500000.0,72.50222793487575,23.643768,0.22097015,1.3808746,1013.6908,26.146576,1.12,0.0,0.013411045,0.0,0.36299694,1.3984429
2023-07-20,PLAYAS,Antioquia,66.89,1252471700.0,1750500000.0,71.54936875178521,24.39273,0.38527298,1.5880356,1011.9261,25.945923,1.12,0.0,0.012874603,0.0,0.35025498,1.634103
2023-07-21,PLAYAS,Antioquia,59.97,1207769200.0,1750500000.0,68.9956698086261,23.935883,-0.01234436,0.8512039,1011.6266,25.743835,1.12,0.0,0.012695789,0.0,0.34106725,0.85129344
2023-07-22,PLAYAS,Antioquia,39.2,1192204700.0,1750500000.0,68.10652385032849,23.125702,-0.12619019,0.80197144,1012.3809,25.558197,1.12,0.0,0.0123381615,0.0,0.33392453,0.81183875
2023-07-23,PLAYAS,Antioquia,42.15,1145738700.0,1750500000.0,65.4520822622108,23.373138,-0.2586708,0.66469574,1014.16046,25.294403,1.12,0.0,0.011980534,0.0,0.3259839,0.7132538
2023-07-24,PLAYAS,Antioquia,55.65,1111272500.0,1750500000.0,63.483147672093686,23.881012,-0.15888596,0.5534935,1013.8242,24.916962,1.12,0.002026558,0.011622906,0.0,0.32107913,0.575847
2023-07-25,PLAYAS,Antioquia,52.31,1069993400.0,1750500000.0,61.1250157097972,23.602203,-0.60466385,0.5285454,1012.76373,24.679108,1.12,0.0,0.0113248825,0.0,0.31903955,0.8031056
2023-07-26,PLAYAS,Antioquia,53.33,1170170400.0,1750500000.0,66.84778063410454,22.043854,-0.18597794,-0.2687149,1013.2449,24.551788,1.12,0.8556843,0.03385544,0.022649765,0.3919228,0.3267958
2023-07-27,PLAYAS,Antioquia,51.34,1155927700.0,1750500000.0,66.03414453013424,22.015717,-0.22184372,-0.011680603,1012.6855,24.453522,1.12,0.0333786,0.012516975,0.0016093254,0.45294693,0.22215101
2023-07-28,PLAYAS,Antioquia,37.04,1193663500.0,1750500000.0,68.18986003998857,23.081879,-0.52898026,0.14269257,1013.7547,24.381012,1.12,0.0667572,0.012457371,0.0017285347,0.43697983,0.547888
2023-07-29,PLAYAS,Antioquia,40.74,1115088800.0,1750500000.0,63.701159668666094,24.18515,-0.39210892,0.8858528,1013.2466,24.43396,1.12,0.20480156,0.019609928,0.009119511,0.42623767,0.9687542
2023-07-30,PLAYAS,Antioquia,52.04,1053538400.0,1750500000.0,60.18499857183662,23.873444,-0.35128403,0.7854538,1012.97375,24.497711,1.12,0.0,0.010251999,0.0,0.4030668,0.860429
2023-07-31,PLAYAS,Antioquia,41.59,990241500.0,1750500000.0,56.56906598114825,23.604095,-0.44596863,1.011982,1013.47327,24.380371,1.12,0.0,0.009894371,0.0,0.38487658,1.1058912
2023-08-01,PLAYAS,Antioquia,42.99,578861000.0,932870000.0,62.05162562843698,23.026764,-0.23669815,1.1344986,1014.8758,24.319397,1.37,0.0,0.009417534,0.0,0.37079918,1.1589276
2023-08-02,PLAYAS,Antioquia,49.15,595550000.0,932870000.0,63.84062087965097,22.712372,-0.4425125,0.5242958,1015.22705,24.615234,1.37,0.0,0.00923872,0.0,0.35764915,0.6860783
2023-08-03,PLAYAS,Antioquia,41.5,194374000.0,372980000.0,52.113786261997966,23.59793,-0.17908096,0.59132767,1014.4261,24.665863,1.37,0.000834465,0.009059906,0.0,0.34781027,0.6178498
2023-08-04,PLAYAS,Antioquia,64.8,578447000.0,932870000.0,62.00724645448991,24.214447,-0.6199341,0.6528549,1013.1094,24.808197,1.37,0.0,0.008702278,0.0,0.3394268,0.9002987
2023-08-05,PLAYAS,Antioquia,63.36000000000001,546649000.0,932870000.0,58.59862574635265,25.015045,-0.41798782,0.727726,1012.6078,24.81659,1.37,0.0,0.008583069,0.0,0.3323434,0.83922523
2023-08-06,PLAYAS,Antioquia,43.14,575414000.0,932870000.0,61.68212076709509,24.64029,-0.47828293,0.39388657,1012.53656,24.765411,1.37,0.00047683716,0.008285046,0.0,0.32430667,0.6195976
2023-08-07,PLAYAS,Antioquia,54.510000000000005,516946000.0,932870000.0,55.41458080975913,24.059662,-0.67396927,0.38272476,1014.16736,24.625702,1.37,0.000834465,0.007987022,0.0,0.32013154,0.77505666
2023-08-08,PLAYAS,Antioquia,48.56,528754000.0,932870000.0,56.68035203190155,24.286224,-0.4649048,0.83600235,1014.52673,24.457825,1.37,0.14078617,0.009953976,0.0022053719,0.34077105,0.95657533
2023-08-09,PLAYAS,Antioquia,43.67,503479000.0,932870000.0,53.97097130361144,24.098358,-0.37140656,0.9074745,1013.8108,24.34375,1.37,0.00059604645,0.0076293945,0.0,0.3322286,0.980537
2023-08-10,PLAYAS,Antioquia,54.010000000000005,497394000.0,932870000.0,53.31868320344743,23.24466,-0.27070236,-0.31386948,1013.90265,24.279938,1.37,0.027418137,0.007867813,0.00035762787,0.333787,0.41448018
2023-08-11,PLAYAS,Antioquia,45.9,518636000.0,932870000.0,55.595742172006815,24.392426,-0.41225052,0.7313347,1012.59784,24.173737,1.37,0.23317337,0.010609627,0.0035762787,0.34341043,0.8395242
2023-08-12,PLAYAS,Antioquia,63.94,551560000.0,932870000.0,59.12506565759431,23.40091,-0.66287994,0.33372116,1012.57764,24.083282,1.37,0.06687641,0.00923872,0.0022649765,0.34977862,0.7421453
2023-08-13,PLAYAS,Antioquia,66.57,336545000.0,372980000.0,90.23137969864337,23.402557,-0.19998169,0.30295563,1011.79767,24.26007,1.37,0.25629997,0.010609627,0.0038146973,0.35421914,0.36300796
2023-08-14,PLAYAS,Antioquia,53.42,536426000.0,932870000.0,57.502760298862654,22.918976,-0.19734192,0.015426636,1012.52466,24.358643,1.37,0.5338192,0.166893,0.07164478,0.35088518,0.19794397
2023-08-15,PLAYAS,Antioquia,41.49,657540000.0,932870000.0,70.48570540375401,22.798615,0.11330795,0.43162155,1012.4924,24.539764,1.37,0.48291683,0.06389618,0.057160854,0.35972854,0.44624642
2023-08-16,PLAYAS,Antioquia,56.120000000000005,698279000.0,932870000.0,74.85276619464662,22.186188,-0.20384216,0.050315857,1012.7366,24.88382,1.37,0.099778175,0.008404255,0.0019073486,0.36310074,0.20996027
2023-08-17,PLAYAS,Antioquia,44.47,644955000.0,932870000.0,69.13664283340658,23.24759,-0.6039505,0.1690979,1012.5552,24.7742,1.37,0.26988983,0.012695789,0.0063478947,0.3724719,0.62717646
2023-08-18,PLAYAS,Antioquia,63.4,825621000.0,932870000.0,88.50332843804603,22.30069,0.20415878,-0.050689697,1012.34644,24.660248,1.37,0.41484833,0.025689602,0.019490719,0.3819967,0.21035744
2023-08-19,PLAYAS,Antioquia,63.4,568384000.0,932870000.0,60.92853237857365,22.989777,0.008460999,0.10644531,1011.1736,24.537231,1.37,0.49495697,0.10728836,0.02861023,0.3977246,0.10678105
2023-08-20,PLAYAS,Antioquia,72.07000000000001,659048000.0,932870000.0,70.64735708083656,22.49295,0.13098907,-0.0070762634,1010.6064,24.452301,1.37,0.13756752,0.010430813,0.003874302,0.40148765,0.13118008
2023-08-21,PLAYAS,Antioquia,85.81,925495000.0,932870000.0,99.20942896652268,21.809235,-0.014583588,0.16204453,1010.53467,24.477875,1.37,1.3970137,0.29456615,0.27942657,0.46565002,0.16269945
2023-08-22,PLAYAS,Antioquia,95.88,1251238000.0,932870000.0,134.12779915743886,21.129608,-0.1546936,0.3916893,1011.1316,24.494415,1.37,2.209425,0.5605817,0.40388107,0.49606922,0.42113015
2023-08-23,PLAYAS,Antioquia,89.85,1206919000.0,932870000.0,129.3769764275837,22.078033,-0.4063568,0.03319168,1012.17267,24.425537,1.37,0.20480156,0.026881695,0.0074505806,0.4744662,0.40771013
2023-08-24,PLAYAS,Antioquia,86.25,923819000.0,932870000.0,99.02976834928768,22.141144,-0.33992004,0.16155624,1013.8784,24.590698,1.37,0.2257824,0.03325939,0.008761883,0.46446186,0.37635896
2023-08-25,PLAYAS,Antioquia,80.99,943617000.0,932870000.0,101.152036189394,22.65268,-0.28616714,0.02312088,1013.9973,24.805206,1.37,0.022411346,0.027894974,0.0010728836,0.4505617,0.28709963
2023-08-26,PLAYAS,Antioquia,78.61,895766000.0,932870000.0,96.02259693204842,23.258453,-0.4088211,0.1658287,1012.1039,24.841034,1.37,0.0,0.027179718,0.0,0.43086714,0.4411733
2023-08-27,PLAYAS,Antioquia,67.42,718176000.0,932870000.0,76.98564644591423,23.12564,-0.25012207,0.49649048,1012.1442,24.805267,1.37,0.0015497208,0.026583672,0.0,0.41696325,0.55593514
2023-08-28,PLAYAS,Antioquia,72.50999999999999,649813000.0,932870000.0,69.65740135281443,24.110748,-0.20206451,0.4618683,1013.248,24.8508,1.37,0.013947487,0.026226044,0.00023841858,0.4034584,0.5041353
2023-08-29,PLAYAS,Antioquia,64.61,656849000.0,932870000.0,70.4116329177699,23.490692,-0.2553749,0.10033798,1014.6211,24.761261,1.37,0.014781952,0.025570393,0.00014901161,0.3915856,0.2743794
2023-08-30,PLAYAS,Antioquia,57.26,525004000.0,884500000.0,59.3560203504805,24.19394,-0.11168671,0.9350662,1012.3095,24.715332,1.37,0.0,0.024557114,0.0,0.3796229,0.9417127
2023-08-31,PLAYAS,Antioquia,53.010000000000005,491108000.0,884500000.0,55.52379875635952,23.775116,-0.29275894,0.41085434,1011.5503,24.631775,1.37,0.0,0.023782253,0.0,0.36589056,0.50448895
2023-09-01,PLAYAS,Antioquia,45.41,470943000.0,1065000000.0,44.22,24.003754,-0.37342453,0.35335922,1012.1163,24.45755,1.6,0.0,0.022888184,0.0,0.35340664,0.51410955
2023-09-02,PLAYAS,Antioquia,41.15,526277000.0,1065000000.0,49.41568075117371,23.049164,0.08670044,0.065769196,1012.0667,24.046509,1.6,0.04684925,0.024557114,0.0023841858,0.3688742,0.1088235
2023-09-03,PLAYAS,Antioquia,69.08999999999999,492474000.0,1065000000.0,46.24169014084507,22.070953,0.020694733,-0.121723175,1013.03784,23.676361,1.6,0.45633316,0.06937981,0.047564507,0.4058837,0.123469844
2023-09-04,PLAYAS,Antioquia,60.870000000000005,723219000.0,1065000000.0,67.90788732394365,22.091644,-0.2423172,0.21702194,1013.6072,23.504639,1.6,0.08177757,0.023841858,0.0024437904,0.43591195,0.32529396
2023-09-05,PLAYAS,Antioquia,72.91,558732000.0,1065000000.0,52.4630985915493,23.115692,-0.2962799,0.5440941,1013.1939,23.482483,1.6,0.0035762787,0.020861626,0.0,0.42317596,0.6195322
2023-09-06,PLAYAS,Antioquia,51.45,463076000.0,1065000000.0,43.48131455399061,24.062958,-0.2603073,0.65498734,1012.2433,23.438324,1.6,0.00023841858,0.02026558,0.0,0.4058875,0.7048179
2023-09-07,PLAYAS,Antioquia,53.54,498297000.0,1065000000.0,46.78845070422536,23.78659,-0.34651184,0.14228821,1011.3667,23.342865,1.6,0.0,0.019788742,0.0,0.39037365,0.3745883
2023-09-08,PLAYAS,Antioquia,60.61,479229000.0,1065000000.0,44.99802816901408,22.936493,-0.14466858,0.12680435,1011.91455,23.403381,1.6,0.4415512,0.027775764,0.00846386,0.39528993,0.19237553
2023-09-09,PLAYAS,Antioquia,65.67,473887000.0,1065000000.0,44.49643192488263,23.934906,-0.25831223,0.22991943,1011.52716,23.525177,1.6,0.17595291,0.02169609,0.0027418137,0.3915577,0.3458152
2023-09-10,PLAYAS,Antioquia,58.6,558692000.0,1065000000.0,52.459342723004696,22.219269,-0.29751968,0.017932892,1013.45685,23.665619,1.6,0.39744377,0.12397766,0.023841858,0.40005404,0.29805964
2023-09-11,PLAYAS,Antioquia,63.98,920025000.0,1065000000.0,86.38732394366198,23.285553,-0.33403015,-0.04032898,1013.1317,23.800812,1.6,0.15699863,0.028192997,0.009119511,0.4010923,0.33645588
2023-09-12,PLAYAS,Antioquia,91.79,771676000.0,1065000000.0,72.45784037558685,22.949554,-0.15991592,0.03139496,1012.58795,23.815796,1.6,0.38540363,0.17243624,0.0692606,0.39298725,0.16296855
2023-09-13,PLAYAS,Antioquia,78.99000000000001,674504000.0,1065000000.0,63.33370892018779,22.472809,-0.04011154,-0.20900726,1012.29,23.662872,1.6,0.28932095,0.0371933,0.010550022,0.40081206,0.21282145
2023-09-14,PLAYAS,Antioquia,71.81,703327000.0,1065000000.0,66.04009389671361,22.944855,-0.26945877,0.14786911,1011.9451,23.470001,1.6,0.03516674,0.114917755,0.0016093254,0.39554,0.3073651
2023-09-15,PLAYAS,Antioquia,56.31,556663000.0,1065000000.0,52.26882629107982,23.437042,-0.25694275,0.4573784,1012.15125,23.395905,1.6,0.15163422,0.05686283,0.00500679,0.38864625,0.52460897
2023-09-16,PLAYAS,Antioquia,42.75,470921000.0,1065000000.0,44.21793427230047,23.124847,-0.49054718,0.24341965,1012.64453,23.470276,1.6,0.051021576,0.054061413,0.000834465,0.37890008,0.54762185
2023-09-17,PLAYAS,Antioquia,40.86,536750000.0,1065000000.0,50.39906103286385,23.456207,-0.2077446,0.28171158,1012.6778,23.322357,1.6,0.035643578,0.053167343,0.0011324883,0.3827608,0.35002747
2023-09-18,PLAYAS,Antioquia,67.17999999999999,449867000.0,1065000000.0,42.24103286384977,22.839447,-0.4212532,-0.02748108,1012.0878,23.299988,1.6,0.00035762787,0.050604343,0.0,0.37468636,0.42214864
2023-09-19,PLAYAS,Antioquia,56.69,420961000.0,1065000000.0,39.52685446009389,23.474274,-0.30649567,0.4500389,1011.98486,23.383362,1.6,0.12886524,0.052154064,0.0034570694,0.37471902,0.5444948
2023-09-20,PLAYAS,Antioquia,49.04,414425000.0,1065000000.0,38.9131455399061,22.812958,-0.30331802,0.54525757,1011.84235,23.545715,1.6,0.26333332,0.06604195,0.018954277,0.3716515,0.62394524
2023-09-21,PLAYAS,Antioquia,45.73,407238000.0,1065000000.0,38.23830985915493,23.845734,-0.50226593,0.18088913,1011.5453,23.809052,1.6,0.072956085,0.04643202,0.0010728836,0.36228982,0.5338463
2023-09-22,PLAYAS,Antioquia,40.400000000000006,412730000.0,1065000000.0,38.75399061032864,23.936188,0.14255905,0.22270966,1010.5041,23.819489,1.6,0.022172928,0.044226646,0.00047683716,0.36111844,0.26442894
2023-09-23,PLAYAS,Antioquia,35.64,470972000.0,1065000000.0,44.22272300469484,23.197235,-0.13994598,-0.09851456,1010.6145,23.806763,1.6,0.019192696,0.042676926,0.00071525574,0.36268958,0.1711432
2023-09-24,PLAYAS,Antioquia,22.87,482006000.0,1065000000.0,45.258779342723,22.62558,0.3740921,0.14284134,1011.5656,23.84616,1.6,0.5155802,0.09953976,0.059127808,0.3638435,0.40043545
2023-09-25,PLAYAS,Antioquia,25.08,457294000.0,1065000000.0,42.93840375586854,24.091705,-0.29185486,0.3218994,1011.7042,23.771332,1.6,0.08523464,0.041365623,0.0021457672,0.36207145,0.4345095
2023-09-26,PLAYAS,Antioquia,34.61,484508000.0,1065000000.0,45.49370892018779,22.639862,0.1806221,-0.077503204,1014.02954,23.796906,1.6,1.0063648,0.37419796,0.16379356,0.3816362,0.19654793
2023-09-27,PLAYAS,Antioquia,46.9,405346000.0,1065000000.0,38.06065727699531,22.181854,-0.24825287,-0.06347656,1012.72,23.507172,1.6,0.3247261,0.08362532,0.03668666,0.38525784,0.25623965
2023-09-28,PLAYAS,Antioquia,59.540000000000006,402274000.0,1065000000.0,37.77220657276995,22.893585,0.17485428,0.09560394,1011.3169,23.29834,1.6,0.4491806,0.10716915,0.0487566,0.3873737,0.19928405
2023-09-29,PLAYAS,Antioquia,81.65,388970000.0,1065000000.0,36.52300469483568,22.78537,0.02760315,-0.047344208,1011.47125,23.21283,1.6,0.1193285,0.08606911,0.0044107437,0.39000332,0.054803357
2023-09-30,PLAYAS,Antioquia,96.09,414730000.0,1065000000.0,38.94178403755868,23.641998,-0.18764877,0.25283432,1011.78595,23.055542,1.6,0.25510788,0.14472008,0.028550625,0.38320398,0.3148607
2023-10-01,PLAYAS,Antioquia,109.36,606192000.0,1388370000.0,43.66213617407463,23.520172,-0.1640892,-0.051433563,1011.73065,22.823303,1.83,0.4312992,0.27030706,0.10031462,0.38598272,0.17196126
2023-10-02,PLAYAS,Antioquia,122.28000000000002,556699000.0,1388370000.0,40.09730835440121,23.251068,-0.051143646,0.20619583,1011.1317,22.764038,1.83,0.104784966,0.12367964,0.0036358833,0.38583675,0.21244386
2023-10-03,PLAYAS,Antioquia,123.65,574812000.0,1388370000.0,41.40193176170617,22.978668,-0.022102356,-0.1162529,1010.89014,22.764038,1.83,0.43678284,0.14048815,0.02193451,0.400683,0.11833533
2023-10-04,PLAYAS,Antioquia,117.73,641494000.0,1388370000.0,46.20483012453453,21.688812,-0.46097565,0.025733948,1013.4384,22.753082,1.83,0.40578842,0.24050474,0.03105402,0.4459862,0.46169338
2023-10-05,PLAYAS,Antioquia,116.31,754971000.0,1388370000.0,54.37822770587092,22.134064,-0.39275742,-0.18072128,1014.34705,22.818573,1.83,0.074505806,0.20074844,0.002026558,0.43771183,0.4323408
2023-10-06,PLAYAS,Antioquia,117.37,693409000.0,1388370000.0,49.94410711841944,21.233246,-0.28897476,-0.100624084,1014.8233,23.132812,1.83,0.28932095,0.14263391,0.009596348,0.42979544,0.30599284
2023-10-07,PLAYAS,Antioquia,123.77,858450000.0,1388370000.0,61.83150024849283,22.435272,0.22706985,-0.19414139,1013.5494,23.1586,1.83,0.04005432,0.10818243,0.002026558,0.41934857,0.29875004
2023-10-08,PLAYAS,Antioquia,118.01,973594000.0,1388370000.0,70.12496668755446,21.948395,-0.10025406,-0.13515091,1013.22455,23.065674,1.83,0.2939701,0.13959408,0.022172928,0.43365008,0.1682755
2023-10-09,PLAYAS,Antioquia,120.36,691985000.0,1388370000.0,49.84154079964275,22.531036,0.030139923,-0.43969345,1013.3142,23.09372,1.83,0.013113022,0.07927418,0.001013279,0.44562644,0.44072527
2023-10-10,PLAYAS,Antioquia,121.04,648940000.0,1388370000.0,46.74114249083458,22.827118,0.18674088,0.05134201,1012.69653,23.201569,1.83,0.050663948,0.07253885,0.0008940697,0.43035448,0.19367023
2023-10-11,PLAYAS,Antioquia,120.5,580432000.0,1388370000.0,41.806722991709705,22.862518,0.16377258,0.31884003,1012.3699,23.300629,1.83,0.06270409,0.06723404,0.001013279,0.42395526,0.35844165
2023-10-12,PLAYAS,Antioquia,122.15,659166000.0,1388370000.0,47.4776896648588,22.693268,0.31923294,-0.16804123,1011.4352,23.31607,1.83,0.00035762787,0.061690807,0.0,0.41204533,0.36075965
2023-10-13,PLAYAS,Antioquia,120.28000000000002,754956000.0,1388370000.0,54.37714730223211,22.76529,0.091041565,0.045082092,1011.8008,23.264618,1.83,0.017881393,0.05763769,0.00047683716,0.40453458,0.10159213
2023-10-14,PLAYAS,Antioquia,117.73,747025000.0,1388370000.0,53.80590188494422,21.643768,-0.3097191,0.03744507,1014.2366,23.19226,1.83,0.5041361,0.10597706,0.052154064,0.4231813,0.31197444
2023-10-15,PLAYAS,Antioquia,114.43,694001000.0,1388370000.0,49.9867470486974,22.924774,0.10157013,0.17235565,1014.0661,23.470795,1.83,0.021576881,0.05209446,0.00035762787,0.41794455,0.2000574
2023-10-16,PLAYAS,Antioquia,116.68,739863000.0,1388370000.0,53.2900451608721,21.525177,-0.21249008,-0.17118835,1014.2594,23.60553,1.83,0.51784515,0.0743866,0.024855137,0.42386085,0.272869
2023-10-17,PLAYAS,Antioquia,115.32,695752000.0,1388370000.0,50.11286616679992,21.493011,0.5267372,-0.12742233,1013.2339,23.776886,1.83,0.0034570694,0.04774332,0.00023841858,0.42655638,0.5419304
2023-10-18,PLAYAS,Antioquia,119.17,697972000.0,1388370000.0,50.27276590534223,23.62967,0.36566544,0.10469055,1011.7353,23.71051,1.83,0.01013279,0.045657158,0.00029802322,0.41137582,0.38035685
2023-10-19,PLAYAS,Antioquia,115.23,656663000.0,1388370000.0,47.297406310997786,24.614288,0.09062576,0.4504814,1011.0453,23.514648,1.83,0.00667572,0.043213367,0.00017881393,0.4009892,0.45950684
2023-10-20,PLAYAS,Antioquia,120.36,661774000.0,1388370000.0,47.66553584419139,21.924469,0.050540924,0.09749603,1012.65466,23.60315,1.83,0.17404556,0.047683716,0.00667572,0.40244228,0.1098174
2023-10-21,PLAYAS,Antioquia,114.55,662369000.0,1388370000.0,47.7083918551971,21.41397,0.27930832,-0.15914536,1014.0483,23.888458,1.83,0.49817562,0.09787083,0.0410676,0.46895498,0.321466
2023-10-22,PLAYAS,Antioquia,111.76,659176000.0,1388370000.0,47.478409933951326,21.42862,-0.42528534,-0.073856354,1014.1869,24.031342,1.83,0.11193752,0.04184246,0.003695488,0.46316803,0.4316508
2023-10-23,PLAYAS,Antioquia,115.21999999999998,656075000.0,1388370000.0,47.25505448835685,22.774689,0.31428146,-0.21449661,1012.53406,23.979797,1.83,0.07534027,0.039339066,0.0021457672,0.4389313,0.3805018
2023-10-24,PLAYAS,Antioquia,121.2,833878000.0,1388370000.0,60.06165503432083,21.379791,0.25617218,0.008792877,1012.9581,23.871246,1.83,0.341177,0.054717064,0.01859665,0.4508993,0.25632304
2023-10-25,PLAYAS,Antioquia,116.73,906614000.0,1388370000.0,65.30060430576864,21.25821,0.15623856,-0.25674057,1012.27203,23.879608,1.83,0.35822392,0.065386295,0.029861927,0.45993465,0.3005432
2023-10-26,PLAYAS,Antioquia,114.56,981245000.0,1388370000.0,70.67604457025145,20.555878,0.14109421,-0.10522461,1012.1847,23.893433,1.83,0.42450428,0.08147955,0.04634261,0.49035895,0.17601077
2023-10-27,PLAYAS,Antioquia,111.33,1031675000.0,1388370000.0,74.30836160389521,21.125092,-0.31425476,-0.037944794,1012.71454,23.94513,1.83,1.0863543,0.19073486,0.14787912,0.50436276,0.3165373
2023-10-28,PLAYAS,Antioquia,110.1,1207301000.0,1388370000.0,86.95815956841476,21.263702,-0.38357544,-0.135746,1012.90265,23.833496,1.83,1.4665127,0.47314167,0.40113926,0.4999085,0.40688705
2023-10-29,PLAYAS,Antioquia,108.54,1209759000.0,1388370000.0,87.13520171135937,22.017303,-0.4435768,-0.120018005,1012.33484,24.184296,1.83,0.21600723,0.09828806,0.024795532,0.49366927,0.45952663
2023-10-30,PLAYAS,Antioquia,112.72,1342605000.0,1388370000.0,96.70368849802288,21.401337,-0.11900711,-0.10096741,1012.9906,24.305267,1.83,0.14388561,0.07915497,0.0072717667,0.49104184,0.15606764
2023-10-31,PLAYAS,Antioquia,110.87,1504411000.0,1388370000.0,108.35807457666183,22.011627,-0.30613327,-0.026355743,1013.1863,24.454834,1.83,0.2696514,0.09191036,0.015318394,0.48580498,0.3072657
2023-11-01,PLAYAS,Antioquia,113.56,1785168000.0,1693320000.0,105.42413719793068,20.88327,-0.31032562,0.09821701,1012.86237,24.205109,1.99,0.641346,0.16498566,0.08440018,0.4895925,0.32549742
2023-11-02,PLAYAS,Antioquia,105.64,1752717000.0,1693320000.0,103.5077244702714,20.889069,-0.53409195,0.028141022,1012.4183,24.064636,1.99,2.06244,1.5199184,0.4183054,0.5021206,0.5348328
2023-11-03,PLAYAS,Antioquia,102.44,1905523000.0,1693320000.0,112.53177190371576,21.856964,-0.6587448,-0.35188293,1011.5645,24.394806,1.99,1.6440153,0.6326437,0.3464818,0.5024685,0.74683756
2023-11-04,PLAYAS,Antioquia,107.09,1851787000.0,1693320000.0,109.3583610894574,21.677338,0.05762863,-0.11277771,1012.02716,24.382294,1.99,3.354311,1.8422604,1.1975765,0.50291246,0.1266486
2023-11-05,PLAYAS,Antioquia,107.57,1431418000.0,1693320000.0,84.53322467106041,21.974762,-0.3008728,-0.045742035,1011.5584,24.441772,1.99,0.005722046,0.12505054,0.00071525574,0.48498073,0.30433005
2023-11-06,PLAYAS,Antioquia,104.43,1526883000.0,1693320000.0,90.17096591311744,21.188812,-0.37799835,-0.09819794,1012.7595,24.62024,1.99,0.35440922,0.1758337,0.06145239,0.49649793,0.39054525
2023-11-07,PLAYAS,Antioquia,103.15,1434260000.0,1693320000.0,84.70106063827274,22.190643,-0.31534958,0.052654266,1013.1384,24.512817,1.99,0.15699863,0.12552738,0.018119812,0.49359465,0.31971523
2023-11-08,PLAYAS,Antioquia,99.61,1183340000.0,1693320000.0,69.88283372310018,22.679596,-0.08119202,-0.25551987,1011.6334,24.524902,1.99,0.0010728836,0.100791454,0.0,0.4786113,0.2681092
2023-11-09,PLAYAS,Antioquia,97.22,1125088000.0,1693320000.0,66.44272789549524,23.660858,0.044376373,-0.085437775,1010.3528,24.387543,1.99,0.00834465,0.09435415,0.0004172325,0.47622082,0.096275
2023-11-10,PLAYAS,Antioquia,98.2,1077701000.0,1693320000.0,63.6442609784329,23.789215,0.10197067,0.02943039,1010.3155,24.37967,1.99,0.05185604,0.088483095,0.0007748604,0.46547186,0.106132776
2023-11-11,PLAYAS,Antioquia,97.86,1017586000.0,1693320000.0,60.09413459948504,23.382965,0.33687592,0.24641037,1010.2975,24.252167,1.99,0.15771389,0.088989735,0.0063180923,0.46479362,0.41737688
2023-11-12,PLAYAS,Antioquia,101.35,1185409000.0,1693320000.0,70.00501972456476,23.352264,0.045719147,-0.07977295,1011.015,24.100372,1.99,0.30207634,0.10341406,0.023841858,0.46235812,0.09194544
2023-11-13,PLAYAS,Antioquia,90.07,762025000.0,1693320000.0,45.00183072307656,22.671173,0.2514801,0.03907776,1010.9981,24.129456,1.99,0.043988228,0.07915497,0.0017881393,0.46063077,0.25449815
2023-11-14,PLAYAS,Antioquia,78.48,955797000.0,1693320000.0,56.44514917440296,22.22873,0.21169662,-0.07226944,1010.3197,24.164825,1.99,0.03182888,0.077068806,0.0012516975,0.45615435,0.22369249
2023-11-15,PLAYAS,Antioquia,84.59,1342491000.0,1693320000.0,79.28158883140813,21.35849,-0.02999878,-0.42196274,1011.2678,24.133942,1.99,0.42653084,0.1835227,0.051915646,0.4656254,0.42302775
2023-11-16,PLAYAS,Antioquia,76.34,1019735000.0,1693320000.0,60.2210450475988,22.23471,0.016540527,0.016139984,1011.1714,24.09665,1.99,0.097990036,0.1026988,0.02002716,0.47679484,0.023110347
2023-11-17,PLAYAS,Antioquia,94.12,1210787000.0,1693320000.0,71.50373231285285,22.372894,0.04971695,-0.033756256,1012.22656,23.913025,1.99,0.08332729,0.08267164,0.0035762787,0.47015068,0.06009376
2023-11-18,PLAYAS,Antioquia,102.29,1430921000.0,1693320000.0,84.50387404625234,20.96457,0.057926178,-0.027626038,1014.63873,23.820007,1.99,1.8442869,1.8122792,0.5969405,0.50768155,0.064176634
2023-11-19,PLAYAS,Antioquia,102.46,1617650000.0,1693320000.0,95.531264025701,21.207245,-0.014347076,-0.017211914,1015.57623,23.978912,1.99,0.32556057,0.19657612,0.05942583,0.5033078,0.022407332
2023-11-20,PLAYAS,Antioquia,97.74,1467377000.0,1693320000.0,86.65680438428649,20.841827,-0.34196854,-0.2896881,1014.563,24.120392,1.99,0.7073879,0.31220913,0.19919872,0.49698,0.44817597
2023-11-21,PLAYAS,Antioquia,100.09,1286890000.0,1693320000.0,75.9980393546406,20.754608,0.19192123,-0.26074982,1013.03986,24.381256,1.99,0.2837181,0.1577735,0.020325184,0.49601024,0.3237657
2023-11-22,PLAYAS,Antioquia,100.62,1307131000.0,1693320000.0,77.19338341246782,21.521393,-0.27025986,-0.6332741,1012.8,24.578278,1.99,0.14567375,0.10204315,0.006735325,0.4905372,0.6885321
2023-11-23,PLAYAS,Antioquia,102.61,1121478000.0,1693320000.0,66.22953724045071,21.209259,-0.37120056,-0.286911,1013.0673,24.722076,1.99,0.06735325,0.097215176,0.00834465,0.4814655,0.46915647
2023-11-24,PLAYAS,Antioquia,100.49,1116139000.0,1693320000.0,65.91423948220064,21.642365,-0.26224136,0.08328247,1013.66956,24.662994,1.99,0.15866756,0.09000301,0.0066161156,0.48317325,0.27514815
2023-11-25,PLAYAS,Antioquia,95.59,1373862000.0,1693320000.0,81.13422152930339,21.090607,0.12300873,0.08169937,1013.9453,24.43158,1.99,0.1436472,0.08583069,0.0069737434,0.4874195,0.14766833
2023-11-26,PLAYAS,Antioquia,81.89999999999999,1143875000.0,1693320000.0,67.55220513547351,21.732574,-0.3148117,0.23626709,1012.66187,24.144989,1.99,0.019431114,0.07593632,0.0006556511,0.48448274,0.39360964
2023-11-27,PLAYAS,Antioquia,76.33,1033084000.0,1693320000.0,61.00937802659864,22.47702,-0.067150116,0.32118988,1010.97144,23.971771,1.99,0.0,0.07146597,0.0,0.46730986,0.32813424
2023-11-28,PLAYAS,Antioquia,72.11,946072000.0,1693320000.0,55.87083362861125,22.836151,-0.17290497,-0.041046143,1011.2406,23.72876,1.99,0.00059604645,0.067293644,5.9604645e-05,0.45381704,0.17771019
2023-11-29,PLAYAS,Antioquia,61.01,884433000.0,1693320000.0,52.23070654099639,22.106049,-0.16511154,-0.26460266,1012.0698,23.621063,1.99,0.00059604645,0.06324053,0.0,0.44416133,0.31189165
2023-11-30,PLAYAS,Antioquia,56.76,828603000.0,1693320000.0,48.93363333569556,21.730133,-0.17518616,-0.15349197,1012.2225,23.589447,1.99,0.08511543,0.06508827,0.0052452087,0.4465464,0.23291624
2023-12-01,PLAYAS,Antioquia,58.47,758556000.0,1380390000.0,54.952296090235365,22.581573,-0.26128006,-0.07257843,1011.8752,23.568756,2.06,0.01180172,0.05674362,0.00011920929,0.4475659,0.27117318
2023-12-02,PLAYAS,Antioquia,58.07,724055000.0,1380390000.0,52.45292996906671,22.171844,-0.28142166,0.1265831,1011.53107,23.367188,2.06,0.0027418137,0.053226948,5.9604645e-05,0.4371837,0.30857968
2023-12-03,PLAYAS,Antioquia,45.59,687613000.0,1380390000.0,49.81295141228203,22.711945,-0.18414307,-0.032619476,1011.6678,23.376068,2.06,0.004172325,0.050008297,0.0,0.4292073,0.18700989
2023-12-04,PLAYAS,Antioquia,61.52,666197000.0,1380390000.0,48.2615058063301,22.606354,-0.19745255,0.068790436,1011.4295,23.505157,2.06,0.00846386,0.04774332,0.00023841858,0.42004508,0.2090924
2023-12-05,PLAYAS,Antioquia,72.86,651336000.0,1380390000.0,47.18492599917415,23.153168,-0.28560638,0.011985779,1011.3212,23.845612,2.06,0.005364418,0.044822693,0.00011920929,0.4084878,0.28585777
2023-12-06,PLAYAS,Antioquia,63.5,653237000.0,1380390000.0,47.32264070298973,21.96994,-0.32707214,-0.05725479,1011.08875,24.007202,2.06,0.01347065,0.04208088,0.00029802322,0.40204865,0.33204564
2023-12-07,PLAYAS,Antioquia,55.96,652209000.0,1380390000.0,47.2481689957186,21.748322,-0.1321907,-0.32906342,1012.29376,24.170807,2.06,0.059604645,0.044941902,0.00500679,0.4052199,0.35462248
2023-12-08,PLAYAS,Antioquia,63.96,820112000.0,1380390000.0,59.41161555792204,22.777496,-0.3540764,0.38187408,1011.40894,24.333862,2.06,0.015735626,0.0385046,0.0006556511,0.40580112,0.5207667
2023-12-09,PLAYAS,Antioquia,60.55,776419000.0,1380390000.0,56.24635066901384,23.203583,-0.22691727,0.22515488,1010.52655,24.341492,2.06,0.00071525574,0.0359416,0.0,0.39910078,0.3196657
2023-12-10,PLAYAS,Antioquia,49.41,776074000.0,1380390000.0,56.22135773223509,22.509369,-0.22001266,0.21692276,1009.9169,24.400787,2.06,0.015854836,0.034034252,0.00014901161,0.39352491,0.30896774
2023-12-11,PLAYAS,Antioquia,57.48,761592000.0,1380390000.0,55.17223393388825,23.320465,-0.36244202,0.1552124,1009.53455,24.360443,2.06,0.00023841858,0.032365322,0.0,0.3883124,0.39427793
2023-12-12,PLAYAS,Antioquia,51.32,758765000.0,1380390000.0,54.96743673889263,23.479523,-0.15317535,0.050735474,1009.8261,24.341125,2.06,0.044584274,0.03194809,0.0011920929,0.38727233,0.16135916
2023-12-13,PLAYAS,Antioquia,58.31,541299000.0,1380390000.0,39.21348314606742,23.307587,-0.11363983,-0.110198975,1009.27466,24.240082,2.06,0.014185905,0.029325485,0.00011920929,0.38296813,0.15829664
2023-12-14,PLAYAS,Antioquia,52.900000000000006,547173000.0,1380390000.0,39.63901506096103,22.626862,0.0096588135,-0.23688889,1008.9984,24.049316,2.06,0.036239624,0.029683113,0.0017285347,0.38311526,0.23708571
2023-12-15,PLAYAS,Antioquia,71.88,613115000.0,1380390000.0,44.4160708205652,21.189056,0.22273636,-0.010425568,1010.0772,24.100464,2.06,0.08392334,0.028252602,0.0014901161,0.40213844,0.22298022
2023-12-16,PLAYAS,Antioquia,60.650000000000006,692083000.0,1380390000.0,50.13677294098044,21.59903,0.08279204,-0.10112381,1012.40405,24.158722,2.06,0.17094612,0.03194809,0.005841255,0.42259932,0.13069257
2023-12-17,PLAYAS,Antioquia,48.75,842200000.0,1380390000.0,61.01174305812126,21.864471,-0.39169312,-0.36618423,1013.21204,24.136932,2.06,0.40841103,0.047802925,0.022411346,0.46465808,0.5362037
2023-12-18,PLAYAS,Antioquia,35.02,776743000.0,1380390000.0,56.26982229659734,22.059662,-0.4935112,-0.35533142,1012.16907,24.170471,2.06,0.121593475,0.030398369,0.0054836273,0.45454016,0.6081231
2023-12-19,PLAYAS,Antioquia,59.9,742194000.0,1380390000.0,53.76697889726816,22.599884,-0.185215,-0.077560425,1012.0181,24.195496,2.06,0.0756979,0.029027462,0.0053048134,0.45350373,0.20079894
2023-12-20,PLAYAS,Antioquia,70.04,742864000.0,1380390000.0,53.81551590492541,22.036835,-0.19383621,-0.30225754,1011.7753,24.164948,2.06,0.0705719,0.026881695,0.003695488,0.46568644,0.35907117
2023-12-21,PLAYAS,Antioquia,56.58,773172000.0,1380390000.0,56.01112729011366,22.610931,-0.42776108,0.06637192,1011.76764,24.213257,2.06,0.027179718,0.02336502,0.0006556511,0.46222633,0.43287963
2023-12-22,PLAYAS,Antioquia,57.57,764293000.0,1380390000.0,55.36790327371251,22.933807,0.099178314,0.1321907,1011.52325,24.297546,2.06,0.012993813,0.02193451,0.00023841858,0.44572198,0.16525955
2023-12-23,PLAYAS,Antioquia,66.61,668800000.0,1380390000.0,48.450075703243286,22.586151,-0.32141876,-0.3432846,1012.5547,24.43927,2.06,0.17952919,0.02515316,0.004053116,0.44236046,0.47027048
2023-12-24,PLAYAS,Antioquia,54.61,690504000.0,1380390000.0,50.02238497815835,22.072418,-0.37945557,-0.3203125,1013.03314,24.529022,2.06,0.06437302,0.02348423,0.0031590462,0.44562012,0.49657488
2023-12-25,PLAYAS,Antioquia,64.35,642944000.0,1380390000.0,46.57698186744326,22.368134,0.3927498,-0.14335632,1013.4941,24.621307,2.06,0.123143196,0.027358532,0.0075101852,0.4485451,0.41809502
2023-12-26,PLAYAS,Antioquia,52.84,732018000.0,1380390000.0,53.02979592723796,21.865692,0.20006943,-0.030078888,1014.27374,24.79248,2.06,0.11360645,0.024735928,0.0054836273,0.44723606,0.20231785
2023-12-27,PLAYAS,Antioquia,43.39,788518000.0,1380390000.0,57.12284209534987,21.31662,-0.044815063,-0.3089714,1014.3074,24.717194,2.06,0.42188168,0.115931034,0.09703636,0.44488385,0.31220463
2023-12-28,PLAYAS,Antioquia,67.7,825802000.0,1380390000.0,59.82381790653366,21.578949,-0.14249039,-0.13189316,1014.185,24.804688,2.06,0.10204315,0.022649765,0.0044703484,0.4563254,0.19416311
2023-12-29,PLAYAS,Antioquia,55.00000000000001,889708000.0,1380390000.0,64.45337911749579,20.794708,-0.017024994,-0.31975174,1015.3703,24.667847,2.06,0.2439022,0.05567074,0.013589859,0.47705767,0.32020465
2023-12-30,PLAYAS,Antioquia,67.86999999999999,954746000.0,1380390000.0,69.16494613841016,21.187714,-0.2922554,-0.37480164,1016.3109,24.812073,2.06,0.071287155,0.019848347,0.002026558,0.4711877,0.47527832
2023-12-31,PLAYAS,Antioquia,54.38,834930000.0,1380390000.0,60.48508030339252,20.973053,-0.26046753,-0.33436203,1015.6847,24.782928,2.06,0.089645386,0.02169609,0.004053116,0.4603954,0.42384112
2024-01-01,PLAYAS,Antioquia,48.6,948160000.0,1005200000.0,94.32550736171906,21.781342,-0.2544136,-0.14671707,1014.5147,24.931946,1.92,0.021338463,0.01835823,0.00086426735,0.45009977,0.29368722
2024-01-02,PLAYAS,Antioquia,53.63,829493000.0,1005200000.0,82.52019498607243,22.652863,-0.51449585,-0.13549042,1013.60345,25.216858,1.92,0.09083748,0.022292137,0.0051259995,0.44435978,0.53203726
2024-01-03,PLAYAS,Antioquia,45.82,762477000.0,1005200000.0,75.85326303223239,22.49765,-0.47804642,-0.41238403,1013.78186,25.272644,1.92,0.022888184,0.01746416,0.0007748604,0.43732387,0.631339
2024-01-04,PLAYAS,Antioquia,70.44,788150000.0,1005200000.0,78.40728213290888,21.717804,-0.48482132,-0.33759308,1014.20123,25.31723,1.92,0.029921532,0.016748905,0.0004172325,0.42452088,0.5907798
2024-01-05,PLAYAS,Antioquia,58.64,686926000.0,1005200000.0,68.33724631914046,21.677277,-0.5286522,-0.22456741,1014.17,25.382904,1.92,0.03218651,0.016450882,0.00047683716,0.41498673,0.5743724
2024-01-06,PLAYAS,Antioquia,49.17,629585000.0,1005200000.0,62.632809391165935,21.33316,-0.3465004,-0.065078735,1012.6127,25.490692,1.92,0.0,0.015676022,0.0,0.4072064,0.35255888
2024-01-07,PLAYAS,Antioquia,49.97,589991000.0,1005200000.0,58.69389176283328,21.774567,-0.3847885,0.18331909,1012.1264,25.445587,1.92,0.0,0.015318394,0.0,0.39770755,0.4262254
2024-01-08,PLAYAS,Antioquia,80.30000000000001,568728000.0,1005200000.0,56.57859132510943,22.706451,-0.21621323,0.06526184,1011.0481,25.508636,1.92,0.0,0.0150203705,0.0,0.3872809,0.22584787
2024-01-09,PLAYAS,Antioquia,79.79,547150000.0,1005200000.0,54.43195384003183,22.586273,-0.38051224,0.033901215,1011.9842,25.307465,1.92,0.0,0.014543533,0.0,0.37720925,0.38201946
2024-01-10,PLAYAS,Antioquia,71.61999999999999,503630000.0,1005200000.0,50.102467170712295,21.99228,-0.14398575,-0.29521942,1013.52454,25.185638,1.92,0.009894371,0.014603138,0.00035762787,0.37109998,0.32846066
2024-01-11,PLAYAS,Antioquia,63.05,561362000.0,1005200000.0,55.8458018304815,22.481354,-0.2877655,-0.17864609,1013.455,25.072266,1.92,0.059723854,0.0150203705,0.0010728836,0.37008882,0.33870846
2024-01-12,PLAYAS,Antioquia,54.790000000000006,546376000.0,1005200000.0,54.3549542379626,21.962006,0.05690384,-0.2571869,1013.1139,25.073273,1.92,0.051140785,0.016391277,0.0025629997,0.37063417,0.2634068
2024-01-13,PLAYAS,Antioquia,46.44,518014000.0,1005200000.0,51.533426183844014,21.780548,-0.1688652,-0.1298027,1014.15784,25.0755,1.92,0.07379055,0.017881393,0.004351139,0.3788316,0.21298872
2024-01-14,PLAYAS,Antioquia,73.46000000000001,508325000.0,1005200000.0,50.56953840031835,22.141571,-0.44716263,-0.12501907,1013.775,25.059998,1.92,0.019192696,0.013649464,0.00047683716,0.38394263,0.46431044
2024-01-15,PLAYAS,Antioquia,64.92999999999999,487527000.0,1005200000.0,48.50049741345006,23.227997,-0.2885971,0.26963806,1012.1369,25.171967,1.92,0.0,0.012755394,0.0,0.37675172,0.39495948
2024-01-16,PLAYAS,Antioquia,54.56,513067000.0,1005200000.0,51.04128531635496,23.05832,-0.050876617,0.47050095,1010.9886,25.326447,1.92,0.0,0.012516975,0.0,0.36597994,0.47324368
2024-01-17,PLAYAS,Antioquia,57.14,502981000.0,1005200000.0,50.03790290489455,23.118378,-0.3055954,0.123184204,1012.0081,25.576233,1.92,0.0,0.0121593475,0.0,0.3563105,0.32948884
2024-01-18,PLAYAS,Antioquia,57.16,449843000.0,1005200000.0,44.75159172304019,23.976715,-0.1646576,0.4717064,1011.9558,25.601318,1.92,0.0,0.011861324,0.0,0.34839275,0.49961892
2024-01-19,PLAYAS,Antioquia,48.45,458074000.0,1005200000.0,45.57043374452846,23.345367,-0.35951614,0.10210419,1011.4945,25.574768,1.92,0.0,0.011622906,0.0,0.341687,0.37373403
2024-01-20,PLAYAS,Antioquia,51.66,371517000.0,1005200000.0,36.959510545165145,22.835968,-0.0037193298,0.51296616,1011.78674,25.596527,1.92,0.0,0.0113248825,0.0,0.33527792,0.5129796
2024-01-21,PLAYAS,Antioquia,44.63,393518000.0,1005200000.0,39.14822920811778,23.615143,0.046482086,0.26285934,1012.85236,25.62555,1.92,0.0,0.011026859,0.0,0.32970706,0.2669375
2024-01-22,PLAYAS,Antioquia,45.92,397995000.0,1005200000.0,39.59361321130123,24.222504,-0.094142914,0.59789276,1011.95435,25.719727,1.92,0.0,0.010788441,0.0,0.32629216,0.6052592
2024-01-23,PLAYAS,Antioquia,65.71000000000001,397919000.0,1005200000.0,39.58605252686033,24.147675,-0.20790482,0.40019226,1011.3223,25.60617,1.92,0.0,0.0104904175,0.0,0.3218249,0.4509748
2024-01-24,PLAYAS,Antioquia,66.14,372907000.0,1005200000.0,37.097791484281736,23.359344,-0.47019958,0.0051612854,1011.21,25.554657,1.92,0.0,0.010192394,0.0,0.31824768,0.47022793
2024-01-25,PLAYAS,Antioquia,69.86,354683000.0,1005200000.0,35.28481894150418,23.323761,-0.37046432,-0.042022705,1011.34436,25.633484,1.92,0.0,0.009834766,0.0,0.31472996,0.37284008
2024-01-26,PLAYAS,Antioquia,62.150000000000006,353904000.0,1005200000.0,35.20732192598488,23.463165,-0.4246025,0.2383461,1012.2908,25.6987,1.92,0.00023841858,0.009655952,0.0,0.31151754,0.48692518
2024-01-27,PLAYAS,Antioquia,78.28,370207000.0,1005200000.0,36.8291882212495,23.863983,-0.18291855,-0.2706604,1013.6039,25.76416,1.92,0.0,0.0094771385,0.0,0.30844283,0.32667452
2024-01-28,PLAYAS,Antioquia,83.38,361762000.0,1005200000.0,35.98905690409869,23.650421,-0.2838936,-0.12547684,1013.3767,25.897675,1.92,0.00023841858,0.009119511,0.0,0.30687088,0.31038687
2024-01-29,PLAYAS,Antioquia,88.39,317220000.0,1005200000.0,31.557898925586947,23.456085,-0.43125916,-0.02601242,1012.6184,26.062286,1.92,0.00011920929,0.008940697,0.0,0.30603966,0.43204296
2024-01-30,PLAYAS,Antioquia,93.64,342312000.0,1005200000.0,34.054118583366495,22.87387,-0.42823792,-0.15465164,1013.32983,26.176788,1.92,0.07200241,0.012636185,0.0038146973,0.31289122,0.4553074
2024-01-31,PLAYAS,Antioquia,88.98,374812000.0,1005200000.0,37.28730600875448,23.358185,-0.19686508,-0.22112274,1013.7369,26.128418,1.92,0.05543232,0.009715557,0.0010728836,0.32061902,0.29605934
2024-02-01,PLAYAS,Antioquia,83.67999999999999,423333000.0,881830000.0,48.00619166959618,22.049896,0.10118866,0.041931152,1013.8141,26.312683,1.62,0.17654896,0.013828278,0.005364418,0.36597043,0.10953249
2024-02-02,PLAYAS,Antioquia,77.07000000000001,396281000.0,881830000.0,44.938480205935385,21.849396,0.11094284,0.08080673,1013.53845,26.650116,1.62,0.28157234,0.032782555,0.024437904,0.44640166,0.13725173
2024-02-03,PLAYAS,Antioquia,77.08,603142000.0,881830000.0,68.39662973589013,20.970062,-0.138237,-0.08534241,1013.58093,26.968872,1.62,0.9071827,0.11011958,0.102072954,0.49577963,0.1624586
2024-02-04,PLAYAS,Antioquia,82.76,620641000.0,881830000.0,70.38102582130342,21.693024,0.12364197,-0.052944183,1012.21423,27.237854,1.62,0.27000904,0.029027462,0.020951033,0.4836247,0.13450064
2024-02-05,PLAYAS,Antioquia,77.53999999999999,624077000.0,881830000.0,70.770670083803,20.919281,0.31659698,-0.08324051,1012.09937,27.465881,1.62,0.26082993,0.020503998,0.012516975,0.47497,0.32735705
2024-02-06,PLAYAS,Antioquia,80.2,608367000.0,881830000.0,68.98914756812538,21.191925,0.4002266,-0.13172913,1013.5128,27.477905,1.62,0.32293797,0.040888786,0.03296137,0.483448,0.4213477
2024-02-07,PLAYAS,Antioquia,82.19999999999999,604169000.0,881830000.0,68.51309209258021,21.357574,-0.21693039,-0.077194214,1014.84015,27.428375,1.62,0.07891655,0.012874603,0.004887581,0.4803344,0.23025583
2024-02-08,PLAYAS,Antioquia,83.59,558330000.0,881830000.0,63.31492464533981,21.185883,-0.82141495,-0.19414139,1015.0842,27.35736,1.62,0.118494034,0.01770258,0.009715557,0.47380736,0.8440458
2024-02-09,PLAYAS,Antioquia,83.7,592332000.0,881830000.0,67.17076987628002,21.775726,-0.461895,0.090034485,1014.0183,27.451721,1.62,0.042438507,0.009834766,0.0021457672,0.46528628,0.47058812
2024-02-10,PLAYAS,Antioquia,84.27,515744000.0,881830000.0,58.48564916140299,23.57425,-0.2153244,0.20754242,1012.4272,27.549774,1.62,0.019907951,0.007867813,0.00023841858,0.44963416,0.2990626
2024-02-11,PLAYAS,Antioquia,83.95,454877000.0,881830000.0,51.5832983681662,23.809845,-0.30194855,-0.05677414,1011.96857,27.472137,1.62,0.004887581,0.0076293945,0.0,0.43450564,0.30723968
2024-02-12,PLAYAS,Antioquia,87.69,406143000.0,881830000.0,46.05683635167776,23.792633,-0.33034134,-0.19122314,1011.7325,27.5094,1.62,0.0047683716,0.0074505806,5.9604645e-05,0.421999,0.3816958
2024-02-13,PLAYAS,Antioquia,85.03,378558000.0,881830000.0,42.92868239910187,23.34793,-0.19288635,-0.1320839,1012.57263,27.528717,1.62,0.045776367,0.008404255,0.0011920929,0.41569334,0.23377617
2024-02-14,PLAYAS,Antioquia,85.67,403958000.0,881830000.0,45.80905616728848,23.109833,0.055038452,0.8681679,1012.9922,27.573761,1.62,0.087976456,0.010967255,0.0038146973,0.41277796,0.8699107
2024-02-15,PLAYAS,Antioquia,86.95,509718000.0,881830000.0,57.80229749498203,23.385773,0.14738083,0.81962585,1011.47455,27.477509,1.62,0.0,0.006914139,0.0,0.40206212,0.83277106
2024-02-16,PLAYAS,Antioquia,77.17,351314000.0,881830000.0,39.83919803136659,24.471039,-0.009666443,0.46608353,1011.48047,27.40628,1.62,0.008583069,0.006914139,5.9604645e-05,0.39241686,0.46618375
2024-02-17,PLAYAS,Antioquia,69.48,326489000.0,881830000.0,37.024029574861366,24.821686,-0.28238297,0.2713585,1011.0761,27.34311,1.62,0.0,0.006735325,0.0,0.38260305,0.39163193
2024-02-18,PLAYAS,Antioquia,74.9,355794000.0,881830000.0,40.34723245977116,24.03299,-0.27822495,0.12889099,1012.1275,27.371185,1.62,0.07510185,0.008106232,0.0014901161,0.39472893,0.30663007
2024-02-19,PLAYAS,Antioquia,67.51,316570000.0,881830000.0,35.89920959822188,23.02298,-0.096710205,-0.40439987,1014.21045,27.314789,1.62,0.11074543,0.009655952,0.0030994415,0.39801982,0.415803
2024-02-20,PLAYAS,Antioquia,68.92,311239000.0,881830000.0,35.294671308528855,23.15274,-0.13809586,-0.5307579,1014.3256,27.161163,1.62,0.0044107437,0.006556511,0.0,0.39702174,0.5484291
2024-02-21,PLAYAS,Antioquia,61.29,296202000.0,881830000.0,33.589467357653966,21.827057,-0.30189896,-0.45074844,1014.5002,27.27826,1.62,0.034451485,0.006556511,0.0005066395,0.38769588,0.54251003
2024-02-22,PLAYAS,Antioquia,60.99,370735000.0,881830000.0,42.041549958608805,21.624237,-0.5386276,-0.6208725,1014.2522,27.36258,1.62,0.04506111,0.009357929,0.0032186508,0.3881349,0.8219504
2024-02-23,PLAYAS,Antioquia,51.74,501735000.0,881830000.0,56.89702096776023,22.09256,-0.8625603,0.119205475,1013.1902,27.358429,1.62,0.006914139,0.00667572,0.00047683716,0.3829466,0.87075835
2024-02-24,PLAYAS,Antioquia,43.39,537133000.0,881830000.0,60.91117335540864,22.840729,-0.6948738,-0.11419296,1013.6939,27.34851,1.62,0.014781952,0.0061392784,0.00023841858,0.37485236,0.7041943
2024-02-25,PLAYAS,Antioquia,67.17,358862000.0,881830000.0,40.69514532279464,22.091095,-0.26729202,-0.33864975,1015.83093,27.37204,1.62,0.032305717,0.0064373016,0.00035762787,0.36844337,0.43142632
2024-02-26,PLAYAS,Antioquia,67.52,425364000.0,881830000.0,48.236508170509055,21.797455,-0.41174698,-0.26490402,1015.0769,27.406555,1.62,0.02169609,0.006556511,0.00059604645,0.36470813,0.48960158
2024-02-27,PLAYAS,Antioquia,67.02,352637000.0,881830000.0,39.989226948504815,22.645416,-0.1970787,-0.07457352,1013.33185,27.478394,1.62,0.0075101852,0.005841255,0.00011920929,0.36475217,0.21071598
2024-02-28,PLAYAS,Antioquia,69.46,316031000.0,881830000.0,35.838086706054455,23.11258,-0.3109169,-0.13023376,1012.0747,27.427704,1.62,0.042557716,0.0072717667,0.0015497208,0.3593462,0.3370907
2024-02-29,PLAYAS,Antioquia,60.940000000000005,318476000.0,881830000.0,36.11535103137793,23.187347,-0.22403336,-0.2073555,1012.3167,27.337708,1.62,0.019550323,0.006020069,0.00059604645,0.35372555,0.30526584
2024-03-01,PLAYAS,Antioquia,58.18,336431000.0,1039530000.0,32.3637605456312,23.154694,-0.2400055,-0.4477768,1013.40125,27.468811,1.26,0.012874603,0.005543232,0.00011920929,0.3485173,0.50804204
2024-03-02,PLAYAS,Antioquia,54.06,302890000.0,1039530000.0,29.137206237434228,22.738983,-0.30741882,-0.62509155,1013.5708,27.592224,1.26,0.0,0.005364418,0.0,0.34390062,0.69659585
2024-03-03,PLAYAS,Antioquia,49.89,290984000.0,1039530000.0,27.99188094619684,22.801605,-0.30583572,-0.3594818,1013.28357,27.815094,1.26,0.002503395,0.0052452087,5.9604645e-05,0.33729202,0.4719774
2024-03-04,PLAYAS,Antioquia,44.12,356418000.0,1039530000.0,34.28645637932527,23.53415,-0.4875908,-0.1424675,1013.11127,27.848846,1.26,0.052690506,0.00756979,0.002503395,0.33732048,0.50797814
2024-03-05,PLAYAS,Antioquia,62.68,360963000.0,1039530000.0,34.72367319846469,24.111115,-0.62104416,0.009319305,1011.9311,27.944366,1.26,0.049948692,0.00756979,0.0023841858,0.33998835,0.6211141
2024-03-06,PLAYAS,Antioquia,69.16,326862000.0,1039530000.0,31.443248391099825,22.959442,-0.2198143,-0.20981598,1011.33826,27.929474,1.26,0.11014938,0.01168251,0.006854534,0.34071714,0.30387673
2024-03-07,PLAYAS,Antioquia,69.39999999999999,347729000.0,1039530000.0,33.45059786634344,23.496368,-0.06524277,-0.03816223,1011.6373,27.91565,1.26,0.01859665,0.0051259995,0.00029802322,0.34030157,0.075584225
2024-03-08,PLAYAS,Antioquia,60.68,333098000.0,1039530000.0,32.04313487826229,23.33371,0.41139603,-0.18358612,1012.5644,27.804413,1.26,0.16915798,0.008940697,0.00423193,0.3536178,0.45050034
2024-03-09,PLAYAS,Antioquia,53.03,446012000.0,1039530000.0,42.90515906226853,22.32077,0.542923,-0.018772125,1013.08453,27.64029,1.26,0.27310848,0.012993813,0.008106232,0.38514408,0.5432474
2024-03-10,PLAYAS,Antioquia,53.06,380376000.0,1039530000.0,36.59115177051168,24.35373,-0.2714157,0.049087524,1012.5684,27.468994,1.26,0.08022785,0.0054836273,0.0009536743,0.37928286,0.2758189
2024-03-11,PLAYAS,Antioquia,53.24,434281000.0,1039530000.0,41.77666830202111,23.477448,0.19826508,-0.08091736,1012.8347,27.017609,1.26,0.21266937,0.00923872,0.004708767,0.3847965,0.21414168
2024-03-12,PLAYAS,Antioquia,76.92999999999999,345600000.0,1039530000.0,33.24579377218551,24.970428,-0.33358765,0.32886505,1012.52185,26.54538,1.26,0.10073185,0.006377697,0.0019669533,0.38452068,0.46843672
2024-03-13,PLAYAS,Antioquia,77.13,322006000.0,1039530000.0,30.97611420545824,25.08194,-0.26818848,0.12845993,1011.22034,26.311737,1.26,0.007748604,0.0044703484,0.00023841858,0.37019816,0.2973668
2024-03-14,PLAYAS,Antioquia,84.14,363563000.0,1039530000.0,34.973786230315625,24.493256,0.04969406,0.25233078,1011.0533,25.943176,1.26,0.441432,0.033020973,0.028967857,0.3934344,0.25717762
2024-03-15,PLAYAS,Antioquia,91.12,305062000.0,1039530000.0,29.34614681634969,24.50418,-0.23303986,0.19224167,1010.87,25.635529,1.26,0.024795532,0.0056028366,0.0015497208,0.38846776,0.30210003
2024-03-16,PLAYAS,Antioquia,91.82,270683000.0,1039530000.0,26.03897915404077,24.802643,-0.14229965,-0.056850433,1010.4367,25.320984,1.26,0.20158291,0.012874603,0.008821487,0.39114696,0.15323564
2024-03-17,PLAYAS,Antioquia,96.9,295430000.0,1039530000.0,28.419574230661933,23.527435,0.5024605,-0.23698425,1010.21466,25.006409,1.26,0.24175644,0.007867813,0.0038146973,0.39260435,0.55554307
2024-03-18,PLAYAS,Antioquia,98.93,287010000.0,1039530000.0,27.60959279674468,25.061554,-0.33028412,0.0949707,1009.96985,24.774506,1.26,0.44488907,0.12511015,0.12111664,0.38629246,0.34366703
2024-03-19,PLAYAS,Antioquia,98.4,349648000.0,1039530000.0,33.63520052331342,23.048737,0.23080444,0.020256042,1012.015,24.703308,1.26,0.58460236,0.025510788,0.021636486,0.3903638,0.2316916
2024-03-20,PLAYAS,Antioquia,90.66,303337000.0,1039530000.0,29.1802064394486,22.386627,0.031032562,-0.24617386,1012.95654,24.657196,1.26,0.15938282,0.011622906,0.0076293945,0.41266578,0.24812213
2024-03-21,PLAYAS,Antioquia,82.66,302838000.0,1039530000.0,29.132203976797204,22.371918,-0.27098846,-0.18367386,1013.673,24.52707,1.26,0.11408329,0.0073313713,0.00333786,0.44739407,0.32736957
2024-03-22,PLAYAS,Antioquia,75.02,307054000.0,1039530000.0,29.53777187767549,23.238495,-0.092285156,-0.2425003,1012.1114,24.470001,1.26,0.034332275,0.004708767,0.000834465,0.4381469,0.25946665
2024-03-23,PLAYAS,Antioquia,68.15,265812000.0,1039530000.0,25.57040200860004,23.591766,0.047351837,-0.22511292,1012.8875,24.377472,1.26,0.13411045,0.008821487,0.004708767,0.42762834,0.23003918
2024-03-24,PLAYAS,Antioquia,70.19999999999999,234404000.0,1039530000.0,22.54903658384077,22.990936,0.095264435,-0.35280228,1012.405,24.307404,1.26,0.1077652,0.009000301,0.0047683716,0.42975223,0.36543778
2024-03-25,PLAYAS,Antioquia,65.98,222797000.0,1039530000.0,21.43247429126625,22.653534,-0.31378555,-0.1736412,1012.77655,24.269073,1.26,0.3503561,0.014066696,0.010192394,0.4286316,0.35862604
2024-03-26,PLAYAS,Antioquia,67.11,295793000.0,1039530000.0,28.45449385780112,22.738129,-0.21113586,-0.39281845,1013.3817,24.041962,1.26,0.071406364,0.0078082085,0.0039339066,0.43057495,0.4459649
2024-03-27,PLAYAS,Antioquia,66.95,275893000.0,1039530000.0,26.54016719094206,22.42752,-0.22507477,-0.67485046,1013.90576,23.920807,1.26,0.13053417,0.009775162,0.005722046,0.42240447,0.71139425
2024-03-28,PLAYAS,Antioquia,58.14,317651000.0,1039530000.0,30.55717487710792,23.051666,-0.11432648,-0.3269539,1014.702,23.91037,1.26,0.14936924,0.009357929,0.005185604,0.42500308,0.346366
2024-03-29,PLAYAS,Antioquia,48.03,326643000.0,1039530000.0,31.422181178032385,23.17984,-0.30860686,-0.43340683,1014.03174,23.930206,1.26,0.028133392,0.0052452087,0.001013279,0.4217565,0.53205234
2024-03-30,PLAYAS,Antioquia,63.91,286102000.0,1039530000.0,27.522245630236743,22.855927,-0.18706512,-0.033081055,1013.58563,23.808289,1.26,0.0023841858,0.004172325,0.00011920929,0.40847412,0.18996768
2024-03-31,PLAYAS,Antioquia,65.05,395073000.0,1039530000.0,38.00496378170904,22.065033,0.44128036,-0.09226608,1013.9908,23.740326,1.26,0.27525425,0.034987926,0.03093481,0.40921664,0.450823
2024-04-01,PLAYAS,Antioquia,47.17,440705000.0,1350650000.0,32.629104505238224,22.004059,0.14022446,-0.16296005,1014.03516,23.804382,0.82,0.030040741,0.0047683716,0.00071525574,0.4387474,0.21498577
2024-04-02,PLAYAS,Antioquia,63.7,494868000.0,1350650000.0,36.63924776959242,21.54483,0.12445068,-0.13329697,1013.40625,23.877289,0.82,0.31614304,0.014185905,0.010073185,0.44046897,0.18236242
2024-04-03,PLAYAS,Antioquia,67.38,592814000.0,1350650000.0,43.89101543701181,21.519745,-0.14424896,-0.3189392,1013.22186,23.957092,0.82,0.31280518,0.015676022,0.011622906,0.4542538,0.35004282
2024-04-04,PLAYAS,Antioquia,57.86,752117000.0,1350650000.0,55.68555880501981,20.656097,-0.47748184,-0.09526062,1014.3691,23.957092,0.82,1.2742281,0.16379356,0.101178885,0.4603967,0.48689166
2024-04-05,PLAYAS,Antioquia,47.760000000000005,729470000.0,1350650000.0,54.00881057268722,22.472992,0.12168503,-0.3202095,1014.21643,23.957092,0.82,0.036120415,0.008225441,0.004053116,0.46217513,0.34255126
2024-04-06,PLAYAS,Antioquia,27.46,676906000.0,1350650000.0,50.11705475141599,23.52774,0.11349487,0.18971252,1013.4938,23.957092,0.82,0.066280365,0.0063180923,0.0019073486,0.44307816,0.22106996
2024-04-07,PLAYAS,Antioquia,40.62,609811000.0,1350650000.0,45.14944656276608,23.812714,-0.50766754,0.007068634,1011.1089,23.910065,0.82,0.0,0.004708767,0.0,0.42840996,0.5077168
2024-04-08,PLAYAS,Antioquia,51.8,502279000.0,1350650000.0,37.18794654425647,23.662506,-0.21766663,0.23580933,1011.3884,23.74939,0.82,0.002861023,0.0047683716,0.0,0.41882825,0.32091245
2024-04-09,PLAYAS,Antioquia,48.98,473158000.0,1350650000.0,35.031873542368494,22.876068,-0.110839844,0.31503296,1012.08325,23.705353,0.82,0.13136864,0.008285046,0.003695488,0.42437807,0.33396292
2024-04-10,PLAYAS,Antioquia,63.66,488273000.0,1350650000.0,36.15096435049791,24.108063,-0.29234695,-0.13808441,1010.8162,23.75528,0.82,0.0023841858,0.00500679,0.0,0.40905672,0.32331726
2024-04-11,PLAYAS,Antioquia,55.44,418858000.0,1350650000.0,31.01158701366009,23.844696,0.028247833,-0.31650543,1012.3855,23.71109,0.82,0.078201294,0.00834465,0.0030994415,0.4045689,0.31776348
2024-04-12,PLAYAS,Antioquia,47.43,406334000.0,1350650000.0,30.08432976714915,23.84372,-0.08532715,-0.21210098,1012.4895,23.519257,0.82,0.0038146973,0.005185604,0.0,0.3978442,0.22862098
2024-04-13,PLAYAS,Antioquia,51.45,355085000.0,1350650000.0,26.289934475993043,24.10141,0.0033950806,-0.24423218,1011.8156,23.370514,0.82,0.0,0.0052452087,0.0,0.38842827,0.24425577
2024-04-14,PLAYAS,Antioquia,32.36,318902000.0,1350650000.0,23.61100211009514,23.231659,0.24617004,-0.22301102,1010.78766,22.936249,0.82,0.028014183,0.0054240227,0.0004172325,0.37955552,0.33216503
2024-04-15,PLAYAS,Antioquia,23.81,337823000.0,1350650000.0,25.011883167363862,23.514069,0.0891304,-0.20771027,1010.4856,22.818634,0.82,0.039815903,0.0059604645,0.0008940697,0.3813721,0.22602606
2024-04-16,PLAYAS,Antioquia,42.67,336474000.0,1350650000.0,24.912005330766668,23.459625,0.17938232,-0.16038513,1010.89233,22.870667,0.82,0.013947487,0.005364418,0.00035762787,0.37587127,0.24062711
2024-04-17,PLAYAS,Antioquia,59.0,341439000.0,1350650000.0,25.279606115573984,22.651276,-0.09423828,0.06310654,1012.1414,23.07602,0.82,0.2374649,0.012874603,0.007867813,0.3992716,0.11341644
2024-04-18,PLAYAS,Antioquia,54.11,352961000.0,1350650000.0,26.132676859289973,22.295013,0.17512894,-0.1724701,1012.77045,23.410095,0.82,0.16438961,0.0150203705,0.009953976,0.40725824,0.24579681
2024-04-19,PLAYAS,Antioquia,53.23,441752000.0,1350650000.0,32.70662273720061,20.72525,-0.30814362,0.009353638,1013.72766,23.836823,0.82,0.7020235,0.09036064,0.061511993,0.46319,0.30828553
2024-04-20,PLAYAS,Antioquia,54.41,571549000.0,1350650000.0,42.31658830933255,22.41159,-0.020122528,-0.20083237,1013.79407,24.283508,0.82,0.23698807,0.0359416,0.029861927,0.49394003,0.20183794
2024-04-21,PLAYAS,Antioquia,64.95,648314000.0,1350650000.0,48.000148076851886,21.828278,0.061523438,-0.0663414,1013.48627,24.48294,0.82,1.7787218,0.4118681,0.29981136,0.49892366,0.09047826
2024-04-22,PLAYAS,Antioquia,47.88,840023000.0,1350650000.0,62.19398067597083,21.455475,-0.35118866,0.03980255,1014.252,24.634247,0.82,1.3487339,0.31614304,0.3041625,0.50992954,0.353437
2024-04-23,PLAYAS,Antioquia,53.290000000000006,1006169000.0,1350650000.0,74.49516899270722,21.773224,-0.483181,0.09346008,1013.85565,24.717285,0.82,0.21862984,0.0538826,0.034987926,0.49707618,0.49213684
2024-04-24,PLAYAS,Antioquia,42.8,846319000.0,1350650000.0,62.66012660570836,23.741669,-0.14885712,0.16273117,1012.6331,24.635773,0.82,0.10061264,0.027894974,0.004172325,0.48018238,0.2205445
2024-04-25,PLAYAS,Antioquia,56.720000000000006,848589000.0,1350650000.0,62.82819383259912,22.627228,0.43504333,0.05261612,1012.89575,24.624664,0.82,0.078082085,0.04029274,0.013232231,0.50060105,0.4382136
2024-04-26,PLAYAS,Antioquia,65.42999999999999,1069186000.0,1350650000.0,79.16084848036131,22.530853,0.5183661,-0.097400665,1012.26404,24.630219,0.82,0.0923872,0.042796135,0.014960766,0.49047738,0.52743745
2024-04-27,PLAYAS,Antioquia,45.77,958214000.0,1350650000.0,70.94465627660756,21.691132,-0.4064865,-0.051742554,1012.92206,24.657562,0.82,0.06484985,0.03540516,0.007867813,0.49405357,0.4097665
2024-04-28,PLAYAS,Antioquia,31.82,1056046000.0,1350650000.0,78.18798356346944,21.233734,-0.0090065,-0.059883118,1013.03534,24.68924,0.82,0.936985,0.19586086,0.166893,0.50389236,0.060556624
2024-04-29,PLAYAS,Antioquia,57.74,1177388000.0,1350650000.0,87.17195424425277,22.05014,-0.35931396,-0.0041618347,1013.5472,24.711823,0.82,0.6047487,0.2477169,0.12516975,0.4982446,0.35933805
2024-04-30,PLAYAS,Antioquia,70.89,1113052000.0,1350650000.0,82.40861807277977,22.0643,-0.031463623,-0.175251,1012.4225,24.573517,0.82,0.08952618,0.057578087,0.01001358,0.47654158,0.17805302
2024-05-01,PLAYAS,Antioquia,88.64999999999999,1245260000.0,1628490000.0,76.46715669116789,23.02475,0.28534317,0.12759781,1010.90906,24.457794,0.49,0.019550323,0.04941225,0.000834465,0.47380424,0.31257308
2024-05-02,PLAYAS,Antioquia,84.7,1474060000.0,1628490000.0,90.51698198945036,21.2034,0.13848495,-0.11737442,1010.8931,24.387787,0.49,0.2861023,0.09006262,0.04249811,0.48990676,0.18153468
2024-05-03,PLAYAS,Antioquia,85.14,1231489000.0,1628490000.0,75.6215266903696,23.457489,-0.14344406,-0.110271454,1011.1417,24.27118,0.49,0.013828278,0.048279762,0.0015497208,0.47638488,0.1809309
2024-05-04,PLAYAS,Antioquia,103.53000000000002,1606440000.0,1628490000.0,98.64598493082548,21.189667,-0.15493393,0.0023651123,1012.72687,24.132233,0.49,0.3989935,0.12534857,0.07611513,0.48725143,0.15495197
2024-05-05,PLAYAS,Antioquia,108.73,1583417000.0,1628490000.0,97.2322212601858,22.428192,-0.7415428,0.19333649,1013.0703,24.01889,0.49,0.18155575,0.062465668,0.012874603,0.49471718,0.76633203
2024-05-06,PLAYAS,Antioquia,103.0,1321477000.0,1628490000.0,81.14738193050003,23.872406,0.017024994,0.26108932,1011.97217,23.926117,0.49,0.09453297,0.060081482,0.0037550926,0.47906777,0.2616438
2024-05-07,PLAYAS,Antioquia,101.66,1201739000.0,1628490000.0,73.79468096211829,23.672943,0.32043839,-0.08770752,1010.0606,23.88321,0.49,0.00333786,0.058293343,0.00023841858,0.46996152,0.33222488
2024-05-08,PLAYAS,Antioquia,100.39,1805680000.0,1628490000.0,110.88063175088578,21.89914,-0.1398735,0.100437164,1012.19,23.8349,0.49,1.0735989,0.39327145,0.16790628,0.5056925,0.1721982
2024-05-09,PLAYAS,Antioquia,96.48,2334066000.0,1628490000.0,143.32700845568593,22.061676,-0.47475815,-0.24822235,1013.4416,23.521454,0.49,0.3465414,0.2657175,0.047028065,0.49526477,0.5357328
2024-05-10,PLAYAS,Antioquia,84.76,2207870000.0,1628490000.0,135.57774379947068,22.632355,-0.22568512,0.3080864,1012.2975,23.352386,0.49,0.4003048,0.22768974,0.07918477,0.50662553,0.38190445
2024-05-11,PLAYAS,Antioquia,72.11999999999999,2093172000.0,1628490000.0,128.53453198975737,23.043854,-0.18275833,0.03094101,1012.8342,23.208496,0.49,0.046253204,0.11795759,0.0023841858,0.48371905,0.18535899
2024-05-12,PLAYAS,Antioquia,58.81,2246223000.0,1628490000.0,137.93287032772693,21.283539,-0.18780899,0.023506165,1013.76843,23.183838,0.49,0.20360947,0.108242035,0.011026859,0.48262158,0.1892743
2024-05-13,PLAYAS,Antioquia,62.64999999999999,1828445000.0,1628490000.0,112.27855252411744,23.289825,0.21778107,0.004261017,1011.11597,23.15622,0.49,0.0032186508,0.08660555,0.00047683716,0.4701026,0.21782275
2024-05-14,PLAYAS,Antioquia,42.55,1451142000.0,1628490000.0,89.10966600961628,24.100433,0.25800323,0.13202286,1011.0161,23.05597,0.49,0.08416176,0.08010864,0.0032782555,0.4661604,0.28982013
2024-05-15,PLAYAS,Antioquia,52.85,1952955000.0,1628490000.0,119.9242856879686,22.737396,0.27085114,-0.0707283,1013.72986,23.17978,0.49,0.90169907,0.30970573,0.16593933,0.48069352,0.27993363
2024-05-16,PLAYAS,Antioquia,60.78,2219161000.0,1628490000.0,136.27108548409876,22.705536,-0.47195435,-0.19890213,1013.46344,23.299713,0.49,0.17273426,0.07504225,0.0074505806,0.47485286,0.51215523
2024-05-17,PLAYAS,Antioquia,62.32,1520498000.0,1628490000.0,93.36858070973724,22.622711,-0.18870163,-0.28034973,1013.6205,23.564362,0.49,0.054478645,0.06604195,0.0008940697,0.47037387,0.33794123
2024-05-18,PLAYAS,Antioquia,45.24,1395233000.0,1628490000.0,85.6764855786649,23.36795,0.064720154,0.051376343,1013.8183,23.39975,0.49,0.02193451,0.06347895,0.0009536743,0.46067822,0.082633086
2024-05-19,PLAYAS,Antioquia,49.29,1314495000.0,1628490000.0,80.71864119521766,23.863129,-0.52788544,0.25146866,1011.6308,23.152252,0.49,0.04339218,0.06020069,0.0005364418,0.45072275,0.58472174
2024-05-20,PLAYAS,Antioquia,36.81,1112421000.0,1628490000.0,68.30996812998545,23.722809,-0.12479019,0.4349022,1010.42847,23.07367,0.49,0.00023841858,0.056385994,0.0,0.44043136,0.45245168
2024-05-21,PLAYAS,Antioquia,39.98,1285214000.0,1628490000.0,78.92059515256464,22.714691,-0.84819794,0.009807587,1012.49,23.013031,0.49,0.012755394,0.05376339,0.0004172325,0.43980774,0.8482546
2024-05-22,PLAYAS,Antioquia,25.83,1124887000.0,1628490000.0,69.07546254505708,22.502289,0.17328262,-0.20166779,1012.82983,23.200531,0.49,0.023841858,0.051379204,0.0005364418,0.43368542,0.26588863
2024-05-23,PLAYAS,Antioquia,38.33,1229495000.0,1628490000.0,75.49908197164244,22.427643,0.3236122,0.023082733,1014.503,23.326141,0.49,0.18918514,0.053346157,0.0049471855,0.44291282,0.3244344
2024-05-24,PLAYAS,Antioquia,49.59,1245385000.0,1628490000.0,76.4748325135555,22.341278,-0.03886795,0.055381775,1014.4269,23.380157,0.49,0.06568432,0.04953146,0.00333786,0.45240235,0.06765987
2024-05-25,PLAYAS,Antioquia,35.86,1070977000.0,1628490000.0,65.76503386572837,21.63852,-0.23614883,-0.00409317,1014.0023,23.360718,0.49,0.20706654,0.05733967,0.012755394,0.4654165,0.2361843
2024-05-26,PLAYAS,Antioquia,45.29,946025000.0,1628490000.0,58.09215899391461,23.408844,-0.14401627,-0.130867,1013.3644,23.308289,0.49,0.00035762787,0.04339218,0.0,0.45351306,0.19459409
2024-05-27,PLAYAS,Antioquia,32.22,1043558000.0,1628490000.0,64.0813268733612,23.180145,-0.06538391,0.057590485,1013.3475,23.260986,0.49,0.0017881393,0.04220009,0.00011920929,0.43750143,0.08713047
2024-05-28,PLAYAS,Antioquia,61.77,1375125000.0,1628490000.0,84.4417220861043,23.063751,-0.11187363,-0.06660843,1014.1106,23.15445,0.49,0.02515316,0.042676926,0.002026558,0.43503234,0.13020135
2024-05-29,PLAYAS,Antioquia,72.00999999999999,1225307000.0,1628490000.0,75.24191121836795,22.02884,0.20420456,0.17919159,1014.6678,23.444336,0.49,0.45490265,0.06121397,0.022053719,0.45871556,0.27167836
2024-05-30,PLAYAS,Antioquia,62.89,1933502000.0,1628490000.0,118.7297435047191,22.869171,-0.29467773,-0.17855835,1013.9905,23.488586,0.49,0.015258789,0.03939867,0.0011920929,0.4600008,0.34455487
2024-05-31,PLAYAS,Antioquia,53.54,2018989000.0,1628490000.0,123.97920773231644,23.3378,-0.6474571,0.34739304,1013.21344,23.364532,0.49,0.052690506,0.038802624,0.0020861626,0.4600752,0.7347671
2024-06-01,PLAYAS,Antioquia,58.720000000000006,1373996000.0,1381530000.0,99.45466258423632,24.215912,-0.060775757,0.6736183,1011.0666,23.218842,0.22,0.0,0.035464764,0.0,0.43724382,0.67635447
2024-06-02,PLAYAS,Antioquia,60.29,1182287000.0,1381530000.0,85.57809095712724,25.128265,0.22666931,0.44226074,1011.3075,22.98935,0.22,0.04518032,0.034570694,0.00059604645,0.4194243,0.49696434
2024-06-03,PLAYAS,Antioquia,58.37,1214116000.0,1381530000.0,87.88198591416763,23.7612,0.20422363,0.12316513,1012.3656,22.692291,0.22,0.004053116,0.033080578,0.00011920929,0.4109133,0.23848887
2024-06-04,PLAYAS,Antioquia,44.29,1227527000.0,1381530000.0,88.85272125831506,23.021149,-0.1109848,0.2842598,1012.91455,22.458801,0.22,0.08845329,0.033080578,0.0014901161,0.41120318,0.30515775
2024-06-05,PLAYAS,Antioquia,24.37,1138191000.0,1381530000.0,82.38626739918786,23.181427,-0.3862419,0.22028351,1013.8839,22.246613,0.22,0.016450882,0.030636787,0.00011920929,0.39975598,0.44464326
2024-06-06,PLAYAS,Antioquia,32.84,1032261000.0,1381530000.0,74.7186814618575,22.801666,-0.41433334,-0.057136536,1013.7075,22.176422,0.22,0.010371208,0.029563904,0.00011920929,0.38588363,0.41825438
2024-06-07,PLAYAS,Antioquia,45.84,972189000.0,1381530000.0,70.37045883911316,22.994232,-0.39666367,0.08969498,1014.34283,22.205292,0.22,0.007390976,0.02849102,0.00011920929,0.37840277,0.40667832
2024-06-08,PLAYAS,Antioquia,51.82,957740000.0,1381530000.0,69.3245894045008,23.86325,-0.22571945,0.5574417,1014.3303,22.101196,0.22,0.0017881393,0.0269413,0.0,0.36853492,0.6014072
2024-06-09,PLAYAS,Antioquia,42.71,1213593000.0,1381530000.0,87.84412933486786,22.05661,-0.001663208,-0.03491211,1015.0186,21.969421,0.22,0.9303093,0.09936094,0.07337332,0.43462834,0.034951705
2024-06-10,PLAYAS,Antioquia,57.78,1115505000.0,1381530000.0,80.74417493648346,22.825897,0.26919937,-0.13837051,1013.3692,22.061707,0.22,0.014901161,0.025629997,0.00059604645,0.4461469,0.3026792
2024-06-11,PLAYAS,Antioquia,43.82,1300725000.0,1381530000.0,94.15104992291155,22.07846,-0.112026215,0.5270195,1013.803,22.111298,0.22,0.27894974,0.03218651,0.007867813,0.45354214,0.53879446
2024-06-12,PLAYAS,Antioquia,44.46,1023465000.0,1381530000.0,74.08199604785997,23.004242,-0.18100739,0.007423401,1013.8219,22.083374,0.22,0.022768974,0.023961067,0.00047683716,0.43522665,0.18115956
2024-06-13,PLAYAS,Antioquia,44.940000000000005,899035000.0,1381530000.0,65.07531504925699,22.839813,0.12568665,-0.19337082,1013.5178,22.092438,0.22,0.07200241,0.026285648,0.003516674,0.42467454,0.23062828
2024-06-14,PLAYAS,Antioquia,43.47,1246223000.0,1381530000.0,90.20600348888551,21.41275,-0.17933273,0.014511108,1013.66156,22.014221,0.22,0.19848347,0.032544136,0.0104904175,0.43584678,0.17991887
2024-06-15,PLAYAS,Antioquia,55.61000000000001,1779433000.0,1381530000.0,128.8016184954362,21.673187,-0.4617958,0.024738312,1014.78687,21.86493,0.22,0.7849932,0.16009808,0.13875961,0.4966173,0.46245795
2024-06-16,PLAYAS,Antioquia,51.35999999999999,2762497000.0,1381530000.0,199.9592480800272,21.583649,-0.13202286,0.11654663,1015.1719,21.79483,0.22,0.22494793,0.04285574,0.02193451,0.48966873,0.17610551
2024-06-17,PLAYAS,Antioquia,42.43,1997464000.0,1381530000.0,144.58346905242738,22.304047,-0.12905502,0.33154297,1013.0748,21.476349,0.22,0.00071525574,0.020503998,0.0,0.46953732,0.35577515
2024-06-18,PLAYAS,Antioquia,49.18,1934897000.0,1381530000.0,140.05464955520327,22.009064,0.03981018,-0.3338623,1011.6117,21.437592,0.22,0.0009536743,0.02014637,0.00011920929,0.45945692,0.33622745
2024-06-19,PLAYAS,Antioquia,54.1,1976348000.0,1381530000.0,143.0550187111391,21.537079,-0.3174019,0.025184631,1012.82153,21.422638,0.22,0.5476475,0.09703636,0.051945448,0.46928978,0.31839946
2024-06-20,PLAYAS,Antioquia,61.3,1919300000.0,1381530000.0,138.9256838432752,21.825226,-0.21327972,-0.31459045,1013.1923,21.734009,0.22,0.40626526,0.043988228,0.024318695,0.47726965,0.3800729
2024-06-21,PLAYAS,Antioquia,66.05,1638611000.0,1381530000.0,118.60842688902883,22.393463,-0.19346619,0.21523666,1013.40533,21.878754,0.22,0.02348423,0.021278858,0.0011324883,0.47612113,0.28940627
2024-06-22,PLAYAS,Antioquia,46.69,1388381000.0,1381530000.0,100.49589947377184,22.258942,-0.21369171,-0.13354492,1013.34717,22.065704,0.22,0.03528595,0.023543835,0.0028312206,0.47258216,0.2519889
2024-06-23,PLAYAS,Antioquia,55.120000000000005,2429753000.0,1381530000.0,175.8740671574269,21.240326,-0.013050079,0.09454727,1013.71094,22.395172,0.22,0.21827221,0.082314014,0.06020069,0.46779525,0.09544366
2024-06-24,PLAYAS,Antioquia,58.81999999999999,1944762000.0,1381530000.0,140.76871294868732,22.868805,0.026935577,0.017848969,1013.65454,22.569489,0.22,0.011563301,0.02527237,0.0005364418,0.4604404,0.032312706
2024-06-25,PLAYAS,Antioquia,38.83,1872541000.0,1381530000.0,135.5411029800294,22.297455,-0.3734436,0.2976303,1013.8003,22.718384,0.22,0.08356571,0.03618002,0.009953976,0.45921278,0.47753948
2024-06-26,PLAYAS,Antioquia,36.42,2548992000.0,1381530000.0,184.5050053201885,22.429657,-0.2341919,0.015224457,1014.03436,22.718384,0.22,0.016093254,0.028848648,0.0013709068,0.44947016,0.23468623
2024-06-27,PLAYAS,Antioquia,47.760000000000005,2358429000.0,1381530000.0,170.7113852033615,21.244904,0.17634964,0.02034378,1014.81,22.718384,0.22,0.18835068,0.045597553,0.01770258,0.45891613,0.1775192
2024-06-28,PLAYAS,Antioquia,51.83,2834491000.0,1381530000.0,205.17042699036577,21.450043,-0.34724808,0.066417694,1015.3722,22.718384,0.22,1.6231537,0.59205294,0.4826784,0.5056348,0.35354283
2024-06-29,PLAYAS,Antioquia,42.370000000000005,2512403000.0,1381530000.0,181.8565648230585,21.8237,0.0025749207,-0.17229843,1015.39935,22.816956,0.22,0.032424927,0.034213066,0.0032782555,0.4919926,0.17231767
2024-06-30,PLAYAS,Antioquia,43.35,1995809000.0,1381530000.0,144.4636743320811,21.994965,0.2916298,0.08555603,1013.47217,23.147247,0.22,0.02348423,0.034689903,0.0011920929,0.47961336,0.30392066
2024-07-01,PLAYAS,Antioquia,34.63,1885500000.0,1046060000.0,180.24778693382788,22.716217,-0.10368347,0.37508392,1011.9,23.324677,0.08,0.01692772,0.03504753,0.00059604645,0.4722743,0.38915062
2024-07-02,PLAYAS,Antioquia,44.98,1914444000.0,1046060000.0,183.01474102823929,22.133392,-0.2475357,0.27037048,1012.77374,23.546112,0.08,0.053048134,0.038266182,0.0036358833,0.47345272,0.36657077
2024-07-03,PLAYAS,Antioquia,54.22,2063401000.0,1046060000.0,197.25455518803892,22.059418,-0.3639984,0.30397797,1012.64374,23.606293,0.08,0.20384789,0.041007996,0.0071525574,0.46850964,0.47423354
2024-07-04,PLAYAS,Antioquia,53.42,2209361000.0,1046060000.0,211.20786570560008,21.662811,0.21353912,-0.22493744,1012.47284,23.841736,0.08,0.26357174,0.044226646,0.010728836,0.47950783,0.3101545
2024-07-05,PLAYAS,Antioquia,52.23,2362741000.0,1046060000.0,225.87050455996783,19.918915,0.08056259,0.13438416,1013.9897,23.958649,0.08,0.84269047,0.20879507,0.07772446,0.49219984,0.15668258
2024-07-06,PLAYAS,Antioquia,43.3,2593523000.0,1046060000.0,247.9325277708736,21.80484,-0.2792244,0.2048111,1015.0633,23.72226,0.08,0.16796589,0.06592274,0.019013882,0.49215007,0.3462858
2024-07-07,PLAYAS,Antioquia,59.24,2073163000.0,1046060000.0,198.1877712559509,22.65152,0.10231781,0.6339302,1013.2753,23.334442,0.08,0.0,0.054836273,0.0,0.46877354,0.6421343
2024-07-08,PLAYAS,Antioquia,55.2,1787377000.0,1046060000.0,170.86754105883028,23.15207,-0.22832489,0.14052963,1012.4367,22.971527,0.08,0.0,0.056147575,0.0,0.4475483,0.268106
2024-07-09,PLAYAS,Antioquia,48.89,1628458000.0,1046060000.0,155.6753914689406,22.855927,0.09621048,0.66944504,1011.76685,22.752289,0.08,0.0,0.05465746,0.0,0.430646,0.67632324
2024-07-10,PLAYAS,Antioquia,54.02,1424479000.0,1046060000.0,136.17564958033,23.294525,-0.2232933,0.25201797,1011.45,22.476562,0.08,0.012278557,0.053703785,0.0010728836,0.4173423,0.33670902
2024-07-11,PLAYAS,Antioquia,45.79,1348917000.0,1046060000.0,128.95216335583044,23.17453,0.082019806,-0.02904892,1011.9403,22.07782,0.08,0.0044107437,0.05054474,0.0,0.4057743,0.087012
2024-07-12,PLAYAS,Antioquia,60.84,1363272000.0,1046060000.0,130.32445557616197,21.81369,0.32624054,0.13172913,1014.46844,21.64975,0.08,0.27227402,0.0551939,0.006914139,0.42130193,0.35183156
2024-07-13,PLAYAS,Antioquia,54.28,1275573000.0,1046060000.0,121.94071085788578,22.720673,0.022193909,0.9669838,1014.4725,21.471222,0.08,0.22685528,0.052928925,0.0066161156,0.42908806,0.9672384
2024-07-14,PLAYAS,Antioquia,47.24,914783000.0,1046060000.0,87.45033745674245,22.896027,-0.27806854,0.37730026,1013.78156,21.356415,0.08,0.0,0.044107437,0.0,0.4076407,0.46869776
2024-07-15,PLAYAS,Antioquia,38.91,1051500000.0,1046060000.0,100.52004665124372,23.46585,0.08955765,0.72114563,1012.85986,21.071503,0.08,0.0,0.04172325,0.0,0.39107317,0.72668535
2024-07-16,PLAYAS,Antioquia,32.07,984850000.0,1046060000.0,94.14851920539932,23.39627,-0.32222366,0.99917984,1011.7628,20.940033,0.08,0.0,0.039339066,0.0,0.37858263,1.0498517
2024-07-17,PLAYAS,Antioquia,22.97,1008535000.0,1046060000.0,96.41272967133816,23.490204,-0.11635971,1.0428505,1013.0616,20.753204,0.08,0.0,0.037252903,0.0,0.36370024,1.049322
2024-07-18,PLAYAS,Antioquia,36.86,971950000.0,1046060000.0,92.9153203449133,23.061554,-0.7494316,1.0077362,1014.123,20.82663,0.08,0.0,0.03516674,0.0,0.35328916,1.2558582
2024-07-19,PLAYAS,Antioquia,40.3,911838000.0,1046060000.0,87.16880484867025,22.551971,-0.5622711,0.19000626,1015.3247,20.815582,0.08,0.012993813,0.03349781,0.00011920929,0.34961694,0.5935075
2024-07-20,PLAYAS,Antioquia,54.96,799346000.0,1046060000.0,76.41492839798865,23.437286,-0.06984329,0.8932991,1014.0084,20.970612,0.08,0.00166893,0.031650066,0.0,0.3431991,0.89602536
2024-07-21,PLAYAS,Antioquia,55.1,801736000.0,1046060000.0,76.64340477601668,23.637543,-0.36891174,0.7828598,1012.5592,20.787506,0.08,0.0,0.029802322,0.0,0.33328933,0.86542785
2024-07-22,PLAYAS,Antioquia,54.17,802345000.0,1046060000.0,76.70162323384892,23.85495,-0.5048981,0.7250633,1011.6086,20.54889,0.08,0.0,0.02837181,0.0,0.32319024,0.8835377
2024-07-23,PLAYAS,Antioquia,44.66,729552000.0,1046060000.0,69.74284457870485,24.148407,-0.418705,0.9774933,1012.8131,20.552094,0.08,0.0,0.02670288,0.0,0.31538323,1.0633941
2024-07-24,PLAYAS,Antioquia,57.04,704588000.0,1046060000.0,67.3563657916372,23.462189,-0.3095932,0.8235779,1015.83905,20.78238,0.08,0.0035762787,0.02527237,0.00011920929,0.3091417,0.87984574
2024-07-25,PLAYAS,Antioquia,45.75,731802000.0,1046060000.0,69.95793740320822,23.904999,-0.39839172,0.43269348,1014.22125,21.098602,0.08,0.0,0.023782253,0.0,0.305417,0.5881663
2024-07-26,PLAYAS,Antioquia,55.31,673899000.0,1046060000.0,64.42259526222205,22.952118,-0.09521103,0.3280487,1013.76843,21.343231,0.08,0.015616417,0.022947788,0.00017881393,0.30777836,0.34158614
2024-07-27,PLAYAS,Antioquia,42.02,806474000.0,1046060000.0,77.09634246601533,23.06253,-0.61040497,0.4934845,1013.34467,21.594757,0.08,0.13303757,0.027894974,0.006556511,0.36447206,0.78493387
2024-07-28,PLAYAS,Antioquia,51.77,731082000.0,1046060000.0,69.88910769936714,23.444855,-0.26485062,0.9990158,1013.58325,21.717194,0.08,0.0333786,0.021100044,0.00047683716,0.37629688,1.0335271
2024-07-29,PLAYAS,Antioquia,60.8,565672000.0,1046060000.0,54.07643920998796,24.725006,-0.5948105,0.927021,1012.27423,21.983307,0.08,0.030755997,0.02014637,0.00047683716,0.3588803,1.1014388
2024-07-30,PLAYAS,Antioquia,52.82,660885000.0,1046060000.0,63.17849836529453,23.626007,-0.0879097,1.2818108,1011.65674,22.062073,0.08,0.0019073486,0.018835068,0.00011920929,0.3478448,1.2848217
2024-07-31,PLAYAS,Antioquia,44.88,534078000.0,1046060000.0,51.05615356671701,23.208649,-0.12762833,1.0480385,1013.29517,21.863495,0.08,0.0,0.017762184,0.0,0.33717227,1.055781
2024-08-01,PLAYAS,Antioquia,53.94,531759000.0,949490000.0,56.00469725852826,23.578156,-0.6332817,0.7965393,1013.90393,21.783752,-0.07,0.0,0.01680851,0.0,0.3274144,1.0176053
2024-08-02,PLAYAS,Antioquia,39.35,550121000.0,949490000.0,57.93857755215958,23.4346,-0.09459686,0.2841606,1015.15625,21.873016,-0.07,0.06258488,0.017285347,0.0011324883,0.3554917,0.2994926
2024-08-03,PLAYAS,Antioquia,40.2,609192000.0,949490000.0,64.15991742935681,22.868011,-0.2671585,-0.08708954,1013.84265,21.925568,-0.07,0.15902519,0.017642975,0.0021457672,0.35416678,0.28099513
2024-08-04,PLAYAS,Antioquia,52.93,482254000.0,949490000.0,50.79084561185479,22.497528,-0.24944305,0.14299393,1013.70795,21.975525,-0.07,0.4515648,0.023901463,0.008821487,0.36539382,0.28752235
2024-08-05,PLAYAS,Antioquia,43.32,678906000.0,949490000.0,71.50217485176252,22.138153,0.069438934,0.068481445,1013.9242,22.08371,-0.07,0.39827824,0.02348423,0.009000301,0.373066,0.09752679
2024-08-06,PLAYAS,Antioquia,42.56,1023885000.0,949490000.0,107.8352589284774,21.570099,-0.14500809,-0.019439697,1014.1967,22.00644,-0.07,0.6030798,0.057935715,0.04374981,0.47967857,0.14630532
2024-08-07,PLAYAS,Antioquia,65.13,1004003000.0,949490000.0,105.74129269397254,21.549164,-0.2369957,0.19080734,1013.117,21.96994,-0.07,0.041246414,0.017285347,0.0033974648,0.4600472,0.30426043
2024-08-08,PLAYAS,Antioquia,61.46,809527000.0,949490000.0,85.25913911678902,21.064606,-0.040534973,0.08162308,1013.15326,21.86441,-0.07,0.26643276,0.02092123,0.0075101852,0.44347638,0.09113403
2024-08-09,PLAYAS,Antioquia,57.38,799094000.0,949490000.0,84.16033870814859,20.714752,-0.049045563,-0.042995453,1013.8361,21.731628,-0.07,0.13554096,0.019192696,0.0060796738,0.4413954,0.06522328
2024-08-10,PLAYAS,Antioquia,54.65,764566000.0,949490000.0,80.523860177569,21.17685,-0.14585495,-0.06600952,1014.1238,21.686096,-0.07,0.27287006,0.054836273,0.023186207,0.44741952,0.16009662
2024-08-11,PLAYAS,Antioquia,53.18000000000001,879306000.0,949490000.0,92.60824231956104,21.551422,-0.28414154,0.38466263,1014.5164,21.845734,-0.07,0.01513958,0.013053417,0.0004172325,0.43718615,0.47822773
2024-08-12,PLAYAS,Antioquia,47.96,751023000.0,949490000.0,79.09751550832553,22.601776,-0.23196411,0.35126114,1013.4484,21.675934,-0.07,0.009536743,0.012755394,0.00029802322,0.4177894,0.42094147
2024-08-13,PLAYAS,Antioquia,62.95,1020483000.0,949490000.0,107.47696131607492,22.16397,-0.13417816,0.5745392,1014.1314,21.748108,-0.07,0.47791004,0.110924244,0.023186207,0.42452955,0.5899992
2024-08-14,PLAYAS,Antioquia,51.74999999999999,761601000.0,949490000.0,80.21158727316771,22.81192,-0.5239296,0.70318604,1013.4481,22.157074,-0.07,0.0014305115,0.011920929,0.0,0.40878558,0.8769109
2024-08-15,PLAYAS,Antioquia,37.97,654493000.0,949490000.0,68.93100506587747,23.817902,-0.38858414,0.78412247,1012.995,22.334503,-0.07,0.0022649765,0.011622906,0.0,0.39339593,0.87512606
2024-08-16,PLAYAS,Antioquia,29.520000000000003,640585000.0,949490000.0,67.46621870688475,23.065338,-0.14949036,0.65586853,1013.3808,22.422241,-0.07,0.2475977,0.017762184,0.0062584877,0.39959997,0.6726893
2024-08-17,PLAYAS,Antioquia,48.53,612536000.0,949490000.0,64.51210649927856,22.666656,-0.15904617,1.0065918,1013.7475,22.683868,-0.07,0.008225441,0.011205673,0.00017881393,0.39156216,1.0190793
2024-08-18,PLAYAS,Antioquia,62.62,697664000.0,949490000.0,73.47776174577932,22.438934,-0.2362938,0.6227112,1013.1813,22.772095,-0.07,0.00011920929,0.010848045,0.0,0.37691408,0.666036
2024-08-19,PLAYAS,Antioquia,69.8,532189000.0,949490000.0,56.0499847286438,22.98819,-0.120910645,0.8085823,1013.0222,22.773468,-0.07,0.0,0.0104904175,0.0,0.3672966,0.8175725
2024-08-20,PLAYAS,Antioquia,62.11,517322000.0,949490000.0,54.48419677932363,23.400848,-0.13627625,0.5883064,1013.2494,22.78769,-0.07,0.0,0.010311604,0.0,0.36302328,0.6038838
2024-08-21,PLAYAS,Antioquia,48.56,516013000.0,949490000.0,54.34633329471611,22.990265,-0.44976807,0.02772522,1012.7406,22.935638,-0.07,0.08022785,0.01180172,0.0016093254,0.37059304,0.45062178
2024-08-22,PLAYAS,Antioquia,38.03,574645000.0,949490000.0,60.52143782451632,22.4393,-0.3000679,0.053928375,1012.66125,22.505798,-0.07,0.318408,0.04184246,0.03194809,0.36851427,0.3048754
2024-08-23,PLAYAS,Antioquia,54.88,803029000.0,949490000.0,84.5747717195547,21.528473,-0.19160843,0.15372849,1014.02625,22.093964,-0.07,0.8124113,0.10693073,0.09739399,0.38407707,0.24565472
2024-08-24,PLAYAS,Antioquia,70.48,727616000.0,949490000.0,76.63229733857123,22.96225,-0.03294754,-0.028800964,1013.47235,22.100067,-0.07,0.37002563,0.06818771,0.024616718,0.42545858,0.043761123
2024-08-25,PLAYAS,Antioquia,73.82,966410000.0,949490000.0,101.78200928919736,21.732391,-0.10522461,0.68340683,1015.03766,21.872894,-0.07,0.25629997,0.01859665,0.009059906,0.42216942,0.69146013
2024-08-26,PLAYAS,Antioquia,75.06,697917000.0,949490000.0,73.50440762935891,21.905853,-0.741539,0.49407196,1015.59344,21.515411,-0.07,0.029087067,0.01001358,0.00047683716,0.41226852,0.8910596
2024-08-27,PLAYAS,Antioquia,80.81,552976000.0,949490000.0,58.23926528978715,21.922333,-0.40070724,0.5374489,1015.6192,21.326294,-0.07,0.05543232,0.010371208,0.0007748604,0.3994558,0.67038614
2024-08-28,PLAYAS,Antioquia,86.63,493477000.0,949490000.0,51.97284858187027,23.616364,-0.2767067,0.71326065,1013.78455,21.29837,-0.07,0.00166893,0.009655952,0.0,0.38530785,0.7650538
2024-08-29,PLAYAS,Antioquia,78.83,629110000.0,949490000.0,66.2576751729876,23.362152,-0.4608574,1.1061478,1012.58185,21.083221,-0.07,0.002861023,0.009655952,0.0,0.37355602,1.1983123
2024-08-30,PLAYAS,Antioquia,77.14,561245000.0,949490000.0,59.1101538720787,22.532196,-0.4058342,0.73677444,1013.3619,20.899597,-0.07,0.0,0.0094771385,0.0,0.36240506,0.8411528
2024-08-31,PLAYAS,Antioquia,68.32000000000001,478204000.0,949490000.0,50.364300835185205,23.30606,-0.113170624,0.37219238,1013.15814,20.533997,-0.07,0.029683113,0.0094771385,0.00029802322,0.35376936,0.3890177
2024-09-01,PLAYAS,Antioquia,63.13999999999999,762484000.0,1053550000.0,72.37283470172274,21.849762,-0.0033035278,0.025363922,1014.3616,20.200226,-0.17,0.30994415,0.021100044,0.01180172,0.3777088,0.02557815
2024-09-02,PLAYAS,Antioquia,58.89,710000000.0,1053550000.0,67.3912011769731,22.478241,-0.38066864,0.07205582,1013.0045,20.180908,-0.17,0.006556511,0.009179115,5.9604645e-05,0.3851598,0.38742825
2024-09-03,PLAYAS,Antioquia,48.63,669330000.0,1053550000.0,63.53091927293436,22.814423,-0.13371277,0.108680725,1012.51654,19.992767,-0.17,0.47183037,0.11241436,0.10371208,0.38411182,0.17230962
2024-09-04,PLAYAS,Antioquia,53.31,643229000.0,1053550000.0,61.053485833610175,23.187897,-0.5110092,0.4637642,1012.1344,19.950134,-0.17,0.21278858,0.015377998,0.006735325,0.38284752,0.690078
2024-09-05,PLAYAS,Antioquia,56.57,1338370000.0,1053550000.0,127.0343125622894,23.439545,-0.19343567,0.46292496,1012.1284,20.008148,-0.17,0.31626225,0.1372695,0.028192997,0.40358147,0.50171393
2024-09-06,PLAYAS,Antioquia,82.23,605481000.0,1053550000.0,57.47055194342936,23.364227,-0.3062172,0.69187546,1011.1853,20.319977,-0.17,0.00023841858,0.008583069,0.0,0.39696118,0.7566112
2024-09-07,PLAYAS,Antioquia,79.14999999999999,706681000.0,1053550000.0,67.07617104076692,22.465363,-0.33966064,-0.056930542,1011.4025,20.55777,-0.17,0.059723854,0.01001358,0.0014305115,0.38858742,0.34439865
2024-09-08,PLAYAS,Antioquia,88.78,542707000.0,1053550000.0,51.51222058753737,22.951508,-0.36613464,0.57668304,1010.9522,20.653076,-0.17,0.0,0.008583069,0.0,0.3782267,0.6830944
2024-09-09,PLAYAS,Antioquia,89.16,467629000.0,1053550000.0,44.38602819040387,23.637787,-0.038223267,0.9615097,1012.0516,20.813751,-0.17,0.005364418,0.008285046,0.00011920929,0.36934987,0.9622691
2024-09-10,PLAYAS,Antioquia,88.28,463437000.0,1053550000.0,43.98813535190546,23.447418,-0.47700882,0.50107956,1011.4764,20.83841,-0.17,0.024199486,0.008761883,0.00047683716,0.3634774,0.69182235
2024-09-11,PLAYAS,Antioquia,77.97,447904000.0,1053550000.0,42.51378672108585,23.084015,-0.17725372,0.2789688,1011.0564,21.237549,-0.17,0.12624264,0.0113248825,0.0032186508,0.37393984,0.33051848
2024-09-12,PLAYAS,Antioquia,93.5,441433000.0,1053550000.0,41.89957761852784,22.886444,-0.19395447,0.28336334,1011.5623,21.45633,-0.17,0.31864643,0.014185905,0.0061392784,0.37284613,0.34338477
2024-09-13,PLAYAS,Antioquia,88.82,622345000.0,1053550000.0,59.0712353471596,22.543854,-0.4004135,0.27378464,1012.9814,21.644592,-0.17,0.026226044,0.008285046,0.00047683716,0.3686541,0.485066
2024-09-14,PLAYAS,Antioquia,72.61,470301000.0,1053550000.0,44.63964690807271,23.769989,-0.49407578,-0.18576431,1012.0625,21.743011,-0.17,0.0038146973,0.007867813,5.9604645e-05,0.35867444,0.52784395
2024-09-15,PLAYAS,Antioquia,54.48,443741000.0,1053550000.0,42.11864648094538,24.874176,-0.3169937,0.64704895,1011.3127,21.71634,-0.17,0.041604042,0.008940697,0.0012516975,0.36061078,0.72052574
2024-09-16,PLAYAS,Antioquia,43.06,438986000.0,1053550000.0,41.66731526742917,24.14981,-0.5217819,0.7083893,1010.72656,21.633942,-0.17,0.7365942,0.31155348,0.19490719,0.35995305,0.8798135
2024-09-17,PLAYAS,Antioquia,40.12,784172000.0,1053550000.0,74.43139860471739,23.129059,0.08350754,0.8779793,1011.8859,21.277008,-0.17,0.015735626,0.007927418,0.00035762787,0.35690498,0.8819417
2024-09-18,PLAYAS,Antioquia,47.260000000000005,456131000.0,1053550000.0,43.29467040007594,24.3779,-0.07746124,0.31635666,1010.28735,21.131409,-0.17,0.0,0.00756979,0.0,0.3475827,0.32570198
2024-09-19,PLAYAS,Antioquia,38.84,398281000.0,1053550000.0,37.80371126192397,24.743439,-0.32442474,0.24736786,1010.04175,20.794342,-0.17,0.023841858,0.007927418,0.0006556511,0.3399021,0.40797338
2024-09-20,PLAYAS,Antioquia,32.66,456975000.0,1053550000.0,43.37478050401025,22.604462,-0.3224945,0.42070007,1010.1678,20.491852,-0.17,0.1784563,0.011026859,0.0038146973,0.34770817,0.5300861
2024-09-21,PLAYAS,Antioquia,30.33,516876000.0,1053550000.0,49.06041478809738,23.038605,-0.2955246,0.07971573,1011.67236,20.439514,-0.17,0.41234493,0.06937981,0.06222725,0.35506663,0.30608723
2024-09-22,PLAYAS,Antioquia,41.35,572686000.0,1053550000.0,54.357742869346495,21.904144,-0.24199295,0.19091797,1012.6694,20.537384,-0.17,0.08749962,0.009953976,0.002682209,0.3606623,0.30823734
2024-09-23,PLAYAS,Antioquia,51.56,840453000.0,1053550000.0,79.77343267998671,21.781342,-0.58654785,0.5046921,1013.2452,20.423553,-0.17,0.043034554,0.00923872,0.0017285347,0.37338227,0.773791
2024-09-24,PLAYAS,Antioquia,48.0,522263000.0,1053550000.0,49.57173366237957,22.799652,-0.31323242,0.2116661,1012.6978,20.173523,-0.17,0.019907951,0.00834465,0.00035762787,0.36320782,0.37804377
2024-09-25,PLAYAS,Antioquia,44.17,523891000.0,1053550000.0,49.72625883916283,22.581146,-0.3284912,0.07317352,1012.91174,20.084229,-0.17,0.019192696,0.008583069,0.00029802322,0.36066023,0.3365425
2024-09-26,PLAYAS,Antioquia,63.81,600997000.0,1053550000.0,57.04494328698211,21.220917,-0.22071838,0.15391159,1014.57,20.04364,-0.17,0.166893,0.01347065,0.004887581,0.37332663,0.2690825
2024-09-27,PLAYAS,Antioquia,60.940000000000005,553154000.0,1053550000.0,52.503820416686445,22.597809,-0.13414001,-0.09757233,1013.4292,20.204315,-0.17,0.18620491,0.09012222,0.008583069,0.37543353,0.16587315
2024-09-28,PLAYAS,Antioquia,56.8,503872000.0,1053550000.0,47.82611171752646,21.579315,0.008026123,0.24823761,1013.1969,20.38913,-0.17,1.4367104,0.1642704,0.12660027,0.43284062,0.24836732
2024-09-29,PLAYAS,Antioquia,60.34,633715000.0,1053550000.0,60.150443737838735,19.946198,-0.30458832,0.2679329,1015.0731,20.39444,-0.17,0.78606606,0.070631504,0.05543232,0.4907402,0.4056625
2024-09-30,PLAYAS,Antioquia,70.09,633542000.0,1053550000.0,60.1340230648759,20.959259,-0.8451843,-0.059951782,1014.59186,20.249329,-0.17,0.1090765,0.030457973,0.011116266,0.47106236,0.847308
2024-10-01,PLAYAS,Antioquia,75.1,614113000.0,1375830000.0,44.63581983239208,21.56723,-0.1814003,-0.20375061,1013.6719,20.03952,-0.21,0.20051003,0.02861023,0.0062584877,0.4598285,0.27280098
2024-10-02,PLAYAS,Antioquia,66.71000000000001,697108000.0,1375830000.0,50.668178481353074,20.830536,-0.2551117,-0.05817032,1013.9883,20.113647,-0.21,0.22757053,0.03182888,0.0066161156,0.46179092,0.26165962
2024-10-03,PLAYAS,Antioquia,63.17,622518000.0,1375830000.0,45.24672379581779,22.268219,0.07432175,-0.23098755,1013.5062,20.318756,-0.21,0.0071525574,0.029146671,0.0004172325,0.44975054,0.2426499
2024-10-04,PLAYAS,Antioquia,50.07,445920000.0,1375830000.0,32.410981007828006,21.874054,-0.07839584,-0.23098373,1014.1195,20.145111,-0.21,0.46551228,0.097990036,0.0667572,0.44181204,0.24392498
2024-10-05,PLAYAS,Antioquia,56.71000000000001,722980000.0,1375830000.0,52.54864336436914,20.741852,0.25634003,-0.10957718,1014.10406,20.268219,-0.21,0.47183037,0.2078414,0.053703785,0.4424558,0.27877834
2024-10-06,PLAYAS,Antioquia,68.30000000000001,678228000.0,1375830000.0,49.295915919844745,21.380585,-0.23343277,-0.050022125,1014.29175,20.5177,-0.21,0.5220175,0.10532141,0.034332275,0.4674654,0.23873222
2024-10-07,PLAYAS,Antioquia,62.580000000000005,667518000.0,1375830000.0,48.51747672314167,21.109222,0.2681961,-0.4160576,1012.9497,20.617737,-0.21,0.06556511,0.0795722,0.0044107437,0.46951282,0.49500814
2024-10-08,PLAYAS,Antioquia,56.41,772236000.0,1375830000.0,56.12873683521947,20.865204,0.043994904,-0.29434967,1013.8013,20.652435,-0.21,1.27244,0.2232194,0.13872981,0.50298464,0.29761934
2024-10-09,PLAYAS,Antioquia,40.56,879344000.0,1375830000.0,63.91371026943736,21.707672,-0.2268219,-0.6364937,1014.57904,20.7789,-0.21,0.13697147,0.12135506,0.016570091,0.4937015,0.6757014
2024-10-10,PLAYAS,Antioquia,50.06,1204914000.0,1375830000.0,87.57724428163364,20.244781,0.064842224,-0.29923248,1014.9345,20.76059,-0.21,0.53060055,0.19592047,0.030636787,0.5031928,0.30617738
2024-10-11,PLAYAS,Antioquia,61.82,842837000.0,1375830000.0,61.26025744459708,21.47403,-0.33079147,-0.11340332,1014.22125,20.780365,-0.21,0.012278557,0.27889013,0.00059604645,0.47927657,0.34969032
2024-10-12,PLAYAS,Antioquia,79.46,726842000.0,1375830000.0,52.82934664893192,23.044647,-0.1447258,0.2169838,1013.2525,20.894379,-0.21,0.020861626,0.18370152,0.00035762787,0.46188065,0.26082087
2024-10-13,PLAYAS,Antioquia,91.79,796623000.0,1375830000.0,57.90126687163385,22.922333,0.036750793,0.4166069,1013.71704,20.535828,-0.21,0.00071525574,0.13577938,0.0,0.4501825,0.41822475
2024-10-14,PLAYAS,Antioquia,87.05000000000001,626580000.0,1375830000.0,45.54196376005756,22.700348,0.06498718,0.383358,1014.83765,20.492493,-0.21,0.0030994415,0.109791756,0.0,0.43350038,0.38882732
2024-10-15,PLAYAS,Antioquia,68.22,595405000.0,1375830000.0,43.276058815405975,22.47464,0.013221741,0.063056946,1014.8703,20.4039,-0.21,0.079631805,0.09417534,0.0023245811,0.4369191,0.064428195
2024-10-16,PLAYAS,Antioquia,75.39,589917000.0,1375830000.0,42.87717232506923,22.353607,-0.035549164,0.21903992,1014.09326,20.692505,-0.21,0.12814999,0.08177757,0.002503395,0.43105578,0.2219059
2024-10-17,PLAYAS,Antioquia,65.02,626789000.0,1375830000.0,45.557154590320025,22.86325,-0.26094818,-0.06015396,1012.3308,21.060028,-0.21,0.07379055,0.071287155,0.001937151,0.43479565,0.2677918
2024-10-18,PLAYAS,Antioquia,47.98,499578000.0,1375830000.0,36.311026798368985,22.85794,0.35224533,-0.10807037,1011.9363,21.292633,-0.21,0.2477169,0.07224083,0.0104904175,0.43158373,0.3684508
2024-10-19,PLAYAS,Antioquia,54.25,698580000.0,1375830000.0,50.77516844377576,21.624908,0.43208313,-0.13772202,1011.77875,21.393555,-0.21,0.26500225,0.1283288,0.012099743,0.45310426,0.45350102
2024-10-20,PLAYAS,Antioquia,55.00000000000001,754602000.0,1375830000.0,54.84703778809882,21.839691,0.23567581,-0.2682762,1012.02814,21.446869,-0.21,0.35583973,0.07843971,0.022053719,0.45223236,0.3570927
2024-10-21,PLAYAS,Antioquia,55.00000000000001,851692000.0,1375830000.0,61.90386893729604,20.843903,-0.08789444,-0.44728088,1012.35596,21.434113,-0.21,0.4092455,0.08863211,0.034958124,0.4711849,0.45583507
2024-10-22,PLAYAS,Antioquia,60.370000000000005,900438000.0,1375830000.0,65.44689387497002,20.623566,-0.09396362,-0.019874573,1014.0108,21.634125,-0.21,0.7020235,0.117599964,0.06353855,0.4885577,0.0960425
2024-10-23,PLAYAS,Antioquia,68.8,810317000.0,1375830000.0,58.8965933291177,21.555817,-0.1290741,-0.17750931,1013.7536,21.43805,-0.21,0.0936985,0.07688999,0.004172325,0.47702843,0.21947592
2024-10-24,PLAYAS,Antioquia,59.07,929199000.0,1375830000.0,67.53734109592028,21.74942,-0.25480652,-0.26914597,1012.1514,21.386353,-0.21,0.077962875,0.08815527,0.0030994415,0.47980303,0.37062907
2024-10-25,PLAYAS,Antioquia,51.44,799297000.0,1375830000.0,58.09562227891527,22.497833,0.013977051,-0.3211937,1011.3133,21.373657,-0.21,0.015497208,0.099658966,0.00023841858,0.45946023,0.32149765
2024-10-26,PLAYAS,Antioquia,59.870000000000005,692406000.0,1375830000.0,50.32642114214693,22.984161,0.03328705,-0.017059326,1011.45734,21.110596,-0.21,0.024318695,0.09679794,0.00044703484,0.44675872,0.03740385
2024-10-27,PLAYAS,Antioquia,56.68,672969000.0,1375830000.0,48.91367392773817,22.295502,-0.18350601,0.2694931,1011.0784,21.107117,-0.21,0.06496906,0.09346008,0.0013709068,0.44489732,0.32603833
2024-10-28,PLAYAS,Antioquia,74.09,640505000.0,1375830000.0,46.55408008256834,22.436493,0.21039963,0.127182,1011.39966,21.35379,-0.21,0.0035762787,0.08660555,5.9604645e-05,0.4393912,0.24585213
2024-10-29,PLAYAS,Antioquia,58.55,589810000.0,1375830000.0,42.86939520144204,22.40799,-0.43753052,0.10185242,1011.9977,21.299469,-0.21,0.020503998,0.080645084,0.00059604645,0.4395929,0.4492292
2024-10-30,PLAYAS,Antioquia,45.25,559797000.0,1375830000.0,40.68794836571379,22.04831,0.1493454,0.13802338,1011.6105,21.22049,-0.21,0.13518333,0.088751316,0.015318394,0.43918404,0.20335805
2024-10-31,PLAYAS,Antioquia,49.1,731958000.0,1375830000.0,53.20119491506945,20.431305,-0.18738174,-0.24060059,1012.16565,21.344727,-0.21,0.595808,0.14662743,0.07879734,0.49430364,0.30495992
2024-11-01,PLAYAS,Antioquia,67.83,754146000.0,1684030000.0,44.78221884408235,20.283356,-0.012580872,-0.4169197,1012.3578,21.508453,-0.3,0.6210804,0.14555454,0.07236004,0.5068392,0.4171095
2024-11-02,PLAYAS,Antioquia,79.49000000000001,709389000.0,1684030000.0,42.12448709346033,21.154999,-0.04893875,-0.29084778,1012.45874,21.52481,-0.3,1.3680458,0.53685904,0.47570467,0.49874777,0.29493633
2024-11-03,PLAYAS,Antioquia,79.46,631709000.0,1684030000.0,37.511742664916895,21.940216,0.1315651,0.115867615,1011.48987,21.61789,-0.3,0.6837845,0.16748905,0.10859966,0.4954121,0.17531309
2024-11-04,PLAYAS,Antioquia,63.85,757179000.0,1684030000.0,44.96232252394554,20.33316,-0.36602783,-0.22365189,1013.33344,21.923065,-0.3,1.5645027,0.5380511,0.3799796,0.50281775,0.42894816
2024-11-05,PLAYAS,Antioquia,68.28,866224000.0,1684030000.0,51.43756346383378,20.75766,0.19070435,-0.10467911,1013.3047,22.144165,-0.3,0.05567074,0.113904476,0.0075101852,0.4890802,0.21754509
2024-11-06,PLAYAS,Antioquia,68.5,774571000.0,1684030000.0,45.99508322298296,21.44815,-0.007003784,-0.30165482,1012.8564,22.125519,-0.3,0.032544136,0.109255314,0.0022649765,0.4882671,0.30173612
2024-11-07,PLAYAS,Antioquia,64.92999999999999,753316000.0,1684030000.0,44.7329323111821,21.14212,0.30132294,-0.20310593,1012.2089,22.201508,-0.3,0.29551983,0.14805794,0.044047832,0.48380065,0.36338344
2024-11-08,PLAYAS,Antioquia,61.2,768111000.0,1684030000.0,45.611479605470215,19.515778,-0.046066284,-0.26992416,1012.0778,22.075958,-0.3,0.8506775,0.3553033,0.18584728,0.49779722,0.27382687
2024-11-09,PLAYAS,Antioquia,47.85,1232467000.0,1684030000.0,73.18557270357417,21.218903,-0.21748734,-0.18363571,1012.78845,21.945862,-0.3,2.0885468,1.0979176,0.6209612,0.504547,0.28464508
2024-11-10,PLAYAS,Antioquia,62.1,1455779000.0,1684030000.0,86.44614407106762,20.44046,-0.44897842,0.043338776,1013.97766,22.158875,-0.3,1.3525486,0.9329319,0.5604625,0.504188,0.45106527
2024-11-11,PLAYAS,Antioquia,75.94,1577680000.0,1684030000.0,93.6847918386252,20.310577,-0.023723602,-0.0005645752,1014.39,22.289032,-0.3,0.8034706,0.4451275,0.14156103,0.503203,0.023730319
2024-11-12,PLAYAS,Antioquia,82.54,1341913000.0,1684030000.0,79.68462557080336,21.196869,-0.0023498535,-0.31941223,1013.83685,22.306366,-0.3,0.2245903,0.19967556,0.041157007,0.49709317,0.31942087
2024-11-13,PLAYAS,Antioquia,77.24,1037530000.0,1684030000.0,61.60994756625475,20.601654,-0.101017,-0.7704811,1013.15607,22.37677,-0.3,0.33557415,0.21880865,0.08356571,0.50238454,0.77707505
2024-11-14,PLAYAS,Antioquia,70.83,958021000.0,1684030000.0,56.88859462123597,20.02475,-0.33083344,-0.3643341,1013.02075,22.397797,-0.3,0.72193146,0.37491322,0.19216537,0.5021509,0.49212813
2024-11-15,PLAYAS,Antioquia,63.690000000000005,810719000.0,1684030000.0,48.14160080283605,20.227692,0.013534546,-0.2806816,1012.47406,22.555084,-0.3,0.31292439,0.18596649,0.050604343,0.49717623,0.28100774
2024-11-16,PLAYAS,Antioquia,54.93,861398000.0,1684030000.0,51.15098899663308,20.440948,-0.0923996,-0.21337128,1012.367,22.837555,-0.3,0.14472008,0.117480755,0.0062584877,0.49247426,0.23251879
2024-11-17,PLAYAS,Antioquia,52.5,859748000.0,1684030000.0,51.05300974448199,20.138641,-0.46214294,-0.37353516,1013.34595,23.150543,-0.3,0.58317184,0.16766787,0.06604195,0.5017331,0.59422606
2024-11-18,PLAYAS,Antioquia,45.92,707343000.0,1684030000.0,42.002992820792976,20.694489,-0.46284485,0.0066108704,1012.3936,23.18686,-0.3,0.24616718,0.11515617,0.019282103,0.495854,0.46289206
2024-11-19,PLAYAS,Antioquia,62.63999999999999,1041805000.0,1684030000.0,61.86380290137349,20.341522,0.039302826,-0.15276718,1013.02734,23.174957,-0.3,0.19919872,0.12373924,0.03159046,0.49382102,0.15774195
2024-11-20,PLAYAS,Antioquia,56.84,1150052000.0,1684030000.0,68.29165751203958,20.433868,-0.17017746,-0.32793808,1013.8975,23.131683,-0.3,0.12135506,0.10085106,0.011563301,0.49924645,0.36946416
2024-11-21,PLAYAS,Antioquia,66.13,1377605000.0,1684030000.0,81.8040652482438,20.985626,-0.15215302,-0.4771614,1013.9459,22.957062,-0.3,0.17082691,0.10704994,0.020563602,0.49823123,0.50083286
2024-11-22,PLAYAS,Antioquia,85.35000000000001,1341923000.0,1684030000.0,79.68521938445276,20.910736,-0.71294403,0.10059738,1014.07935,22.901428,-0.3,0.25475025,0.105798244,0.021338463,0.49914908,0.7200063
2024-11-23,PLAYAS,Antioquia,73.27,1516780000.0,1684030000.0,90.06846671377589,20.745758,-0.5652962,-0.016330719,1014.3489,22.669586,-0.3,0.07212162,0.095009804,0.013053417,0.49952292,0.565532
2024-11-24,PLAYAS,Antioquia,71.05,1530547000.0,1684030000.0,90.8859699649056,21.15213,-0.42093658,0.15003204,1013.6381,22.488007,-0.3,0.06687641,0.08940697,0.009119511,0.49295315,0.44687495
2024-11-25,PLAYAS,Antioquia,63.18,1209406000.0,1684030000.0,71.81617904669156,21.773285,-0.029186249,-0.17116165,1013.66266,22.266632,-0.3,0.043034554,0.08034706,0.0010728836,0.47906446,0.17363222
2024-11-26,PLAYAS,Antioquia,80.64,1248561000.0,1684030000.0,74.1412563909194,22.453339,-0.0026283264,-0.3274727,1013.6211,22.124237,-0.3,0.27167797,0.08755922,0.010609627,0.4780413,0.32748324
2024-11-27,PLAYAS,Antioquia,75.63,1493964000.0,1684030000.0,88.7136214913036,20.550873,-0.49103928,0.1487999,1012.5447,22.012787,-0.3,0.2760887,0.15616417,0.08094311,0.47878107,0.5130896
2024-11-28,PLAYAS,Antioquia,69.69999999999999,1190251000.0,1684030000.0,70.67872900126483,21.489044,-0.076927185,-0.019813538,1012.45374,21.930267,-0.3,0.034809113,0.077843666,0.0021457672,0.47640306,0.07943782
2024-11-29,PLAYAS,Antioquia,89.41,1006497000.0,1684030000.0,59.76716566807004,21.537567,-4.9591064e-05,0.2439003,1012.8661,22.073181,-0.3,0.06210804,0.082194805,0.0047683716,0.47414088,0.24390031
2024-11-30,PLAYAS,Antioquia,78.92,885385000.0,1684030000.0,52.575369797450165,21.75888,-0.26581573,0.12773895,1012.3783,22.182434,-0.3,0.005722046,0.077068806,0.00023841858,0.46640337,0.29491565
2024-12-01,PLAYAS,Antioquia,71.06,785087000.0,1365210000.0,57.50668395338446,22.463226,0.009971619,-0.07425308,1011.86017,22.30429,-0.42,0.0059604645,0.07480383,5.9604645e-05,0.45218503,0.07491965
2024-12-02,PLAYAS,Antioquia,76.7,830265000.0,1365210000.0,60.81591843013163,22.384369,0.13845062,-0.37665558,1011.9761,22.27069,-0.42,0.011444092,0.07301569,0.00059604645,0.45585495,0.4012954
2024-12-03,PLAYAS,Antioquia,61.57,732316000.0,1365210000.0,53.64127130624593,21.914642,-0.27904892,-0.24537659,1012.95233,22.26242,-0.42,0.08571148,0.07236004,0.0025629997,0.45624766,0.37158844
2024-12-04,PLAYAS,Antioquia,59.35,696811000.0,1365210000.0,51.040572512653725,21.92575,-0.34975433,-0.32572174,1012.5389,22.459503,-0.42,0.042557716,0.06920099,0.0020861626,0.46033165,0.4779359
2024-12-05,PLAYAS,Antioquia,49.11,753030000.0,1365210000.0,55.15854703671963,21.371246,-0.30394745,-0.3072052,1011.6813,22.537384,-0.42,0.09548664,0.06765127,0.00333786,0.45731565,0.43215632
2024-12-06,PLAYAS,Antioquia,39.73,823316000.0,1365210000.0,60.306912489653605,21.874603,-0.29804993,-0.35359192,1011.96936,22.604889,-0.42,0.1924038,0.068604946,0.006854534,0.45734742,0.46245107
2024-12-07,PLAYAS,Antioquia,43.47,803874000.0,1365210000.0,58.88280923813919,21.052948,-0.39332962,-0.6690178,1012.35065,22.670074,-0.42,0.101447105,0.061810017,0.0024437904,0.45273706,0.77607536
2024-12-08,PLAYAS,Antioquia,46.53,807218000.0,1365210000.0,59.12775323942837,20.20871,-0.40691376,-0.07088089,1012.267,22.637054,-0.42,0.00023841858,0.05698204,0.0,0.44502503,0.41304106
2024-12-09,PLAYAS,Antioquia,47.39,721111000.0,1365210000.0,52.82051845503622,21.09616,-0.13822174,0.272892,1011.38983,22.523224,-0.42,0.00023841858,0.054359436,0.0,0.43743223,0.30590078
2024-12-10,PLAYAS,Antioquia,41.48,690131000.0,1365210000.0,50.55127050050909,21.95102,-0.331707,0.08111191,1011.03235,22.346527,-0.42,0.01513958,0.052452087,0.00071525574,0.42729408,0.3414801
2024-12-11,PLAYAS,Antioquia,48.8,667350000.0,1365210000.0,48.88258949172655,22.100983,-0.10154724,-0.33864594,1012.09125,22.43869,-0.42,0.011205673,0.049829483,0.00023841858,0.42073303,0.35354337
2024-12-12,PLAYAS,Antioquia,54.67,677266000.0,1365210000.0,49.60892463430535,20.962616,-0.19164276,-0.4955101,1012.34515,22.505615,-0.42,0.054597855,0.049591064,0.0024437904,0.4184045,0.53127885
2024-12-13,PLAYAS,Antioquia,58.31,658915000.0,1365210000.0,48.2647358281876,20.845001,-0.32328796,-0.5138359,1011.65656,22.50531,-0.42,0.02837181,0.045895576,0.00071525574,0.4152826,0.60707694
2024-12-14,PLAYAS,Antioquia,72.11999999999999,559788000.0,1365210000.0,41.003801612938666,21.551422,-0.45352554,0.021141052,1011.79706,22.466461,-0.42,0.02670288,0.043690205,0.00023841858,0.4097786,0.45401803
2024-12-15,PLAYAS,Antioquia,87.51,768815000.0,1365210000.0,56.31477941122611,21.530792,-0.6336136,-0.279274,1011.683,22.454865,-0.42,0.12719631,0.044047832,0.002503395,0.4092726,0.6924306
2024-12-16,PLAYAS,Antioquia,88.94,824262000.0,1365210000.0,60.37620585843936,20.976837,-0.4208374,0.17008972,1012.40515,22.535034,-0.42,0.20813942,0.06943941,0.029444695,0.42743576,0.45391038
2024-12-17,PLAYAS,Antioquia,89.94,713379000.0,1365210000.0,52.25415870085921,21.901398,-5.340576e-05,0.13075638,1013.15936,22.67218,-0.42,0.015735626,0.038802624,0.00035762787,0.43056148,0.1307564
2024-12-18,PLAYAS,Antioquia,73.48,652081000.0,1365210000.0,47.76415350019411,22.866913,-0.054325104,-0.050186157,1013.07404,22.873566,-0.42,0.11110306,0.039041042,0.0020861626,0.4339549,0.073958546
2024-12-19,PLAYAS,Antioquia,59.79,716409000.0,1365210000.0,52.47610257762542,21.476837,-0.21124268,-0.19213486,1012.6822,22.982574,-0.42,0.00047683716,0.03528595,5.9604645e-05,0.4183659,0.28555083
2024-12-20,PLAYAS,Antioquia,64.44,690903000.0,1365210000.0,50.607818577361726,21.800262,-0.2654686,-0.2770195,1012.53925,23.016632,-0.42,0.044584274,0.036120415,0.0023841858,0.41406858,0.38368395
2024-12-21,PLAYAS,Antioquia,62.86000000000001,791656000.0,1365210000.0,57.98785534826144,21.17807,0.13325882,-0.013046265,1013.3153,23.11264,-0.42,0.14638901,0.04208088,0.008940697,0.43600208,0.13389592
2024-12-22,PLAYAS,Antioquia,86.79,915908000.0,1365210000.0,67.08916576936882,21.196442,0.10990143,-0.15436554,1014.1984,23.240356,-0.42,0.14960766,0.037431717,0.0056028366,0.45873892,0.18949154
2024-12-23,PLAYAS,Antioquia,108.01,1162045000.0,1365210000.0,85.11840669201075,21.413788,0.13367844,-0.07250595,1014.3158,23.365448,-0.42,0.4030466,0.0654459,0.027418137,0.47091317,0.15207577
2024-12-24,PLAYAS,Antioquia,100.52,888550000.0,1365210000.0,65.08522498370213,21.360321,-0.3546257,-0.20849991,1013.58344,23.26297,-0.42,0.039815903,0.030994415,0.0008940697,0.45951137,0.4113777
2024-12-25,PLAYAS,Antioquia,92.43,867809000.0,1365210000.0,63.56597153551469,21.707428,-0.29743958,-0.18939209,1012.40405,23.224884,-0.42,0.21517277,0.035762787,0.0063180923,0.45274895,0.3526183
2024-12-26,PLAYAS,Antioquia,89.11,899954000.0,1365210000.0,65.92055434695028,21.427399,0.07816696,0.07670975,1012.2325,23.310852,-0.42,0.06568432,0.030100346,0.0017285347,0.45259148,0.10951921
2024-12-27,PLAYAS,Antioquia,80.27,970383000.0,1365210000.0,71.07939437888676,20.57193,0.19820404,-0.28644562,1013.09705,23.515167,-0.42,0.24533272,0.043213367,0.015079975,0.4751523,0.34833306
2024-12-28,PLAYAS,Antioquia,74.35000000000001,1006121000.0,1365210000.0,73.69716014386066,20.810333,-0.056575775,-0.32587814,1013.96814,23.569305,-0.42,0.32913685,0.10699034,0.07903576,0.4759472,0.33075276
2024-12-29,PLAYAS,Antioquia,67.66,1039873000.0,1365210000.0,76.16945378366698,20.720734,-0.21904755,0.12004852,1014.2361,23.600586,-0.42,0.46539307,0.060737133,0.022351742,0.47950518,0.24978685
2024-12-30,PLAYAS,Antioquia,60.440000000000005,1351486000.0,1365210000.0,98.99473341097706,21.039093,-0.2130127,0.16302109,1013.4986,23.653412,-0.42,0.349164,0.10663271,0.039815903,0.49062675,0.2682355
2024-12-31,PLAYAS,Antioquia,44.71,1264887000.0,1365210000.0,92.651460214912,20.806,0.047431946,-0.14614105,1012.71204,23.588959,-0.42,0.074625015,0.10091066,0.006109476,0.47710186,0.15364568
