Fecha,CodigoEmbalse,RegionHidrologica,reserva_pct,aportes_masa,media_historica_masa,aportes_vs_media_pct,t2m,u10,v10,msl,sst_nino12_proxy,oni_anom,tp,ro,sro,swvl1,wind_speed
2013-01-01,MIEL1,Caldas,80.45,74758000.0,115610000.0,64.66395640515526,22.825897,0.07445526,-0.016693115,1011.0733,23.663086,-0.29,0.003695488,0.031888485,0.00011920929,0.34433877,0.076303646
2013-01-02,MIEL1,Caldas,78.75,61675000.0,115610000.0,53.34746129227575,23.030487,0.2230339,-0.070137024,1010.4222,23.747772,-0.29,0.0009536743,0.03117323,0.00017881393,0.3332335,0.23380189
2013-01-03,MIEL1,Caldas,79.45,65101000.0,115610000.0,56.31087276187181,22.803497,0.17100906,-0.10914612,1011.6897,23.999786,-0.29,0.00011920929,0.030755997,0.0,0.32671615,0.20287183
2013-01-04,MIEL1,Caldas,78.05,75899000.0,115610000.0,65.65089525127584,23.43222,0.024181366,0.032604218,1012.0745,23.946686,-0.29,0.00023841858,0.030457973,0.0,0.3217464,0.040592775
2013-01-05,MIEL1,Caldas,78.53,68685000.0,115610000.0,59.41095060980884,23.489166,0.08649826,-0.008602142,1011.63,23.757507,-0.29,0.0027418137,0.030040741,0.00035762787,0.31010517,0.08692494
2013-01-06,MIEL1,Caldas,76.18,56665000.0,115610000.0,49.01392613095753,23.106476,0.24914932,0.08552551,1010.6259,23.87091,-0.29,0.0013113022,0.029563904,0.00017881393,0.30162477,0.2634198
2013-01-07,MIEL1,Caldas,73.67,51336000.0,115610000.0,44.40446328172303,22.697174,0.20511246,0.09632492,1010.20435,24.344086,-0.29,0.00071525574,0.029087067,5.9604645e-05,0.29511693,0.22660452
2013-01-08,MIEL1,Caldas,73.94,47271000.0,115610000.0,40.88833145921633,23.184052,0.27101517,0.18724823,1009.4497,24.515778,-0.29,0.0,0.02861023,0.0,0.28706777,0.32941025
2013-01-09,MIEL1,Caldas,74.35000000000001,43945000.0,115610000.0,38.01141769743101,22.789703,0.14061737,0.038261414,1009.76483,24.527252,-0.29,0.0,0.028014183,0.0,0.28003123,0.14572981
2013-01-10,MIEL1,Caldas,72.35000000000001,41746000.0,115610000.0,36.10933310267278,24.111542,0.19419861,-0.07323456,1010.46735,24.554077,-0.29,0.0,0.027537346,0.0,0.27092284,0.20754854
2013-01-11,MIEL1,Caldas,70.34,40051000.0,115610000.0,34.643196955280686,23.573578,0.1262703,-0.041618347,1009.2445,24.662903,-0.29,0.0,0.027298927,0.0,0.25959885,0.13295215
2013-01-12,MIEL1,Caldas,68.72,40833000.0,115610000.0,35.319609030360695,22.550262,0.083740234,-0.6028366,1009.1105,24.632141,-0.29,0.0054836273,0.027239323,0.0005364418,0.25310123,0.608625
2013-01-13,MIEL1,Caldas,65.99000000000001,37834000.0,115610000.0,32.72554277311651,23.027496,0.048740387,-0.5497856,1010.8297,24.648346,-0.29,0.050663948,0.031352043,0.005185604,0.25716197,0.5519419
2013-01-14,MIEL1,Caldas,64.27000000000001,37262000.0,115610000.0,32.23077588443906,22.62436,-0.18780899,-0.9104233,1011.7537,24.8479,-0.29,0.06234646,0.030636787,0.0046491623,0.26195478,0.9295928
2013-01-15,MIEL1,Caldas,62.71,52476000.0,115610000.0,45.3905371507655,23.123016,-0.0741272,-0.71502686,1011.0519,24.499908,-0.29,0.0218153,0.027120113,0.0015497208,0.2593332,0.718859
2013-01-16,MIEL1,Caldas,62.74999999999999,38614000.0,115610000.0,33.400224894040306,23.234772,0.41493988,-0.7854996,1010.8822,24.351227,-0.29,0.086545944,0.03492832,0.009536743,0.29296333,0.8883607
2013-01-17,MIEL1,Caldas,63.7,51889000.0,115610000.0,44.88279560591644,23.46872,0.031906128,-0.9275627,1012.0697,24.522552,-0.29,0.07581711,0.034749508,0.009804964,0.32840902,0.9281113
2013-01-18,MIEL1,Caldas,63.8,57205000.0,115610000.0,49.48101375313554,23.109772,-0.23651505,-0.4288864,1012.97296,24.732483,-0.29,0.050783157,0.028908253,0.0045001507,0.31680444,0.48977843
2013-01-19,MIEL1,Caldas,64.18,41940000.0,115610000.0,36.27713865582562,23.552948,-0.1375618,-0.28064346,1012.0687,24.652527,-0.29,0.098228455,0.03629923,0.0121593475,0.32337546,0.31254438
2013-01-20,MIEL1,Caldas,61.61,45878000.0,115610000.0,39.68341838941268,23.763763,0.01796341,-0.29545212,1011.27466,24.513092,-0.29,0.017881393,0.024974346,0.0013411045,0.30601817,0.2959977
2013-01-21,MIEL1,Caldas,61.650000000000006,50857000.0,115610000.0,43.99013926130957,24.468658,0.08085251,-0.3791237,1010.448,24.59903,-0.29,0.0113248825,0.0243783,0.0011920929,0.2942263,0.38764918
2013-01-22,MIEL1,Caldas,63.34,117141000.0,115610000.0,101.32427990658248,24.418915,-0.055725098,-0.5926323,1011.6456,24.85675,-0.29,0.05364418,0.026464462,0.0035762787,0.28863668,0.59524643
2013-01-23,MIEL1,Caldas,66.22,202817000.0,115610000.0,175.43205605051466,23.49112,-0.1809578,-0.70448685,1013.54065,24.851166,-0.29,0.13113022,0.031650066,0.009119511,0.29714346,0.7273565
2013-01-24,MIEL1,Caldas,64.68,119832000.0,115610000.0,103.65193322376956,23.434418,0.0007095337,-0.6630058,1014.32623,24.82071,-0.29,0.058054924,0.03015995,0.007748604,0.31356847,0.6630062
2013-01-25,MIEL1,Caldas,63.68000000000001,87826000.0,115610000.0,75.96747686186316,23.702057,-0.3257141,-0.99256134,1013.6716,24.86969,-0.29,0.08666515,0.027120113,0.005185604,0.3109684,1.0446376
2013-01-26,MIEL1,Caldas,66.13,177744000.0,115610000.0,153.74448577112707,23.694183,-0.12961578,-0.4095688,1012.8205,24.931732,-0.29,0.04351139,0.024199486,0.002682209,0.3076435,0.42958915
2013-01-27,MIEL1,Caldas,65.01,96271000.0,115610000.0,83.2722082864804,24.281647,-0.02437973,-0.67721176,1012.6722,24.98111,-0.29,0.014662743,0.022649765,0.0012516975,0.30024403,0.67765045
2013-01-28,MIEL1,Caldas,63.82,87033000.0,115610000.0,75.28155003892397,24.510834,-0.021690369,-0.23910904,1012.98627,24.951294,-0.29,0.017523766,0.021398067,0.00071525574,0.2898425,0.24009082
2013-01-29,MIEL1,Caldas,64.16,77220000.0,115610000.0,66.79352997145575,24.53244,-0.1510086,-0.2827797,1011.60486,24.986877,-0.29,0.0015497208,0.020444393,0.00017881393,0.27975392,0.3205744
2013-01-30,MIEL1,Caldas,63.07000000000001,74376000.0,115610000.0,64.33353516131822,25.38919,-0.13189316,-0.2002716,1010.66486,24.99582,-0.29,0.007748604,0.020205975,0.0004172325,0.2729486,0.239801
2013-01-31,MIEL1,Caldas,63.55,178984000.0,115610000.0,154.81705734798027,24.747894,0.37582016,-0.7842293,1010.4872,24.991547,-0.29,0.041246414,0.022530556,0.002861023,0.27022064,0.86963
2013-02-01,MIEL1,Caldas,64.46,148724000.0,114510000.0,129.87861322155268,23.323456,0.20399475,-0.42368698,1011.71,24.958862,-0.29,0.07081032,0.024974346,0.0059604645,0.27132398,0.47023878
2013-02-02,MIEL1,Caldas,63.91,103360000.0,114510000.0,90.26285913893985,22.296783,0.33348846,-0.6332855,1012.0411,24.721436,-0.29,0.50604343,0.09924173,0.08028746,0.2919909,0.71572703
2013-02-03,MIEL1,Caldas,63.41,123178000.0,114510000.0,107.56964457252644,23.209198,0.066596985,-0.6879158,1011.2536,24.587372,-0.29,0.0269413,0.02169609,0.0029802322,0.31764627,0.6911319
2013-02-04,MIEL1,Caldas,64.05,134478000.0,114510000.0,117.43777835996856,22.458893,-0.49899673,-0.5775986,1011.40985,24.668365,-0.29,0.4620552,0.09828806,0.07981062,0.3597021,0.7632941
2013-02-05,MIEL1,Caldas,63.98,115091000.0,114510000.0,100.50737926818618,22.907196,-0.13285828,-0.92242813,1011.858,24.74878,-0.29,0.09429455,0.025987625,0.007838011,0.3678735,0.9319469
2013-02-06,MIEL1,Caldas,64.36,117144000.0,114510000.0,102.30023578726748,23.029999,-0.26278687,-0.8490524,1012.01654,25.362122,-0.29,0.31733513,0.078976154,0.061124563,0.37505347,0.8887896
2013-02-07,MIEL1,Caldas,64.8,111465000.0,114510000.0,97.3408435944459,23.569427,-0.20294571,-0.7645798,1011.2658,25.533173,-0.29,0.08440018,0.026643276,0.009119511,0.35626835,0.79105574
2013-02-08,MIEL1,Caldas,67.57,237621000.0,114510000.0,207.51113439874248,23.028107,-0.50284195,-0.59285355,1011.8353,25.509613,-0.29,0.12767315,0.032305717,0.0150203705,0.35727435,0.7773837
2013-02-09,MIEL1,Caldas,68.15,165511000.0,114510000.0,144.5384682560475,22.416656,0.15964508,-0.2501564,1012.7056,25.646912,-0.29,0.29420853,0.06121397,0.044107437,0.38562143,0.2967571
2013-02-10,MIEL1,Caldas,70.87,269586000.0,114510000.0,235.4257270107414,21.89267,-0.089263916,-0.6513481,1013.1378,25.623749,-0.29,0.58043003,0.1436472,0.1269579,0.40927768,0.65743625
2013-02-11,MIEL1,Caldas,72.72999999999999,177346000.0,114510000.0,154.87381014758537,23.334686,-0.042957306,-0.98563004,1013.02734,25.757538,-0.29,0.09572506,0.039815903,0.023186207,0.39968157,0.9865657
2013-02-12,MIEL1,Caldas,73.11999999999999,157013000.0,114510000.0,137.11728233342066,22.74118,0.084625244,-0.68370056,1012.0609,25.693176,-0.29,0.08523464,0.02771616,0.011265278,0.38169572,0.68891793
2013-02-13,MIEL1,Caldas,72.2,151507000.0,114510000.0,132.30896864902627,23.296661,-0.07557297,-0.6356964,1011.7983,25.691559,-0.29,0.041246414,0.024557114,0.008523464,0.38451818,0.6401728
2013-02-14,MIEL1,Caldas,71.39,180178000.0,114510000.0,157.34695659767706,23.130585,0.018764496,-0.39719772,1012.26654,25.674744,-0.29,0.03325939,0.02026558,0.0044703484,0.36727202,0.3976407
2013-02-15,MIEL1,Caldas,70.75,141145000.0,114510000.0,123.25997729455942,23.11435,0.055561066,-0.23625183,1012.5125,25.689209,-0.29,0.14185905,0.03874302,0.022947788,0.35783127,0.24269727
2013-02-16,MIEL1,Caldas,70.00999999999999,114056000.0,114510000.0,99.60352807615055,24.082977,0.09438324,-0.17462921,1010.9972,25.603668,-0.29,0.07259846,0.023126602,0.0076293945,0.35182425,0.1985033
2013-02-17,MIEL1,Caldas,71.58,220479000.0,114510000.0,192.54126277181032,22.06186,0.17398453,-0.46713638,1012.428,25.303192,-0.29,0.10848045,0.024080276,0.008821487,0.35723844,0.49848473
2013-02-18,MIEL1,Caldas,71.34,142763000.0,114510000.0,124.672954327133,23.018646,0.046409607,0.16937637,1011.6141,24.863983,-0.29,0.022530556,0.017523766,0.0022649765,0.35372013,0.1756195
2013-02-19,MIEL1,Caldas,71.1,116487000.0,114510000.0,101.72648676971444,23.57779,0.019039154,-0.23500824,1010.02264,24.746216,-0.29,0.0,0.014960766,0.0,0.34132665,0.23577821
2013-02-20,MIEL1,Caldas,71.56,149055000.0,114510000.0,130.16767094576892,23.162811,-0.046154022,-0.08041763,1009.7261,24.472992,-0.29,0.09930134,0.019848347,0.0051259995,0.34442326,0.09272103
2013-02-21,MIEL1,Caldas,70.84,106276000.0,114510000.0,92.80936162780544,23.880035,0.0043029785,0.20088959,1009.03143,24.225494,-0.29,0.024199486,0.017046928,0.0022649765,0.34106806,0.20093566
2013-02-22,MIEL1,Caldas,70.00999999999999,91640000.0,114510000.0,80.02794515762815,24.250275,0.19449234,-0.33597946,1010.285,24.28366,-0.29,0.012397766,0.015079975,0.0005364418,0.33091214,0.38821316
2013-02-23,MIEL1,Caldas,68.51,104035000.0,114510000.0,90.85232730765873,24.24234,-0.036964417,0.10991287,1010.08044,24.547272,-0.29,0.026106834,0.016331673,0.0023841858,0.3194976,0.115962096
2013-02-24,MIEL1,Caldas,67.73,166758000.0,114510000.0,145.62745611736966,23.997955,-0.05598831,-0.11408615,1010.3013,24.842499,-0.29,0.018835068,0.015854836,0.0019669533,0.31228322,0.12708399
2013-02-25,MIEL1,Caldas,66.73,99588000.0,114510000.0,86.9688236835211,24.315887,-0.13653183,0.12103653,1009.22095,24.991364,-0.29,0.014901161,0.01513958,0.0015497208,0.30821145,0.18245761
2013-02-26,MIEL1,Caldas,65.23,82937000.0,114510000.0,72.42773556894593,24.182465,0.1707573,-0.35934067,1009.3688,25.159973,-0.29,0.008583069,0.01424551,0.000834465,0.29788366,0.39784893
2013-02-27,MIEL1,Caldas,64.48,114492000.0,114510000.0,99.98428084883416,24.556183,0.08237457,0.05731964,1010.02,25.331207,-0.29,0.026345253,0.014901161,0.00166893,0.29381198,0.10035493
2013-02-28,MIEL1,Caldas,62.62,82838000.0,114510000.0,72.34128023753385,25.521393,-0.21637344,0.2851944,1009.6227,25.56549,-0.29,0.0022649765,0.013113022,0.00023841858,0.2862154,0.35798508
2013-03-01,MIEL1,Caldas,60.4,78972000.0,123360000.0,64.01750972762645,24.228485,-0.324646,-0.022518158,1009.4306,25.987915,-0.21,0.015377998,0.013411045,0.0005364418,0.2751989,0.325426
2013-03-02,MIEL1,Caldas,60.92999999999999,67851000.0,123360000.0,55.00243190661479,24.740997,-0.045570374,-0.19293213,1009.7603,26.13208,-0.21,0.02837181,0.013113022,0.00047683716,0.26609078,0.19824094
2013-03-03,MIEL1,Caldas,59.8,101617000.0,123360000.0,82.37435149156939,24.05362,-0.33125687,-0.7010193,1012.1266,26.115143,-0.21,0.19097328,0.015676022,0.0031590462,0.28482068,0.77534455
2013-03-04,MIEL1,Caldas,59.91,163042000.0,123360000.0,132.16763942931257,23.058807,-0.089660645,0.023448944,1013.5131,25.976349,-0.21,0.76293945,0.082850456,0.07033348,0.3695579,0.09267623
2013-03-05,MIEL1,Caldas,59.05,94621000.0,123360000.0,76.70314526588847,25.376373,-0.04347229,-0.3230362,1011.71704,25.98465,-0.21,0.0,0.0123381615,0.0,0.34480894,0.32594818
2013-03-06,MIEL1,Caldas,58.440000000000005,83631000.0,123360000.0,67.7942607003891,25.64853,0.09272385,-0.564167,1011.6039,26.155304,-0.21,0.009059906,0.01257658,0.0008940697,0.32030034,0.57173604
2013-03-07,MIEL1,Caldas,59.85,118176000.0,123360000.0,95.7976653696498,24.172028,-0.13303375,-0.023139954,1013.15234,26.46698,-0.21,0.41544437,0.02837181,0.016748905,0.35488757,0.13503124
2013-03-08,MIEL1,Caldas,59.29,76141000.0,123360000.0,61.72260051880675,25.113922,-0.20997238,-0.043697357,1011.175,26.385437,-0.21,0.006198883,0.01180172,0.00029802322,0.33813268,0.21447112
2013-03-09,MIEL1,Caldas,58.17,67594000.0,123360000.0,54.79409857328146,25.087067,-0.16767883,0.07432556,1009.90826,26.2128,-0.21,0.0063180923,0.011444092,5.9604645e-05,0.319061,0.18341342
2013-03-10,MIEL1,Caldas,56.87,61827000.0,123360000.0,50.11916342412452,24.343842,0.00963974,-0.18484497,1010.39374,26.164825,-0.21,0.00011920929,0.011146069,0.0,0.32220405,0.18509616
2013-03-11,MIEL1,Caldas,55.510000000000005,57300000.0,123360000.0,46.449416342412455,24.589264,-0.081336975,-0.28084183,1009.3845,26.235474,-0.21,0.0034570694,0.011265278,0.00029802322,0.3048916,0.29238302
2013-03-12,MIEL1,Caldas,54.44,66270000.0,123360000.0,53.72081712062256,23.327118,-0.017650604,-0.668293,1010.8858,26.495087,-0.21,0.53691864,0.021636486,0.010728836,0.32825682,0.66852605
2013-03-13,MIEL1,Caldas,53.13,53327000.0,123360000.0,43.228761348897535,23.708954,0.26496887,-0.72546005,1011.205,26.482574,-0.21,0.45657158,0.041425228,0.030845404,0.36819494,0.77233464
2013-03-14,MIEL1,Caldas,52.470000000000006,61568000.0,123360000.0,49.90920881971466,22.997406,-0.10087204,-0.4513054,1010.45844,26.522278,-0.21,0.7543564,0.08010864,0.069499016,0.3946824,0.46244106
2013-03-15,MIEL1,Caldas,55.06,243159000.0,123360000.0,197.11332684824905,21.676178,0.009895325,-0.25431824,1011.52515,26.31363,-0.21,0.52917004,0.086426735,0.07605553,0.42550194,0.25451067
2013-03-16,MIEL1,Caldas,54.55,104389000.0,123360000.0,84.62143320363165,23.414886,-0.20093918,-0.1496048,1010.9636,26.09491,-0.21,0.036478043,0.013738871,0.00333786,0.41156104,0.25051576
2013-03-17,MIEL1,Caldas,54.89000000000001,144564000.0,123360000.0,117.1887159533074,24.232758,-0.1309166,-0.46971893,1011.60516,25.961517,-0.21,0.0150203705,0.011742115,0.0014901161,0.39117858,0.4876218
2013-03-18,MIEL1,Caldas,54.8,163938000.0,123360000.0,132.89396887159532,22.436798,-0.060005188,-0.34965134,1012.22925,25.960022,-0.21,0.09953976,0.013411045,0.0035762787,0.42190725,0.35476285
2013-03-19,MIEL1,Caldas,54.25,143343000.0,123360000.0,116.19892996108948,22.757843,-0.33708572,-0.4308052,1012.1825,25.871002,-0.21,0.25379658,0.02849102,0.018715858,0.42245156,0.54700994
2013-03-20,MIEL1,Caldas,53.34,113497000.0,123360000.0,92.00470168612192,22.93985,0.23287201,-0.7940979,1011.7111,25.566864,-0.21,0.11944771,0.018179417,0.008225441,0.41422862,0.827539
2013-03-21,MIEL1,Caldas,55.94,132429000.0,123360000.0,107.35165369649806,22.651642,-0.15877533,-0.5521126,1012.03235,25.316956,-0.21,0.0500679,0.013768673,0.0036358833,0.41593474,0.57448924
2013-03-22,MIEL1,Caldas,54.93,124855000.0,123360000.0,101.21190012970168,22.316803,0.045375824,-0.44151306,1013.5006,25.21936,-0.21,0.4554987,0.09483099,0.08520484,0.41587126,0.44383866
2013-03-23,MIEL1,Caldas,55.120000000000005,115857000.0,123360000.0,93.91780155642024,22.813263,-0.1640892,-0.18100357,1013.132,24.876709,-0.21,0.028848648,0.010728836,0.0011920929,0.40632296,0.24431038
2013-03-24,MIEL1,Caldas,53.42,93668000.0,123360000.0,75.93060959792477,23.474335,0.27041245,0.10795212,1010.9242,24.525635,-0.21,0.05340576,0.0150203705,0.0055730343,0.40017968,0.29116413
2013-03-25,MIEL1,Caldas,51.78,95192000.0,123360000.0,77.16601815823606,23.819977,-0.023593903,-0.4633751,1010.1761,24.496735,-0.21,0.09787083,0.020444393,0.011384487,0.4091347,0.46397537
2013-03-26,MIEL1,Caldas,50.080000000000005,77949000.0,123360000.0,63.18822957198444,24.371002,-0.14959335,-0.5269966,1010.8722,24.225128,-0.21,0.022053719,0.011265278,0.0023245811,0.39481556,0.5478171
2013-03-27,MIEL1,Caldas,49.59,94022000.0,123360000.0,76.21757457846951,24.00064,-0.19246292,-0.40354156,1011.6994,23.778748,-0.21,0.07271767,0.014543533,0.0056028366,0.38672382,0.4470881
2013-03-28,MIEL1,Caldas,48.82,118284000.0,123360000.0,95.88521400778212,23.664337,0.1487999,-0.3354683,1011.78735,23.654816,-0.21,0.024437904,0.009417534,0.0006556511,0.38658017,0.36698827
2013-03-29,MIEL1,Caldas,47.06,91683000.0,123360000.0,74.32149805447472,23.599518,-0.19942856,-0.6683426,1012.5645,23.415619,-0.21,0.5173683,0.030875206,0.01859665,0.38706446,0.69746226
2013-03-30,MIEL1,Caldas,45.440000000000005,86687000.0,123360000.0,70.27156290531777,24.439056,-0.106170654,0.009651184,1011.6211,23.37323,-0.21,0.0038146973,0.008702278,5.9604645e-05,0.36969665,0.10660841
2013-03-31,MIEL1,Caldas,43.25,70355000.0,123360000.0,57.032263294422826,25.174103,-0.18823242,0.09643173,1010.8816,23.111786,-0.21,0.00011920929,0.008225441,0.0,0.35080284,0.21149592
2013-04-01,MIEL1,Caldas,40.92,63671000.0,140210000.0,45.41116896084445,25.37326,-0.0814476,0.3441391,1010.3078,22.884583,-0.19,0.00035762787,0.008165836,2.9802322e-05,0.33551744,0.35364592
2013-04-02,MIEL1,Caldas,39.15,58873000.0,140210000.0,41.98915911846516,24.638763,-0.12901688,-0.29153824,1011.7475,22.545624,-0.19,0.00047683716,0.008106232,0.0,0.32415718,0.31881014
2013-04-03,MIEL1,Caldas,36.99,68677000.0,140210000.0,48.98152770843735,24.4393,-0.14651108,-0.5475197,1012.2506,22.55185,-0.19,0.24211407,0.01603365,0.007987022,0.31921887,0.5667833
2013-04-04,MIEL1,Caldas,34.43,54482000.0,140210000.0,38.85742814349904,24.313873,0.31503677,-0.28468704,1011.8805,22.672394,-0.19,0.051498413,0.011444092,0.003516674,0.32095367,0.42461145
2013-04-05,MIEL1,Caldas,32.42,56771000.0,140210000.0,40.48997931673918,23.825836,0.222435,-0.50302505,1011.91907,22.860016,-0.19,0.12683868,0.011384487,0.0034570694,0.36464825,0.5500105
2013-04-06,MIEL1,Caldas,31.58,50603000.0,140210000.0,36.09086370444333,23.431915,0.029388428,-0.5793266,1012.84717,22.950256,-0.19,0.3105402,0.04309416,0.034987926,0.3679937,0.58007157
2013-04-07,MIEL1,Caldas,29.6,52087000.0,140210000.0,37.14927608587119,24.05252,0.08117676,-0.39591217,1011.47485,22.874786,-0.19,0.03385544,0.0104904175,0.0030398369,0.35496357,0.40414864
2013-04-08,MIEL1,Caldas,28.7,72006000.0,140210000.0,51.355823407745525,24.322418,-0.00951004,-0.68510056,1010.78406,23.06247,-0.19,0.02849102,0.008821487,0.0013113022,0.35900402,0.68516654
2013-04-09,MIEL1,Caldas,27.87,53177000.0,140210000.0,37.92668140646174,25.885284,-0.07921219,-0.030147552,1010.0734,23.20462,-0.19,0.0009536743,0.0076293945,0.00011920929,0.34243894,0.08475521
2013-04-10,MIEL1,Caldas,28.38,57537000.0,140210000.0,41.03630268882391,25.141327,0.081287384,-0.90083313,1010.4497,23.468292,-0.19,0.0015497208,0.0072717667,5.9604645e-05,0.32933185,0.9044932
2013-04-11,MIEL1,Caldas,27.74,54095000.0,140210000.0,38.58141359389487,23.681915,-0.06789017,-0.66038513,1010.8741,23.601318,-0.19,0.17607212,0.009417534,0.0023245811,0.32906994,0.6638656
2013-04-12,MIEL1,Caldas,27.08,60593000.0,140210000.0,43.21589045003923,23.961456,0.040382385,-0.6037636,1010.41016,23.470673,-0.19,0.08928776,0.009596348,0.0023543835,0.33631137,0.60511255
2013-04-13,MIEL1,Caldas,25.62,56755000.0,140210000.0,40.47856786249198,25.08316,-0.091999054,-0.21630478,1009.6295,23.457245,-0.19,0.44226646,0.037014484,0.029921532,0.3274619,0.23505655
2013-04-14,MIEL1,Caldas,25.08,52203000.0,140210000.0,37.232009129163394,24.794647,-0.13823318,-0.0047912598,1009.9828,23.52353,-0.19,0.00011920929,0.0067949295,0.0,0.32102197,0.1383162
2013-04-15,MIEL1,Caldas,23.76,50167000.0,140210000.0,35.77990157620712,26.412811,-0.41601562,0.34674072,1011.2344,23.7966,-0.19,0.0,0.00667572,0.0,0.3065704,0.54157007
2013-04-16,MIEL1,Caldas,22.46,51596000.0,140210000.0,36.79908708366023,25.686737,-0.4072914,0.249897,1011.01685,23.87143,-0.19,0.000834465,0.006735325,0.0,0.2917247,0.4778439
2013-04-17,MIEL1,Caldas,20.62,54563000.0,140210000.0,38.91519863062549,25.11679,-0.42292023,-0.5391693,1010.4503,23.73819,-0.19,0.00059604645,0.00667572,0.00011920929,0.2842911,0.68524814
2013-04-18,MIEL1,Caldas,21.67,79174000.0,140210000.0,56.46815491049141,23.483429,-0.41913223,-0.53689957,1010.6525,23.726593,-0.19,0.467062,0.06020069,0.05340576,0.32729855,0.68112624
2013-04-19,MIEL1,Caldas,22.84,85642000.0,140210000.0,61.08123528992226,22.320038,0.21178055,0.4552536,1012.7534,23.887512,-0.19,1.2800694,0.19228458,0.18584728,0.4313372,0.50210243
2013-04-20,MIEL1,Caldas,24.1,72722000.0,140210000.0,51.86648598530776,22.635468,0.1931839,-0.13101196,1012.932,24.043518,-0.19,0.17929077,0.03749132,0.03129244,0.4258393,0.2334184
2013-04-21,MIEL1,Caldas,23.96,133262000.0,140210000.0,95.04457599315312,21.625458,0.3609581,-0.31964874,1014.54236,23.947266,-0.19,4.0347576,1.7068982,1.4526248,0.44653612,0.48214737
2013-04-22,MIEL1,Caldas,24.89,95839000.0,140210000.0,68.3538977248413,22.594147,0.16986847,-0.6594162,1013.4636,23.703278,-0.19,0.22006035,0.055849552,0.049471855,0.44530517,0.6809442
2013-04-23,MIEL1,Caldas,25.32,91990000.0,140210000.0,65.60872976249911,22.86557,-0.10498047,-0.4493065,1013.23987,23.499542,-0.19,0.3039837,0.08606911,0.079751015,0.44550964,0.46140787
2013-04-24,MIEL1,Caldas,27.64,92575000.0,140210000.0,66.02596105841239,23.874237,-0.23226547,-0.26628876,1012.4603,23.470276,-0.19,0.0032186508,0.0064373016,5.9604645e-05,0.42200047,0.35335103
2013-04-25,MIEL1,Caldas,26.77,72756000.0,140210000.0,51.89073532558306,23.992462,0.17291641,-0.40597916,1012.48706,23.577179,-0.19,0.19741058,0.06353855,0.057160854,0.41708267,0.44126993
2013-04-26,MIEL1,Caldas,26.03,68126000.0,140210000.0,48.58854575279937,23.814789,0.13647842,-0.79422,1012.4889,23.405792,-0.19,0.5848408,0.13411045,0.12797117,0.40513802,0.8058608
2013-04-27,MIEL1,Caldas,25.85,98131000.0,140210000.0,69.98858854575279,22.735138,-0.1197052,-0.5914078,1012.71796,23.358917,-0.19,0.9793043,0.28443336,0.27823448,0.44113237,0.60340077
2013-04-28,MIEL1,Caldas,26.01,94964000.0,140210000.0,67.72983382069752,23.003326,-0.7599983,-0.61732864,1012.4299,23.425873,-0.19,2.984643,1.5859604,1.3611913,0.45586598,0.97912824
2013-04-29,MIEL1,Caldas,25.82,102716000.0,140210000.0,73.25868340346624,22.241974,-0.4460907,-0.15755844,1011.89374,23.26294,-0.19,0.5429983,0.1963973,0.18996,0.45460004,0.47309786
2013-04-30,MIEL1,Caldas,26.200000000000003,135457000.0,140210000.0,96.61008487269096,23.607086,-0.15612411,-0.1963768,1011.52905,23.10141,-0.19,0.00071525574,0.006556511,5.9604645e-05,0.4267301,0.25087565
2013-05-01,MIEL1,Caldas,27.82,144121000.0,151770000.0,94.96013704948275,22.948761,0.09458923,-0.3045311,1012.77686,22.878693,-0.27,0.35989285,0.06943941,0.06264448,0.4112791,0.3188829
2013-05-02,MIEL1,Caldas,28.6,129911000.0,151770000.0,85.59728536601436,22.780914,0.2969551,-0.52858734,1012.7603,22.763245,-0.27,0.29289722,0.11014938,0.036537647,0.43503776,0.60628945
2013-05-03,MIEL1,Caldas,31.06,190741000.0,151770000.0,125.67767015879292,21.846771,0.24874115,-0.75606537,1013.8041,22.854004,-0.27,3.9467812,2.3175478,2.0269156,0.4550348,0.7959315
2013-05-04,MIEL1,Caldas,31.66,144032000.0,151770000.0,94.90149568425907,23.402924,0.2039299,-0.59781647,1011.9377,22.732239,-0.27,0.35774708,0.13417006,0.12624264,0.43205827,0.6316423
2013-05-05,MIEL1,Caldas,31.97,129107000.0,151770000.0,85.06753640376886,21.711884,0.103027344,-0.4919052,1014.40625,22.435791,-0.27,3.5783052,2.2113323,1.8253922,0.4494554,0.5025787
2013-05-06,MIEL1,Caldas,32.77,117716000.0,151770000.0,77.56210054688015,22.23935,-0.28582,-0.6391449,1015.71466,22.31903,-0.27,0.30648708,0.08714199,0.0731349,0.44902283,0.7001423
2013-05-07,MIEL1,Caldas,34.73,168389000.0,151770000.0,110.95012189497268,21.74405,-0.24959946,0.0134391785,1015.7417,22.291779,-0.27,0.31137466,0.14144182,0.124275684,0.44540066,0.249961
2013-05-08,MIEL1,Caldas,33.53,112934000.0,151770000.0,74.41128022665876,23.300812,0.06935501,-0.1535492,1014.3608,22.270294,-0.27,0.01835823,0.023722649,0.0044703484,0.42466143,0.16848582
2013-05-09,MIEL1,Caldas,32.06,99617000.0,151770000.0,65.63681887065955,24.054108,0.0490036,0.07282257,1013.91125,22.403168,-0.27,0.0046491623,0.021576881,0.000834465,0.40840757,0.08777516
2013-05-10,MIEL1,Caldas,30.8,101341000.0,151770000.0,66.77274823746458,23.376495,-0.26285934,-0.5539017,1015.04,22.707062,-0.27,0.2913475,0.06854534,0.047147274,0.42298198,0.6131086
2013-05-11,MIEL1,Caldas,29.26,85764000.0,151770000.0,56.509191539830006,23.279266,-0.0753479,-0.25884247,1013.3864,22.538055,-0.27,0.032424927,0.027060509,0.005066395,0.41636416,0.2695862
2013-05-12,MIEL1,Caldas,27.78,90599000.0,151770000.0,59.69493312248797,23.491608,-0.14813614,-0.20692062,1011.61237,22.534271,-0.27,0.027656555,0.026285648,0.0038146973,0.4052565,0.25448078
2013-05-13,MIEL1,Caldas,27.13,129749000.0,151770000.0,85.49054490347235,23.628632,0.09257889,0.08882904,1011.35315,22.417816,-0.27,0.124931335,0.026285648,0.003993511,0.40264344,0.12830219
2013-05-14,MIEL1,Caldas,26.090000000000003,119512000.0,151770000.0,78.74547011925941,24.51065,-0.05908966,0.3668747,1011.47656,22.087158,-0.27,0.0023841858,0.022888184,0.00035762787,0.3866215,0.3716028
2013-05-15,MIEL1,Caldas,25.56,126459000.0,151770000.0,83.32279106542795,24.013824,0.3531685,0.07445526,1011.4517,22.181519,-0.27,0.011444092,0.022470951,0.00011920929,0.36906084,0.36093152
2013-05-16,MIEL1,Caldas,25.27,122322000.0,151770000.0,80.59695592014232,23.433746,-0.18190384,-0.33433533,1011.53424,22.242493,-0.27,0.14197826,0.02783537,0.005543232,0.378357,0.38061675
2013-05-17,MIEL1,Caldas,29.65,235622000.0,151770000.0,155.2493905251367,22.56363,-0.18233871,0.31151962,1013.78485,22.289795,-0.27,0.16772747,0.045895576,0.023782253,0.412034,0.36095968
2013-05-18,MIEL1,Caldas,31.540000000000003,147381000.0,151770000.0,97.1081241352046,23.71878,0.05670166,0.05115509,1012.9855,22.220184,-0.27,0.006198883,0.023066998,0.0009536743,0.39440668,0.07636702
2013-05-19,MIEL1,Caldas,31.33,142619000.0,151770000.0,93.97048164986492,24.384369,0.20188522,0.18257523,1011.7092,22.061066,-0.27,0.0059604645,0.022947788,0.000834465,0.3771044,0.27219728
2013-05-20,MIEL1,Caldas,31.03,144183000.0,151770000.0,95.00098833761614,23.780304,-0.086509705,-0.20115662,1011.77765,21.807037,-0.27,0.019311905,0.024318695,0.0023841858,0.36313784,0.21897012
2013-05-21,MIEL1,Caldas,35.86,221537000.0,151770000.0,145.96890030967913,22.60373,-0.24988556,-0.2420845,1011.92456,21.364258,-0.27,0.15604496,0.04208088,0.020325184,0.39636958,0.3479191
2013-05-22,MIEL1,Caldas,37.05,196448000.0,151770000.0,129.43796534229426,22.937592,-0.08600998,-0.26952362,1011.84985,21.126007,-0.27,0.23913383,0.037550926,0.015974045,0.4239129,0.28291464
2013-05-23,MIEL1,Caldas,36.94,152982000.0,151770000.0,100.79857679383278,22.748749,0.017475128,-0.22565842,1013.03174,20.930511,-0.27,3.2708645,1.4598966,1.1475682,0.45532522,0.22633405
2013-05-24,MIEL1,Caldas,37.76,125965000.0,151770000.0,82.99729854384924,22.726776,-0.2674408,-0.38047028,1013.8801,21.000671,-0.27,0.22423267,0.12201071,0.03528595,0.43705976,0.46506152
2013-05-25,MIEL1,Caldas,41.09,190337000.0,151770000.0,125.41147789418198,23.466095,-0.08024597,-0.51943207,1013.1752,20.978668,-0.27,0.18060207,0.03129244,0.0076293945,0.41883758,0.52559406
2013-05-26,MIEL1,Caldas,44.24,144993000.0,151770000.0,95.53469065032616,23.053925,-0.12605667,0.33797455,1012.66406,21.135529,-0.27,0.07748604,0.027537346,0.0030994415,0.41790363,0.36071745
2013-05-27,MIEL1,Caldas,45.66,132523000.0,151770000.0,87.31831060156816,23.484161,-0.1496048,-0.097473145,1012.7555,21.248383,-0.27,0.0017881393,0.025451183,0.00029802322,0.40126437,0.17855702
2013-05-28,MIEL1,Caldas,47.28,130564000.0,151770000.0,86.02754167490282,22.709747,0.20471573,-0.017059326,1012.0056,21.473236,-0.27,0.55611134,0.1462102,0.05018711,0.4025241,0.20542529
2013-05-29,MIEL1,Caldas,46.2,114233000.0,151770000.0,75.26718060222706,22.233124,0.12607956,-0.9265404,1013.0536,21.743073,-0.27,1.1214018,0.25177002,0.22488832,0.4424339,0.9350792
2013-05-30,MIEL1,Caldas,48.45,149909000.0,151770000.0,98.77380246425513,21.88095,-0.117500305,-0.506176,1013.42346,22.089905,-0.27,0.44608116,0.07927418,0.04976988,0.43331534,0.5196349
2013-05-31,MIEL1,Caldas,49.31,130869000.0,151770000.0,86.22850365684917,22.171967,0.21403885,-0.6146622,1013.79236,22.320312,-0.27,0.7147789,0.22298098,0.17476082,0.43817896,0.6508627
2013-06-01,MIEL1,Caldas,48.23,110073000.0,108400000.0,101.54335793357932,21.30832,0.03746414,-0.23102188,1014.3183,22.485718,-0.34,0.14460087,0.050842762,0.0104904175,0.4354362,0.23403989
2013-06-02,MIEL1,Caldas,47.22,115231000.0,108400000.0,106.30166051660515,22.959503,0.23922348,0.25889206,1012.53577,22.440887,-0.34,0.03218651,0.048160553,0.002026558,0.4159997,0.35249534
2013-06-03,MIEL1,Caldas,45.88,94509000.0,108400000.0,87.18542435424355,23.347992,0.14406586,0.09821701,1011.3025,22.388275,-0.34,0.0,0.04810095,0.0,0.3984307,0.17436041
2013-06-04,MIEL1,Caldas,44.91,85740000.0,108400000.0,79.09594095940959,22.994598,0.0012207031,0.24172974,1011.33795,22.252167,-0.34,0.0,0.048279762,0.0,0.3821857,0.24173282
2013-06-05,MIEL1,Caldas,43.87,77819000.0,108400000.0,71.78874538745387,22.170135,0.29338074,0.07853699,1011.3964,22.348541,-0.34,0.00071525574,0.047504902,5.9604645e-05,0.3680383,0.3037109
2013-06-06,MIEL1,Caldas,42.63,72783000.0,108400000.0,67.1429889298893,22.804962,-0.045051575,-0.2531929,1011.63794,22.503448,-0.34,0.024318695,0.047326088,0.00059604645,0.3596676,0.25716975
2013-06-07,MIEL1,Caldas,42.69,68391000.0,108400000.0,63.09132841328413,23.01474,-0.12004089,0.2572899,1011.5853,22.666138,-0.34,0.0,0.046253204,0.0,0.34801668,0.2839153
2013-06-08,MIEL1,Caldas,40.49,63864000.0,108400000.0,58.91512915129151,23.026642,0.06523895,0.26654816,1010.9916,22.64328,-0.34,0.0,0.045359135,0.0,0.33715284,0.27441582
2013-06-09,MIEL1,Caldas,40.77,60224000.0,108400000.0,55.55719557195572,23.446625,0.073711395,-0.0056114197,1010.8628,22.5708,-0.34,0.0,0.044345856,0.0,0.3242942,0.073924676
2013-06-10,MIEL1,Caldas,38.61,57272000.0,108400000.0,52.83394833948339,23.831635,0.0028038025,0.27854156,1010.9992,22.492432,-0.34,0.0,0.043153763,0.0,0.3114578,0.2785557
2013-06-11,MIEL1,Caldas,38.85,54619000.0,108400000.0,50.38653136531366,24.32022,0.124923706,-0.16687012,1011.70953,22.547882,-0.34,0.0,0.04220009,0.0,0.30176246,0.2084504
2013-06-12,MIEL1,Caldas,40.58,90980000.0,108400000.0,83.92988929889299,23.183868,0.0704155,-0.09666824,1013.14905,22.61026,-0.34,0.0047683716,0.041425228,5.9604645e-05,0.29632312,0.119595535
2013-06-13,MIEL1,Caldas,41.61,62567000.0,108400000.0,57.71863468634686,24.382172,-0.13992691,-0.15893173,1012.7514,22.203125,-0.34,0.009894371,0.04029274,0.00011920929,0.2899774,0.21175183
2013-06-14,MIEL1,Caldas,42.05,54370000.0,108400000.0,50.15682656826568,24.697906,-0.20724869,0.32865143,1010.28876,21.938568,-0.34,0.0,0.039339066,0.0,0.28231114,0.3885406
2013-06-15,MIEL1,Caldas,42.96,53032000.0,108400000.0,48.922509225092256,23.991241,-0.6091347,-0.6071243,1011.7261,22.076935,-0.34,0.02014637,0.03862381,0.00035762787,0.2718273,0.8600262
2013-06-16,MIEL1,Caldas,43.31,52629000.0,108400000.0,48.55073800738008,25.053375,-0.2637825,-0.13059616,1011.27405,21.978973,-0.34,0.0076293945,0.037550926,5.9604645e-05,0.26438418,0.2943409
2013-06-17,MIEL1,Caldas,44.38,86558000.0,108400000.0,79.85055350553506,24.333282,-0.17676926,-0.311615,1010.70435,21.950409,-0.34,0.0039339066,0.03683567,0.00011920929,0.27413303,0.35826147
2013-06-18,MIEL1,Caldas,44.77,52670000.0,108400000.0,48.58856088560886,25.190277,-0.21461105,0.24171829,1010.1867,21.804901,-0.34,0.0026226044,0.035881996,0.0,0.2699288,0.3232424
2013-06-19,MIEL1,Caldas,44.95,48381000.0,108400000.0,44.63191881918819,23.38504,-0.117500305,-0.3112793,1010.09174,21.443573,-0.34,0.0,0.03492832,0.0,0.25607738,0.33271778
2013-06-20,MIEL1,Caldas,44.22,45793000.0,108400000.0,42.24446494464944,24.36081,-0.059562683,0.0218544,1010.72906,21.065216,-0.34,0.0010728836,0.033974648,0.00011920929,0.24299467,0.06344547
2013-06-21,MIEL1,Caldas,44.67,46745000.0,108400000.0,43.122693726937264,24.163849,0.002811432,-0.07186127,1011.23486,20.898712,-0.34,0.10573864,0.034093857,0.0010728836,0.23571433,0.071916245
2013-06-22,MIEL1,Caldas,45.36,42674000.0,108400000.0,39.36715867158672,25.20346,-0.06602478,-0.1339035,1011.0066,20.832123,-0.34,0.0038146973,0.032126904,0.00011920929,0.22450852,0.14929642
2013-06-23,MIEL1,Caldas,45.92,41355000.0,108400000.0,38.15036900369004,25.585846,0.039096832,0.61071396,1011.08704,20.64206,-0.34,0.0,0.03105402,0.0,0.21221773,0.6119641
2013-06-24,MIEL1,Caldas,46.46,47026000.0,108400000.0,43.38191881918819,26.047943,-0.25642395,-0.08742142,1011.8674,20.16397,-0.34,0.0,0.03015995,0.0,0.20601203,0.2709165
2013-06-25,MIEL1,Caldas,48.31,113606000.0,119120000.0,95.37105439892544,22.75766,-0.09163666,-0.68491745,1014.3011,20.244202,-0.34,0.6978512,0.057935715,0.028729439,0.27907133,0.6910204
2013-06-26,MIEL1,Caldas,48.98,53851000.0,119120000.0,45.20735392881129,24.597015,0.09098816,-0.31623077,1011.84717,20.379303,-0.34,0.014185905,0.02938509,0.0010728836,0.2850908,0.3290604
2013-06-27,MIEL1,Caldas,50.27,90666000.0,119120000.0,76.11316319677636,24.544525,0.20846176,-0.12979126,1011.7314,20.451508,-0.34,0.18382072,0.03385544,0.006377697,0.29661706,0.2455648
2013-06-28,MIEL1,Caldas,52.83,165703000.0,119120000.0,139.10594358629953,23.22226,0.10821533,-0.8149986,1012.7491,20.189667,-0.34,0.12779236,0.030398369,0.0033974648,0.2732894,0.82215166
2013-06-29,MIEL1,Caldas,54.17999999999999,91614000.0,119120000.0,76.90899932840833,22.46225,-0.40183258,-0.85710526,1013.2483,20.34616,-0.34,0.13685226,0.031530857,0.005185604,0.28331366,0.946625
2013-06-30,MIEL1,Caldas,57.56,140858000.0,119120000.0,118.24882471457354,22.621735,0.2256813,-0.47141266,1013.2567,20.467987,-0.34,0.07891655,0.02926588,0.003695488,0.31790638,0.522649
2013-07-01,MIEL1,Caldas,58.79,75517000.0,82650000.0,91.36963097398667,21.565765,0.027015686,-0.2846222,1013.40155,20.644867,-0.35,0.07426739,0.027954578,0.0030398369,0.34869623,0.28590143
2013-07-02,MIEL1,Caldas,56.61000000000001,65395000.0,82650000.0,79.12280701754386,23.155365,-0.52482224,-0.34119034,1013.29626,20.785553,-0.35,0.0051259995,0.0243783,0.00017881393,0.33063737,0.6259786
2013-07-03,MIEL1,Caldas,55.14,67992000.0,82650000.0,82.26497277676951,23.16861,-0.16335297,-0.4058113,1013.4428,20.800018,-0.35,0.04684925,0.026464462,0.002682209,0.31129578,0.43745515
2013-07-04,MIEL1,Caldas,55.77,56180000.0,82650000.0,67.97338173018754,22.068268,0.012786865,-0.7421913,1012.9897,21.126587,-0.35,0.14340878,0.030636787,0.0075101852,0.3113698,0.74230146
2013-07-05,MIEL1,Caldas,57.45,86724000.0,82650000.0,104.92921960072594,21.72049,0.09352493,-0.36010742,1013.23206,21.331543,-0.35,0.0218153,0.022768974,0.00017881393,0.31399834,0.3720541
2013-07-06,MIEL1,Caldas,55.49,71341000.0,82650000.0,86.31699939503932,24.147125,-0.15199661,0.34604645,1011.19,21.698792,-0.35,0.00035762787,0.02193451,0.0,0.30211318,0.3779565
2013-07-07,MIEL1,Caldas,52.94,53889000.0,82650000.0,65.20145190562613,24.065521,-0.07775879,0.10196686,1010.1228,21.740265,-0.35,0.0,0.021338463,0.0,0.288723,0.12823287
2013-07-08,MIEL1,Caldas,51.01,49248000.0,82650000.0,59.58620689655172,24.3992,-0.09487152,0.06724167,1012.3281,21.600433,-0.35,0.0063180923,0.020742416,5.9604645e-05,0.2721163,0.11628434
2013-07-09,MIEL1,Caldas,49.86,57592000.0,82650000.0,69.68179068360557,23.501068,0.1424141,0.31045914,1012.96344,21.585327,-0.35,0.0,0.02026558,0.0,0.25833666,0.34156498
2013-07-10,MIEL1,Caldas,50.46000000000001,44021000.0,82650000.0,53.26194797338173,24.072601,-0.015159607,0.8422966,1011.91797,21.47168,-0.35,0.0,0.019788742,0.0,0.24680702,0.84243304
2013-07-11,MIEL1,Caldas,50.91,42991000.0,82650000.0,52.01572897761646,23.968231,-0.16866302,-0.15559769,1013.3086,21.054138,-0.35,0.0,0.019073486,0.0,0.23662613,0.229473
2013-07-12,MIEL1,Caldas,51.45,40659000.0,82650000.0,49.19419237749546,23.92276,-0.15048599,0.16480255,1012.7031,20.633392,-0.35,0.12743473,0.019788742,0.0013113022,0.23519987,0.2231724
2013-07-13,MIEL1,Caldas,49.31,38533000.0,82650000.0,46.621899576527525,23.6492,-0.20753098,0.09198761,1012.3152,20.679901,-0.35,0.0,0.018000603,0.0,0.22736366,0.22700402
2013-07-14,MIEL1,Caldas,49.57,36507000.0,82650000.0,44.17059891107078,24.197113,-0.16556549,0.15520096,1011.34686,20.495697,-0.35,0.00011920929,0.017344952,0.0,0.22043438,0.22693451
2013-07-15,MIEL1,Caldas,50.11,41921000.0,82650000.0,50.7211131276467,24.126007,-0.055545807,0.28588104,1010.74097,20.192719,-0.35,0.0,0.01680851,0.0,0.21549992,0.29122725
2013-07-16,MIEL1,Caldas,50.370000000000005,34373000.0,82650000.0,41.58862673926195,23.957245,-0.093853,0.67453384,1010.3714,20.301178,-0.35,0.0,0.016331673,0.0,0.21057695,0.68103176
2013-07-17,MIEL1,Caldas,50.27,32136000.0,82650000.0,38.88203266787659,24.895416,-0.25695038,0.4324684,1010.89844,20.552307,-0.35,0.0,0.01591444,0.0,0.20366591,0.5030432
2013-07-18,MIEL1,Caldas,50.5,30646000.0,82650000.0,37.07924984875983,24.317413,-0.18318939,0.43841934,1011.6951,20.323273,-0.35,0.0,0.015377998,0.0,0.19894972,0.4751525
2013-07-19,MIEL1,Caldas,50.83,32857000.0,82650000.0,39.75438596491228,24.72519,-0.06403351,0.14282227,1012.09955,20.241486,-0.35,0.00011920929,0.01513958,0.0,0.19355214,0.15651993
2013-07-20,MIEL1,Caldas,51.06,29158000.0,82650000.0,35.2788868723533,25.001678,-0.3695717,0.17248917,1011.4338,20.427643,-0.35,0.0,0.014424324,0.0,0.18572573,0.4078428
2013-07-21,MIEL1,Caldas,51.24,28104000.0,82650000.0,34.00362976406534,24.91568,-0.13066101,0.17816544,1010.28546,20.915436,-0.35,0.0,0.014066696,0.0,0.1816725,0.22094166
2013-07-22,MIEL1,Caldas,51.43,28031000.0,82650000.0,33.91530550514217,25.317352,-0.2835045,-0.71805954,1012.4803,20.967743,-0.35,0.00011920929,0.013589859,0.0,0.1812188,0.7720002
2013-07-23,MIEL1,Caldas,50.0,27208000.0,82650000.0,32.91954022988506,25.02658,-0.21339417,0.35230637,1012.1461,20.961823,-0.35,0.00047683716,0.013232231,0.0,0.18093942,0.4118942
2013-07-24,MIEL1,Caldas,50.17,26151000.0,82650000.0,31.64065335753176,25.043854,-0.18403625,0.33862305,1009.78705,20.842743,-0.35,0.00500679,0.012934208,0.00023841858,0.18082616,0.38540226
2013-07-25,MIEL1,Caldas,50.29,25443000.0,82650000.0,30.78402903811252,25.498566,-0.3008423,0.5957222,1010.6945,20.491241,-0.35,0.0,0.0123381615,0.0,0.17954579,0.6673762
2013-07-26,MIEL1,Caldas,50.39,25005000.0,82650000.0,30.254083484573503,25.305084,-0.091480255,0.7629814,1012.6294,20.406036,-0.35,0.0,0.011920929,0.0,0.17883304,0.76844597
2013-07-27,MIEL1,Caldas,48.45,23767000.0,82650000.0,28.756200846944942,24.513092,-0.39645386,0.5527153,1012.4147,20.32486,-0.35,0.0,0.011444092,0.0,0.17887759,0.68019843
2013-07-28,MIEL1,Caldas,48.1,23953000.0,82650000.0,28.981246218995764,25.071198,-0.18579865,0.76716995,1011.8631,19.992218,-0.35,0.0,0.011205673,0.0,0.1788314,0.7893484
2013-07-29,MIEL1,Caldas,46.14,23931000.0,82650000.0,28.954627949183305,24.833466,-0.31996155,0.5875244,1012.59784,20.221252,-0.35,0.0,0.010848045,0.0,0.17875549,0.6689995
2013-07-30,MIEL1,Caldas,46.22,23769000.0,82650000.0,28.75862068965517,24.161957,-0.18330765,0.27869034,1013.5627,20.326263,-0.35,0.0,0.010371208,0.0,0.17904845,0.33357158
2013-07-31,MIEL1,Caldas,46.26,23675000.0,82650000.0,28.64488808227465,24.9794,-0.24681091,0.2215805,1012.9453,20.114899,-0.35,0.0,0.01013279,0.0,0.17933327,0.3316829
2013-08-01,MIEL1,Caldas,46.400000000000006,25241000.0,82840000.0,30.469579913085465,25.647552,-0.29575348,-0.30386734,1012.28217,19.987518,-0.28,0.00023841858,0.009775162,0.0,0.17879531,0.42403477
2013-08-02,MIEL1,Caldas,46.56,25185000.0,82840000.0,30.40197971994206,24.160187,-0.60650635,-0.10424423,1013.0539,20.141052,-0.28,0.3298521,0.012874603,0.00333786,0.21723048,0.6153997
2013-08-03,MIEL1,Caldas,46.58,22485000.0,82840000.0,27.14268469338484,24.990204,-0.37477112,0.81677246,1011.7981,20.127106,-0.28,0.00059604645,0.009298325,5.9604645e-05,0.22127555,0.89864933
2013-08-04,MIEL1,Caldas,46.64,21794000.0,82840000.0,26.30854659584741,24.550629,-0.33253098,0.26459503,1011.1848,20.243134,-0.28,0.0,0.009000301,0.0,0.21265888,0.42495573
2013-08-05,MIEL1,Caldas,46.7,21326000.0,82840000.0,25.743602124577496,25.294159,-0.16383743,0.13796234,1011.6253,20.48819,-0.28,0.00035762787,0.0086426735,0.0,0.20570096,0.21418756
2013-08-06,MIEL1,Caldas,46.78,22016000.0,82840000.0,26.57653307580879,26.26944,-0.26779938,0.22560501,1010.6986,20.339233,-0.28,0.0,0.00846386,0.0,0.20022632,0.350163
2013-08-07,MIEL1,Caldas,47.78,59122000.0,82840000.0,71.36890391115404,24.659515,-0.05091858,-0.1924057,1011.3022,20.375977,-0.28,0.00035762787,0.008225441,0.0,0.19715211,0.19902928
2013-08-08,MIEL1,Caldas,48.23,39318000.0,82840000.0,47.462578464509896,23.477203,0.1619072,-0.40883255,1011.6356,20.524017,-0.28,0.1437664,0.012516975,0.0044703484,0.19956446,0.43972492
2013-08-09,MIEL1,Caldas,49.04,52094000.0,82840000.0,62.88507967165621,22.335419,-0.096263885,-0.8490219,1012.4856,20.463745,-0.28,0.5699396,0.04374981,0.035703182,0.30534863,0.8544618
2013-08-10,MIEL1,Caldas,49.57,38086000.0,82840000.0,45.9753742153549,23.43747,0.19431686,-0.29788208,1012.4395,20.411652,-0.28,0.8034706,0.046253204,0.03862381,0.30053246,0.35565823
2013-08-11,MIEL1,Caldas,50.0,33909000.0,82840000.0,40.93312409464027,22.029083,0.072589874,-0.72156525,1012.6431,20.312225,-0.28,1.8074512,0.11730194,0.10973215,0.40112633,0.7252073
2013-08-12,MIEL1,Caldas,51.33,77921000.0,82840000.0,94.0620473201352,22.490692,-0.31136703,-0.68463516,1012.6283,20.15155,-0.28,0.32770634,0.020384789,0.012934208,0.39136642,0.7521135
2013-08-13,MIEL1,Caldas,53.56999999999999,106335000.0,82840000.0,128.36190246257846,22.571991,-0.0922699,-0.51922226,1012.84076,20.122284,-0.28,0.44310093,0.019431114,0.012099743,0.4075576,0.5273571
2013-08-14,MIEL1,Caldas,55.06,89735000.0,82840000.0,108.32327378078224,24.524994,-0.5825386,-0.08924103,1010.6908,20.180817,-0.28,0.009655952,0.0076293945,0.00047683716,0.37865397,0.58933455
2013-08-15,MIEL1,Caldas,55.67999999999999,49454000.0,82840000.0,59.698213423466925,24.276947,-0.26462555,0.574646,1010.64154,20.186829,-0.28,0.0,0.0067949295,0.0,0.34455788,0.63264894
2013-08-16,MIEL1,Caldas,55.74,39764000.0,82840000.0,48.000965717044906,24.383148,-0.3429222,-0.06386566,1011.04877,19.999847,-0.28,0.0,0.006735325,0.0,0.32075182,0.34881866
2013-08-17,MIEL1,Caldas,56.05,40825000.0,82840000.0,49.28174794785128,24.717255,-0.34418106,0.44989014,1011.60986,20.087372,-0.28,0.0027418137,0.0066161156,0.0,0.30177188,0.5664466
2013-08-18,MIEL1,Caldas,56.37,33270000.0,82840000.0,40.16175760502173,23.77005,-0.39783096,-0.0037841797,1012.78845,20.298187,-0.28,0.0,0.0063180923,0.0,0.28488117,0.39784896
2013-08-19,MIEL1,Caldas,56.49999999999999,31488000.0,82840000.0,38.010622887493966,25.221344,-0.5592499,0.2632599,1011.0597,20.55716,-0.28,0.00035762787,0.0060796738,0.0,0.27148136,0.618115
2013-08-20,MIEL1,Caldas,56.71000000000001,29167000.0,82840000.0,35.20883631096089,24.894073,-0.44493103,0.40578842,1010.8244,20.703613,-0.28,0.0021457672,0.0061392784,2.9802322e-05,0.2608844,0.6021859
2013-08-21,MIEL1,Caldas,56.93,27712000.0,82840000.0,33.45243843553839,25.210052,-0.23077011,0.1174469,1011.5583,20.52884,-0.28,0.0,0.006020069,0.0,0.24825089,0.25893748
2013-08-22,MIEL1,Caldas,57.06,26892000.0,82840000.0,32.4625784645099,24.956085,-0.16225815,0.019535065,1010.04315,20.503082,-0.28,0.0011920929,0.00590086,0.0,0.23749202,0.16342989
2013-08-23,MIEL1,Caldas,57.3,26659000.0,82840000.0,32.18131337518107,25.244904,-0.32983398,-0.10400772,1009.6614,20.393402,-0.28,0.04041195,0.006020069,0.00035762787,0.2306065,0.34584397
2013-08-24,MIEL1,Caldas,57.43000000000001,26047000.0,82840000.0,31.442539835828104,23.114105,0.18207932,-0.89271927,1012.59143,20.075897,-0.28,0.5428791,0.015556812,0.009953976,0.28266233,0.91109854
2013-08-25,MIEL1,Caldas,57.60999999999999,26944000.0,82840000.0,32.52535007242878,22.90738,-0.26588058,-0.36802673,1012.8842,19.559387,-0.28,0.014066696,0.005722046,0.00023841858,0.3169311,0.4540222
2013-08-26,MIEL1,Caldas,57.82000000000001,54101000.0,82840000.0,65.30782230806373,23.641083,-0.36610413,0.9268532,1012.51294,19.357422,-0.28,0.29706955,0.013530254,0.008285046,0.32979515,0.9965385
2013-08-27,MIEL1,Caldas,57.71,25610000.0,82840000.0,30.91501690004829,23.195343,-0.22816849,-0.30500412,1012.2559,19.221344,-0.28,0.00035762787,0.0052452087,0.0,0.31005374,0.38090467
2013-08-28,MIEL1,Caldas,57.56,24157000.0,82840000.0,29.16103331723805,23.741669,-0.26447296,0.6390686,1012.32764,19.055908,-0.28,0.00047683716,0.005066395,0.0,0.2929573,0.69163185
2013-08-29,MIEL1,Caldas,57.63,23334000.0,82840000.0,28.16755190729117,23.886993,-0.24691772,0.6502762,1012.682,19.103607,-0.28,0.0,0.0051259995,0.0,0.2791894,0.6955771
2013-08-30,MIEL1,Caldas,57.67,22657000.0,82840000.0,27.350313858039595,24.093536,-0.571228,0.27026367,1012.515,19.209839,-0.28,0.0,0.0047683716,0.0,0.26552957,0.6319366
2013-08-31,MIEL1,Caldas,57.11000000000001,22177000.0,82840000.0,26.770883631096087,23.643768,-0.09978104,0.19621658,1011.96576,19.575195,-0.28,0.0,0.004708767,0.0,0.258355,0.22012997
2013-09-01,MIEL1,Caldas,57.45,39423000.0,112490000.0,35.045781847275315,24.631378,-0.31362534,-0.6769676,1012.03156,19.894989,-0.21,0.008106232,0.004708767,0.00011920929,0.24893703,0.74608713
2013-09-02,MIEL1,Caldas,57.32000000000001,27231000.0,112490000.0,24.20748510978753,23.331635,0.0413208,-0.9642105,1012.9786,20.20697,-0.21,0.25832653,0.008225441,0.0035762787,0.2727868,0.9650955
2013-09-03,MIEL1,Caldas,58.15,48243000.0,112490000.0,42.88647879811539,22.441559,-0.31972504,-0.7469177,1012.9434,20.593323,-0.21,0.39708614,0.014126301,0.009894371,0.3518805,0.8124716
2013-09-04,MIEL1,Caldas,58.99,33810000.0,112490000.0,30.056004978220287,21.653595,-0.07533646,-0.5311012,1013.26013,21.179016,-0.21,0.19001961,0.0078082085,0.003516674,0.35775688,0.53641784
2013-09-05,MIEL1,Caldas,59.29,28586000.0,112490000.0,25.412036625477818,23.542877,-0.07897568,0.06515503,1012.0803,21.213135,-0.21,0.0,0.0042915344,0.0,0.33372936,0.10238328
2013-09-06,MIEL1,Caldas,60.05,44475000.0,112490000.0,39.53684771979732,24.468414,-0.44818497,-0.3909912,1012.3706,21.082153,-0.21,0.031471252,0.0046491623,0.00035762787,0.31697884,0.59476376
2013-09-07,MIEL1,Caldas,61.58,87583000.0,112490000.0,77.85847630900524,23.217987,-0.87262726,-0.6112251,1013.28064,20.703033,-0.21,0.033140182,0.004887581,0.00071525574,0.31898022,1.0653987
2013-09-08,MIEL1,Caldas,62.260000000000005,47932000.0,112490000.0,42.61000977864699,23.590973,-0.19122314,0.1635704,1012.21063,20.464203,-0.21,0.0009536743,0.0041127205,5.9604645e-05,0.305833,0.25163776
2013-09-09,MIEL1,Caldas,62.62,38424000.0,112490000.0,34.15770290692506,24.31662,-0.24225998,-0.40016556,1012.4442,20.163391,-0.21,0.0044107437,0.0039339066,5.9604645e-05,0.2903331,0.46778452
2013-09-10,MIEL1,Caldas,64.21,88157000.0,112490000.0,78.36874388834562,24.148956,-0.36301422,-0.022434235,1012.91675,20.087036,-0.21,0.39875507,0.010967255,0.0071525574,0.2799687,0.3637068
2013-09-11,MIEL1,Caldas,64.68,53774000.0,112490000.0,47.803360298693214,23.664398,-0.8940201,-0.7254791,1013.02985,19.809204,-0.21,0.006556511,0.003695488,5.9604645e-05,0.26834512,1.1513435
2013-09-12,MIEL1,Caldas,65.88000000000001,109420000.0,112490000.0,97.27086852164636,22.5253,-0.019321442,-0.7233734,1012.0616,19.728088,-0.21,0.34558773,0.009834766,0.0061392784,0.28178313,0.72363144
2013-09-13,MIEL1,Caldas,63.8,81188000.0,112490000.0,72.17352653569206,21.989288,-0.29904556,-0.76778793,1010.27515,19.61493,-0.21,0.3722906,0.024974346,0.021278858,0.31572917,0.82396996
2013-09-14,MIEL1,Caldas,64.18,53523000.0,112490000.0,47.580229353720334,23.883453,-0.14777374,-0.08873749,1009.5064,19.803802,-0.21,0.030517578,0.004529953,0.0011920929,0.3150316,0.17237002
2013-09-15,MIEL1,Caldas,64.59,45478000.0,112490000.0,40.4284825317806,25.098846,-0.16111374,-0.000995636,1010.6094,19.943207,-0.21,0.0019073486,0.003516674,0.00011920929,0.30025887,0.16111681
2013-09-16,MIEL1,Caldas,64.48,38448000.0,112490000.0,34.179038136723264,25.21341,-0.076877594,0.036247253,1009.9309,19.98285,-0.21,0.0,0.00333786,0.0,0.282022,0.08499428
2013-09-17,MIEL1,Caldas,64.16,40876000.0,112490000.0,36.33745221797493,24.210114,-0.31809998,-0.2941246,1010.7278,20.051178,-0.21,0.0022649765,0.0034570694,0.0,0.27162755,0.43323997
2013-09-18,MIEL1,Caldas,64.41,40634000.0,112490000.0,36.12232198417637,25.19809,-0.25517654,-0.3603363,1010.4328,20.216919,-0.21,0.0,0.0034570694,0.0,0.26510724,0.4415397
2013-09-19,MIEL1,Caldas,62.93,49524000.0,112490000.0,44.02524668859454,24.564117,-0.42292786,0.039440155,1013.1389,20.477814,-0.21,0.006198883,0.0033974648,0.00011920929,0.26308188,0.42476287
2013-09-20,MIEL1,Caldas,62.48,31136000.0,112490000.0,27.678904791537025,24.422394,-0.097076416,0.11798859,1012.7009,20.479156,-0.21,0.0009536743,0.0030994415,0.0,0.25294745,0.15279116
2013-09-21,MIEL1,Caldas,61.79,28599000.0,112490000.0,25.423593208285183,24.708954,-0.22331238,-0.2420845,1010.82544,20.375061,-0.21,0.00166893,0.0030398369,0.0,0.24218258,0.3293529
2013-09-22,MIEL1,Caldas,61.72,27392000.0,112490000.0,24.35060894301716,25.439178,-0.2861824,0.019199371,1009.47284,20.268799,-0.21,0.009179115,0.0029802322,5.9604645e-05,0.2309961,0.28682572
2013-09-23,MIEL1,Caldas,60.6,26127000.0,112490000.0,23.22606453907014,26.720673,-0.29252243,0.013931274,1010.8633,20.126892,-0.21,0.0,0.0029802322,0.0,0.22318327,0.29285398
2013-09-24,MIEL1,Caldas,58.68,31815000.0,112490000.0,28.28251400124456,26.251068,-0.2184639,0.3383522,1010.9786,20.077667,-0.21,0.0,0.0027418137,0.0,0.21385807,0.40275142
2013-09-25,MIEL1,Caldas,56.65,24827000.0,112490000.0,22.070406258334074,25.710663,-0.24164581,0.3493576,1009.20825,20.247833,-0.21,0.00011920929,0.0027418137,0.0,0.20789017,0.42478633
2013-09-26,MIEL1,Caldas,56.93,27444000.0,112490000.0,24.3968352742466,25.804901,-0.55861664,-0.14178848,1010.5637,20.547363,-0.21,0.0,0.0028014183,0.0,0.20057565,0.5763302
2013-09-27,MIEL1,Caldas,57.15,26320000.0,112490000.0,23.39763534536403,25.19168,-0.64842606,-0.15081406,1010.6806,20.479462,-0.21,0.033140182,0.0030398369,0.00047683716,0.20737243,0.66573364
2013-09-28,MIEL1,Caldas,58.63,99430000.0,112490000.0,88.39007911814384,24.176666,-0.08236694,-0.05839157,1012.82404,20.43515,-0.21,0.06425381,0.005185604,0.0024437904,0.21813738,0.10096479
2013-09-29,MIEL1,Caldas,60.92999999999999,121329000.0,112490000.0,107.857587341097,22.812164,-0.27027893,0.054786682,1013.7872,20.44046,-0.21,0.85270405,0.0705719,0.0680089,0.35752946,0.2757758
2013-09-30,MIEL1,Caldas,61.09,126109000.0,112490000.0,112.10685394257268,24.184723,0.0470047,-0.6609421,1012.90845,20.3255,-0.21,0.014424324,0.0028014183,0.00047683716,0.34345847,0.6626114
2013-10-01,MIEL1,Caldas,62.48,102083000.0,159070000.0,64.17489155717608,22.33963,-0.3538742,-0.5085983,1013.6611,20.447723,-0.13,0.29349327,0.010728836,0.008046627,0.3562808,0.619596
2013-10-02,MIEL1,Caldas,61.7,65976000.0,159070000.0,41.47607971333375,24.591766,-0.18432617,-0.135643,1010.335,20.460938,-0.13,0.0021457672,0.002503395,0.00011920929,0.3299446,0.2288562
2013-10-03,MIEL1,Caldas,61.49,69044000.0,159070000.0,43.40479034387377,24.170197,-0.18241501,-0.2311325,1010.17267,20.290009,-0.13,0.032901764,0.0030994415,0.00071525574,0.31768498,0.29444435
2013-10-04,MIEL1,Caldas,62.1,70141000.0,159070000.0,44.09442383856164,23.3107,-0.16527176,-0.40286636,1013.3633,20.632416,-0.13,0.00035762787,0.0023841858,0.0,0.3032115,0.43544924
2013-10-05,MIEL1,Caldas,62.74999999999999,61668000.0,159070000.0,38.767838058716286,25.146027,-0.2686386,-0.01927185,1011.97534,20.89151,-0.13,0.0022649765,0.0023841858,0.00011920929,0.28554899,0.26932898
2013-10-06,MIEL1,Caldas,61.02,49592000.0,159070000.0,31.176211730684606,24.46878,-0.31564713,-0.038814545,1010.83203,20.807068,-0.13,0.0,0.0023841858,0.0,0.26929104,0.31802464
2013-10-07,MIEL1,Caldas,58.330000000000005,45165000.0,159070000.0,28.39316024391777,24.74881,-0.30262375,-0.10651398,1012.0022,20.880463,-0.13,0.002503395,0.0023841858,0.0,0.25614014,0.3208214
2013-10-08,MIEL1,Caldas,57.60999999999999,47941000.0,159070000.0,30.13830389136858,25.367157,-0.47917175,0.17752838,1011.7989,20.905762,-0.13,0.004053116,0.0024437904,0.0,0.24475934,0.5110009
2013-10-09,MIEL1,Caldas,57.99999999999999,50050000.0,159070000.0,31.46413528635192,25.34555,-0.24505234,0.06213379,1011.0653,20.812164,-0.13,0.008583069,0.002503395,0.00017881393,0.23503225,0.25280675
2013-10-10,MIEL1,Caldas,58.28,56989000.0,159070000.0,35.826365750927266,25.52945,-0.09346008,-0.60118866,1010.65674,20.68988,-0.13,0.0030994415,0.0023245811,5.9604645e-05,0.22644816,0.6084099
2013-10-11,MIEL1,Caldas,59.43000000000001,74709000.0,159070000.0,46.9661155466147,22.198883,-0.11130905,-0.75637436,1011.3864,20.492432,-0.13,0.2874136,0.0061392784,0.004053116,0.27155834,0.7645207
2013-10-12,MIEL1,Caldas,59.760000000000005,70423000.0,159070000.0,44.27170428113409,23.668915,0.00047302246,-0.52080154,1010.76013,20.4328,-0.13,0.1322031,0.006735325,0.0046491623,0.30147475,0.5208018
2013-10-13,MIEL1,Caldas,60.29,85870000.0,159070000.0,53.982523417363424,22.774628,0.2837448,-0.31214142,1011.90063,20.387146,-0.13,0.8414984,0.052928925,0.05057454,0.40801823,0.42183337
2013-10-14,MIEL1,Caldas,61.96,140484000.0,159070000.0,88.3158357955617,22.281952,0.03681183,-0.49261856,1011.8897,20.391724,-0.13,0.6375313,0.05143881,0.04926324,0.4271942,0.49399206
2013-10-15,MIEL1,Caldas,62.62,75372000.0,159070000.0,47.38291318287546,22.274689,0.650074,-0.41758347,1012.2011,20.312134,-0.13,0.410676,0.032246113,0.029981136,0.42976683,0.77263975
2013-10-16,MIEL1,Caldas,60.67,78332000.0,159070000.0,49.24372917583454,21.377228,0.15161514,-0.27236557,1013.96606,20.288635,-0.13,1.0979176,0.12278557,0.12078881,0.44905043,0.31172127
2013-10-17,MIEL1,Caldas,61.25000000000001,84013000.0,159070000.0,52.81511284340228,22.411835,-0.04118347,0.028743744,1013.3678,20.43805,-0.13,0.5837679,0.16999245,0.16793609,0.43627346,0.05022232
2013-10-18,MIEL1,Caldas,61.52,74704000.0,159070000.0,46.96297227635632,23.953644,-0.03742981,-0.5106888,1012.16705,20.467133,-0.13,0.02348423,0.0038146973,0.0019073486,0.4127972,0.5120586
2013-10-19,MIEL1,Caldas,62.62,98109000.0,159070000.0,61.67662035581819,24.072052,-0.058490753,-0.33319092,1011.47595,20.540955,-0.13,0.02849102,0.0027418137,0.000834465,0.3953758,0.3382859
2013-10-20,MIEL1,Caldas,61.38,67902000.0,159070000.0,42.6868674168605,24.095612,-0.15693665,-0.61639786,1011.7434,20.78836,-0.13,0.14281273,0.0056028366,0.0036358833,0.39732492,0.63606244
2013-10-21,MIEL1,Caldas,60.16,68388000.0,159070000.0,42.99239328597473,22.799835,0.2101326,-0.71866226,1012.23706,20.996918,-0.13,0.23937225,0.011563301,0.009715557,0.4056827,0.7487531
2013-10-22,MIEL1,Caldas,60.98,125569000.0,159070000.0,78.93946061482366,22.471344,-0.34975052,-0.41594696,1012.6252,21.38028,-0.13,0.30231476,0.034451485,0.016450882,0.41482282,0.54344946
2013-10-23,MIEL1,Caldas,61.58,78630000.0,159070000.0,49.4310680832338,22.690033,0.47259903,-0.57930756,1011.5625,21.650055,-0.13,0.03838539,0.0036358833,0.0017881393,0.4101327,0.7476276
2013-10-24,MIEL1,Caldas,61.49,76157000.0,159070000.0,47.87640661344062,23.55368,-0.14119339,0.079566956,1011.1866,21.543457,-0.13,0.0011920929,0.0017881393,5.9604645e-05,0.3956115,0.16206935
2013-10-25,MIEL1,Caldas,60.31,69323000.0,159070000.0,43.58018482429119,25.176666,0.08838272,0.45178223,1011.0444,21.39087,-0.13,0.004529953,0.0022649765,0.00035762787,0.37191007,0.46034625
2013-10-26,MIEL1,Caldas,60.13,60493000.0,159070000.0,38.02916954799774,24.451263,0.064151764,-0.48587036,1012.0397,21.06717,-0.13,0.021576881,0.0026226044,0.00071525574,0.35508636,0.49008718
2013-10-27,MIEL1,Caldas,59.03,68320000.0,159070000.0,42.9496448104608,22.644012,0.04998398,-0.5805054,1012.36346,21.188507,-0.13,0.13279915,0.011444092,0.009596348,0.36145005,0.5826533
2013-10-28,MIEL1,Caldas,58.60999999999999,101416000.0,159070000.0,63.75557930470862,23.099152,-0.15538406,-0.49526215,1012.0036,20.992462,-0.13,0.01859665,0.0032782555,0.0013411045,0.36368474,0.5190653
2013-10-29,MIEL1,Caldas,57.76,62010000.0,159070000.0,38.98283774438927,23.11618,0.18104553,-0.47156525,1011.485,21.152039,-0.13,0.17857552,0.007212162,0.0056028366,0.37060833,0.505125
2013-10-30,MIEL1,Caldas,58.37,110862000.0,159070000.0,69.6938454768341,22.097076,-0.19665146,-0.4095993,1011.8092,21.394928,-0.13,0.43606758,0.044941902,0.043153763,0.39292413,0.45436043
2013-10-31,MIEL1,Caldas,58.99,115789000.0,159070000.0,72.79122398943862,21.966583,0.16414642,-0.60533524,1012.0097,21.1987,-0.13,0.75757504,0.06264448,0.061035156,0.4205958,0.62719595
2013-11-01,MIEL1,Caldas,59.58,131173000.0,194820000.0,67.33035622626014,22.151398,0.1753807,-1.0264435,1011.7597,21.302277,-0.1,0.1437664,0.013589859,0.011861324,0.42763755,1.0413187
2013-11-02,MIEL1,Caldas,60.62,87434000.0,194820000.0,44.87937583410327,22.65921,0.07060623,-0.8792496,1012.76404,21.739044,-0.1,0.034451485,0.00333786,0.0016093254,0.405338,0.88207996
2013-11-03,MIEL1,Caldas,60.33,75124000.0,194820000.0,38.56072271840674,21.591827,-0.49402237,-1.0220795,1013.63513,22.040436,-0.1,2.2492409,0.5659461,0.5502701,0.44041163,1.1352112
2013-11-04,MIEL1,Caldas,59.6,87213000.0,194820000.0,44.76593778872805,21.200287,0.31671524,-0.26080322,1013.2584,22.301086,-0.1,0.2464056,0.04476309,0.042915344,0.44932058,0.41027656
2013-11-05,MIEL1,Caldas,60.62,104649000.0,194820000.0,53.7157376039421,21.505035,-0.56307983,-0.71352386,1012.5545,22.239258,-0.1,0.18703938,0.028789043,0.027060509,0.4442848,0.9089418
2013-11-06,MIEL1,Caldas,60.440000000000005,91778000.0,194820000.0,47.10912637306232,22.322662,0.002571106,-0.6801338,1011.9217,22.126617,-0.1,0.50759315,0.09047985,0.088751316,0.43174744,0.6801387
2013-11-07,MIEL1,Caldas,62.08,98312000.0,194820000.0,50.46299147931423,21.688324,-0.008525848,-0.63920593,1012.71045,22.08429,-0.1,0.58054924,0.07742643,0.075787306,0.45969883,0.6392628
2013-11-08,MIEL1,Caldas,63.45,77809000.0,194820000.0,39.93891797556719,22.232025,-0.19864273,-0.9494171,1012.08954,22.185333,-0.1,0.3569126,0.059723854,0.05799532,0.44710213,0.9699752
2013-11-09,MIEL1,Caldas,64.94,85112000.0,194820000.0,43.68750641617904,22.150726,-0.39653778,-0.8337593,1012.4344,22.539246,-0.1,1.9055605,0.8081198,0.80645084,0.4518151,0.9232534
2013-11-10,MIEL1,Caldas,66.39,92185000.0,194820000.0,47.31803716250898,22.320465,-0.35105133,-0.4762764,1011.72626,22.507263,-0.1,0.060796738,0.009298325,0.007480383,0.43811813,0.5916724
2013-11-11,MIEL1,Caldas,67.80000000000001,89241000.0,194820000.0,45.80689867570064,23.428192,0.0170784,-0.16999054,1010.5678,22.346527,-0.1,0.013947487,0.0030994415,0.0015497208,0.42213762,0.1708463
2013-11-12,MIEL1,Caldas,69.0,99175000.0,194820000.0,50.90596448003285,24.438568,-0.08956909,-0.20909882,1009.5042,22.242249,-0.1,0.008940697,0.0024437904,0.000834465,0.40758806,0.22747514
2013-11-13,MIEL1,Caldas,69.3,91490000.0,194820000.0,46.96129760804845,24.522858,-0.2589531,-0.33857727,1009.7103,22.238464,-0.1,0.00035762787,0.0017285347,0.0,0.39831546,0.4262526
2013-11-14,MIEL1,Caldas,69.71000000000001,74204000.0,194820000.0,38.08849194127913,23.534637,-0.091911316,-0.41204453,1010.7639,22.384521,-0.1,0.1001358,0.004053116,0.002503395,0.38713303,0.42217103
2013-11-15,MIEL1,Caldas,67.92,95358000.0,194820000.0,48.94672004927625,23.95285,-0.2330513,-0.28599548,1010.7009,22.484772,-0.1,0.029802322,0.0037550926,0.0020861626,0.37892184,0.3689259
2013-11-16,MIEL1,Caldas,68.69,73968000.0,194820000.0,37.96735448105944,23.354889,-0.043437958,-0.31241608,1010.46606,22.364838,-0.1,0.56779385,0.023663044,0.021874905,0.3925531,0.3154214
2013-11-17,MIEL1,Caldas,68.04,74359000.0,194820000.0,38.16805256133867,23.848663,0.03540802,-0.93951035,1009.91406,22.159515,-0.1,0.014543533,0.0022649765,0.0006556511,0.40017515,0.9401773
2013-11-18,MIEL1,Caldas,69.97,103738000.0,194820000.0,53.24812647572118,22.308075,-0.1815567,-0.324131,1010.6375,22.342987,-0.1,0.6456375,0.11599064,0.11447072,0.41134706,0.37151548
2013-11-19,MIEL1,Caldas,71.58,94457000.0,194820000.0,48.48424186428498,21.964203,0.06172943,-0.84041977,1011.1575,22.583008,-0.1,1.3283491,0.3258586,0.32418966,0.44533116,0.84268373
2013-11-20,MIEL1,Caldas,73.02,82072000.0,194820000.0,42.12709167436608,21.821869,0.059822083,-0.4798813,1012.91736,22.662079,-0.1,0.13542175,0.038564205,0.03683567,0.44306704,0.4835956
2013-11-21,MIEL1,Caldas,74.42,83117000.0,194820000.0,42.66348424186429,22.811737,-0.24061966,-0.9182739,1012.95154,22.719208,-0.1,0.048160553,0.007748604,0.0061690807,0.42763376,0.949276
2013-11-22,MIEL1,Caldas,76.38000000000001,119134000.0,194820000.0,61.150805872087055,23.100128,-0.26511383,-0.7619667,1011.9533,22.70224,-0.1,0.066161156,0.011742115,0.009924173,0.42215034,0.8067705
2013-11-23,MIEL1,Caldas,77.71000000000001,79139000.0,194820000.0,40.62159942511036,22.790375,-0.27471924,-0.6296692,1010.0886,22.784119,-0.1,0.042319298,0.0051259995,0.0033974648,0.4182346,0.68698907
2013-11-24,MIEL1,Caldas,79.82000000000001,107187000.0,194820000.0,55.01847859562673,21.65744,0.11200714,-0.53728867,1011.09515,22.727173,-0.1,0.43797493,0.10085106,0.099122524,0.43956724,0.5488394
2013-11-25,MIEL1,Caldas,82.27,103200000.0,194820000.0,52.97197412996613,21.951508,-0.010177612,-0.47541046,1012.32404,22.683868,-0.1,0.72586536,0.15747547,0.12511015,0.44662812,0.4755194
2013-11-26,MIEL1,Caldas,83.77,84622000.0,194820000.0,43.435992197926296,22.076813,-0.23249435,-0.4682541,1011.7484,22.676788,-0.1,0.30505657,0.04607439,0.04416704,0.43789673,0.52279586
2013-11-27,MIEL1,Caldas,86.03,124321000.0,194820000.0,63.81326352530541,22.543427,-0.13791656,-0.7058449,1011.2503,22.460724,-0.1,0.30314922,0.10240078,0.100672245,0.44725466,0.71919256
2013-11-28,MIEL1,Caldas,88.14,120778000.0,194820000.0,61.99466173904117,21.831146,-0.11204529,-0.7654991,1011.7548,22.420166,-0.1,2.4969578,1.2145638,1.1327565,0.44559264,0.77365565
2013-11-29,MIEL1,Caldas,91.25,134895000.0,194820000.0,69.24083769633508,22.104462,-0.32556152,-0.2951889,1011.76514,22.335693,-0.1,0.21326542,0.053167343,0.0513196,0.43594727,0.43946195
2013-11-30,MIEL1,Caldas,92.74,180154000.0,194820000.0,92.47202545939842,21.543549,0.0651474,-0.53837204,1011.5564,22.18103,-0.1,1.7476082,0.9710789,0.90271235,0.44975618,0.5422994
2013-12-01,MIEL1,Caldas,96.05,340025000.0,172600000.0,197.00173812282736,22.53952,0.20779419,-0.54151154,1011.0489,22.070374,-0.15,0.64611435,0.24628639,0.24366379,0.45196438,0.5800113
2013-12-02,MIEL1,Caldas,97.77,262878000.0,172600000.0,152.30475086906142,21.771149,-0.17273712,-0.19327164,1012.07544,22.281677,-0.15,0.94902515,0.4066229,0.4031062,0.45037287,0.25921428
2013-12-03,MIEL1,Caldas,97.8,165908000.0,172600000.0,96.12282734646584,20.99173,-0.12168121,-0.4914322,1013.3111,22.566742,-0.15,0.61810017,0.26845932,0.19413233,0.45134458,0.50627255
2013-12-04,MIEL1,Caldas,97.53,174137000.0,172600000.0,100.89049826187716,22.09726,0.0897522,-0.38275528,1013.1848,22.746185,-0.15,0.068068504,0.009417534,0.0048577785,0.43644184,0.39313745
2013-12-05,MIEL1,Caldas,97.31,165574000.0,172600000.0,95.92931633835458,22.641754,0.0713768,0.0198555,1012.2294,22.618256,-0.15,0.01847744,0.0070929527,0.0014305115,0.4250852,0.07408704
2013-12-06,MIEL1,Caldas,97.31,170427000.0,172600000.0,98.74101969872538,22.409698,0.10193634,-0.20833206,1011.1461,22.37259,-0.15,0.04506111,0.007748604,0.0014901161,0.40784186,0.23193376
2013-12-07,MIEL1,Caldas,97.61,181618000.0,172600000.0,105.22479721900348,22.529938,-0.2518196,-0.24127197,1012.22577,22.460968,-0.15,0.07867813,0.017285347,0.010728836,0.41296384,0.34874815
2013-12-08,MIEL1,Caldas,96.76,137634000.0,172600000.0,79.74159907300115,20.829681,-0.12327957,-0.18331146,1012.66205,22.535828,-0.15,0.12648106,0.019848347,0.012636185,0.4146639,0.22090936
2013-12-09,MIEL1,Caldas,96.0,129087000.0,172600000.0,74.78968713789108,21.791534,0.21266556,-0.2923088,1013.15314,22.404022,-0.15,0.38337708,0.13160706,0.124037266,0.43129122,0.36148456
2013-12-10,MIEL1,Caldas,94.97,95389000.0,172600000.0,55.265932792584,22.234467,0.25902557,-0.27245712,1013.65826,22.27002,-0.15,0.14710426,0.015974045,0.0078082085,0.4289367,0.37593502
2013-12-11,MIEL1,Caldas,93.46,102302000.0,172600000.0,59.27114716106605,22.739655,0.10154724,-0.40748596,1012.7011,22.225128,-0.15,0.028252602,0.010848045,0.0024437904,0.41099262,0.4199484
2013-12-12,MIEL1,Caldas,91.7,99393000.0,172600000.0,57.58574739281576,22.38919,0.12599182,-0.26736832,1010.9892,22.113678,-0.15,0.052332878,0.014603138,0.005722046,0.40047216,0.29556683
2013-12-13,MIEL1,Caldas,90.77,98866000.0,172600000.0,57.280417149478566,22.329742,-0.113910675,0.055152893,1010.4164,21.854004,-0.15,0.15985966,0.0218153,0.012606382,0.40816852,0.1265602
2013-12-14,MIEL1,Caldas,89.21,79425000.0,172600000.0,46.01680185399768,22.759857,0.082595825,-0.0008087158,1010.1808,21.708557,-0.15,0.009894371,0.010788441,0.0013113022,0.42296898,0.08259978
2013-12-15,MIEL1,Caldas,88.17,95234000.0,172600000.0,55.17612977983778,23.151886,-0.1529541,-0.53107834,1010.7428,21.794952,-0.15,0.22637844,0.014960766,0.0053048134,0.40342328,0.55266553
2013-12-16,MIEL1,Caldas,90.43,129700000.0,172600000.0,75.14484356894555,22.94461,0.015487671,-0.43717194,1011.22595,21.911194,-0.15,0.284791,0.026404858,0.016570091,0.41654965,0.43744618
2013-12-17,MIEL1,Caldas,92.42,112775000.0,172600000.0,65.33893395133255,21.857697,0.21368027,-0.38354874,1011.27985,22.148834,-0.15,0.30720234,0.0487566,0.03862381,0.41475418,0.43905455
2013-12-18,MIEL1,Caldas,96.63,153750000.0,172600000.0,89.07879490150637,21.90799,0.16968918,-0.2224617,1012.09656,22.399384,-0.15,0.1963377,0.0461936,0.035703182,0.43739098,0.2797921
2013-12-19,MIEL1,Caldas,99.03,100360000.0,172600000.0,58.1460023174971,22.575531,-0.08126068,-0.3088417,1011.7886,22.609589,-0.15,0.058412552,0.018894672,0.008404255,0.437099,0.31935325
2013-12-20,MIEL1,Caldas,98.16,99685000.0,172600000.0,57.75492468134414,22.34964,-0.29878616,-0.7051964,1010.8239,22.803558,-0.15,0.07724762,0.035643578,0.024795532,0.43586326,0.7658819
2013-12-21,MIEL1,Caldas,96.93,99761000.0,172600000.0,57.7989571263036,23.073761,-0.07022858,-0.8609009,1010.6247,23.025208,-0.15,0.18906593,0.06389618,0.052571297,0.44420373,0.8637606
2013-12-22,MIEL1,Caldas,95.76,114962000.0,172600000.0,66.60602549246813,22.278046,0.16347122,-0.3632965,1011.4786,23.149994,-0.15,0.5239248,0.18829107,0.17675757,0.44014543,0.39838073
2013-12-23,MIEL1,Caldas,97.66,120886000.0,172600000.0,70.03823870220162,21.194,0.0748291,-0.62207794,1012.765,23.196075,-0.15,0.43857098,0.17797947,0.16570091,0.44056398,0.62656236
2013-12-24,MIEL1,Caldas,99.53,102601000.0,172600000.0,59.44438006952492,20.830536,0.1119957,-0.9235115,1013.08813,23.31955,-0.15,0.80156326,0.33158064,0.31864643,0.44481674,0.93027765
2013-12-25,MIEL1,Caldas,97.74,85913000.0,172600000.0,49.77578215527231,21.720978,0.2473259,-0.6486778,1012.5012,23.456207,-0.15,0.20205975,0.10192394,0.08833408,0.4419576,0.69422835
2013-12-26,MIEL1,Caldas,95.84,75858000.0,172600000.0,43.950173812282735,22.132477,-0.0026130676,-0.5119438,1013.3814,23.427734,-0.15,0.08416176,0.05108118,0.036537647,0.43173248,0.5119505
2013-12-27,MIEL1,Caldas,94.32,68719000.0,172600000.0,39.81402085747393,22.57608,0.27603912,0.114486694,1013.35876,23.255219,-0.15,0.002026558,0.016093254,0.0005364418,0.41324395,0.2988391
2013-12-28,MIEL1,Caldas,93.33,63047000.0,172600000.0,36.527809965237545,22.714996,0.14640045,0.061691284,1011.303,23.218842,-0.15,0.0,0.016510487,0.0,0.3987469,0.15886758
2013-12-29,MIEL1,Caldas,91.91,58931000.0,172600000.0,34.14310544611819,22.823517,0.13622665,0.08522797,1009.78,23.130005,-0.15,0.0,0.017225742,0.0,0.38422942,0.16069072
2013-12-30,MIEL1,Caldas,93.11,80638000.0,172600000.0,46.71958285052144,22.970673,0.1337204,-0.1859436,1010.4416,23.212646,-0.15,0.014901161,0.020086765,0.0023841858,0.37347114,0.22903313
2013-12-31,MIEL1,Caldas,94.84,97496000.0,172600000.0,56.48667439165701,22.59018,-0.07106781,-0.38401794,1011.2955,23.355377,-0.15,0.046372414,0.023543835,0.0052452087,0.36983472,0.39053863
2014-01-01,MIEL1,Caldas,98.16,214433000.0,129920000.0,165.05003078817734,23.553741,0.15467834,-0.024223328,1011.02576,23.4263,-0.28,0.042438507,0.027537346,0.009059906,0.37367976,0.1565636
2014-01-02,MIEL1,Caldas,99.01,190369000.0,129920000.0,146.5278633004926,22.753021,-0.12725067,-0.2951889,1009.8184,23.331573,-0.28,0.06651878,0.023722649,0.0047683716,0.37582988,0.32144862
2014-01-03,MIEL1,Caldas,98.05,133993000.0,129920000.0,103.13500615763547,23.24228,0.23666382,-0.4057274,1010.1847,23.405182,-0.28,0.03695488,0.02348423,0.004529953,0.37202686,0.4697068
2014-01-04,MIEL1,Caldas,96.95,148991000.0,129920000.0,114.67903325123152,23.360443,0.16006088,-0.19020844,1010.26984,23.54425,-0.28,0.0551939,0.022113323,0.0029802322,0.36813372,0.24859351
2014-01-05,MIEL1,Caldas,95.35,118421000.0,129920000.0,91.14916871921184,23.289581,-0.010627747,-0.26553726,1010.34735,23.579071,-0.28,0.0017881393,0.019550323,0.00017881393,0.35702404,0.26574987
2014-01-06,MIEL1,Caldas,95.54,152264000.0,129920000.0,117.19827586206895,21.744598,0.15639496,-0.3661995,1011.7614,23.824371,-0.28,0.35059452,0.032782555,0.013619661,0.38786888,0.39819777
2014-01-07,MIEL1,Caldas,94.03,109184000.0,129920000.0,84.03940886699507,20.81491,0.31243515,-0.56676865,1012.1928,24.239258,-0.28,0.24271011,0.058174133,0.038802624,0.40419245,0.6471804
2014-01-08,MIEL1,Caldas,93.57,130687000.0,129920000.0,100.5903633004926,22.479279,-0.2665062,-0.47828293,1012.5503,24.540436,-0.28,0.08881092,0.042796135,0.02348423,0.40375847,0.5475218
2014-01-09,MIEL1,Caldas,92.74,143267000.0,129920000.0,110.27324507389164,21.637909,-0.16273499,-0.58200455,1011.98456,24.745483,-0.28,0.028252602,0.023245811,0.0041127205,0.39034256,0.6043277
2014-01-10,MIEL1,Caldas,95.73,219757000.0,129920000.0,169.14793719211823,21.95102,-0.1302948,-0.5177345,1011.2502,24.917542,-0.28,0.042557716,0.02527237,0.0061392784,0.38375595,0.533878
2014-01-11,MIEL1,Caldas,96.71,216882000.0,129920000.0,166.9350369458128,22.746063,0.07011795,-0.18373108,1012.3848,25.06961,-0.28,0.056385994,0.026881695,0.007867813,0.37536415,0.19665614
2014-01-12,MIEL1,Caldas,95.86,146970000.0,129920000.0,113.123460591133,22.57492,0.18235397,-0.17670822,1012.92346,25.125427,-0.28,0.052571297,0.025987625,0.00667572,0.37069273,0.2539267
2014-01-13,MIEL1,Caldas,94.35,108764000.0,129920000.0,83.7161330049261,22.762177,0.093566895,-0.035625458,1011.7639,25.080688,-0.28,0.017762184,0.021100044,0.0023841858,0.36734256,0.10011961
2014-01-14,MIEL1,Caldas,92.5,91843000.0,129920000.0,70.69196428571428,23.370087,-0.10993576,-0.27503204,1011.65436,25.090637,-0.28,0.00035762787,0.018775463,5.9604645e-05,0.35286772,0.29618996
2014-01-15,MIEL1,Caldas,93.44,82252000.0,129920000.0,63.30972906403941,22.980072,-0.12997818,-0.20959473,1011.2572,25.166351,-0.28,0.027418137,0.019192696,0.0005364418,0.3396003,0.24662578
2014-01-16,MIEL1,Caldas,92.82,131493000.0,129920000.0,101.21074507389164,23.312408,0.14060974,-0.36330795,1011.21436,25.254791,-0.28,0.014543533,0.020086765,0.0017285347,0.33071393,0.3895687
2014-01-17,MIEL1,Caldas,94.51,93739000.0,129920000.0,72.15132389162562,23.14743,0.16490936,-0.069480896,1011.1362,25.339142,-0.28,0.019192696,0.020503998,0.0023245811,0.32824367,0.17894885
2014-01-18,MIEL1,Caldas,92.74,74398000.0,129920000.0,57.26447044334976,23.683075,0.11410904,-0.093948364,1012.065,25.423767,-0.28,0.00011920929,0.018119812,0.0,0.32157615,0.14780788
2014-01-19,MIEL1,Caldas,93.36,75918000.0,129920000.0,58.43442118226601,24.050934,-0.022994995,-0.29841232,1012.6344,25.431274,-0.28,0.10633469,0.02425909,0.006556511,0.31408125,0.29929698
2014-01-20,MIEL1,Caldas,91.97,81963000.0,129920000.0,63.08728448275862,23.63498,0.2505951,-0.2080841,1011.368,25.500305,-0.28,0.074744225,0.025868416,0.008106232,0.31560943,0.3257252
2014-01-21,MIEL1,Caldas,90.59,100543000.0,129920000.0,77.38839285714286,23.131866,0.3732643,-0.32739258,1011.0853,25.445862,-0.28,0.27763844,0.055611134,0.038087368,0.33441228,0.4964999
2014-01-22,MIEL1,Caldas,91.41,117661000.0,129920000.0,90.5641933497537,21.931366,0.15838623,-0.5134201,1012.39954,25.382385,-0.28,0.238657,0.046551228,0.029146671,0.38102826,0.53729546
2014-01-23,MIEL1,Caldas,89.35,80716000.0,129920000.0,62.1274630541872,22.882904,0.15039444,-0.4096527,1012.53815,25.42218,-0.28,0.05555153,0.022351742,0.0046491623,0.38788313,0.43638724
2014-01-24,MIEL1,Caldas,90.53,110225000.0,129920000.0,84.84067118226602,23.523712,-0.10533905,-0.683815,1012.6167,25.34378,-0.28,0.10609627,0.029921532,0.01257658,0.37158105,0.691881
2014-01-25,MIEL1,Caldas,92.23,111272000.0,129920000.0,85.64655172413794,23.335236,0.18252182,-0.7905731,1012.0839,25.430237,-0.28,0.059247017,0.024139881,0.006914139,0.36368072,0.81136924
2014-01-26,MIEL1,Caldas,90.72,95936000.0,129920000.0,73.8423645320197,22.250702,0.18336487,-0.78409195,1012.2706,25.292236,-0.28,0.177145,0.046372414,0.029087067,0.37878352,0.8052471
2014-01-27,MIEL1,Caldas,89.35,74084000.0,129920000.0,57.02278325123152,22.92331,-0.06354141,-0.8842583,1010.83124,25.052734,-0.28,0.08893013,0.028073788,0.011205673,0.37063807,0.8865383
2014-01-28,MIEL1,Caldas,88.77000000000001,116152000.0,129920000.0,89.40270935960591,22.742767,0.088378906,-0.4407196,1011.2333,25.04419,-0.28,0.12457371,0.030577183,0.013887882,0.3614274,0.44949374
2014-01-29,MIEL1,Caldas,89.21,85889000.0,129920000.0,66.10914408866995,23.178864,-0.03333664,-0.45568085,1010.8169,25.209808,-0.28,0.0590086,0.025212765,0.008761883,0.36529875,0.45689863
2014-01-30,MIEL1,Caldas,91.49,176381000.0,129920000.0,135.76123768472908,22.914093,-0.2278328,-0.4900627,1011.5775,25.387054,-0.28,0.09083748,0.020802021,0.0042915344,0.35658443,0.5404343
2014-01-31,MIEL1,Caldas,89.98,97303000.0,129920000.0,74.89455049261083,22.597443,0.056163788,-0.16373062,1009.9828,25.196869,-0.28,0.0029802322,0.016629696,0.00035762787,0.34931952,0.1730956
2014-02-01,MIEL1,Caldas,89.11,101981000.0,125370000.0,81.34402169578048,22.71103,0.0059165955,-0.33662033,1009.65594,24.88916,-0.32,0.007867813,0.017046928,0.0008940697,0.33467084,0.33667234
2014-02-02,MIEL1,Caldas,88.69,174696000.0,125370000.0,139.3443407513759,23.570343,-0.04168701,-0.26524734,1010.6138,24.648071,-0.32,0.066399574,0.02026558,0.0044107437,0.3287771,0.2685032
2014-02-03,MIEL1,Caldas,89.71000000000001,233980000.0,125370000.0,186.63157055116852,23.040192,-0.11926651,-0.5551491,1011.1266,24.73935,-0.32,0.10704994,0.019192696,0.0035464764,0.33886623,0.56781596
2014-02-04,MIEL1,Caldas,88.87,147983000.0,125370000.0,118.03701044907076,23.424713,0.058124542,-1.0283546,1011.02893,24.787903,-0.32,0.030636787,0.018000603,0.0023841858,0.34067845,1.029996
2014-02-05,MIEL1,Caldas,87.64,115639000.0,125370000.0,92.2381750019941,22.790924,0.3861351,-0.48892212,1011.4469,24.538422,-0.32,0.049829483,0.024020672,0.008612871,0.3457065,0.62301296
2014-02-06,MIEL1,Caldas,85.72,90280000.0,125370000.0,72.01084789024488,21.83377,0.22800064,-0.64809036,1011.8742,24.304108,-0.32,0.21660328,0.06335974,0.047922134,0.38770106,0.6870265
2014-02-07,MIEL1,Caldas,83.64,85646000.0,125370000.0,68.31458881710138,22.788666,-0.04598999,-0.59044266,1012.04126,24.49704,-0.32,0.0320673,0.021159649,0.0059604645,0.38321042,0.59223104
2014-02-08,MIEL1,Caldas,81.74,86635000.0,125370000.0,69.10345377682061,23.027008,-0.14012527,-0.3256073,1010.62,24.554321,-0.32,0.05340576,0.017881393,0.0029206276,0.3653065,0.35447878
2014-02-09,MIEL1,Caldas,80.97999999999999,82530000.0,125370000.0,65.82914572864321,23.951202,0.4045372,-0.4979248,1010.4819,24.534454,-0.32,0.034332275,0.019192696,0.004261732,0.35648504,0.6415446
2014-02-10,MIEL1,Caldas,81.53,101996000.0,125370000.0,81.3559862806094,24.218475,0.17871857,-0.5928345,1010.2484,24.394836,-0.32,0.11205673,0.017642975,0.002861023,0.36259604,0.6191874
2014-02-11,MIEL1,Caldas,80.02,72937000.0,125370000.0,58.17739491106325,24.18924,0.3568802,-0.6244507,1010.7611,24.12445,-0.32,0.28467178,0.020086765,0.0054240227,0.39394143,0.7192372
2014-02-12,MIEL1,Caldas,78.33,65429000.0,125370000.0,52.18872138470129,23.576508,-0.009395599,-0.408535,1010.51263,24.086975,-0.32,0.061154366,0.018179417,0.0037550926,0.38210475,0.408643
2014-02-13,MIEL1,Caldas,79.02,78630000.0,125370000.0,62.718353673127545,23.687592,0.15386963,-0.7859764,1010.84937,24.026947,-0.32,0.151515,0.01770258,0.003516674,0.37782294,0.8008962
2014-02-14,MIEL1,Caldas,79.9,66899000.0,125370000.0,53.36125069793412,22.441498,-0.34407806,-0.42033768,1012.4205,24.11258,-0.32,0.038981438,0.016212463,0.0023841858,0.37371868,0.5432067
2014-02-15,MIEL1,Caldas,77.53,57832000.0,125370000.0,46.12905798835448,23.161652,-0.17044067,-0.63645935,1012.5541,24.04892,-0.32,0.11754036,0.024199486,0.010192394,0.36905956,0.65888584
2014-02-16,MIEL1,Caldas,75.69,74282000.0,125370000.0,59.25021935072186,23.75058,-0.2967682,-0.721344,1011.61017,24.064758,-0.32,0.0783205,0.017523766,0.0036358833,0.36337465,0.78000546
2014-02-17,MIEL1,Caldas,74.96000000000001,119408000.0,125370000.0,95.244476350004,22.78189,0.21778488,-0.60503006,1011.42126,23.884033,-0.32,0.27263165,0.047326088,0.03361702,0.35934812,0.64303315
2014-02-18,MIEL1,Caldas,74.03,101263000.0,125370000.0,80.77131690197017,23.18924,0.053085327,-0.5082092,1010.6138,23.730988,-0.32,0.044107437,0.019133091,0.0056624413,0.36706853,0.5109742
2014-02-19,MIEL1,Caldas,73.55000000000001,160799000.0,125370000.0,128.25955172688842,23.061127,0.20677185,-0.35004807,1010.622,23.716156,-0.32,0.08094311,0.026017427,0.01257658,0.4039496,0.40655658
2014-02-20,MIEL1,Caldas,72.37,141955000.0,125370000.0,113.22884262582755,22.836517,0.050834656,-0.78424835,1010.743,23.575958,-0.32,0.08571148,0.023841858,0.010609627,0.39732683,0.78589416
2014-02-21,MIEL1,Caldas,73.67,130276000.0,125370000.0,103.913216878041,23.348846,0.027545929,-0.2921524,1010.70154,23.863464,-0.32,0.08928776,0.029087067,0.01591444,0.3904717,0.29344812
2014-02-22,MIEL1,Caldas,72.54,126280000.0,125370000.0,100.72585147962032,23.410797,-0.08008957,-0.47974777,1010.8544,24.381317,-0.32,0.11348724,0.033676624,0.0205338,0.3794486,0.48638695
2014-02-23,MIEL1,Caldas,73.31,194431000.0,125370000.0,155.0857461912738,22.703644,-0.009979248,-0.5892792,1011.1797,24.592133,-0.32,0.14197826,0.02104044,0.008076429,0.38874787,0.5893637
2014-02-24,MIEL1,Caldas,73.11999999999999,141940000.0,125370000.0,113.21687804099864,24.726837,0.1883316,-0.273304,1010.5028,24.91513,-0.32,0.030994415,0.016629696,0.0036358833,0.38186347,0.33190942
2014-02-25,MIEL1,Caldas,75.18,254791000.0,125370000.0,203.2312355427933,22.752838,0.3518753,-0.53647995,1011.5608,24.940674,-0.32,0.29098988,0.033020973,0.02014637,0.42196062,0.6415816
2014-02-26,MIEL1,Caldas,77.53,166094000.0,125370000.0,132.48305017149238,23.234283,-0.24909592,-0.5423851,1010.632,25.257996,-0.32,0.041246414,0.016510487,0.003993511,0.4005472,0.59685034
2014-02-27,MIEL1,Caldas,78.92,209471000.0,125370000.0,167.082236579724,22.669891,0.31871033,-0.74749756,1011.235,25.262054,-0.32,0.48601627,0.02926588,0.016570091,0.41964245,0.8126062
2014-02-28,MIEL1,Caldas,78.68,163861000.0,125370000.0,130.70192230996253,21.513763,0.14253616,-0.686203,1012.9442,25.350647,-0.32,0.5950928,0.08377433,0.07134676,0.4246589,0.7008503
2014-03-01,MIEL1,Caldas,78.86999999999999,143769000.0,133460000.0,107.72441180878164,22.102264,0.00023651123,-0.49965286,1013.78766,25.618439,-0.14,0.3592968,0.07224083,0.05978346,0.43625063,0.49965292
2014-03-02,MIEL1,Caldas,78.25,153618000.0,133460000.0,115.10415105649632,21.804413,0.021640778,-0.62029266,1012.0062,25.534424,-0.14,0.6095171,0.16579032,0.15336275,0.44648033,0.6206701
2014-03-03,MIEL1,Caldas,79.42,136867000.0,133460000.0,102.5528248164244,21.922638,0.41114807,-0.5208206,1011.66455,25.647003,-0.14,1.0181665,0.48851967,0.4761219,0.44682014,0.6635487
2014-03-04,MIEL1,Caldas,79.60000000000001,130567000.0,133460000.0,97.83230930615916,21.956573,0.36475372,-0.66828537,1011.9636,25.700775,-0.14,0.4748106,0.17297268,0.16057491,0.43974835,0.7613479
2014-03-05,MIEL1,Caldas,81.03,161238000.0,133460000.0,120.8137269593886,22.997528,-0.018520355,-0.5662079,1012.6311,25.593903,-0.14,0.5173683,0.15503168,0.1424551,0.43495768,0.5665107
2014-03-06,MIEL1,Caldas,81.61,161037000.0,133460000.0,120.66312003596585,22.874542,0.0021591187,-0.52175903,1013.0041,25.30185,-0.14,0.14555454,0.029683113,0.01707673,0.42186195,0.5217635
2014-03-07,MIEL1,Caldas,81.21000000000001,167968000.0,133460000.0,125.85643638543384,22.318695,0.1545906,-0.54112244,1012.53784,24.948608,-0.14,0.0808239,0.016748905,0.003993511,0.4345453,0.56277144
2014-03-08,MIEL1,Caldas,81.08,172166000.0,133460000.0,129.0019481492582,21.493988,0.18712234,-0.53227997,1014.448,24.97873,-0.14,0.52654743,0.18209219,0.16897917,0.44649607,0.5642134
2014-03-09,MIEL1,Caldas,83.23,147699000.0,133460000.0,110.66911434137567,22.084625,0.12992477,-0.36213684,1014.4338,24.978973,-0.14,0.4181862,0.18405914,0.17029047,0.44743487,0.3847383
2014-03-10,MIEL1,Caldas,81.96,130601000.0,133460000.0,97.85778510415103,21.764984,-0.01235199,-0.75520706,1013.35767,24.773224,-0.14,0.20420551,0.06520748,0.050723553,0.44361204,0.7553081
2014-03-11,MIEL1,Caldas,80.60000000000001,123135000.0,133460000.0,92.26359958039862,23.085358,-0.73389816,-0.74154663,1011.58514,24.60257,-0.14,0.26917458,0.13035536,0.11485815,0.43885097,1.043311
2014-03-12,MIEL1,Caldas,81.51,105988000.0,133460000.0,79.41555522253859,23.710297,-0.7624588,-0.814579,1011.6958,24.380524,-0.14,0.13875961,0.044226646,0.027537346,0.421728,1.1157429
2014-03-13,MIEL1,Caldas,84.05,142762000.0,133460000.0,106.96987861531548,22.21341,-0.12258911,-0.6969261,1012.7317,24.1333,-0.14,0.11968613,0.05298853,0.034749508,0.41304135,0.7076257
2014-03-14,MIEL1,Caldas,84.26,105460000.0,133460000.0,79.0199310654878,22.723175,0.15714645,-0.8005066,1012.8097,24.224243,-0.14,0.051498413,0.027477741,0.007987022,0.4082821,0.81578535
2014-03-15,MIEL1,Caldas,83.62,121886000.0,133460000.0,91.32773864828413,23.363068,-0.083431244,-0.8395386,1011.3741,23.97165,-0.14,0.0936985,0.029146671,0.008583069,0.40624657,0.843674
2014-03-16,MIEL1,Caldas,82.28999999999999,101834000.0,133460000.0,76.30301213846845,22.596466,0.07191849,-0.54732895,1009.8672,23.598358,-0.14,0.037789345,0.028133392,0.006645918,0.40250736,0.5520337
2014-03-17,MIEL1,Caldas,80.35,85975000.0,133460000.0,64.42005095159598,23.218353,0.15298462,-0.5087166,1009.29706,23.33789,-0.14,0.18548965,0.039815903,0.017613173,0.40014613,0.53122205
2014-03-18,MIEL1,Caldas,82.14,211176000.0,133460000.0,158.2316799040911,22.612213,-0.08898544,-0.42950058,1011.0061,23.33612,-0.14,0.27120113,0.07241964,0.04976988,0.40452757,0.43862188
2014-03-19,MIEL1,Caldas,81.15,107912000.0,133460000.0,80.85718567361006,23.044952,0.09021759,0.05979538,1010.3091,23.305847,-0.14,0.0064373016,0.023663044,0.0005364418,0.39091852,0.10823447
2014-03-20,MIEL1,Caldas,80.10000000000001,90173000.0,133460000.0,67.56556271542034,23.2294,0.10569,-0.10870361,1008.6814,23.341278,-0.14,0.0,0.023543835,0.0,0.37374267,0.15161416
2014-03-21,MIEL1,Caldas,78.53,80145000.0,133460000.0,60.051700884160056,24.616608,0.11917114,-0.3928833,1010.2377,23.246796,-0.14,0.08583069,0.032305717,0.00873208,0.36630768,0.41055942
2014-03-22,MIEL1,Caldas,77.81,74954000.0,133460000.0,56.162145961336726,23.108917,0.079582214,-0.3397293,1012.1214,23.285828,-0.14,0.06270409,0.02527237,0.0014901161,0.36732173,0.34892598
2014-03-23,MIEL1,Caldas,75.69,72913000.0,133460000.0,54.63284879364604,23.428253,-0.02457428,-0.17584991,1012.0558,23.312012,-0.14,0.008583069,0.024437904,0.00059604645,0.36159885,0.17755869
2014-03-24,MIEL1,Caldas,76.3,89580000.0,133460000.0,67.12123482691443,23.060272,0.08893585,-0.41659164,1011.8589,23.339935,-0.14,0.11372566,0.030457973,0.006914139,0.36787266,0.42597908
2014-03-25,MIEL1,Caldas,74.62,93308000.0,133460000.0,69.91458114790949,23.627533,0.2922783,-0.6201401,1012.47876,23.77832,-0.14,0.12755394,0.028133392,0.0046491623,0.36799484,0.6855657
2014-03-26,MIEL1,Caldas,73.09,84323000.0,133460000.0,63.18222688445976,22.815094,0.07948685,-0.70358276,1013.95703,23.927704,-0.14,0.30314922,0.030517578,0.007212162,0.37906793,0.70805854
2014-03-27,MIEL1,Caldas,71.39,74140000.0,133460000.0,55.55222538588341,22.96109,-0.11961365,-0.0014877319,1012.53925,23.942352,-0.14,0.0051259995,0.024080276,0.00071525574,0.36570442,0.1196229
2014-03-28,MIEL1,Caldas,68.88,61916000.0,133460000.0,46.39292671961636,23.325043,0.019672394,-0.1626091,1010.1997,23.857025,-0.14,0.0,0.022888184,0.0,0.3510592,0.16379476
2014-03-29,MIEL1,Caldas,69.16,74571000.0,133460000.0,55.87516858983965,23.767242,0.11155701,-0.4882393,1010.3289,23.974915,-0.14,0.017404556,0.024557114,0.0019073486,0.33969215,0.5008219
2014-03-30,MIEL1,Caldas,66.92,58840000.0,133460000.0,44.08811628952496,24.005524,-0.022548676,-0.7924881,1010.9451,24.031158,-0.14,0.05567074,0.028431416,0.006020069,0.3408141,0.79280883
2014-03-31,MIEL1,Caldas,64.52,53762000.0,133460000.0,40.28323093061592,23.845856,-0.26777267,-0.7193146,1012.6011,24.036621,-0.14,0.12433529,0.034034252,0.01180172,0.33874118,0.76753867
2014-04-01,MIEL1,Caldas,63.02,52678000.0,154850000.0,34.01872780109784,23.375763,0.013660431,0.07670975,1011.84033,23.957825,0.15,0.0042915344,0.022351742,0.0005364418,0.33032325,0.07791657
2014-04-02,MIEL1,Caldas,61.85000000000001,52678000.0,154850000.0,34.01872780109784,23.479156,0.13539886,0.007843018,1010.6248,23.902405,0.15,0.0,0.02169609,0.0,0.3169939,0.13562582
2014-04-03,MIEL1,Caldas,60.760000000000005,56373000.0,154850000.0,36.40490797546012,24.032623,-0.056858063,-0.8410759,1011.15265,23.978638,0.15,0.024080276,0.0218153,0.0004172325,0.30989695,0.8429955
2014-04-04,MIEL1,Caldas,58.52,51854000.0,154850000.0,33.486599935421374,24.770111,-0.2146492,-0.46340942,1011.0586,24.043213,0.15,0.012755394,0.02169609,0.0007748604,0.31114778,0.5107079
2014-04-05,MIEL1,Caldas,57.15,79123000.0,154850000.0,51.09654504359057,24.184662,0.05140686,0.20510101,1010.8859,23.86087,0.15,0.11694431,0.026881695,0.0060796738,0.3662828,0.21144524
2014-04-06,MIEL1,Caldas,55.36,60704000.0,154850000.0,39.20180820148531,24.084442,-0.04496765,-0.008647919,1010.17596,23.781403,0.15,0.0,0.020444393,0.0,0.34612763,0.045791663
2014-04-07,MIEL1,Caldas,53.36,57009000.0,154850000.0,36.81562802712302,24.612823,0.13990402,-0.021316528,1010.8809,23.710205,0.15,0.00059604645,0.020444393,5.9604645e-05,0.3269807,0.14151865
2014-04-08,MIEL1,Caldas,52.18000000000001,48477000.0,154850000.0,31.305779786890543,24.256256,-0.10115433,-0.18891525,1010.9189,23.865234,0.15,0.0,0.019788742,0.0,0.31565738,0.21429226
2014-04-09,MIEL1,Caldas,51.74,44912000.0,154850000.0,29.00355182434614,24.293243,0.028385162,-0.6370735,1012.2667,23.854797,0.15,0.051259995,0.022947788,0.0034570694,0.31647485,0.63770556
2014-04-10,MIEL1,Caldas,50.02,51755000.0,154850000.0,33.422667097190825,23.883148,-0.028377533,-0.26442719,1011.96234,23.791656,0.15,0.10752678,0.021219254,0.0017881393,0.3303512,0.26594552
2014-04-11,MIEL1,Caldas,47.5,42954000.0,154850000.0,27.739102357119798,24.059174,-0.10072327,0.2571373,1010.5133,23.844025,0.15,0.0,0.01898408,0.0,0.31803793,0.27616078
2014-04-12,MIEL1,Caldas,44.690000000000005,42241000.0,154850000.0,27.278656764610915,23.778534,0.11293411,-0.34954453,1009.9341,23.796448,0.15,0.0,0.018775463,0.0,0.30709076,0.36733568
2014-04-13,MIEL1,Caldas,44.97,39582000.0,154850000.0,25.56151113981272,23.809174,0.011489868,-0.3083496,1009.83826,23.832733,0.15,0.00071525574,0.018656254,5.9604645e-05,0.2979195,0.30856362
2014-04-14,MIEL1,Caldas,42.57,47985000.0,154850000.0,30.988052954472067,24.860016,0.027942657,0.13093948,1010.0797,23.898224,0.15,0.03015995,0.018656254,0.0004172325,0.28717983,0.1338878
2014-04-15,MIEL1,Caldas,40.92,58400000.0,154850000.0,37.713916693574426,23.076508,0.19679642,0.028446198,1010.9497,23.9357,0.15,0.57172775,0.029146671,0.011146069,0.3226584,0.19884168
2014-04-16,MIEL1,Caldas,40.83,39991000.0,154850000.0,25.82563771391669,23.4935,-0.19496536,-0.1347084,1011.4367,23.953339,0.15,0.16391277,0.044107437,0.02670288,0.35180014,0.23697647
2014-04-17,MIEL1,Caldas,38.74,47957000.0,154850000.0,30.969970939618985,23.854095,0.24306107,-0.11715317,1011.2537,23.907318,0.15,0.1283884,0.021278858,0.0036656857,0.34856427,0.26982132
2014-04-18,MIEL1,Caldas,39.0,37922000.0,154850000.0,24.489505973522764,23.539276,-0.044456482,0.118515015,1009.66077,24.115204,0.15,0.0022649765,0.017404556,0.00017881393,0.33678773,0.12657878
2014-04-19,MIEL1,Caldas,40.35,72455000.0,154850000.0,46.79044236357765,23.80716,-0.074466705,0.031806946,1011.26154,24.602997,0.15,0.2002716,0.037908554,0.020861626,0.35080403,0.08097513
2014-04-20,MIEL1,Caldas,41.17,54480000.0,154850000.0,35.18243461414272,24.153168,0.32953262,0.30875778,1011.9384,24.632446,0.15,0.005841255,0.017285347,0.00059604645,0.3472357,0.45157847
2014-04-21,MIEL1,Caldas,42.65,57660000.0,154850000.0,37.23603487245722,24.08078,0.2669716,-0.18069458,1011.34644,24.84439,0.15,0.009417534,0.01680851,0.00029802322,0.33071336,0.322373
2014-04-22,MIEL1,Caldas,44.71,104538000.0,154850000.0,67.50920245398773,23.46811,-0.09896088,0.2705574,1011.33685,25.187103,0.15,0.3620386,0.04696846,0.030994415,0.3794456,0.2880878
2014-04-23,MIEL1,Caldas,45.4,64208000.0,154850000.0,41.46464320309977,23.33139,-0.03908539,-0.5111618,1011.08234,25.209076,0.15,0.33056736,0.0590086,0.04297495,0.37227893,0.51265395
2014-04-24,MIEL1,Caldas,47.9,159854000.0,154850000.0,103.23151436874394,22.091034,-0.043888092,0.24949265,1013.2551,25.203613,0.15,0.7983446,0.07259846,0.049173832,0.41584733,0.2533234
2014-04-25,MIEL1,Caldas,49.28,80339000.0,154850000.0,51.8818211172102,24.427887,0.044181824,-0.30161667,1011.1934,25.276062,0.15,0.0029802322,0.01579523,0.00035762787,0.38333783,0.30483547
2014-04-26,MIEL1,Caldas,51.99,170259000.0,154850000.0,109.95092024539876,23.439728,0.14401245,-0.276474,1011.58875,25.392975,0.15,0.13816357,0.03504753,0.019729137,0.41750455,0.311733
2014-04-27,MIEL1,Caldas,53.53,95691000.0,154850000.0,61.79593154665805,23.246735,-0.1558609,-0.23389816,1012.20764,25.469818,0.15,0.49114227,0.09000301,0.074744225,0.43817142,0.28107113
2014-04-28,MIEL1,Caldas,53.38,92241000.0,154850000.0,59.567969002260256,24.209076,-0.06734085,-0.16588974,1010.64154,25.410187,0.15,0.012040138,0.015676022,0.00071525574,0.41192555,0.17903686
2014-04-29,MIEL1,Caldas,53.38,81750000.0,154850000.0,52.79302550855667,24.517426,0.018413544,0.41529083,1010.39685,25.257355,0.15,0.0022649765,0.0150203705,0.00017881393,0.39990982,0.41569886
2014-04-30,MIEL1,Caldas,52.62,127321000.0,154850000.0,82.22215046819503,24.018036,-0.16957092,-0.398983,1011.10657,25.08551,0.15,0.0,0.014364719,0.0,0.38592845,0.43352246
2014-05-01,MIEL1,Caldas,53.13,164740000.0,166880000.0,98.7176414189837,23.790741,0.1272049,-0.6532097,1011.3066,24.98816,0.31,0.029563904,0.018835068,0.0044107437,0.38465965,0.66548026
2014-05-02,MIEL1,Caldas,53.13,117177000.0,166880000.0,70.21632310642377,22.652802,0.3070755,-0.5323448,1011.4625,25.093872,0.31,0.3452301,0.067055225,0.05298853,0.41074887,0.6145619
2014-05-03,MIEL1,Caldas,54.59,137884000.0,166880000.0,82.62464046021093,23.405426,0.21581268,-0.23697281,1013.10516,24.967438,0.31,0.14436245,0.042259693,0.028192997,0.4081927,0.32051712
2014-05-04,MIEL1,Caldas,53.8,111004000.0,166880000.0,66.51725790987535,23.552216,0.26234055,-0.73220825,1014.2283,24.902405,0.31,0.32436848,0.04273653,0.028729439,0.4110417,0.77778625
2014-05-05,MIEL1,Caldas,53.55,105158000.0,166880000.0,63.01414189837009,23.167023,-0.09970093,-0.26132584,1013.0,24.854797,0.31,0.16856194,0.019967556,0.006377697,0.4269845,0.27969888
2014-05-06,MIEL1,Caldas,55.31,180280000.0,166880000.0,108.02972195589646,23.335052,0.15011215,-0.19349289,1012.07654,24.93988,0.31,0.3197193,0.06055832,0.04708767,0.41840023,0.24489418
2014-05-07,MIEL1,Caldas,57.54,148818000.0,166880000.0,89.17665388302972,21.171661,0.15665817,-0.5325928,1013.6922,24.888062,0.31,0.65135956,0.10216236,0.088721514,0.4411834,0.5551548
2014-05-08,MIEL1,Caldas,58.13,143152000.0,166880000.0,85.78139980824545,22.322906,0.17066956,-0.47885895,1014.34607,24.550446,0.31,0.5722046,0.090658665,0.057071447,0.44055146,0.508364
2014-05-09,MIEL1,Caldas,58.9,185503000.0,166880000.0,111.15951581975072,21.169464,0.33856964,-0.48952484,1014.79297,24.567383,0.31,4.775405,2.8253794,2.6975274,0.4529993,0.5952008
2014-05-10,MIEL1,Caldas,58.720000000000006,160250000.0,166880000.0,96.0270853307766,22.396149,0.033958435,-1.0489998,1014.16675,24.756073,0.31,1.0751486,0.5673766,0.55235624,0.46130127,1.0495493
2014-05-11,MIEL1,Caldas,58.46,152118000.0,166880000.0,91.15412272291466,22.10849,0.005531311,-0.88629913,1013.3672,24.793213,0.31,1.542449,0.6417036,0.61511993,0.45691097,0.88631636
2014-05-12,MIEL1,Caldas,57.78,129028000.0,166880000.0,77.31783317353788,22.512787,0.32828903,-0.47262573,1012.0253,24.859497,0.31,0.06914139,0.0320673,0.015377998,0.43468294,0.57545525
2014-05-13,MIEL1,Caldas,58.26,115315000.0,166880000.0,69.10055129434323,23.389557,0.11843872,0.49621582,1010.40857,24.7753,0.31,0.07534027,0.022053719,0.004529953,0.42636654,0.5101547
2014-05-14,MIEL1,Caldas,58.940000000000005,115792000.0,166880000.0,69.38638542665389,24.272491,0.10418701,-0.09811783,1010.0745,24.69925,0.31,0.0,0.018119812,0.0,0.40633297,0.14311548
2014-05-15,MIEL1,Caldas,59.31999999999999,106130000.0,166880000.0,63.59659635666347,24.197601,0.011238098,-0.6165619,1012.5031,24.729675,0.31,0.16224384,0.044226646,0.025391579,0.40228465,0.6166643
2014-05-16,MIEL1,Caldas,59.36,97721000.0,166880000.0,58.55764621284756,23.712433,-0.10909653,-0.08043671,1011.65607,24.582123,0.31,0.030755997,0.023782253,0.004529953,0.39821,0.13554378
2014-05-17,MIEL1,Caldas,58.040000000000006,94310000.0,166880000.0,56.51366251198466,22.915802,0.04109192,-0.5195236,1011.5728,24.570404,0.31,0.16248226,0.043690205,0.024139881,0.40993518,0.5211462
2014-05-18,MIEL1,Caldas,58.99,77320000.0,166880000.0,46.332694151486095,23.020111,0.17556,0.1319046,1011.4789,24.534363,0.31,0.0936985,0.02938509,0.009357929,0.43110687,0.21959084
2014-05-19,MIEL1,Caldas,60.0,70711000.0,166880000.0,42.37236337488015,24.158478,-0.062339783,0.15768433,1011.655,24.511322,0.31,0.002026558,0.020444393,0.00011920929,0.4049905,0.16956
2014-05-20,MIEL1,Caldas,58.830000000000005,69708000.0,166880000.0,41.77133269415149,23.784515,0.29536438,-0.214077,1011.5144,24.679382,0.31,0.0,0.020503998,0.0,0.3854078,0.36478633
2014-05-21,MIEL1,Caldas,59.78,84663000.0,166880000.0,50.732861936720994,23.18332,-0.1594925,-0.6961975,1012.8964,25.056305,0.31,0.6300211,0.13750792,0.11667609,0.3993796,0.71423304
2014-05-22,MIEL1,Caldas,58.830000000000005,111926000.0,166880000.0,67.06975071907958,23.964508,0.64025116,-0.0966301,1011.9861,24.95877,0.31,0.0150203705,0.022828579,0.0017881393,0.40400758,0.64750206
2014-05-23,MIEL1,Caldas,59.85,123352000.0,166880000.0,73.91658676893577,22.64566,0.2643776,-0.7301178,1013.0017,24.806274,0.31,0.15580654,0.047147274,0.025808811,0.40407258,0.7765098
2014-05-24,MIEL1,Caldas,58.63,151446000.0,166880000.0,90.75143815915628,23.08023,-0.0912323,-0.28780365,1012.84076,24.760101,0.31,0.330925,0.06335974,0.04172325,0.41157955,0.30191767
2014-05-25,MIEL1,Caldas,56.46,107742000.0,166880000.0,64.56255992329818,23.748444,-0.017616272,-0.077632904,1011.6353,24.644196,0.31,0.005841255,0.02193451,0.0004172325,0.39127755,0.07960654
2014-05-26,MIEL1,Caldas,56.05,100846000.0,166880000.0,60.43024928092042,23.722809,-0.043224335,-0.31713486,1012.29,24.73764,0.31,0.020623207,0.023782253,0.0023245811,0.37724823,0.32006696
2014-05-27,MIEL1,Caldas,57.45,117194000.0,166880000.0,70.22651006711409,23.168549,-0.012805939,0.2538376,1012.78326,24.657745,0.31,0.012040138,0.022172928,0.00047683716,0.37183267,0.2541604
2014-05-28,MIEL1,Caldas,57.67,85716000.0,166880000.0,51.36385426653883,23.463165,-0.063697815,-0.00838089,1011.97064,24.526459,0.31,0.0011920929,0.02169609,0.00017881393,0.36249328,0.064246796
2014-05-29,MIEL1,Caldas,57.37,109916000.0,166880000.0,65.86529242569512,23.27475,0.2532959,-0.39676285,1012.03265,24.534576,0.31,0.103116035,0.035643578,0.014126301,0.3642254,0.47072238
2014-05-30,MIEL1,Caldas,56.46,103974000.0,166880000.0,62.30465004793864,21.907135,0.117435455,-0.23261261,1012.23016,24.411865,0.31,0.26535988,0.039815903,0.018119812,0.40919405,0.26057574
2014-05-31,MIEL1,Caldas,55.36,102188000.0,166880000.0,61.23441994247364,24.161224,0.03427887,0.09133148,1010.795,24.31018,0.31,0.0017881393,0.021457672,0.0,0.3863478,0.097552456
2014-06-01,MIEL1,Caldas,56.76,97305000.0,118640000.0,82.0170262980445,23.966156,-0.101371765,0.04914093,1010.33545,24.240295,0.23,0.017166138,0.021606684,0.00035762787,0.3698382,0.11265463
2014-06-02,MIEL1,Caldas,57.74,65346000.0,118640000.0,55.07923128792987,23.615814,-0.20842743,0.01914215,1010.16266,24.41623,0.23,0.0013113022,0.021219254,0.0,0.35687286,0.2093046
2014-06-03,MIEL1,Caldas,58.46,55146000.0,118640000.0,46.481793661496965,23.797638,-0.08706665,-0.2564354,1010.2422,24.495148,0.23,0.035762787,0.025510788,0.0042915344,0.34285605,0.27081308
2014-06-04,MIEL1,Caldas,59.540000000000006,78765000.0,118640000.0,66.38991908293998,24.427826,-0.16357422,-0.041023254,1009.2392,24.526947,0.23,0.023841858,0.022113323,0.0010728836,0.3351992,0.16863994
2014-06-05,MIEL1,Caldas,59.05,55376000.0,118640000.0,46.67565745111261,23.863556,-0.25128937,-0.24322128,1009.20825,24.518188,0.23,0.009536743,0.021457672,0.00047683716,0.32750154,0.34971836
2014-06-06,MIEL1,Caldas,58.15,53694000.0,118640000.0,45.25792312879299,23.607513,-0.114234924,0.2313652,1009.2395,24.33841,0.23,0.024795532,0.02169609,0.00071525574,0.32165882,0.25803
2014-06-07,MIEL1,Caldas,56.37,48521000.0,118640000.0,40.89767363452461,23.487213,0.08874893,0.23625946,1010.1361,24.130585,0.23,0.0,0.020980835,0.0,0.31508318,0.2523785
2014-06-08,MIEL1,Caldas,56.87,46401000.0,118640000.0,39.110755225893456,22.967804,-0.10009384,-0.019916534,1011.2438,24.268799,0.23,0.0,0.020503998,0.0,0.30549073,0.102056086
2014-06-09,MIEL1,Caldas,57.37,41787000.0,118640000.0,35.221679028995275,24.222626,0.023475647,0.12804031,1011.0542,24.486938,0.23,0.03218651,0.020563602,0.0004172325,0.2964864,0.1301746
2014-06-10,MIEL1,Caldas,58.3,73503000.0,118640000.0,61.95465273095078,23.942474,-0.060562134,0.22856903,1012.2486,24.433502,0.23,0.0013113022,0.020086765,0.00011920929,0.28803876,0.23645629
2014-06-11,MIEL1,Caldas,58.59,43963000.0,118640000.0,37.05579905596763,23.86496,0.014530182,0.32909012,1011.2533,24.359344,0.23,0.0,0.019729137,0.0,0.28232688,0.32941073
2014-06-12,MIEL1,Caldas,58.79,39973000.0,118640000.0,33.69268374915711,24.347809,-0.061023712,0.09876633,1010.2576,24.350433,0.23,0.0,0.019431114,0.0,0.2739927,0.11609772
2014-06-13,MIEL1,Caldas,59.23,37711000.0,118640000.0,31.786075522589343,24.628265,0.107177734,0.185009,1010.34985,24.298431,0.23,0.0,0.019073486,0.0,0.26347637,0.21381159
2014-06-14,MIEL1,Caldas,59.56,36049000.0,118640000.0,30.385198921105864,24.303986,0.16661835,0.18240738,1010.59186,24.305878,0.23,0.0,0.018715858,0.0,0.2555267,0.24705087
2014-06-15,MIEL1,Caldas,59.93000000000001,34985000.0,118640000.0,29.488368172623066,24.264557,-0.48884583,0.29026031,1011.1353,24.33844,0.23,0.059604645,0.018835068,0.00035762787,0.25618118,0.56852555
2014-06-16,MIEL1,Caldas,59.98,32833000.0,118640000.0,27.67447741065408,24.40866,-0.17737961,0.39319992,1011.0517,24.42984,0.23,0.0,0.018119812,0.0,0.2494433,0.43135798
2014-06-17,MIEL1,Caldas,59.69,31640000.0,118640000.0,26.66891436277815,23.582611,-0.015712738,0.5093193,1011.27435,24.592377,0.23,0.0,0.01770258,0.0,0.24028943,0.5095616
2014-06-18,MIEL1,Caldas,58.37,30713000.0,118640000.0,25.887559002022925,24.483856,-0.049232483,0.4225235,1012.1852,24.736877,0.23,0.0,0.017404556,0.0,0.23135617,0.4253821
2014-06-19,MIEL1,Caldas,58.59,29621000.0,118640000.0,24.96712744436952,24.019073,-0.12312698,0.8907623,1012.563,24.855408,0.23,0.0,0.017106533,0.0,0.22681846,0.8992318
2014-06-20,MIEL1,Caldas,58.79,28717000.0,118640000.0,24.20515846257586,23.813324,0.12897491,1.0043335,1011.9478,24.52005,0.23,0.0,0.016748905,0.0,0.21988475,1.0125811
2014-06-21,MIEL1,Caldas,59.01,28185000.0,118640000.0,23.756743088334456,23.824066,-0.13197708,0.33872986,1011.21655,24.170868,0.23,0.0,0.016391277,0.0,0.21483234,0.36353248
2014-06-22,MIEL1,Caldas,59.21,28580000.0,118640000.0,24.08968307484828,24.386261,-0.03372574,0.39606857,1010.622,23.983398,0.23,0.0,0.016093254,0.0,0.2160717,0.3975019
2014-06-23,MIEL1,Caldas,59.4,27139000.0,118640000.0,22.87508428860418,24.504486,-0.17320251,0.34947968,1010.61096,23.785736,0.23,0.0,0.015974045,0.0,0.21578093,0.39004505
2014-06-24,MIEL1,Caldas,59.51,42146000.0,118640000.0,35.52427511800404,24.175568,-0.25204468,0.44184875,1012.65894,23.590546,0.23,0.0,0.015377998,0.0,0.21165444,0.5086815
2014-06-25,MIEL1,Caldas,61.05,107204000.0,118640000.0,90.36075522589346,23.804596,-0.46679306,0.28538513,1012.9416,23.449219,0.23,0.00047683716,0.015318394,0.0,0.20848139,0.5471201
2014-06-26,MIEL1,Caldas,58.66,51127000.0,118640000.0,43.09423465947404,24.50943,-0.10951233,0.54457474,1012.2356,23.256195,0.23,0.0052452087,0.015258789,0.0003874302,0.20493388,0.5554769
2014-06-27,MIEL1,Caldas,56.330000000000005,33781000.0,118640000.0,28.473533378287257,25.439667,-0.228199,0.30626678,1011.9924,23.36679,0.23,0.0,0.014543533,0.0,0.1991644,0.3819347
2014-06-28,MIEL1,Caldas,56.49999999999999,54411000.0,118640000.0,45.86227242076871,24.79715,-0.38002014,-0.06945038,1013.65735,23.48581,0.23,0.008225441,0.014364719,0.00011920929,0.19716445,0.3863142
2014-06-29,MIEL1,Caldas,56.46,37209000.0,118640000.0,31.36294672960216,25.222992,-0.19234467,0.65872955,1012.8583,23.634644,0.23,0.0,0.013828278,0.0,0.19683614,0.6862369
2014-06-30,MIEL1,Caldas,56.49999999999999,31450000.0,118640000.0,26.508766014834794,24.721466,-0.14808273,0.31293488,1011.40546,23.7695,0.23,0.0,0.013709068,0.0,0.19398636,0.3462033
2014-07-01,MIEL1,Caldas,56.24,28877000.0,82210000.0,35.125897092811094,24.869293,-0.32344055,-0.062236786,1011.5533,23.89859,0.1,0.0,0.013232231,0.0,0.19437522,0.32937396
2014-07-02,MIEL1,Caldas,56.26,38560000.0,82210000.0,46.90426955358229,25.180634,-0.18480682,-0.093250275,1012.2456,23.907135,0.1,0.09059906,0.013411045,0.00047683716,0.19690491,0.20700042
2014-07-03,MIEL1,Caldas,55.57,28455000.0,82210000.0,34.61257754531079,26.115753,-0.29445267,0.23345566,1012.26544,23.916351,0.1,0.0,0.01257658,0.0,0.1963703,0.3757711
2014-07-04,MIEL1,Caldas,55.38,40742000.0,82210000.0,49.55844787738718,25.710968,-0.22913742,0.31720734,1012.82983,23.88736,0.1,0.0,0.0123381615,0.0,0.1955607,0.3913112
2014-07-05,MIEL1,Caldas,55.510000000000005,30473000.0,82210000.0,37.06726675586911,25.537994,-0.31806183,0.3285904,1012.5745,23.61966,0.1,0.03182888,0.013887882,0.0019669533,0.19410385,0.45731276
2014-07-06,MIEL1,Caldas,55.720000000000006,29395000.0,82210000.0,35.755990755382555,25.283722,-0.12459564,-0.07922745,1011.70905,23.21933,0.1,0.00071525574,0.01180172,5.9604645e-05,0.19123961,0.14765182
2014-07-07,MIEL1,Caldas,54.91,30117000.0,82210000.0,36.63422941248024,24.554718,-0.30814743,0.100875854,1012.4392,23.046295,0.1,0.0,0.011384487,0.0,0.19018972,0.32423878
2014-07-08,MIEL1,Caldas,54.44,30312000.0,82210000.0,36.87142683371852,25.1409,-0.5115013,0.50780106,1012.9197,23.427582,0.1,0.002026558,0.011265278,0.0,0.18833382,0.72076035
2014-07-09,MIEL1,Caldas,54.38,26574000.0,82210000.0,32.32453472813526,24.486176,-0.24217987,0.666832,1011.53156,24.173676,0.1,0.0,0.010967255,0.0,0.1886703,0.7094476
2014-07-10,MIEL1,Caldas,54.35,24431000.0,82210000.0,29.71779588857803,25.421722,-0.26961136,0.6320305,1010.7933,23.492584,0.1,0.0,0.010728836,0.0,0.1894948,0.6871338
2014-07-11,MIEL1,Caldas,54.21,23613000.0,82210000.0,28.7227831164092,24.569122,-0.017105103,0.9192314,1010.0433,23.383392,0.1,0.0,0.010430813,0.0,0.18771224,0.91939056
2014-07-12,MIEL1,Caldas,54.14,22976000.0,82210000.0,27.947938207030777,25.504364,-0.17189789,0.8812523,1010.6188,23.308624,0.1,0.00011920929,0.01013279,0.0,0.18546745,0.89786106
2014-07-13,MIEL1,Caldas,54.06,22418000.0,82210000.0,27.269188663179666,25.768402,-0.16231918,0.7830925,1011.16675,23.361633,0.1,0.0,0.009953976,0.0,0.18506321,0.79973835
2014-07-14,MIEL1,Caldas,53.95,21874000.0,82210000.0,26.607468677776424,25.29245,-0.30736923,0.7587204,1011.8736,23.294708,0.1,0.0,0.009715557,0.0,0.18493226,0.8186162
2014-07-15,MIEL1,Caldas,53.84,21262000.0,82210000.0,25.863033694197785,24.792023,-0.27782822,0.56142044,1012.6181,23.043427,0.1,0.0,0.009417534,0.0,0.1838718,0.62640357
2014-07-16,MIEL1,Caldas,53.67,20878000.0,82210000.0,25.395937233913152,24.949127,-0.26938248,0.4898529,1012.8173,22.87851,0.1,0.0,0.009000301,0.0,0.18371123,0.5590374
2014-07-17,MIEL1,Caldas,53.13,20426000.0,82210000.0,24.846125775453107,25.000824,-0.15003586,0.6035156,1012.1889,22.78897,0.1,0.0,0.008702278,0.0,0.18342985,0.6218857
2014-07-18,MIEL1,Caldas,52.87,19965000.0,82210000.0,24.285366743705143,24.86618,-0.14540482,0.45811462,1012.73706,22.852661,0.1,0.0,0.0086426735,0.0,0.18304586,0.48063663
2014-07-19,MIEL1,Caldas,52.92,19729000.0,82210000.0,23.99829704415521,25.087128,-0.147892,0.69836426,1011.585,22.78543,0.1,0.0,0.00846386,0.0,0.18275215,0.713852
2014-07-20,MIEL1,Caldas,52.73,19584000.0,82210000.0,23.82191947451648,24.127716,-0.12762451,0.60863876,1011.4975,22.507172,0.1,0.0,0.008165836,0.0,0.18263438,0.6218755
2014-07-21,MIEL1,Caldas,52.6,19430000.0,82210000.0,23.63459433158983,25.38028,-0.24058533,0.24131393,1011.1103,22.433167,0.1,0.0,0.008106232,0.0,0.18213454,0.34075463
2014-07-22,MIEL1,Caldas,52.52,19500000.0,82210000.0,23.719742123829217,26.39737,-0.41187286,0.5371437,1010.6756,22.296143,0.1,0.0,0.0076293945,0.0,0.18217325,0.67687714
2014-07-23,MIEL1,Caldas,51.24,18917000.0,82210000.0,23.010582654178325,25.59201,-0.20284653,0.33205795,1010.5539,22.167023,0.1,0.0,0.00756979,0.0,0.18274555,0.38911334
2014-07-24,MIEL1,Caldas,51.16,18727000.0,82210000.0,22.779467218099988,25.621185,-0.11912155,0.460701,1010.1192,21.759644,0.1,0.0,0.007390976,0.0,0.18279439,0.47585222
2014-07-25,MIEL1,Caldas,51.080000000000005,18651000.0,82210000.0,22.68702104366865,26.093658,-0.23016739,0.47838593,1010.2439,21.461853,0.1,0.0,0.0070929527,0.0,0.18286832,0.53087676
2014-07-26,MIEL1,Caldas,50.85,18642000.0,82210000.0,22.67607347038073,25.706573,-0.17824936,0.2363472,1010.8152,21.374207,0.1,0.0,0.006735325,0.0,0.184205,0.29602844
2014-07-27,MIEL1,Caldas,50.63999999999999,18474000.0,82210000.0,22.471718769006205,25.927399,-0.3047409,-0.42245483,1012.89575,21.182922,0.1,0.0,0.006735325,0.0,0.18329489,0.5208984
2014-07-28,MIEL1,Caldas,49.47,18407000.0,82210000.0,22.39022016786279,26.27304,-0.1722374,0.4717102,1012.61017,21.066376,0.1,0.0035762787,0.006556511,0.0,0.18216673,0.5021715
2014-07-29,MIEL1,Caldas,48.21,18067000.0,82210000.0,21.97664517698577,25.694916,-0.17413712,0.38567352,1011.8156,21.143372,0.1,0.0,0.0061392784,0.0,0.1813291,0.423164
2014-07-30,MIEL1,Caldas,47.24,17890000.0,82210000.0,21.76134290232332,25.514252,-0.47219467,0.6739807,1012.71014,20.860657,0.1,0.0,0.0059604645,0.0,0.18028146,0.8229325
2014-07-31,MIEL1,Caldas,47.1,17541000.0,82210000.0,21.336820338158372,25.256317,-0.24782181,0.5327492,1011.5622,20.834076,0.1,0.0,0.006020069,0.0,0.17987992,0.587569
2014-08-01,MIEL1,Caldas,46.8,17529000.0,82310000.0,21.296318794800147,25.241974,-0.16919327,0.51379013,1009.77313,21.212769,0.11,0.0,0.005722046,0.0,0.17962894,0.5409313
2014-08-02,MIEL1,Caldas,46.54,17480000.0,82310000.0,21.236787753614383,25.652435,-0.4390831,0.3872757,1010.97675,21.518646,0.11,0.0,0.005543232,0.0,0.18025397,0.5854711
2014-08-03,MIEL1,Caldas,45.28,17447000.0,82310000.0,21.196695419754587,25.192963,-0.38674927,-0.18950272,1012.51404,21.596985,0.11,0.0,0.0053048134,0.0,0.18123367,0.43068117
2014-08-04,MIEL1,Caldas,45.01,17243000.0,82310000.0,20.94885190134856,24.797821,-0.23797607,-0.7544365,1013.1278,21.952423,0.11,0.008583069,0.005364418,0.00011920929,0.18212721,0.7910797
2014-08-05,MIEL1,Caldas,44.65,17092000.0,82310000.0,20.765399100959787,24.848236,-0.3808365,0.38235474,1012.6795,22.123596,0.11,0.0071525574,0.005364418,0.0,0.18636888,0.5396588
2014-08-06,MIEL1,Caldas,44.48,16897000.0,82310000.0,20.528489855424613,25.78305,-0.51898193,0.3130989,1012.6136,22.026642,0.11,0.0,0.0051259995,0.0,0.18462586,0.60611314
2014-08-07,MIEL1,Caldas,44.2,16748000.0,82310000.0,20.347466893451585,25.683197,-0.69041824,0.058597565,1012.5623,21.749664,0.11,0.0,0.00500679,0.0,0.18321356,0.6929005
2014-08-08,MIEL1,Caldas,43.99,18011000.0,82310000.0,21.881909852994777,24.407257,-0.48126984,-0.35315323,1013.4509,21.806824,0.11,0.014305115,0.004887581,0.0,0.18591653,0.5969404
2014-08-09,MIEL1,Caldas,43.91,16595000.0,82310000.0,20.161584254647067,25.339203,-0.22036362,0.50671387,1012.20844,21.847473,0.11,0.00011920929,0.0046491623,0.0,0.18724823,0.5525568
2014-08-10,MIEL1,Caldas,43.830000000000005,16324000.0,82310000.0,19.83234114931357,25.463715,-0.79081726,-0.41986847,1012.08093,21.8544,0.11,0.0047683716,0.0046491623,0.0,0.18729271,0.89536667
2014-08-11,MIEL1,Caldas,43.75,16797000.0,82310000.0,20.406997934637342,25.717316,-0.5724373,-0.3535881,1012.0058,21.7948,0.11,0.13303757,0.0053048134,0.0009536743,0.19200762,0.6728365
2014-08-12,MIEL1,Caldas,43.6,44443000.0,82310000.0,53.99465435548536,24.861053,-0.47546387,-0.27349472,1012.64825,21.784393,0.11,0.017166138,0.004529953,0.00017881393,0.19294901,0.54851186
2014-08-13,MIEL1,Caldas,43.36,17427000.0,82310000.0,21.17239703559713,25.120453,-0.6245308,-0.12525177,1012.4842,21.714508,0.11,0.0,0.0041127205,0.0,0.18913972,0.6369668
2014-08-14,MIEL1,Caldas,42.96,17189000.0,82310000.0,20.88324626412344,24.822968,-0.2532158,0.19514847,1012.65466,21.800415,0.11,0.0,0.004053116,0.0,0.18120982,0.31968915
2014-08-15,MIEL1,Caldas,41.65,16284000.0,82310000.0,19.783744380998662,25.384369,-0.23833466,0.6860428,1010.7477,21.978455,0.11,0.0,0.004172325,0.0,0.1814434,0.7262631
2014-08-16,MIEL1,Caldas,41.28,16005000.0,82310000.0,19.444781922002186,25.932098,-0.37389374,0.5129051,1011.6089,22.13388,0.11,0.0,0.0038146973,0.0,0.18165916,0.63471895
2014-08-17,MIEL1,Caldas,41.19,15801000.0,82310000.0,19.19693840359616,25.943756,-0.62845993,0.5870743,1011.2578,22.055359,0.11,0.0,0.0038146973,0.0,0.18120614,0.8600105
2014-08-18,MIEL1,Caldas,41.0,15703000.0,82310000.0,19.07787632122464,25.746918,-0.44895172,0.54571915,1011.04297,21.803375,0.11,0.0,0.003695488,0.0,0.18020396,0.7066591
2014-08-19,MIEL1,Caldas,40.77,15526000.0,82310000.0,18.862835621431177,24.521881,-0.6440773,0.13880539,1011.72217,21.779022,0.11,0.00047683716,0.0035762787,0.0,0.1796553,0.65886456
2014-08-20,MIEL1,Caldas,40.53,15333000.0,82310000.0,18.628356214311747,25.428864,-0.49957657,0.21472168,1012.1334,21.938171,0.11,0.00071525574,0.0033974648,0.0,0.17913222,0.5437666
2014-08-21,MIEL1,Caldas,40.05,15097000.0,82310000.0,18.3416352812538,25.638031,-0.14096832,0.18624115,1012.23596,22.415253,0.11,0.0,0.0033974648,0.0,0.17796507,0.23357618
2014-08-22,MIEL1,Caldas,39.3,15031000.0,82310000.0,18.2614506135342,25.472443,-0.17892838,0.27945328,1010.9886,22.350525,0.11,0.0,0.00333786,0.0,0.17838609,0.3318275
2014-08-23,MIEL1,Caldas,38.95,16165000.0,82310000.0,19.639168995261816,23.46463,-0.06397629,-0.92225647,1012.2395,22.170044,0.11,0.18942356,0.0063180923,0.0030398369,0.21131544,0.9244728
2014-08-24,MIEL1,Caldas,38.97,22619000.0,82310000.0,27.48025756287207,24.238922,-0.4346962,-0.762043,1011.3152,21.9859,0.11,0.1591444,0.008285046,0.0051259995,0.2817425,0.87730855
2014-08-25,MIEL1,Caldas,38.54,16056000.0,82310000.0,19.506742801603693,23.735382,-0.26464462,-0.7312622,1010.6039,21.786102,0.11,0.1680851,0.004529953,0.0014901161,0.29258728,0.7776768
2014-08-26,MIEL1,Caldas,38.45,15628000.0,82310000.0,18.986757380634188,23.7034,-0.019618988,-0.080574036,1011.8917,21.494629,0.11,0.020980835,0.004053116,0.0009536743,0.32717448,0.08292816
2014-08-27,MIEL1,Caldas,38.37,15202000.0,82310000.0,18.46920179808043,23.98294,-0.31093216,-0.62997437,1012.7092,21.042389,0.11,0.004053116,0.0029802322,5.9604645e-05,0.2955828,0.70252866
2014-08-28,MIEL1,Caldas,38.04,22861000.0,82310000.0,27.774268011177256,22.835175,-0.17659378,-0.85588455,1013.33936,20.9404,0.11,0.23663044,0.005722046,0.0028014183,0.31563205,0.8739129
2014-08-29,MIEL1,Caldas,37.38,16271000.0,82310000.0,19.76795043129632,24.868744,0.023479462,0.08367157,1012.4872,21.392181,0.11,0.0013113022,0.0029802322,0.00011920929,0.29749167,0.08690349
2014-08-30,MIEL1,Caldas,36.74,15018000.0,82310000.0,18.245656663831856,25.045135,-0.018047333,0.3812065,1013.1186,21.367645,0.11,0.00333786,0.002861023,0.0,0.27515328,0.3816335
2014-08-31,MIEL1,Caldas,36.61,14359000.0,82310000.0,17.445024905843763,24.915314,0.026679993,0.44892883,1011.1902,20.832123,0.11,0.0,0.0028014183,0.0,0.2546605,0.44972095
2014-09-01,MIEL1,Caldas,35.09,14096000.0,111700000.0,12.619516562220232,25.747711,-0.002357483,0.32009506,1010.40485,20.759735,0.28,0.0,0.0028014183,0.0,0.2380934,0.32010373
2014-09-02,MIEL1,Caldas,34.39,15774000.0,111700000.0,14.121754700089523,25.610626,0.12582016,-0.28987122,1010.9309,21.000793,0.28,0.007390976,0.0028014183,0.0,0.22800373,0.31600004
2014-09-03,MIEL1,Caldas,33.32,15384000.0,111700000.0,13.772605192479856,24.94394,-0.5038147,-0.3189926,1010.937,21.042725,0.28,0.48327446,0.006735325,0.0039339066,0.26077545,0.5963099
2014-09-04,MIEL1,Caldas,33.14,27388000.0,111700000.0,24.51924798567592,24.611603,-0.7211609,-0.39722824,1011.9366,20.891632,0.28,0.10359287,0.004827976,0.0022053719,0.28510207,0.82332456
2014-09-05,MIEL1,Caldas,32.440000000000005,14956000.0,111700000.0,13.389435989256937,25.774567,-0.34746552,-0.03433609,1012.005,20.647491,0.28,0.014424324,0.0032186508,0.00047683716,0.26769337,0.34915793
2014-09-06,MIEL1,Caldas,31.96,14142000.0,111700000.0,12.66069829901522,24.944916,-0.24376297,-0.3778801,1010.51904,20.245728,0.28,0.01680851,0.002682209,0.00017881393,0.2507337,0.44968185
2014-09-07,MIEL1,Caldas,31.730000000000004,14119000.0,111700000.0,12.640107430617723,24.891754,-0.01304245,0.6507149,1009.97626,20.04477,0.28,0.0,0.0023841858,0.0,0.2366201,0.6508456
2014-09-08,MIEL1,Caldas,31.16,13983000.0,111700000.0,12.518352730528202,25.270172,-0.25735092,0.5094986,1010.8831,20.09317,0.28,0.0,0.0023841858,0.0,0.22583655,0.57080495
2014-09-09,MIEL1,Caldas,30.53,13945000.0,111700000.0,12.48433303491495,24.583038,-0.07517624,0.14601135,1010.72766,20.067688,0.28,0.0,0.0023841858,0.0,0.2169386,0.16422783
2014-09-10,MIEL1,Caldas,29.75,15343000.0,111700000.0,13.735899731423457,25.702606,-0.3480606,-0.610302,1009.8053,19.970673,0.28,0.010848045,0.002503395,5.9604645e-05,0.21443604,0.7025772
2014-09-11,MIEL1,Caldas,29.5,17268000.0,111700000.0,15.459265890778871,23.53299,-0.18798828,-0.734848,1010.7047,20.24588,0.28,0.49316883,0.007748604,0.005543232,0.31022367,0.7585125
2014-09-12,MIEL1,Caldas,29.99,53061000.0,111700000.0,47.50313339301701,23.536469,-0.18238449,-0.100730896,1011.1167,20.314331,0.28,1.0778904,0.07110834,0.068843365,0.3987548,0.20835263
2014-09-13,MIEL1,Caldas,31.66,94377000.0,111700000.0,84.49149507609668,24.204926,-0.45601273,-0.6870613,1011.1456,19.668304,0.28,0.015258789,0.0029206276,0.0006556511,0.34889916,0.8246216
2014-09-14,MIEL1,Caldas,31.87,28495000.0,111700000.0,25.51029543419875,23.810272,-0.25242615,-0.40732574,1011.9114,19.89209,0.28,0.19717216,0.0045895576,0.0023245811,0.32447693,0.4792006
2014-09-15,MIEL1,Caldas,32.029999999999994,46245000.0,111700000.0,41.40107430617726,23.639374,-0.7146263,-0.53253937,1014.26764,20.268494,0.28,0.10955334,0.005275011,0.0032186508,0.32767355,0.8912289
2014-09-16,MIEL1,Caldas,31.75,23966000.0,111700000.0,21.455684870188005,24.918488,-0.24460602,-0.4327469,1013.3748,20.628326,0.28,0.004887581,0.0023841858,0.00023841858,0.30653507,0.49709353
2014-09-17,MIEL1,Caldas,32.37,52515000.0,111700000.0,47.01432408236347,24.5018,-0.1051445,-0.683815,1012.84344,20.986237,0.28,0.11718273,0.0032186508,0.0013709068,0.30088168,0.6918514
2014-09-18,MIEL1,Caldas,33.739999999999995,87253000.0,111700000.0,78.11369740376007,22.632843,-0.20136642,-0.2632408,1013.37,21.179382,0.28,0.2963543,0.012636185,0.010788441,0.3521363,0.33142745
2014-09-19,MIEL1,Caldas,34.34,40431000.0,111700000.0,36.19606087735004,23.127716,-0.033683777,-0.47827148,1011.9869,21.671844,0.28,0.3876686,0.012040138,0.010192394,0.35558006,0.47945616
2014-09-20,MIEL1,Caldas,35.0,45781000.0,111700000.0,40.98567591763653,22.650421,0.09881973,-0.6475601,1013.2488,21.727936,0.28,0.85413456,0.08034706,0.07838011,0.43737835,0.65505683
2014-09-21,MIEL1,Caldas,35.85,48499000.0,111700000.0,43.4189794091316,22.532257,0.0876503,-0.5302429,1013.6364,21.812592,0.28,0.5594492,0.044941902,0.025868416,0.43630219,0.53743845
2014-09-22,MIEL1,Caldas,36.92,67314000.0,111700000.0,60.26320501342882,23.409637,0.15161133,-0.3343506,1013.1975,21.910858,0.28,0.02193451,0.0027418137,0.0006556511,0.40478054,0.36711892
2014-09-23,MIEL1,Caldas,38.28,80648000.0,111700000.0,72.20053715308863,22.054474,-0.027633667,-0.85214996,1012.86346,21.726807,0.28,2.0725727,0.36025047,0.33587217,0.44353196,0.8525979
2014-09-24,MIEL1,Caldas,39.36,67359000.0,111700000.0,60.3034914950761,23.81314,0.2596779,-0.42127228,1012.985,21.56485,0.28,0.022053719,0.0036358833,0.00166893,0.4256661,0.49487668
2014-09-25,MIEL1,Caldas,39.32,63244000.0,111700000.0,56.61951656222023,24.714142,-0.115543365,-0.515007,1011.7603,21.310608,0.28,0.0044107437,0.002026558,5.9604645e-05,0.4022723,0.52780914
2014-09-26,MIEL1,Caldas,41.04,126147000.0,111700000.0,112.93375111906894,22.565033,0.037410736,-0.7286682,1012.0531,21.13382,0.28,0.35953522,0.027954578,0.02604723,0.41789314,0.7296279
2014-09-27,MIEL1,Caldas,41.82,58504000.0,111700000.0,52.376007162041184,24.005646,-0.047317505,-0.44810867,1011.5095,21.266296,0.28,0.002503395,0.0019669533,5.9604645e-05,0.3938393,0.45059997
2014-09-28,MIEL1,Caldas,39.81,45387000.0,111700000.0,40.63294538943599,24.39505,-0.23119736,-0.0536232,1010.7955,21.452301,0.28,0.004053116,0.0021457672,0.00011920929,0.37598926,0.2373345
2014-09-29,MIEL1,Caldas,39.04,36552000.0,111700000.0,32.723366159355415,24.362152,-0.08855438,-0.052890778,1011.0083,21.631805,0.28,0.0064373016,0.0017881393,5.9604645e-05,0.3589251,0.103147045
2014-09-30,MIEL1,Caldas,37.41,29943000.0,111700000.0,26.806624888093104,24.014801,0.0026168823,-0.06920624,1010.8669,21.793365,0.28,0.0076293945,0.0017881393,5.9604645e-05,0.34234455,0.069255695
2014-10-01,MIEL1,Caldas,37.03,27583000.0,157740000.0,17.486369975909724,23.779327,-0.013496399,0.13286972,1011.1166,21.885925,0.54,0.00023841858,0.001847744,0.0,0.32658106,0.13355342
2014-10-02,MIEL1,Caldas,35.94,25489000.0,157740000.0,16.15886902497781,23.623383,0.012119293,0.34056473,1010.6903,22.252655,0.54,0.0,0.0017285347,0.0,0.31261408,0.34078032
2014-10-03,MIEL1,Caldas,35.32,23795000.0,157740000.0,15.084949917585902,23.80075,-0.04304886,0.18284225,1011.1061,22.495483,0.54,0.0,0.001847744,0.0,0.30015585,0.18784168
2014-10-04,MIEL1,Caldas,35.61,23280000.0,157740000.0,14.758463294028148,25.011078,-0.053390503,-0.6804924,1010.6456,22.46753,0.54,0.0,0.00166893,0.0,0.2893707,0.68258363
2014-10-05,MIEL1,Caldas,35.809999999999995,23102000.0,157740000.0,14.645619373652844,24.302032,0.35711288,-0.26487732,1009.79456,22.130493,0.54,0.14615059,0.008761883,0.006914139,0.3126525,0.44462296
2014-10-06,MIEL1,Caldas,35.54,22927000.0,157740000.0,14.534677317104094,24.077545,-0.1654129,-0.7221832,1010.96436,21.727692,0.54,0.14567375,0.015318394,0.013709068,0.3640807,0.74088466
2014-10-07,MIEL1,Caldas,36.52,73662000.0,157740000.0,46.69836439710917,23.669525,-0.26779938,-0.81165314,1011.65344,21.589783,0.54,0.048041344,0.0030398369,0.0013709068,0.36345887,0.8546913
2014-10-08,MIEL1,Caldas,39.28,108376000.0,157740000.0,68.70546468872828,22.351227,-0.113674164,-0.42996597,1012.1978,21.541077,0.54,0.26607513,0.028669834,0.027060509,0.41125947,0.44473875
2014-10-09,MIEL1,Caldas,43.13,162765000.0,157740000.0,103.1856219094713,21.052765,0.050121307,-0.65301895,1012.4161,21.461395,0.54,0.80657005,0.06467104,0.062823296,0.43749076,0.6549396
2014-10-10,MIEL1,Caldas,44.63,91460000.0,157740000.0,57.981488525421575,22.045807,-0.13045883,-0.6168747,1012.3939,21.37619,0.54,0.2657175,0.033915043,0.032246113,0.4323005,0.63051873
2014-10-11,MIEL1,Caldas,45.94,73402000.0,157740000.0,46.53353619880816,23.138275,0.107788086,0.1282196,1012.5048,21.321716,0.54,0.2412796,0.016748905,0.015199184,0.43575272,0.16750683
2014-10-12,MIEL1,Caldas,47.1,68318000.0,157740000.0,43.310510967414736,22.985992,-0.07787323,-0.1551094,1011.90515,21.482483,0.54,0.013589859,0.0019669533,0.00011920929,0.40955013,0.17356026
2014-10-13,MIEL1,Caldas,47.34,115197000.0,157740000.0,73.02966907569419,24.608063,-0.4390869,-0.28864288,1011.52905,22.002838,0.54,0.008702278,0.0023841858,0.000834465,0.38980657,0.52546364
2014-10-14,MIEL1,Caldas,47.94,80761000.0,157740000.0,51.198808165335365,23.761261,0.047161102,-0.1894226,1012.54877,22.311676,0.54,0.011086464,0.0025629997,0.0009536743,0.37454158,0.19520526
2014-10-15,MIEL1,Caldas,48.33,74378000.0,157740000.0,47.15227589704577,24.170563,-0.21958923,-0.19992828,1013.21063,22.521637,0.54,0.00166893,0.0016093254,0.00011920929,0.35890615,0.29696926
2014-10-16,MIEL1,Caldas,48.73,63874000.0,157740000.0,40.4932166856853,24.53012,-0.31124878,0.16791916,1012.488,22.722473,0.54,0.009655952,0.0015497208,0.00011920929,0.34342718,0.3536561
2014-10-17,MIEL1,Caldas,48.84,76541000.0,157740000.0,48.523519715988336,24.157806,-0.02223587,-0.37987518,1012.08734,22.875214,0.54,0.002503395,0.0014305115,0.0,0.33033758,0.3805254
2014-10-18,MIEL1,Caldas,50.63999999999999,101391000.0,157740000.0,64.27729174591099,23.751923,0.18348694,-0.70378494,1012.96606,23.123596,0.54,0.051021576,0.004529953,0.00333786,0.3269038,0.7273106
2014-10-19,MIEL1,Caldas,50.6,116369000.0,157740000.0,73.77266387726638,21.778656,0.40534592,-0.041835785,1013.77563,23.08136,0.54,0.46241283,0.050842762,0.049352646,0.41063896,0.40749913
2014-10-20,MIEL1,Caldas,52.290000000000006,150450000.0,157740000.0,95.37847090148344,22.187103,0.22455215,-0.3469925,1013.34546,23.023773,0.54,0.079751015,0.0104904175,0.009059906,0.4100914,0.4133128
2014-10-21,MIEL1,Caldas,53.72,96743000.0,157740000.0,61.33067072397617,23.02774,0.21393585,-0.13285065,1011.95,23.00003,0.54,0.50389767,0.04762411,0.046133995,0.4277932,0.251829
2014-10-22,MIEL1,Caldas,54.63,109104000.0,157740000.0,69.1669836439711,23.082245,-0.088459015,-0.43756485,1012.59644,22.618256,0.54,0.00047683716,0.0015497208,5.9604645e-05,0.4052462,0.44641685
2014-10-23,MIEL1,Caldas,54.74,87601000.0,157740000.0,55.53505768986941,23.475311,0.2738495,-0.2044487,1011.3247,22.741638,0.54,0.00011920929,0.0013113022,0.0,0.38553974,0.34174964
2014-10-24,MIEL1,Caldas,56.05,81215000.0,157740000.0,51.48662355775326,23.017975,0.003112793,-0.9907036,1012.20874,22.72821,0.54,0.23400784,0.014841557,0.013440847,0.40328878,0.9907085
2014-10-25,MIEL1,Caldas,56.13,86065000.0,157740000.0,54.5613034106758,23.507294,0.1220932,-0.6578064,1012.8652,22.551239,0.54,0.51152706,0.030636787,0.029355288,0.42362073,0.6690411
2014-10-26,MIEL1,Caldas,56.2,125725000.0,157740000.0,79.70394319766704,21.978119,0.37817383,-0.7924118,1012.34644,22.399933,0.54,0.48065186,0.049591064,0.048279762,0.44386148,0.87802726
2014-10-27,MIEL1,Caldas,56.09,82956000.0,157740000.0,52.59033853176113,21.878021,0.11652374,-0.901207,1013.5041,22.650574,0.54,0.7172823,0.13911724,0.08377433,0.44005448,0.9087089
2014-10-28,MIEL1,Caldas,56.59,68822000.0,157740000.0,43.630024090275136,22.220367,0.37028503,-0.6313896,1012.97766,22.802368,0.54,0.015377998,0.0028014183,0.0015795231,0.42232966,0.7319589
2014-10-29,MIEL1,Caldas,56.2,84396000.0,157740000.0,53.50323316850514,22.676971,-0.3728943,-0.47350693,1011.9725,22.824493,0.54,0.28264523,0.016152859,0.014960766,0.4346078,0.60270965
2014-10-30,MIEL1,Caldas,55.87,88720000.0,157740000.0,56.24445289717256,22.640839,0.39974213,-0.7716141,1010.15875,22.842651,0.54,0.16188622,0.019848347,0.018417835,0.43666622,0.8690121
2014-10-31,MIEL1,Caldas,57.04,112081000.0,157740000.0,71.05426651451756,22.563324,-0.29189682,-0.6286659,1011.09204,23.144623,0.54,0.42521954,0.03784895,0.036537647,0.4473996,0.6931267
2014-11-01,MIEL1,Caldas,59.89,265506000.0,193200000.0,137.42546583850933,22.298065,0.090358734,-0.5054817,1013.46716,23.127655,0.71,0.34797192,0.06997585,0.05811453,0.44084674,0.5134944
2014-11-02,MIEL1,Caldas,59.91,117782000.0,193200000.0,60.96376811594203,22.930939,-0.11292648,-0.4270897,1013.6083,23.196167,0.71,0.021338463,0.0029206276,0.0016093254,0.42017365,0.4417669
2014-11-03,MIEL1,Caldas,59.47,90912000.0,193200000.0,47.05590062111801,23.692596,-0.21407318,-0.29054642,1010.7631,23.036316,0.71,0.07736683,0.01013279,0.008791685,0.40432775,0.3608941
2014-11-04,MIEL1,Caldas,60.49,113462000.0,193200000.0,58.727743271221534,23.633026,0.4683113,-0.43214798,1009.8666,22.873932,0.71,0.4043579,0.07688999,0.07557869,0.40995148,0.63723415
2014-11-05,MIEL1,Caldas,60.67,101025000.0,193200000.0,52.29037267080745,22.167938,-0.15737152,-0.6196022,1012.05347,22.81363,0.71,0.43213367,0.10061264,0.034213066,0.43611163,0.63927513
2014-11-06,MIEL1,Caldas,60.09,83745000.0,193200000.0,43.34627329192546,22.375763,0.27814102,-0.5312462,1012.9995,22.60495,0.71,0.32806396,0.06490946,0.06341934,0.44556212,0.599654
2014-11-07,MIEL1,Caldas,60.38,97804000.0,193200000.0,50.6231884057971,23.372772,0.16200638,-0.7514076,1011.9387,22.287598,0.71,0.16129017,0.04976988,0.04836917,0.44030282,0.76867384
2014-11-08,MIEL1,Caldas,60.62,99769000.0,193200000.0,51.64026915113872,22.913849,0.033382416,-0.7028694,1011.52954,22.126678,0.71,0.1680851,0.018119812,0.016838312,0.4362631,0.70366174
2014-11-09,MIEL1,Caldas,61.38,78858000.0,193200000.0,40.81677018633541,22.20047,-0.025405884,-0.81045914,1012.1819,22.094177,0.71,0.076293945,0.010311604,0.009119511,0.42915845,0.81085724
2014-11-10,MIEL1,Caldas,61.94,75423000.0,193200000.0,39.0388198757764,22.10788,0.026779175,-0.83238983,1012.4503,22.162018,0.71,1.1503696,0.37044287,0.36895275,0.44233328,0.8328205
2014-11-11,MIEL1,Caldas,63.24999999999999,157579000.0,193200000.0,81.56262939958592,22.637543,0.10247803,-0.38925552,1012.2045,22.3992,0.71,0.9763241,0.3067851,0.3055334,0.44775444,0.40251908
2014-11-12,MIEL1,Caldas,65.49000000000001,187042000.0,193200000.0,96.81262939958592,22.10434,0.3828888,-0.85233307,1012.4266,22.61972,0.71,0.32234192,0.059366226,0.058054924,0.44776332,0.93438506
2014-11-13,MIEL1,Caldas,68.28999999999999,179287000.0,193200000.0,92.79865424430642,21.493317,0.1277771,-0.7927246,1012.4558,22.750458,0.71,0.51784515,0.09709597,0.09575486,0.44365343,0.8029566
2014-11-14,MIEL1,Caldas,72.37,260679000.0,193200000.0,134.92701863354037,22.552948,0.11051178,-1.0300217,1012.91284,22.754517,0.71,2.461791,1.3651252,1.2686849,0.45428357,1.0359331
2014-11-15,MIEL1,Caldas,74.71,168997000.0,193200000.0,87.47256728778467,21.76413,-0.31342316,-0.6660309,1013.5555,22.774963,0.71,1.1708736,0.57941675,0.5699396,0.44035178,0.73609185
2014-11-16,MIEL1,Caldas,76.13,141077000.0,193200000.0,73.02122153209109,22.360321,-0.46374893,0.13392258,1013.4247,22.945526,0.71,0.027775764,0.004172325,0.002682209,0.42589998,0.482699
2014-11-17,MIEL1,Caldas,75.59,111062000.0,193200000.0,57.48550724637681,23.16623,0.07324982,-0.09086609,1011.76624,22.678558,0.71,0.0042915344,0.0014901161,0.00017881393,0.4099349,0.116714105
2014-11-18,MIEL1,Caldas,75.74,101923000.0,193200000.0,52.75517598343685,23.561615,0.2302475,-0.37399673,1012.35077,22.558594,0.71,0.07843971,0.007748604,0.0060796738,0.40982077,0.43918955
2014-11-19,MIEL1,Caldas,74.42,93151000.0,193200000.0,48.2148033126294,22.401154,0.09408569,-0.4091606,1012.8567,22.572998,0.71,0.20456314,0.030755997,0.029027462,0.42964467,0.4198387
2014-11-20,MIEL1,Caldas,74.81,83104000.0,193200000.0,43.01449275362319,22.231537,0.16379166,-0.3412552,1011.86597,22.583038,0.71,0.29444695,0.086545944,0.08493662,0.44138736,0.37852713
2014-11-21,MIEL1,Caldas,73.61999999999999,96054000.0,193200000.0,49.71739130434783,22.740204,0.115486145,-0.8077431,1012.71814,22.470062,0.71,0.2501011,0.069737434,0.06809831,0.4409726,0.81595707
2014-11-22,MIEL1,Caldas,73.11999999999999,128635000.0,193200000.0,66.58126293995859,22.36734,-0.19194794,-0.5539818,1012.64935,22.425934,0.71,0.30958652,0.095784664,0.09420514,0.44723892,0.5862933
2014-11-23,MIEL1,Caldas,74.64,102478000.0,193200000.0,53.0424430641822,23.990326,-0.19001007,-0.3548584,1010.90845,22.395447,0.71,0.35500526,0.16564131,0.16395748,0.43507373,0.4025274
2014-11-24,MIEL1,Caldas,74.4,85767000.0,193200000.0,44.392857142857146,23.446625,-0.02720642,-0.45916748,1010.48065,22.417084,0.71,0.06890297,0.01090765,0.009179115,0.41907,0.45997277
2014-11-25,MIEL1,Caldas,75.86,95461000.0,193200000.0,49.410455486542446,22.88919,0.19767761,-0.37029648,1011.08624,22.373016,0.71,0.050663948,0.010788441,0.008761883,0.42970008,0.41975698
2014-11-26,MIEL1,Caldas,78.86999999999999,164396000.0,193200000.0,85.09109730848861,21.457184,-0.0512352,-0.64757156,1012.1806,22.590607,0.71,0.49817562,0.19532442,0.19329786,0.4476723,0.64959526
2014-11-27,MIEL1,Caldas,80.83,115075000.0,193200000.0,59.56262939958592,22.049957,-0.30290222,-0.46219635,1012.1964,22.846954,0.71,0.11026859,0.029683113,0.027537346,0.43725115,0.55260766
2014-11-28,MIEL1,Caldas,80.36999999999999,93543000.0,193200000.0,48.41770186335403,23.671295,-0.15616608,-0.3296852,1010.3922,22.947632,0.71,0.01847744,0.0054836273,0.00333786,0.41914356,0.36480156
2014-11-29,MIEL1,Caldas,80.73,85218000.0,193200000.0,44.10869565217392,23.776947,-0.17805862,-0.12433624,1009.7019,22.972656,0.71,0.002026558,0.0028014183,0.00035762787,0.40650466,0.2171736
2014-11-30,MIEL1,Caldas,80.7,82305000.0,193200000.0,42.60093167701864,24.394379,-0.16270065,-0.06428528,1010.14575,22.843475,0.71,0.002503395,0.0023841858,0.0,0.39734903,0.17494027
2014-12-01,MIEL1,Caldas,79.82000000000001,72938000.0,172390000.0,42.30987876326933,24.999908,0.22644043,-0.27025223,1010.41064,22.609192,0.77,0.006914139,0.002861023,0.00032782555,0.38585657,0.3525784
2014-12-02,MIEL1,Caldas,79.52,64872000.0,172390000.0,37.63095307152387,23.877594,0.048488617,0.23588562,1008.28827,22.325653,0.77,0.01680851,0.0031590462,0.0007748604,0.37617832,0.24081773
2014-12-03,MIEL1,Caldas,80.53,60042000.0,172390000.0,34.829166424966644,23.602814,-0.1749878,-0.28186798,1007.9222,22.227753,0.77,0.0042915344,0.0029802322,0.00059604645,0.3655517,0.33176842
2014-12-04,MIEL1,Caldas,81.89,68984000.0,172390000.0,40.01624224142932,23.919098,-0.10847473,-0.4426422,1010.4944,22.305511,0.77,0.015854836,0.004529953,0.0021457672,0.35707936,0.45573995
2014-12-05,MIEL1,Caldas,83.89999999999999,94274000.0,172390000.0,54.686466732409066,22.721588,0.2369194,-0.58623505,1012.41095,22.372437,0.77,0.23066998,0.011265278,0.008583069,0.37628883,0.63229924
2014-12-06,MIEL1,Caldas,82.24000000000001,89108000.0,172390000.0,51.68977318870004,21.556366,0.43229294,-0.81985855,1012.4266,22.343445,0.77,0.70011616,0.19150972,0.18888712,0.42098388,0.9268469
2014-12-07,MIEL1,Caldas,81.15,85660000.0,172390000.0,49.68965717268984,22.147858,0.11190796,-0.53126526,1012.062,22.300903,0.77,1.1184216,0.3915429,0.3889203,0.435865,0.5429237
2014-12-08,MIEL1,Caldas,83.74000000000001,106614000.0,172390000.0,61.8446545623296,22.633331,-0.3894043,-0.9136543,1011.40576,22.566193,0.77,0.4748106,0.15497208,0.15211105,0.43391776,0.9931767
2014-12-09,MIEL1,Caldas,83.46000000000001,114616000.0,172390000.0,66.48645513080805,22.125092,-0.059516907,-0.46472168,1011.0578,22.722015,0.77,0.1513958,0.03618002,0.0333786,0.43998316,0.46851733
2014-12-10,MIEL1,Caldas,85.0,124333000.0,172390000.0,72.12309298683218,21.600311,0.13638687,-0.46715546,1011.20905,23.305023,0.77,1.5770197,0.636518,0.6335974,0.44647047,0.4866576
2014-12-11,MIEL1,Caldas,85.41,129557000.0,172390000.0,75.15343117350194,21.770477,0.09933472,-0.5366936,1012.8942,23.40561,0.77,3.1262636,1.7634034,1.7545223,0.4504884,0.5458089
2014-12-12,MIEL1,Caldas,87.03999999999999,93878000.0,172390000.0,54.45675503219445,22.837677,0.277359,-0.31716156,1013.1127,23.237762,0.77,0.09214878,0.0192523,0.015497208,0.43722114,0.4213306
2014-12-13,MIEL1,Caldas,86.81,115493000.0,172390000.0,66.99518533557631,21.700226,-0.10170746,-0.5464554,1012.9426,23.371826,0.77,0.541687,0.13440847,0.13035536,0.44239947,0.55583984
2014-12-14,MIEL1,Caldas,86.33999999999999,97281000.0,172390000.0,56.430767445907534,21.996796,0.03592682,-0.76673126,1012.7642,23.666718,0.77,0.5167723,0.16433,0.15980005,0.43972632,0.7675725
2014-12-15,MIEL1,Caldas,86.00999999999999,90610000.0,172390000.0,52.56105342537271,21.214935,-0.04442978,-1.0303497,1013.71674,23.65445,0.77,1.9221306,1.1132956,1.1083782,0.44992352,1.0313072
2014-12-16,MIEL1,Caldas,84.82,90266000.0,172390000.0,52.36150588781252,22.875702,-0.11440277,-0.6889229,1013.72235,23.502075,0.77,0.062823296,0.018656254,0.0123381615,0.42681855,0.69835716
2014-12-17,MIEL1,Caldas,83.91999999999999,102987000.0,172390000.0,59.74070421718197,22.282074,-0.46224213,-0.7253151,1013.6241,23.18283,0.77,0.048160553,0.013411045,0.0061392784,0.41712624,0.8600871
2014-12-18,MIEL1,Caldas,83.82,93588000.0,172390000.0,54.2885318173908,22.93753,-0.07455444,-0.64582443,1012.83374,23.031158,0.77,0.05364418,0.01579523,0.008285046,0.4104069,0.6501135
2014-12-19,MIEL1,Caldas,84.13000000000001,143341000.0,172390000.0,83.1492545971344,22.898102,0.078323364,-0.72333145,1011.8714,22.850098,0.77,0.096678734,0.023841858,0.01579523,0.40535685,0.72755957
2014-12-20,MIEL1,Caldas,83.57,172200000.0,172390000.0,99.88978479030106,23.549042,-0.048973083,-0.7853241,1011.9,22.764618,0.77,0.05567074,0.023066998,0.014483929,0.40076855,0.7868496
2014-12-21,MIEL1,Caldas,83.17999999999999,147876000.0,172390000.0,85.77991762863275,23.123993,-0.61330414,-0.82666016,1012.1916,22.68161,0.77,0.11134148,0.02527237,0.016450882,0.39457846,1.0293245
2014-12-22,MIEL1,Caldas,83.13000000000001,214204000.0,172390000.0,124.25546725448112,23.206268,0.0062789917,-0.1434288,1011.21173,22.548431,0.77,0.02026558,0.0113248825,0.0023841858,0.38739562,0.14356618
2014-12-23,MIEL1,Caldas,82.55,128246000.0,172390000.0,74.39294622657927,22.582916,0.13367844,-0.15096664,1009.3155,22.448425,0.77,0.0,0.009179115,0.0,0.37093043,0.20164536
2014-12-24,MIEL1,Caldas,80.7,98703000.0,172390000.0,57.25564127849643,22.81314,0.18668365,-0.22575378,1010.4592,22.467865,0.77,0.0,0.0094771385,0.0,0.35853672,0.29294294
2014-12-25,MIEL1,Caldas,81.31,87432000.0,172390000.0,50.7175590231452,22.63144,0.121788025,-0.4110222,1011.58514,22.621948,0.77,0.0017881393,0.009536743,5.9604645e-05,0.3500696,0.42868584
2014-12-26,MIEL1,Caldas,81.38,78437000.0,172390000.0,45.49973896397702,23.473602,0.21889877,0.013347626,1009.9375,22.61258,0.77,0.0032186508,0.009894371,0.00047683716,0.34213805,0.21930534
2014-12-27,MIEL1,Caldas,81.74,68133000.0,172390000.0,39.52259411798828,22.866913,0.11843109,-0.096408844,1011.003,22.573944,0.77,0.0,0.0094771385,0.0,0.33287156,0.1527108
2014-12-28,MIEL1,Caldas,79.35,63049000.0,172390000.0,36.57346713846511,23.454071,0.098552704,-0.07866669,1011.47,22.875366,0.77,0.00035762787,0.009596348,5.9604645e-05,0.32620072,0.1260995
2014-12-29,MIEL1,Caldas,79.45,69128000.0,172390000.0,40.09977376878009,22.899384,0.1480484,-0.15878296,1011.89044,23.022003,0.77,0.005364418,0.009775162,0.00029802322,0.32143888,0.21709527
2014-12-30,MIEL1,Caldas,78.05,59906000.0,172390000.0,34.75027553802425,22.93393,-0.0027618408,-0.1356659,1012.3903,23.166443,0.77,0.0015497208,0.0094771385,5.9604645e-05,0.31755477,0.135694
2014-12-31,MIEL1,Caldas,76.99000000000001,86310000.0,172390000.0,50.06670920587041,23.257782,0.14687729,-0.06949997,1011.1926,23.29361,0.77,0.00023841858,0.0094771385,0.0,0.31234276,0.16249056
2015-01-01,MIEL1,Caldas,75.25,101795000.0,129210000.0,78.78260196579213,24.191803,0.19937515,0.04756546,1010.993,23.373718,0.69,0.0009536743,0.0320673,0.00011920929,0.307891,0.20497055
2015-01-02,MIEL1,Caldas,72.72999999999999,64607000.0,129210000.0,50.00154786781209,22.854645,0.39925385,0.0005340576,1010.2477,23.633942,0.69,0.0,0.03886223,0.0,0.3007483,0.3992542
2015-01-03,MIEL1,Caldas,73.16,55196000.0,129210000.0,42.71805587802802,22.740082,0.25616455,0.25815964,1009.8744,23.67688,0.69,0.0,0.038146973,0.0,0.29286936,0.36368486
2015-01-04,MIEL1,Caldas,70.46,49544000.0,129210000.0,38.34378144106493,22.739655,0.21472931,0.1485405,1010.9344,23.574188,0.69,0.0,0.037372112,0.0,0.28502527,0.26109952
2015-01-05,MIEL1,Caldas,70.6,45258000.0,129210000.0,35.02670071975853,23.274689,0.1702919,0.25657272,1011.6719,23.58664,0.69,0.0,0.036537647,0.0,0.27630767,0.307943
2015-01-06,MIEL1,Caldas,68.95,41904000.0,129210000.0,32.43092639888553,22.608002,0.14382553,0.27687073,1010.8811,23.536133,0.69,0.0,0.035881996,0.0,0.2700696,0.3119987
2015-01-07,MIEL1,Caldas,68.97,39024000.0,129210000.0,30.201996749477598,21.712006,0.27173615,-0.10702896,1009.0689,23.554474,0.69,0.0,0.034868717,0.0,0.2638964,0.29205433
2015-01-08,MIEL1,Caldas,69.39999999999999,36721000.0,129210000.0,28.419626963857286,22.438202,0.13338089,0.0052757263,1010.15045,23.556915,0.69,0.0,0.034332275,0.0,0.25615108,0.13348518
2015-01-09,MIEL1,Caldas,69.67999999999999,35706000.0,129210000.0,27.6340840492222,23.04776,0.22874069,0.025569916,1010.2914,23.575623,0.69,0.0,0.033676624,0.0,0.2508065,0.23016544
2015-01-10,MIEL1,Caldas,70.00999999999999,34764000.0,129210000.0,26.90503830972835,24.078888,0.19825745,0.43579483,1011.3231,23.654816,0.69,0.00047683716,0.03296137,0.0,0.24590847,0.47877255
2015-01-11,MIEL1,Caldas,70.32000000000001,33176000.0,129210000.0,25.676031266929805,24.051483,0.04776168,0.27275467,1010.485,23.876587,0.69,0.0,0.03218651,0.0,0.24048011,0.27690485
2015-01-12,MIEL1,Caldas,70.00999999999999,31718000.0,129210000.0,24.547635631917032,24.860748,0.22075653,0.12716675,1010.4319,24.224335,0.69,0.0,0.031471252,0.0,0.23630011,0.25476426
2015-01-13,MIEL1,Caldas,70.65,55829000.0,129210000.0,43.20795604055414,24.173004,-0.024971008,-0.19755554,1010.49,24.243378,0.69,0.00011920929,0.030755997,0.0,0.233571,0.19912745
2015-01-14,MIEL1,Caldas,70.6,57259000.0,129210000.0,44.31468152619766,24.376862,0.012863159,-0.4520836,1011.0397,24.159576,0.69,0.0371933,0.03245473,0.0022649765,0.23583165,0.45226654
2015-01-15,MIEL1,Caldas,71.44,104369000.0,129210000.0,80.77470783995047,24.107574,-0.0051574707,-0.39613342,1011.6967,24.061615,0.69,0.04351139,0.030338764,0.00059604645,0.25542527,0.39616698
2015-01-16,MIEL1,Caldas,70.23,78558000.0,129210000.0,60.79869979103785,23.102997,-0.057250977,-0.68659973,1012.84174,24.061127,0.69,0.19586086,0.03373623,0.0049471855,0.3018287,0.6889825
2015-01-17,MIEL1,Caldas,70.42,133574000.0,129210000.0,103.37744756597786,22.832245,0.014564514,-0.62940216,1013.65857,24.157257,0.69,0.14579296,0.035107136,0.0066161156,0.33175492,0.62957066
2015-01-18,MIEL1,Caldas,69.94,96428000.0,129210000.0,74.6288986920517,22.795746,-0.17311096,-0.4667511,1014.03485,24.191742,0.69,0.18191338,0.034093857,0.006198883,0.3323383,0.49781922
2015-01-19,MIEL1,Caldas,77.53,335565000.0,129210000.0,259.70513118179707,23.334747,-0.3882904,-0.5676918,1013.10425,24.071014,0.69,0.049829483,0.030994415,0.003516674,0.3266094,0.6877815
2015-01-20,MIEL1,Caldas,78.18,141615000.0,129210000.0,109.60065010448108,22.98471,-0.13620377,-0.40693665,1011.2405,23.964996,0.69,0.020623207,0.028967857,0.001847744,0.332494,0.42912576
2015-01-21,MIEL1,Caldas,78.33,134114000.0,129210000.0,103.79537187524186,21.826324,0.22092438,-0.53186417,1012.32733,23.916748,0.69,0.14281273,0.04351139,0.01692772,0.34976774,0.57592285
2015-01-22,MIEL1,Caldas,79.65,113172000.0,129210000.0,87.58764801485952,21.060394,0.2935562,-0.36362076,1013.65704,23.965729,0.69,0.16069412,0.030577183,0.004172325,0.38201028,0.46732783
2015-01-23,MIEL1,Caldas,77.81,84468000.0,129210000.0,65.37264917576039,22.522797,-0.3213997,-0.3326378,1013.7659,23.995117,0.69,0.27227402,0.046551228,0.020712614,0.40826774,0.4625426
2015-01-24,MIEL1,Caldas,76.3,81233000.0,129210000.0,62.86897298970669,21.63742,0.09406662,-0.42158508,1012.2555,23.921844,0.69,0.091314316,0.033438206,0.008165836,0.38840646,0.431952
2015-01-25,MIEL1,Caldas,78.03,117395000.0,129210000.0,90.85597090008514,22.862152,-0.18268967,-0.24302292,1011.3878,23.82425,0.69,0.21100044,0.061392784,0.036537647,0.37744382,0.30403233
2015-01-26,MIEL1,Caldas,79.47,87542000.0,129210000.0,67.75172200294095,23.421112,-0.09699249,-0.3161583,1010.72437,23.967743,0.69,0.004172325,0.02503395,0.00035762787,0.35881546,0.33070168
2015-01-27,MIEL1,Caldas,83.13000000000001,257636000.0,129210000.0,199.3932358176612,23.274628,-0.1707573,-0.5082321,1012.33575,24.179169,0.69,0.038266182,0.027775764,0.0035762787,0.34919527,0.53615105
2015-01-28,MIEL1,Caldas,84.03,147108000.0,129210000.0,113.85186905038309,22.641449,-0.1842804,-0.939312,1011.9433,24.19931,0.69,0.11217594,0.031799078,0.008136034,0.3466037,0.957218
2015-01-29,MIEL1,Caldas,84.0,105303000.0,129210000.0,81.49756210819596,23.088959,-0.08389282,-0.26457977,1010.03876,24.128113,0.69,0.0067949295,0.024020672,0.0006556511,0.34122565,0.27756163
2015-01-30,MIEL1,Caldas,83.57,94710000.0,129210000.0,73.29928024146739,24.006561,-0.10226059,-0.3939476,1010.71063,23.990173,0.69,0.010728836,0.023305416,0.0004172325,0.32768902,0.4070036
2015-01-31,MIEL1,Caldas,83.31,104656000.0,129210000.0,80.99682687098522,23.279205,-0.23768234,-0.40447998,1011.53094,23.874176,0.69,0.015735626,0.023245811,0.0008940697,0.32010427,0.4691449
2015-02-01,MIEL1,Caldas,83.16,105117000.0,127320000.0,82.56126295947219,22.987091,-0.005783081,0.119514465,1011.5561,23.789581,0.61,0.002861023,0.022232533,0.00014901161,0.31825933,0.1196543
2015-02-02,MIEL1,Caldas,81.05,75830000.0,127320000.0,59.55859252277725,23.803741,-0.2621956,0.28608704,1010.72314,23.901093,0.61,0.0,0.021517277,0.0,0.30625886,0.38806227
2015-02-03,MIEL1,Caldas,79.02,68391000.0,127320000.0,53.71583411875589,24.720917,-0.2973442,0.15103912,1010.71326,23.871979,0.61,0.00011920929,0.021159649,0.0,0.2974255,0.33350623
2015-02-04,MIEL1,Caldas,76.57000000000001,58975000.0,127320000.0,46.32029531888156,23.76706,-0.08415985,0.04499817,1009.8645,23.973053,0.61,0.0,0.020802021,0.0,0.29140472,0.09543435
2015-02-05,MIEL1,Caldas,76.6,52844000.0,127320000.0,41.50486961985549,23.963654,0.089920044,-0.12322998,1009.8803,24.100159,0.61,0.0,0.020325184,0.0,0.2850464,0.15254915
2015-02-06,MIEL1,Caldas,74.76,65964000.0,127320000.0,51.80961357210179,22.60617,-0.15217209,-0.99575424,1012.2294,24.089142,0.61,0.120043755,0.024735928,0.0047683716,0.32423756,1.0073147
2015-02-07,MIEL1,Caldas,72.85000000000001,50994000.0,127320000.0,40.05183788878416,21.688568,0.084877014,-0.48973846,1012.6227,24.120056,0.61,0.7071495,0.10293722,0.08326769,0.37927327,0.4970391
2015-02-08,MIEL1,Caldas,72.47,101291000.0,127320000.0,79.55623625510525,21.783783,-0.28060913,-0.43024063,1013.6489,24.172485,0.61,1.0316372,0.18584728,0.16647577,0.43734413,0.51366186
2015-02-09,MIEL1,Caldas,72.08,78213000.0,127320000.0,61.43025447690857,21.877655,0.07459259,-0.7001381,1013.71765,24.798553,0.61,2.1605492,0.6452799,0.6260872,0.45420685,0.70410043
2015-02-10,MIEL1,Caldas,73.04,84583000.0,127320000.0,66.43339616713791,21.655731,-0.1417427,-0.53367233,1012.77954,24.83371,0.61,0.8276701,0.30702353,0.28777122,0.44483608,0.5521749
2015-02-11,MIEL1,Caldas,72.00999999999999,83611000.0,127320000.0,65.66996544140747,22.705597,0.0382843,-0.712307,1013.1414,24.933594,0.61,0.11265278,0.038146973,0.019490719,0.4283246,0.71333504
2015-02-12,MIEL1,Caldas,69.78,65226000.0,127320000.0,51.22997172478794,23.42276,-0.20984268,-0.3667946,1013.4998,24.971802,0.61,0.041127205,0.022172928,0.0037252903,0.41069096,0.42257804
2015-02-13,MIEL1,Caldas,68.25,106715000.0,127320000.0,83.81636820609488,23.845856,-0.55407333,-0.43119812,1013.42126,24.88556,0.61,0.051617622,0.02259016,0.00423193,0.40097845,0.7020891
2015-02-14,MIEL1,Caldas,67.41,95458000.0,127320000.0,74.97486647816525,24.302704,0.1562767,-0.45036697,1012.70013,25.041473,0.61,0.04518032,0.02527237,0.0071823597,0.39212513,0.4767104
2015-02-15,MIEL1,Caldas,70.08,107603000.0,127320000.0,84.51382343700911,23.87558,-0.06243515,-0.14446259,1011.5574,25.171753,0.61,0.02849102,0.021457672,0.0036656857,0.38961762,0.15737721
2015-02-16,MIEL1,Caldas,71.06,124199000.0,127320000.0,97.54869619855482,23.882416,-0.22547531,-0.19776154,1010.95825,25.506958,0.61,0.17392635,0.025987625,0.008285046,0.38565987,0.29991457
2015-02-17,MIEL1,Caldas,70.00999999999999,105008000.0,127320000.0,82.4756519007226,24.871063,-0.027320862,-0.35298157,1010.6039,25.513092,0.61,0.0017881393,0.01746416,0.00023841858,0.37870827,0.3540373
2015-02-18,MIEL1,Caldas,69.66,120995000.0,127320000.0,95.03220232485076,24.19986,0.12223816,-0.72047806,1012.5492,25.580322,0.61,0.022172928,0.01937151,0.0023245811,0.36643755,0.7307741
2015-02-19,MIEL1,Caldas,68.44,103787000.0,127320000.0,81.51665095821552,23.58603,0.023075104,-0.63851166,1013.29407,25.68689,0.61,0.11098385,0.026464462,0.009655952,0.3662848,0.6389285
2015-02-20,MIEL1,Caldas,66.75999999999999,81925000.0,127320000.0,64.34574300973924,23.065033,-0.30746078,-0.7752571,1012.5719,26.05893,0.61,0.054597855,0.021874905,0.005185604,0.36626062,0.8339999
2015-02-21,MIEL1,Caldas,67.08,73456000.0,127320000.0,57.69399937166195,23.524994,-0.14775848,-0.7416687,1012.2022,26.256134,0.61,0.024080276,0.019669533,0.0029206276,0.3590258,0.75624406
2015-02-22,MIEL1,Caldas,64.66,63568000.0,127320000.0,49.9277411247251,24.134003,-0.11791611,-0.13515472,1011.2455,25.966248,0.61,0.007987022,0.017046928,0.0008940697,0.34461236,0.17936277
2015-02-23,MIEL1,Caldas,62.35000000000001,60111000.0,127320000.0,47.21253534401508,24.535614,0.11641693,-0.080280304,1010.4825,25.509369,0.61,0.0063180923,0.016450882,0.00029802322,0.32984608,0.14141369
2015-02-24,MIEL1,Caldas,60.38,77640000.0,127320000.0,60.98020735155514,24.47287,-0.2656517,-0.73031616,1010.84735,25.364471,0.61,0.08177757,0.02425909,0.008583069,0.31935328,0.77713096
2015-02-25,MIEL1,Caldas,59.12,86527000.0,127320000.0,67.9602576185988,23.853485,-0.025283813,-0.3034973,1011.2989,25.339478,0.61,0.042438507,0.019848347,0.004351139,0.31673333,0.30454868
2015-02-26,MIEL1,Caldas,58.48,60527000.0,127320000.0,47.5392711278668,24.38675,0.12402344,-0.56708527,1011.38,25.383698,0.61,0.07343292,0.020444393,0.005066395,0.31866103,0.58048904
2015-02-27,MIEL1,Caldas,56.49999999999999,82906000.0,127320000.0,65.11624253848571,24.300262,-0.029903412,-0.334301,1011.0386,25.366486,0.61,0.042438507,0.018119812,0.0030994415,0.31383425,0.33563575
2015-02-28,MIEL1,Caldas,54.52,82514000.0,127320000.0,64.80835689601005,24.360748,0.22171402,-0.28235626,1010.97687,25.287018,0.61,0.022172928,0.017046928,0.002026558,0.30157503,0.35900164
2015-03-01,MIEL1,Caldas,52.85,87682000.0,134190000.0,65.34167970787689,23.776886,0.05650711,-0.6892891,1011.71704,25.240509,0.65,0.037670135,0.016450882,0.0017285347,0.31293714,0.6916014
2015-03-02,MIEL1,Caldas,50.39,66719000.0,134190000.0,49.71980028318057,22.869476,0.041294098,-0.30015945,1011.795,25.081146,0.65,0.07426739,0.020861626,0.006198883,0.35228097,0.30298662
2015-03-03,MIEL1,Caldas,48.47,54764000.0,134190000.0,40.8107906699456,24.26065,-0.5662117,-0.65922546,1010.6136,25.022247,0.65,0.07164478,0.02026558,0.005722046,0.34062815,0.8690074
2015-03-04,MIEL1,Caldas,46.12,59003000.0,134190000.0,43.9697443922796,24.106476,0.21577454,-0.16205978,1009.6722,24.96994,0.65,0.06687641,0.018715858,0.0044703484,0.33143228,0.26985556
2015-03-05,MIEL1,Caldas,46.62,75591000.0,134190000.0,56.331321260898726,24.128265,0.42314148,-0.6152115,1010.305,25.092285,0.65,0.04053116,0.017821789,0.003695488,0.32953084,0.7466819
2015-03-06,MIEL1,Caldas,44.54,70948000.0,134190000.0,52.87130188538639,23.707489,-0.03806305,-0.7816467,1010.61346,25.039734,0.65,0.06914139,0.01758337,0.0037550926,0.32861236,0.782573
2015-03-07,MIEL1,Caldas,42.9,80602000.0,134190000.0,60.06557865712795,23.670624,0.15436935,-0.15829468,1011.0153,24.79361,0.65,0.025391579,0.016748905,0.0032186508,0.32292137,0.22110428
2015-03-08,MIEL1,Caldas,43.77,94990000.0,134190000.0,70.78768909754825,25.264984,-0.12697601,0.35357285,1009.0008,24.609772,0.65,0.034689903,0.01758337,0.004172325,0.31704766,0.3756816
2015-03-09,MIEL1,Caldas,41.48,60291000.0,134190000.0,44.929577464788736,23.591522,0.012981415,0.417305,1007.0083,24.529816,0.65,0.00071525574,0.0131726265,0.00011920929,0.30304426,0.41750687
2015-03-10,MIEL1,Caldas,40.9,52330000.0,134190000.0,38.99694463074745,25.636017,-0.06411362,0.19395828,1008.2659,24.782104,0.65,0.0019073486,0.0131726265,0.00014901161,0.28676417,0.20428012
2015-03-11,MIEL1,Caldas,40.47,47123000.0,134190000.0,35.11662568000597,26.533966,0.047058105,0.84817886,1008.9486,24.894745,0.65,0.00023841858,0.012814999,0.0,0.27145928,0.8494833
2015-03-12,MIEL1,Caldas,39.7,55047000.0,134190000.0,41.021685669573,25.480621,0.044685364,-0.3019333,1008.635,25.074677,0.65,0.0,0.0123381615,0.0,0.2601884,0.30522203
2015-03-13,MIEL1,Caldas,37.5,66408000.0,134190000.0,49.48803934719428,24.022186,-0.18830109,-0.34210587,1009.42096,24.999878,0.65,0.40555,0.03170967,0.01937151,0.2945427,0.39050445
2015-03-14,MIEL1,Caldas,38.32,66505000.0,134190000.0,49.56032491243759,23.239044,0.36816788,-0.39318848,1009.6887,25.037842,0.65,0.16605854,0.0333786,0.021338463,0.3313193,0.5386509
2015-03-15,MIEL1,Caldas,36.14,91450000.0,134190000.0,68.14963857217379,23.531769,0.3179245,-0.5384674,1010.4614,25.250397,0.65,0.11861324,0.030994415,0.019073486,0.37769938,0.6253184
2015-03-16,MIEL1,Caldas,39.25,179525000.0,134190000.0,133.784186601088,24.266998,0.36865234,-0.50827026,1011.10486,25.537018,0.65,0.061750412,0.017434359,0.005632639,0.3558938,0.6278879
2015-03-17,MIEL1,Caldas,37.14,76945000.0,134190000.0,57.34033832625381,23.919037,0.040966034,-1.0622978,1011.76764,25.518799,0.65,0.1244545,0.023186207,0.011920929,0.3621657,1.0630875
2015-03-18,MIEL1,Caldas,35.31,77030000.0,134190000.0,57.40368134734332,22.794586,0.43977356,-0.36349487,1012.52155,25.581604,0.65,0.60641766,0.102341175,0.090658665,0.40342164,0.57055175
2015-03-19,MIEL1,Caldas,36.06,91428000.0,134190000.0,68.1332439078918,21.103668,0.044330597,-0.64691544,1013.5419,25.772644,0.65,0.48828125,0.099122524,0.08767843,0.4220853,0.64843255
2015-03-20,MIEL1,Caldas,37.06,84273000.0,134190000.0,62.80125195618154,22.552338,-0.124938965,-0.71642303,1014.42,26.076874,0.65,1.1390448,0.38814545,0.37676096,0.4342113,0.7272357
2015-03-21,MIEL1,Caldas,39.02,126142000.0,134190000.0,94.0025337208436,22.802399,0.20713043,-0.6494293,1014.8881,26.347198,0.65,1.0486841,0.36907196,0.3578663,0.45300537,0.68166083
2015-03-22,MIEL1,Caldas,39.1,91336000.0,134190000.0,68.06468440271257,23.306488,0.14955902,-0.72286224,1014.3167,26.617401,0.65,0.2706051,0.09024143,0.07894635,0.43206495,0.7381719
2015-03-23,MIEL1,Caldas,41.78,172266000.0,134190000.0,128.3746926000447,23.809235,-0.030509949,-0.57077026,1014.51263,26.910248,0.65,0.10859966,0.027477741,0.016391277,0.42341286,0.5715851
2015-03-24,MIEL1,Caldas,42.72,222028000.0,134190000.0,165.45793278187645,24.170074,-0.12952042,-0.76332855,1014.7317,27.074646,0.65,0.057935715,0.018894672,0.007927418,0.40769476,0.774239
2015-03-25,MIEL1,Caldas,41.84,125224000.0,134190000.0,93.318429093077,23.406525,-0.1395607,-0.69745255,1014.08405,27.140686,0.65,0.04529953,0.016748905,0.0056624413,0.39801997,0.7112786
2015-03-26,MIEL1,Caldas,41.28,152672000.0,134190000.0,113.77300842089576,24.108185,-0.36366272,-0.49943542,1013.28375,27.204773,0.65,0.05221367,0.018626451,0.007748604,0.4016888,0.6178077
2015-03-27,MIEL1,Caldas,40.0,112127000.0,134190000.0,83.55838736120427,24.260712,0.12434006,-0.33392334,1012.4456,27.313904,0.65,0.10740757,0.017285347,0.0063180923,0.39787108,0.3563218
2015-03-28,MIEL1,Caldas,38.24,97005000.0,134190000.0,72.28929130337582,23.36435,0.23636627,-0.5899315,1013.7336,27.068481,0.65,0.15223026,0.019669533,0.008940697,0.3977787,0.63552195
2015-03-29,MIEL1,Caldas,38.45,174063000.0,134190000.0,129.71383858707804,21.803558,0.17863464,-0.0027389526,1014.97015,26.924744,0.65,0.49221516,0.10871887,0.09793043,0.42220354,0.17865565
2015-03-30,MIEL1,Caldas,40.22,111031000.0,134190000.0,82.74163499515612,22.070953,0.39743805,-0.63949966,1014.21466,27.366333,0.65,0.58829784,0.1514554,0.14072657,0.42574757,0.7529388
2015-03-31,MIEL1,Caldas,42.17,104279000.0,134190000.0,77.70996348461138,23.104767,0.017864227,-0.35233688,1012.9764,27.258362,0.65,0.17011166,0.035881996,0.024914742,0.42678335,0.35278946
2015-04-01,MIEL1,Caldas,40.64,95626000.0,153690000.0,62.22005335415447,24.138214,0.25076294,-0.17824936,1012.1422,27.154114,0.81,0.23913383,0.01847744,0.0076293945,0.4327337,0.30766034
2015-04-02,MIEL1,Caldas,38.74,83223000.0,153690000.0,54.14991216084326,24.183502,0.13113022,-0.4827156,1012.08575,26.934326,0.81,0.030517578,0.0150203705,0.004053116,0.41385376,0.50020945
2015-04-03,MIEL1,Caldas,40.03,115083000.0,153690000.0,74.87995315244974,22.36679,-0.12067032,0.28767395,1011.77295,26.784332,0.81,0.23031235,0.020742416,0.009953976,0.42285722,0.31195775
2015-04-04,MIEL1,Caldas,38.78,119809000.0,153690000.0,77.9549742989134,23.341217,0.4304657,-0.3042755,1010.53925,26.69345,0.81,0.00059604645,0.011026859,5.9604645e-05,0.40450794,0.52714735
2015-04-05,MIEL1,Caldas,39.32,164402000.0,153690000.0,106.96987442253888,23.441864,0.15409088,-0.6496773,1010.5744,26.637146,0.81,0.33307076,0.08159876,0.070631504,0.4227008,0.66770095
2015-04-06,MIEL1,Caldas,38.11,106771000.0,153690000.0,69.47166373869477,23.512177,0.04091263,-0.11123657,1009.8184,26.565735,0.81,0.003695488,0.011742115,0.00071525574,0.4203518,0.1185218
2015-04-07,MIEL1,Caldas,36.9,111184000.0,153690000.0,72.3430281735962,23.443512,-0.06336212,0.058177948,1009.8002,26.481964,0.81,0.10597706,0.013530254,0.0026226044,0.4036426,0.086019956
2015-04-08,MIEL1,Caldas,37.19,194379000.0,153690000.0,126.4747218426703,23.92221,-0.040218353,-0.30243683,1010.44763,26.676056,0.81,0.19776821,0.042378902,0.031113625,0.40119523,0.30509925
2015-04-09,MIEL1,Caldas,37.72,129619000.0,153690000.0,84.33795302231766,24.250153,-0.10174942,-0.011749268,1010.21857,26.76175,0.81,0.0026226044,0.011444092,0.00047683716,0.38908207,0.10242554
2015-04-10,MIEL1,Caldas,36.61,116615000.0,153690000.0,75.87676491639014,24.805023,0.09628296,0.82522964,1010.35846,26.722351,0.81,0.0017881393,0.011265278,0.00029802322,0.3721424,0.83082753
2015-04-11,MIEL1,Caldas,34.97,95373000.0,153690000.0,62.05543626781183,23.315582,0.5372505,0.5291443,1011.09937,26.637512,0.81,0.0,0.010967255,0.0,0.36468476,0.7540768
2015-04-12,MIEL1,Caldas,36.15,81171000.0,153690000.0,52.81475697833301,25.160065,0.1526947,0.49541473,1011.66016,26.508118,0.81,0.0,0.010788441,0.0,0.34810117,0.5184124
2015-04-13,MIEL1,Caldas,34.89,99152000.0,153690000.0,64.51428199622617,24.836334,-0.031536102,0.32748795,1011.743,26.340881,0.81,0.0,0.010967255,0.0,0.33474213,0.32900286
2015-04-14,MIEL1,Caldas,33.4,99975000.0,153690000.0,65.04977552215499,23.953705,-0.04504013,-0.69106674,1013.0772,26.364532,0.81,0.14770031,0.016212463,0.0053048134,0.3450496,0.69253296
2015-04-15,MIEL1,Caldas,34.39,131056000.0,153690000.0,85.27295204632702,23.046661,-0.32796478,-0.4087639,1012.0658,26.469208,0.81,0.27561188,0.048339367,0.03746152,0.3948421,0.5240695
2015-04-16,MIEL1,Caldas,34.150000000000006,121503000.0,153690000.0,79.05719305094671,22.608185,-0.12024689,0.225914,1012.8103,26.366974,0.81,0.97966194,0.1758337,0.16504526,0.43568164,0.25592273
2015-04-17,MIEL1,Caldas,37.1,139653000.0,153690000.0,90.86667967987508,22.406097,-0.061519623,-0.061058044,1013.0042,26.404083,0.81,1.1345148,0.45847893,0.44751167,0.4457984,0.08667611
2015-04-18,MIEL1,Caldas,39.55,122273000.0,153690000.0,79.55820157459821,23.08133,0.049560547,-0.13644409,1012.95905,26.424408,0.81,0.32794476,0.03540516,0.024318695,0.43702388,0.14516623
2015-04-19,MIEL1,Caldas,43.03,139561000.0,153690000.0,90.80681892120502,22.92746,-0.25764465,0.31798935,1011.67847,26.221283,0.81,0.029563904,0.0166893,0.005364418,0.4186104,0.4092652
2015-04-20,MIEL1,Caldas,44.48,109610000.0,153690000.0,71.31888867200207,24.031158,0.020874023,-0.33950424,1011.02155,26.159576,0.81,0.015974045,0.011622906,0.0002682209,0.40364507,0.34014535
2015-04-21,MIEL1,Caldas,44.81,111137000.0,153690000.0,72.31244713384085,22.923492,0.027896881,-0.37023926,1012.7736,25.965302,0.81,0.5595684,0.1026988,0.0911355,0.42932543,0.37128878
2015-04-22,MIEL1,Caldas,44.5,88443000.0,153690000.0,57.54635955494827,23.81717,-0.07297897,0.004928589,1011.0075,25.804504,0.81,0.13327599,0.013887882,0.0023245811,0.4160178,0.07314521
2015-04-23,MIEL1,Caldas,44.81,123460000.0,153690000.0,80.33053549352593,24.280426,0.025810242,0.8868294,1010.5563,25.65689,0.81,0.0,0.011622906,0.0,0.39247108,0.8872049
2015-04-24,MIEL1,Caldas,45.28,86190000.0,153690000.0,56.08042162795237,25.316864,0.05153656,0.2073555,1010.7656,25.7641,0.81,0.0,0.011503696,0.0,0.36917338,0.21366403
2015-04-25,MIEL1,Caldas,46.46,84708000.0,153690000.0,55.11614288502831,24.23233,-0.09465027,0.021514893,1011.632,26.110535,0.81,0.00071525574,0.011563301,5.9604645e-05,0.35774094,0.09706474
2015-04-26,MIEL1,Caldas,44.59,72969000.0,153690000.0,47.47804021081398,25.151642,-0.15568161,0.2746811,1010.8016,26.12613,0.81,0.0,0.011444092,0.0,0.3429011,0.31573164
2015-04-27,MIEL1,Caldas,42.72,67198000.0,153690000.0,43.723078925108986,24.889374,0.045295715,0.6872711,1008.70544,26.109589,0.81,0.0,0.011384487,0.0,0.3293282,0.6887621
2015-04-28,MIEL1,Caldas,40.54,62111000.0,153690000.0,40.41316936690741,25.233917,0.11098862,0.31607437,1008.8778,26.037537,0.81,0.0,0.011384487,0.0,0.31474787,0.33499473
2015-04-29,MIEL1,Caldas,38.3,58012000.0,153690000.0,37.74611230398855,25.381744,0.0136909485,0.17836761,1009.0375,25.935211,0.81,0.0,0.011086464,0.0,0.3045591,0.17889228
2015-04-30,MIEL1,Caldas,35.95,55453000.0,153690000.0,36.0810722883727,23.864594,-0.004798889,-0.117565155,1010.27094,25.906158,0.81,0.009059906,0.010967255,0.00011920929,0.29436988,0.117663056
2015-05-01,MIEL1,Caldas,33.95,72352000.0,166790000.0,43.37909946639486,22.926117,0.22270584,-0.6427231,1013.0002,26.273926,1.02,0.42819977,0.017225742,0.0064373016,0.33831218,0.6802138
2015-05-02,MIEL1,Caldas,31.7,53316000.0,166790000.0,31.965945200551594,23.559235,0.39788437,-0.50852585,1010.4369,26.208496,1.02,0.10538101,0.016272068,0.0056028366,0.33832335,0.6456861
2015-05-03,MIEL1,Caldas,32.04,71633000.0,166790000.0,42.94801846633492,25.170074,-0.0113220215,-0.19947433,1010.3234,26.23645,1.02,0.10788441,0.015437603,0.0047683716,0.34370467,0.1997954
2015-05-04,MIEL1,Caldas,30.77,0.0,0.0,,22.366608,0.07914734,-0.4815216,1011.9236,26.571136,1.02,0.3579855,0.044345856,0.033676624,0.38753146,0.48798293
2015-05-05,MIEL1,Caldas,30.92,53427000.0,166790000.0,32.032495952994786,24.152618,-0.053569794,-0.054244995,1011.7642,26.676758,1.02,0.010251999,0.012040138,0.0013709068,0.37499803,0.076238066
2015-05-06,MIEL1,Caldas,31.96,51563000.0,166790000.0,30.914922957011807,24.712433,0.22825623,0.5832977,1011.0563,26.633026,1.02,0.0,0.010550022,0.0,0.35710883,0.6263682
2015-05-07,MIEL1,Caldas,32.42,48461000.0,166790000.0,29.05509922657233,25.20993,-0.03154373,0.3458519,1010.233,26.649475,1.02,0.00011920929,0.010550022,0.0,0.33919877,0.34728742
2015-05-08,MIEL1,Caldas,32.95,43617000.0,166790000.0,26.150848372204567,25.017609,-0.48758316,0.37558746,1011.21576,26.64328,1.02,0.0044107437,0.010311604,5.9604645e-05,0.32586676,0.61547
2015-05-09,MIEL1,Caldas,33.23,41020000.0,166790000.0,24.5938005875652,24.833038,0.005290985,-0.030776978,1009.565,26.546722,1.02,0.0,0.01001358,0.0,0.31506312,0.031228462
2015-05-10,MIEL1,Caldas,32.42,38877000.0,166790000.0,23.30895137598177,24.716827,-0.055000305,0.48825455,1009.8848,26.467987,1.02,0.0,0.01001358,0.0,0.30342507,0.4913426
2015-05-11,MIEL1,Caldas,32.129999999999995,36459000.0,166790000.0,21.85922417411116,25.492096,-0.03712082,0.23542023,1009.64154,26.381927,1.02,0.0,0.009953976,0.0,0.28861052,0.23832884
2015-05-12,MIEL1,Caldas,32.06,35283000.0,166790000.0,21.154145932010312,25.298859,0.04755783,0.29821014,1009.535,26.29544,1.02,0.0,0.009715557,0.0,0.27409315,0.30197853
2015-05-13,MIEL1,Caldas,29.85,33853000.0,166790000.0,20.29678038251694,25.553986,0.07626724,0.52464676,1009.1881,26.161285,1.02,0.0,0.009536743,0.0,0.26152524,0.5301612
2015-05-14,MIEL1,Caldas,27.69,32711000.0,166790000.0,19.612087055578872,25.493256,-0.20559311,0.66674805,1010.1799,25.919525,1.02,0.0,0.0094771385,0.0,0.2490873,0.69772595
2015-05-15,MIEL1,Caldas,24.99,31467000.0,166790000.0,18.866238983152467,25.804535,-0.6082306,0.20199966,1010.927,25.857452,1.02,0.0,0.0094771385,0.0,0.24393067,0.6408965
2015-05-16,MIEL1,Caldas,24.78,39493000.0,166790000.0,23.678278074225076,25.53012,-0.3663559,0.28216934,1011.8961,25.832733,1.02,0.0015497208,0.009298325,0.00011920929,0.23884888,0.46242422
2015-05-17,MIEL1,Caldas,25.08,31972000.0,166790000.0,19.16901492895257,25.071991,-0.23259735,-0.3108635,1012.8848,26.058258,1.02,0.00500679,0.009298325,0.00017881393,0.23452695,0.38824946
2015-05-18,MIEL1,Caldas,25.480000000000004,37039000.0,166790000.0,22.20696684453505,24.999847,-0.24457932,0.4773445,1012.91315,26.176361,1.02,0.00047683716,0.009000301,5.9604645e-05,0.22765414,0.53635514
2015-05-19,MIEL1,Caldas,25.07,30377000.0,166790000.0,18.21272258528689,26.132294,-0.619854,-0.22144699,1013.0159,26.231476,1.02,0.0021457672,0.009059906,0.00011920929,0.21954155,0.65822315
2015-05-20,MIEL1,Caldas,25.26,32371000.0,166790000.0,19.40823790395108,26.153046,0.041736603,0.23896027,1011.3208,26.106354,1.02,0.0,0.008940697,0.0,0.2150499,0.24257773
2015-05-21,MIEL1,Caldas,25.96,64922000.0,166790000.0,38.92439594699922,26.0867,-0.36458588,-0.09918976,1012.3008,26.039032,1.02,0.0064373016,0.008583069,0.0,0.21164975,0.3778379
2015-05-22,MIEL1,Caldas,26.8,51707000.0,166790000.0,31.001259068289468,25.707062,-0.06334686,-0.06522751,1013.9286,26.183258,1.02,0.05567074,0.008881092,0.00047683716,0.2114399,0.09092554
2015-05-23,MIEL1,Caldas,27.41,36156000.0,166790000.0,21.67755860663109,25.646149,0.022266388,0.6978569,1012.6997,26.107208,1.02,0.0,0.008285046,0.0,0.20785712,0.698212
2015-05-24,MIEL1,Caldas,27.57,31472000.0,166790000.0,18.869236764794053,26.085419,-0.061325073,0.32406235,1010.77484,25.857758,1.02,0.0,0.007987022,0.0,0.20380889,0.32981384
2015-05-25,MIEL1,Caldas,28.15,41847000.0,166790000.0,25.0896336710834,24.143402,-0.16985703,-0.6950264,1012.96216,25.754303,1.02,0.43654442,0.011622906,0.0036358833,0.24049695,0.71548104
2015-05-26,MIEL1,Caldas,28.55,32971000.0,166790000.0,19.767971700941303,24.927948,-0.28353882,0.16980362,1011.8053,25.630219,1.02,0.094652176,0.008583069,0.000834465,0.24664606,0.3304959
2015-05-27,MIEL1,Caldas,30.19,85298000.0,166790000.0,51.14095569278734,25.480011,0.16053009,-0.24377441,1010.9959,25.597595,1.02,0.019907951,0.007987022,0.00035762787,0.2372508,0.29188332
2015-05-28,MIEL1,Caldas,31.2,60769000.0,166790000.0,36.43443851549853,24.348297,-0.19645691,-0.5772934,1011.6761,25.597687,1.02,0.07855892,0.010609627,0.0030398369,0.23581707,0.6098057
2015-05-29,MIEL1,Caldas,33.300000000000004,92963000.0,166790000.0,55.73655494933749,22.577057,-0.29297638,-0.46605682,1012.9575,25.690704,1.02,1.2487173,0.09393692,0.08660555,0.28575438,0.55049443
2015-05-30,MIEL1,Caldas,34.09,58946000.0,166790000.0,35.34144732897656,23.152557,-0.023387909,-0.298481,1011.8677,25.570892,1.02,0.2399683,0.027477741,0.02014637,0.3438269,0.2993959
2015-05-31,MIEL1,Caldas,35.2,57498000.0,166790000.0,34.47328976557348,24.328888,-0.034301758,0.31674576,1010.95,25.586243,1.02,0.031113625,0.008225441,0.0010728836,0.34119624,0.31859767
2015-06-01,MIEL1,Caldas,36.05,58511000.0,117360000.0,49.85599863667348,25.133942,-0.28212738,-0.28099442,1011.9586,25.746643,1.25,0.015735626,0.007390976,0.00014901161,0.30755362,0.39818805
2015-06-02,MIEL1,Caldas,36.81,44874000.0,117360000.0,38.2361963190184,24.676117,-0.09561157,0.3646698,1010.0275,25.797089,1.25,0.0,0.006914139,0.0,0.28498065,0.37699553
2015-06-03,MIEL1,Caldas,37.39,44872000.0,117360000.0,38.23449216087253,24.68814,-0.046886444,0.38990784,1009.9381,25.364868,1.25,0.0,0.0067949295,0.0,0.26801056,0.39271677
2015-06-04,MIEL1,Caldas,37.69,38662000.0,117360000.0,32.94308111792774,25.478668,-0.30957794,0.2774849,1011.16956,25.227753,1.25,0.0,0.00667572,0.0,0.25161636,0.41573593
2015-06-05,MIEL1,Caldas,35.04,35113000.0,117360000.0,29.91905248807089,24.612518,-0.15776443,0.003238678,1012.2989,25.072723,1.25,0.0,0.0066161156,0.0,0.23831162,0.15779766
2015-06-06,MIEL1,Caldas,35.11,32582000.0,117360000.0,27.762440354464896,25.690948,-0.11801529,0.08522415,1010.88763,24.87439,1.25,0.0,0.006377697,0.0,0.23154765,0.14557047
2015-06-07,MIEL1,Caldas,35.63,32867000.0,117360000.0,28.00528289025221,25.248444,-0.21605301,-0.4413147,1011.92065,25.033905,1.25,0.018715858,0.0064373016,0.00017881393,0.22634847,0.49136296
2015-06-08,MIEL1,Caldas,36.35,42104000.0,117360000.0,35.87593728698023,24.524628,0.022640228,-0.58654404,1012.5558,25.28711,1.25,0.19085407,0.00923872,0.0030994415,0.26210606,0.5869808
2015-06-09,MIEL1,Caldas,38.48,109158000.0,117360000.0,93.01124744376278,23.15335,-0.25426483,-0.48356628,1013.077,25.56369,1.25,0.20802021,0.00834465,0.0023841858,0.28214025,0.5463396
2015-06-10,MIEL1,Caldas,40.510000000000005,132410000.0,117360000.0,112.82379004771644,23.534332,-0.19743729,0.2084465,1012.01904,25.888031,1.25,0.027775764,0.007033348,0.001013279,0.29497284,0.28710875
2015-06-11,MIEL1,Caldas,41.57,80275000.0,117360000.0,68.40064758009544,24.806305,-0.32323456,-0.043029785,1012.21936,25.794708,1.25,0.019788742,0.006020069,0.00017881393,0.2785632,0.3260861
2015-06-12,MIEL1,Caldas,41.74,61444000.0,117360000.0,52.35514655760054,25.275116,-0.13904953,0.58852386,1010.7612,25.529755,1.25,0.0,0.005722046,0.0,0.25895572,0.60472727
2015-06-13,MIEL1,Caldas,42.28,51491000.0,117360000.0,43.87440354464894,25.19516,-0.29285812,0.53224945,1011.28674,25.348389,1.25,0.0,0.0056624413,0.0,0.24606259,0.6074993
2015-06-14,MIEL1,Caldas,42.8,44021000.0,117360000.0,37.50937286980231,25.20523,-0.11997223,-0.1730423,1010.3873,25.166962,1.25,0.0,0.0054240227,0.0,0.23558047,0.21056347
2015-06-15,MIEL1,Caldas,41.4,54149000.0,117360000.0,46.13922972051807,25.66806,-0.3279457,-0.3368721,1011.0275,25.071991,1.25,0.003695488,0.0053048134,0.0,0.23217416,0.47013953
2015-06-16,MIEL1,Caldas,40.94,41152000.0,117360000.0,35.06475800954328,25.744904,0.050621033,0.9181938,1009.66486,25.092346,1.25,0.0,0.0049471855,0.0,0.2223752,0.91958815
2015-06-17,MIEL1,Caldas,40.7,37344000.0,117360000.0,31.820040899795497,25.522675,-0.12623215,0.32746506,1009.7505,24.987274,1.25,0.0,0.00500679,0.0,0.21024719,0.35095286
2015-06-18,MIEL1,Caldas,41.0,35260000.0,117360000.0,30.044308111792773,25.331757,-0.106594086,0.58496094,1009.78094,24.83554,1.25,0.0,0.004887581,0.0,0.20331173,0.59459364
2015-06-19,MIEL1,Caldas,40.9,33525000.0,117360000.0,28.5659509202454,25.613617,-0.060424805,0.95048904,1009.5662,24.696808,1.25,0.0,0.0047683716,0.0,0.19594699,0.9524078
2015-06-20,MIEL1,Caldas,39.0,32065000.0,117360000.0,27.321915473755965,25.64273,-0.030509949,0.7816849,1010.5698,24.499115,1.25,0.0,0.0046491623,0.0,0.19056699,0.78228
2015-06-21,MIEL1,Caldas,35.94,30909000.0,117360000.0,26.336912065439677,26.224884,-0.22494507,0.5833359,1011.0784,24.588287,1.25,0.0,0.004529953,0.0,0.18441616,0.6252048
2015-06-22,MIEL1,Caldas,35.86,29957000.0,117360000.0,25.525732788002724,25.461212,-0.40315628,0.384552,1012.41046,24.457123,1.25,0.0,0.004351139,0.0,0.18315415,0.5571492
2015-06-23,MIEL1,Caldas,35.72,29035000.0,117360000.0,24.74011588275392,25.876617,-0.15901566,0.98716354,1011.0542,24.488739,1.25,0.0,0.004172325,0.0,0.18348204,0.9998889
2015-06-24,MIEL1,Caldas,35.86,28116000.0,117360000.0,23.95705521472393,25.899017,0.13203812,1.3118782,1011.0847,24.30188,1.25,0.0,0.004351139,0.0,0.18279193,1.3185061
2015-06-25,MIEL1,Caldas,35.67,27411000.0,117360000.0,23.356339468302657,25.866669,0.24728012,1.3265152,1010.67487,24.249329,1.25,0.0,0.0042915344,0.0,0.18265072,1.3493665
2015-06-26,MIEL1,Caldas,35.79,26671000.0,117360000.0,22.72580095432856,24.619537,0.21783066,1.212719,1010.95123,24.422821,1.25,0.0,0.00423193,0.0,0.184202,1.2321272
2015-06-27,MIEL1,Caldas,35.99,26139000.0,117360000.0,22.27249488752556,26.36325,-0.10768509,1.2717896,1011.4277,24.500671,1.25,0.0,0.0039339066,0.0,0.18271458,1.2763404
2015-06-28,MIEL1,Caldas,36.06,25560000.0,117360000.0,21.77914110429448,25.40506,0.12848282,1.1702614,1011.4114,24.485779,1.25,0.0,0.0038146973,0.0,0.18343776,1.1772933
2015-06-29,MIEL1,Caldas,36.17,25057000.0,117360000.0,21.35054533060668,24.994537,-0.05779648,0.77046585,1011.21735,24.622162,1.25,0.0,0.0037550926,0.0,0.18387103,0.7726306
2015-06-30,MIEL1,Caldas,36.28,24182000.0,117360000.0,20.60497614178596,26.202423,-0.068538666,0.530426,1012.1169,24.830902,1.25,0.0,0.0037550926,0.0,0.1813936,0.5348358
2015-07-01,MIEL1,Caldas,36.370000000000005,23800000.0,81170000.0,29.32117777504004,25.579132,-0.052761078,0.66749954,1011.117,24.889954,1.57,0.0,0.003516674,0.0,0.18109539,0.6695815
2015-07-02,MIEL1,Caldas,36.370000000000005,23180000.0,81170000.0,28.55734877417765,26.832733,-0.030418396,0.6811638,1009.323,24.628265,1.57,0.0,0.0033974648,0.0,0.18084018,0.6818426
2015-07-03,MIEL1,Caldas,36.54,22528000.0,81170000.0,27.75409634101269,26.462433,-0.091423035,0.50094986,1008.16095,24.373291,1.57,0.0,0.0030994415,0.0,0.18073651,0.5092239
2015-07-04,MIEL1,Caldas,36.55,21882000.0,81170000.0,26.958235801404463,27.006378,-0.084812164,0.537014,1008.3109,24.209503,1.57,0.0,0.0030398369,0.0,0.18066457,0.5436701
2015-07-05,MIEL1,Caldas,36.14,21546000.0,81170000.0,26.544289762227425,27.111664,-0.19037628,0.39030838,1010.1744,24.1044,1.57,0.0,0.0029206276,0.0,0.18027484,0.4342623
2015-07-06,MIEL1,Caldas,33.629999999999995,21221000.0,81170000.0,26.1438955279044,27.060638,-0.21340942,0.31549072,1010.932,24.044342,1.57,0.0,0.0029802322,0.0,0.17925945,0.38089103
2015-07-07,MIEL1,Caldas,31.230000000000004,21980000.0,81170000.0,27.078970062831093,26.197784,-0.5601692,0.5454521,1011.84314,24.031769,1.57,0.0,0.0029802322,0.0,0.17968279,0.7818616
2015-07-08,MIEL1,Caldas,31.16,42003000.0,81170000.0,51.74695084390785,24.881073,-0.28627396,-0.15027618,1012.3295,23.88739,1.57,0.28908253,0.007748604,0.004887581,0.20061338,0.32331982
2015-07-09,MIEL1,Caldas,31.04,23719000.0,81170000.0,29.221387212024148,26.068024,-0.22699356,0.4628601,1010.9416,23.890259,1.57,0.0022649765,0.0029802322,5.9604645e-05,0.19616729,0.51552457
2015-07-10,MIEL1,Caldas,31.25,31787000.0,81170000.0,39.16102008131082,25.582916,0.13615036,0.30430222,1010.7617,23.818329,1.57,0.0,0.002861023,0.0,0.18818602,0.3333718
2015-07-11,MIEL1,Caldas,31.32,21974000.0,81170000.0,27.071578169274364,26.25064,-0.20218277,0.45434952,1010.9803,23.662323,1.57,0.0,0.0027418137,0.0,0.18440537,0.49730408
2015-07-12,MIEL1,Caldas,31.47,24947000.0,81170000.0,30.734261426635456,26.323944,-0.36449432,-0.008731842,1012.7466,23.560913,1.57,0.0,0.002682209,0.0,0.1814658,0.3645989
2015-07-13,MIEL1,Caldas,31.56,20850000.0,81170000.0,25.68683010964642,26.955719,-0.36058044,-0.3457451,1012.1827,23.754211,1.57,0.0,0.0024437904,0.0,0.17827472,0.49955773
2015-07-14,MIEL1,Caldas,31.44,19729000.0,81170000.0,24.305777996796845,25.537262,-0.1713028,0.14322662,1012.1108,23.862122,1.57,0.6840229,0.014066696,0.011622906,0.2471283,0.2232902
2015-07-15,MIEL1,Caldas,31.47,19537000.0,81170000.0,24.0692374029814,25.533783,-0.2274437,0.100414276,1012.1381,23.90802,1.57,0.003695488,0.002503395,0.00011920929,0.23048884,0.24862354
2015-07-16,MIEL1,Caldas,28.13,19181000.0,81170000.0,23.63065171861525,25.481964,-0.49131775,0.02280426,1012.062,24.20581,1.57,0.0,0.0023841858,0.0,0.22057103,0.49184668
2015-07-17,MIEL1,Caldas,28.050000000000004,21529000.0,81170000.0,26.52334606381668,26.06186,-0.3159294,0.3628502,1011.9278,24.170502,1.57,0.015377998,0.002503395,0.00011920929,0.2134502,0.481115
2015-07-18,MIEL1,Caldas,28.23,37734000.0,81170000.0,46.48761857829247,25.31601,-0.33274078,0.1848526,1012.9511,24.168732,1.57,0.0030994415,0.002503395,0.0,0.2067171,0.38064012
2015-07-19,MIEL1,Caldas,28.78,40575000.0,81170000.0,49.98768017740544,25.086273,-0.65437317,0.09041977,1012.9367,24.101776,1.57,0.0,0.0023245811,0.0,0.20304988,0.66059065
2015-07-20,MIEL1,Caldas,29.82,72658000.0,81170000.0,89.51336700751509,24.601105,-0.40273666,-0.32180023,1013.21295,23.99112,1.57,0.27489662,0.0052452087,0.0029206276,0.22809166,0.5155116
2015-07-21,MIEL1,Caldas,30.34,68552000.0,81170000.0,84.45484785019096,24.18637,-0.23696518,-0.3674965,1012.91296,23.979889,1.57,0.30708313,0.0121593475,0.010073185,0.2558365,0.43727127
2015-07-22,MIEL1,Caldas,30.72,86884000.0,81170000.0,107.03954663052852,25.046844,-0.10136795,0.7279167,1011.7681,23.93753,1.57,0.09047985,0.0025629997,0.0004172325,0.23965311,0.734941
2015-07-23,MIEL1,Caldas,29.97,38817000.0,81170000.0,47.82185536528274,25.677643,-0.60456085,0.2850647,1013.4462,24.10849,1.57,0.0,0.0023245811,0.0,0.22646123,0.66839784
2015-07-24,MIEL1,Caldas,29.85,32199000.0,81170000.0,39.668596772206485,25.515594,-0.26845932,0.16545486,1013.47095,24.155975,1.57,0.0,0.0021457672,0.0,0.21828026,0.31535015
2015-07-25,MIEL1,Caldas,29.15,28542000.0,81170000.0,35.16323764937785,25.707733,-0.18203735,0.8217201,1010.5591,24.250061,1.57,0.0,0.0019073486,0.0,0.21368285,0.8416422
2015-07-26,MIEL1,Caldas,29.26,26239000.0,81170000.0,32.32598250585191,25.399323,-0.08786392,0.6878967,1009.16705,23.972687,1.57,0.0,0.0019073486,0.0,0.20689386,0.6934854
2015-07-27,MIEL1,Caldas,29.33,24858000.0,81170000.0,30.62461500554392,26.249237,-0.16691208,0.5298424,1009.76843,23.665588,1.57,0.0,0.0019073486,0.0,0.20168158,0.55551106
2015-07-28,MIEL1,Caldas,29.18,23720000.0,81170000.0,29.2226191942836,25.56308,-0.08298874,0.3237648,1009.7444,23.599213,1.57,0.0,0.0019073486,0.0,0.2011852,0.33423162
2015-07-29,MIEL1,Caldas,29.2,22917000.0,81170000.0,28.233337439940865,26.103546,-0.3527336,0.30255127,1010.7025,23.675873,1.57,0.0,0.0019073486,0.0,0.19682424,0.4647131
2015-07-30,MIEL1,Caldas,29.05,24073000.0,81170000.0,29.65750893187138,25.214691,-0.3033142,0.63515854,1012.3567,23.863586,1.57,0.062942505,0.0022053719,0.00023841858,0.18859163,0.70386493
2015-07-31,MIEL1,Caldas,28.81,21184000.0,81170000.0,26.098312184304547,25.814606,-0.43936157,0.4652214,1011.492,23.703613,1.57,0.0,0.0017881393,0.0,0.18136472,0.63989806
2015-08-01,MIEL1,Caldas,28.6,19938000.0,81140000.0,24.57234409662312,26.313995,-0.38514328,0.4108734,1011.27295,23.39328,1.91,0.00011920929,0.0017285347,0.0,0.1781582,0.5631628
2015-08-02,MIEL1,Caldas,28.31,19190000.0,81140000.0,23.650480650727136,26.056671,-0.23159027,0.48634338,1009.89514,23.435364,1.91,0.0,0.00166893,0.0,0.1754501,0.5386687
2015-08-03,MIEL1,Caldas,28.06,18844000.0,81140000.0,23.22405718511215,26.555878,-0.2050438,0.5566635,1009.0748,23.530182,1.91,0.0,0.0017285347,0.0,0.17254283,0.5932261
2015-08-04,MIEL1,Caldas,27.82,17810000.0,81140000.0,21.949716539314764,26.4664,-0.12915039,0.6360092,1009.5147,23.69397,1.91,0.0,0.0015497208,0.0,0.17237267,0.6489896
2015-08-05,MIEL1,Caldas,27.54,16968000.0,81140000.0,20.91200394380084,27.086578,-0.26078796,0.7034302,1009.6697,23.66043,1.91,0.0,0.0016093254,0.0,0.17189445,0.7502162
2015-08-06,MIEL1,Caldas,27.14,16235000.0,81140000.0,20.00862706433325,27.109894,-0.1662445,0.55931854,1008.78766,23.562317,1.91,0.0,0.0014901161,0.0,0.17161497,0.58350194
2015-08-07,MIEL1,Caldas,27.1,15994000.0,81140000.0,19.711609563717037,27.647736,-0.23964691,0.554348,1008.9825,23.38861,1.91,0.0,0.0011920929,0.0,0.17208911,0.6039308
2015-08-08,MIEL1,Caldas,27.37,20087000.0,81140000.0,24.75597732314518,26.527802,-0.30265045,0.17084503,1010.78796,23.187347,1.91,0.0,0.0014901161,0.0,0.17184713,0.34754184
2015-08-09,MIEL1,Caldas,27.29,20309000.0,81140000.0,25.029578506285432,25.003448,-0.3017273,-0.58748245,1012.6028,23.2435,1.91,0.07164478,0.003874302,0.0023841858,0.17672834,0.66043544
2015-08-10,MIEL1,Caldas,27.19,15831000.0,81140000.0,19.51072220852847,23.804352,-0.20211029,-0.5996933,1012.02466,22.976227,1.91,0.16021729,0.0045895576,0.0031590462,0.19724052,0.6328354
2015-08-11,MIEL1,Caldas,27.13,15772000.0,81140000.0,19.43800838057678,26.068329,-0.34585953,0.306633,1010.92737,22.73285,1.91,0.00035762787,0.0014305115,0.0,0.19702336,0.4622149
2015-08-12,MIEL1,Caldas,26.950000000000003,14602000.0,81140000.0,17.99605619916194,26.444244,-0.22058868,0.36140823,1010.72205,22.584747,1.91,0.0009536743,0.0014305115,5.9604645e-05,0.18682776,0.4234091
2015-08-13,MIEL1,Caldas,26.88,14101000.0,81140000.0,17.378604880453537,26.544647,-0.058933258,0.36078644,1010.3894,22.448334,1.91,0.0,0.0012516975,0.0,0.18222874,0.36556804
2015-08-14,MIEL1,Caldas,26.840000000000003,14011000.0,81140000.0,17.267685481883166,26.032562,-0.18598557,0.54180527,1010.9299,22.168304,1.91,0.00059604645,0.0014305115,0.0,0.18113317,0.5728382
2015-08-15,MIEL1,Caldas,26.71,13854000.0,81140000.0,17.07419275326596,25.890045,-0.5346527,0.6620064,1011.3114,21.999725,1.91,0.0,0.0013113022,0.0,0.18224473,0.85094416
2015-08-16,MIEL1,Caldas,26.67,13174000.0,81140000.0,16.236135075178705,25.871552,-0.6937561,0.43974686,1011.6209,21.977997,1.91,0.0,0.0013113022,0.0,0.184046,0.8213859
2015-08-17,MIEL1,Caldas,26.4,12730000.0,81140000.0,15.688932708898202,26.302338,-0.3194847,0.49209213,1011.28784,21.998291,1.91,0.0,0.0014305115,0.0,0.1828921,0.58670706
2015-08-18,MIEL1,Caldas,26.32,12359000.0,81140000.0,15.231698299235887,26.740448,-0.4611473,0.24552917,1012.3242,22.086212,1.91,0.00500679,0.0013709068,0.0,0.18008326,0.52243793
2015-08-19,MIEL1,Caldas,26.25,11727000.0,81140000.0,14.452797633719497,26.592743,-0.28130722,0.5958748,1010.7342,22.446259,1.91,0.0,0.0013113022,0.0,0.17673136,0.65893894
2015-08-20,MIEL1,Caldas,26.17,12238000.0,81140000.0,15.082573330046834,26.923737,-0.17300034,0.6723404,1009.4402,22.514252,1.91,0.0,0.0013709068,0.0,0.17660749,0.6942411
2015-08-21,MIEL1,Caldas,25.72,10556000.0,81140000.0,13.009613014542763,26.031158,-0.64323044,0.33894348,1009.775,22.557007,1.91,0.0,0.0013113022,0.0,0.17566082,0.7270682
2015-08-22,MIEL1,Caldas,25.61,9875000.0,81140000.0,12.170322898693616,26.53537,-0.2329483,0.18525696,1010.83014,22.841156,1.91,0.01335144,0.0012516975,5.9604645e-05,0.1762281,0.2976324
2015-08-23,MIEL1,Caldas,25.480000000000004,9987000.0,81140000.0,12.308355928025634,26.350067,-0.30162048,0.18626404,1009.6278,22.790802,1.91,0.007867813,0.0012516975,0.00011920929,0.17557144,0.35449854
2015-08-24,MIEL1,Caldas,25.540000000000003,17885000.0,81140000.0,22.04214937145674,26.326996,-0.33914566,-0.15982056,1010.2272,22.627808,1.91,0.04529953,0.0012516975,0.00011920929,0.16870646,0.3749165
2015-08-25,MIEL1,Caldas,25.380000000000003,10812000.0,81140000.0,13.32511708158738,26.687225,-0.47760773,-0.19316101,1010.6853,22.355682,1.91,0.0,0.001013279,0.0,0.168699,0.5151896
2015-08-26,MIEL1,Caldas,25.45,21279000.0,81140000.0,26.22504313532167,24.971039,-0.41861725,-0.9657402,1012.46014,21.959106,1.91,0.066161156,0.0014305115,0.0004172325,0.17164189,1.0525657
2015-08-27,MIEL1,Caldas,25.77,38619000.0,81140000.0,47.59551392654672,25.436554,-0.20236969,-0.36790085,1011.7045,21.80722,1.91,0.058174133,0.0032186508,0.0021457672,0.19099995,0.41988632
2015-08-28,MIEL1,Caldas,25.83,22960000.0,81140000.0,28.296771013063843,26.585602,-0.36030197,0.2892723,1010.28674,21.994446,1.91,0.0023841858,0.0009536743,0.0,0.1886484,0.46205625
2015-08-29,MIEL1,Caldas,25.56,13147000.0,81140000.0,16.202859255607592,26.682648,-0.48246765,0.68227386,1010.4498,21.992584,1.91,0.0,0.0010728836,0.0,0.18272823,0.8356271
2015-08-30,MIEL1,Caldas,25.45,11117000.0,81140000.0,13.701010598964752,26.138275,-0.1578064,0.5545578,1010.34644,22.151459,1.91,0.0,0.0009536743,0.0,0.17108904,0.57657367
2015-08-31,MIEL1,Caldas,25.45,10068000.0,81140000.0,12.408183386738967,25.599579,-0.2473526,0.57328033,1011.8801,22.50943,1.91,0.0,0.0009536743,0.0,0.169988,0.6243666
2015-09-01,MIEL1,Caldas,25.26,9145000.0,110530000.0,8.273771826653398,26.684723,-0.3652954,0.44005966,1012.0795,22.649658,2.21,0.0,0.000834465,0.0,0.17101334,0.57192063
2015-09-02,MIEL1,Caldas,25.21,8618000.0,110530000.0,7.796978195964896,25.347748,0.07076645,0.28738403,1012.53076,22.769379,2.21,0.0,0.000834465,0.0,0.1710023,0.2959687
2015-09-03,MIEL1,Caldas,25.0,7997000.0,110530000.0,7.235139781054917,26.74997,0.17188263,0.057086945,1011.15717,23.015503,2.21,0.00047683716,0.0009536743,0.0,0.16992265,0.18111476
2015-09-04,MIEL1,Caldas,24.77,7201000.0,110530000.0,6.5149733104134615,26.059723,-0.54003906,-0.28518295,1011.39655,22.93808,2.21,0.1385212,0.0020861626,0.0011324883,0.19585574,0.61071396
2015-09-05,MIEL1,Caldas,24.62,10055000.0,110530000.0,9.09707771645707,26.667511,-0.26179886,0.22732544,1010.2573,23.071625,2.21,0.00023841858,0.0009536743,0.0,0.19912682,0.34672105
2015-09-06,MIEL1,Caldas,24.54,16176000.0,110530000.0,14.634940740070569,24.648468,-0.49230194,0.08436966,1012.1083,23.379059,2.21,0.47922134,0.0052452087,0.0044107437,0.22306478,0.49947917
2015-09-07,MIEL1,Caldas,24.37,8785000.0,110530000.0,7.948068397720077,25.460175,-0.32125473,0.019893646,1011.1236,23.178802,2.21,0.0,0.0009536743,0.0,0.2088059,0.3218701
2015-09-08,MIEL1,Caldas,24.36,7395000.0,110530000.0,6.690491269338642,25.937042,-0.10294342,-0.49914932,1010.15765,22.684235,2.21,0.014066696,0.0009536743,0.0,0.20101142,0.50965416
2015-09-09,MIEL1,Caldas,24.5,7574000.0,110530000.0,6.852438252058264,27.307098,-0.34252167,0.013820648,1008.8003,22.291168,2.21,0.00011920929,0.000834465,0.0,0.19556928,0.34280038
2015-09-10,MIEL1,Caldas,24.38,10030000.0,110530000.0,9.074459422781144,25.321014,-0.34973526,-1.0457993,1010.8208,22.062775,2.21,0.053048134,0.0027418137,0.002026558,0.18991032,1.1027288
2015-09-11,MIEL1,Caldas,24.38,14949000.0,110530000.0,13.524834886456166,23.36026,-0.66049194,-0.5182953,1013.4903,22.114716,2.21,0.21862984,0.0066161156,0.005751848,0.25866053,0.8395711
2015-09-12,MIEL1,Caldas,24.27,12141000.0,110530000.0,10.98434814077626,24.706573,-0.00050735474,0.06393814,1011.90234,22.19693,2.21,0.0,0.0006556511,0.0,0.2501498,0.06394016
2015-09-13,MIEL1,Caldas,24.14,7270000.0,110530000.0,6.577399800959016,25.207062,-0.23644638,0.27010727,1010.84814,22.533478,2.21,0.0,0.0005364418,0.0,0.23819196,0.35897747
2015-09-14,MIEL1,Caldas,23.96,6913000.0,110530000.0,6.254410567266805,24.59134,-0.019062042,0.23746109,1011.4864,22.92395,2.21,0.0,0.00059604645,0.0,0.22801499,0.23822497
2015-09-15,MIEL1,Caldas,23.58,8549000.0,110530000.0,7.734551705419343,25.403717,0.007930756,0.222538,1011.53937,23.415009,2.21,0.0,0.00059604645,0.0,0.22019874,0.22267927
2015-09-16,MIEL1,Caldas,23.45,8179000.0,110530000.0,7.399800959015653,26.696198,-0.18735886,-0.21145248,1011.0578,23.626251,2.21,0.0,0.0005364418,0.0,0.20971343,0.28251636
2015-09-17,MIEL1,Caldas,23.94,44094000.0,110530000.0,39.89324165384963,24.900421,0.06403351,-0.70212936,1011.1622,23.727875,2.21,0.3629923,0.004053116,0.0033974648,0.22350277,0.7050432
2015-09-18,MIEL1,Caldas,23.91,18832000.0,110530000.0,17.03790826020085,25.144928,-0.20975494,-0.7598343,1009.9309,23.564392,2.21,0.072956085,0.0013709068,0.0006556511,0.255197,0.78825456
2015-09-19,MIEL1,Caldas,24.11,31877000.0,110530000.0,28.84013390029856,24.42276,-0.32674408,-0.053905487,1010.91956,23.53946,2.21,0.53954124,0.023186207,0.022649765,0.33229342,0.33116084
2015-09-20,MIEL1,Caldas,24.27,26340000.0,110530000.0,23.830634216954675,24.948761,-0.6603317,0.33114243,1011.14905,23.624908,2.21,0.14042854,0.007688999,0.0069737434,0.32888833,0.7387105
2015-09-21,MIEL1,Caldas,23.94,16473000.0,110530000.0,14.90364606894056,25.550812,-0.2718811,0.42933273,1009.73016,23.637634,2.21,0.022888184,0.0006556511,0.00011920929,0.30630815,0.508179
2015-09-22,MIEL1,Caldas,23.66,17213000.0,110530000.0,15.57314756174794,26.667267,-0.1580162,-0.3534317,1009.0792,23.382538,2.21,0.00011920929,0.0005364418,0.0,0.28286195,0.38714737
2015-09-23,MIEL1,Caldas,22.87,16414000.0,110530000.0,14.850266895865378,26.824493,-0.34442902,-0.11363983,1009.21893,23.306335,2.21,0.052928925,0.0009536743,0.0004172325,0.2667569,0.36269182
2015-09-24,MIEL1,Caldas,22.43,19658000.0,110530000.0,17.785216683253417,24.919281,-0.17938995,-0.43924713,1010.66376,23.157928,2.21,0.069499016,0.002026558,0.0013709068,0.28233182,0.47446686
2015-09-25,MIEL1,Caldas,22.29,12265000.0,110530000.0,11.096534877408848,25.233673,-0.19766617,-0.47517776,1010.52625,23.644348,2.21,0.032544136,0.0013709068,0.00071525574,0.26384938,0.5146512
2015-09-26,MIEL1,Caldas,22.21,10172000.0,110530000.0,9.2029313308604,25.466522,-0.0802269,-0.13224792,1010.1422,24.353577,2.21,0.002503395,0.0007748604,5.9604645e-05,0.24820663,0.1546799
2015-09-27,MIEL1,Caldas,22.07,9527000.0,110530000.0,8.619379354021532,25.726898,-0.00076675415,-0.012001038,1010.8684,24.084534,2.21,0.008702278,0.000834465,0.00011920929,0.23531201,0.012025507
2015-09-28,MIEL1,Caldas,21.4,8611000.0,110530000.0,7.790645073735638,26.058624,-0.13707352,-0.030708313,1009.7442,23.538666,2.21,0.00035762787,0.0005364418,0.0,0.22182012,0.14047118
2015-09-29,MIEL1,Caldas,19.59,11822000.0,110530000.0,10.695738713471457,26.411713,-0.29816437,-0.60277176,1008.90857,23.625793,2.21,0.0009536743,0.0006556511,0.0,0.20911759,0.6724848
2015-09-30,MIEL1,Caldas,18.63,27377000.0,110530000.0,24.768841038632043,23.394196,-0.15501785,-0.8377876,1010.34125,23.95871,2.21,0.36513805,0.005185604,0.0045895576,0.26406878,0.8520086
2015-10-01,MIEL1,Caldas,17.69,15961000.0,156560000.0,10.194813490035768,22.509674,-0.009529114,-0.52779007,1010.72437,24.26941,2.47,0.6041527,0.047802925,0.047177076,0.34164476,0.5278761
2015-10-02,MIEL1,Caldas,16.96,12283000.0,156560000.0,7.845554420030659,23.156464,0.011547089,-0.7024307,1010.447,24.005432,2.47,0.34618378,0.021636486,0.021010637,0.39789772,0.7025256
2015-10-03,MIEL1,Caldas,16.400000000000002,32329000.0,156560000.0,20.6495912110373,24.063751,0.045440674,-0.4774971,1010.84204,23.88858,2.47,0.027656555,0.003993511,0.0032782555,0.38841093,0.4796544
2015-10-04,MIEL1,Caldas,16.37,15862000.0,156560000.0,10.13157894736842,26.010834,-0.09493637,-0.17926407,1010.77,23.83966,2.47,0.0075101852,0.000834465,0.00023841858,0.3473597,0.20285098
2015-10-05,MIEL1,Caldas,16.28,12804000.0,156560000.0,8.178334184977006,25.336151,-0.06834793,-0.0362854,1011.10846,23.910126,2.47,0.0,0.00071525574,0.0,0.32326812,0.07738262
2015-10-06,MIEL1,Caldas,16.06,10305000.0,156560000.0,6.582141032192131,25.392426,-0.0105781555,-0.1330986,1011.1117,24.20404,2.47,0.0034570694,0.0007748604,8.940697e-05,0.30437392,0.1335183
2015-10-07,MIEL1,Caldas,15.96,10765000.0,156560000.0,6.875958099131324,25.81137,0.11338806,-0.43593597,1011.17737,23.986115,2.47,0.0035762787,0.0006556511,0.0,0.2838435,0.4504409
2015-10-08,MIEL1,Caldas,15.8,9092000.0,156560000.0,5.807358201328564,25.292816,-0.16141129,-0.9094124,1011.3797,23.86438,2.47,0.25606155,0.0034570694,0.0029206276,0.29629242,0.92362577
2015-10-09,MIEL1,Caldas,16.09,14570000.0,156560000.0,9.306336228921818,24.397308,0.040332794,-0.60211945,1011.0811,23.927734,2.47,0.082969666,0.0019669533,0.0013709068,0.31580913,0.6034688
2015-10-10,MIEL1,Caldas,15.989999999999998,9209000.0,156560000.0,5.882089933571794,23.774628,0.007949829,-0.5993309,1011.34766,24.013336,2.47,0.64861774,0.059515238,0.058978796,0.32973275,0.59938365
2015-10-11,MIEL1,Caldas,16.619999999999997,47241000.0,156560000.0,30.17437404190087,23.034943,-0.43061066,-0.67279816,1012.08545,23.898926,2.47,0.41222572,0.008821487,0.008404255,0.34998795,0.79880095
2015-10-12,MIEL1,Caldas,16.66,20450000.0,156560000.0,13.06208482370976,23.266205,-0.14469147,-0.6227913,1012.1872,23.768402,2.47,0.21708012,0.01770258,0.017344952,0.3887003,0.6393783
2015-10-13,MIEL1,Caldas,16.97,23178000.0,156560000.0,14.804547777210017,22.707,0.21634674,-0.657814,1012.02826,23.66977,2.47,0.27143955,0.01847744,0.017940998,0.39257652,0.6924776
2015-10-14,MIEL1,Caldas,18.0,62933000.0,156560000.0,40.19736842105263,22.696869,-0.16649246,-0.37618256,1012.1295,23.598877,2.47,0.7418394,0.05310774,0.052511692,0.40556422,0.41137946
2015-10-15,MIEL1,Caldas,18.35,37786000.0,156560000.0,24.135155850792028,23.374725,-0.5174217,-0.48203278,1011.34454,23.451233,2.47,0.024914742,0.001758337,0.0011622906,0.3852,0.70716393
2015-10-16,MIEL1,Caldas,18.6,32506000.0,156560000.0,20.76264690853347,23.823395,-0.34402466,-0.10382843,1011.002,23.63971,2.47,0.44834614,0.030696392,0.019073486,0.403293,0.35935125
2015-10-17,MIEL1,Caldas,18.68,26188000.0,156560000.0,16.72713336739908,24.65976,-0.16557693,0.39299393,1012.2472,23.633942,2.47,0.014066696,0.0008940697,0.00029802322,0.37456575,0.4264504
2015-10-18,MIEL1,Caldas,18.68,21968000.0,156560000.0,14.031681144609095,24.769135,-0.17215729,-0.12972641,1013.27924,23.700623,2.47,0.00035762787,0.0005364418,0.0,0.350115,0.21556222
2015-10-19,MIEL1,Caldas,17.93,19357000.0,156560000.0,12.363949923352068,23.68747,-0.00035476685,-0.005142212,1012.9841,23.789948,2.47,0.0017881393,0.0007748604,5.9604645e-05,0.3311545,0.005154435
2015-10-20,MIEL1,Caldas,17.54,17338000.0,156560000.0,11.0743484925907,25.269135,-0.18363571,-0.051532745,1011.0591,23.848755,2.47,0.00035762787,0.0005364418,0.0,0.31219232,0.19072938
2015-10-21,MIEL1,Caldas,17.549999999999997,15858000.0,156560000.0,10.129024016351558,24.4628,-0.1581459,-0.652935,1011.6367,23.82138,2.47,0.07033348,0.0012516975,0.00071525574,0.29851073,0.6718142
2015-10-22,MIEL1,Caldas,17.97,25677000.0,156560000.0,16.40074092999489,24.579437,-0.072891235,-0.76626205,1011.79,23.6846,2.47,0.10716915,0.002503395,0.001847744,0.30273977,0.7697212
2015-10-23,MIEL1,Caldas,15.82,43428000.0,156560000.0,27.73888605007665,24.40335,0.2785759,-0.47787094,1010.8895,23.564789,2.47,0.16510487,0.0029802322,0.002413988,0.32316005,0.5531412
2015-10-24,MIEL1,Caldas,13.58,25442000.0,156560000.0,16.250638732754215,22.429535,0.1269188,-0.78962326,1011.9833,23.540833,2.47,0.29301643,0.006914139,0.0064373016,0.38635164,0.79975826
2015-10-25,MIEL1,Caldas,13.55,26227000.0,156560000.0,16.75204394481349,23.339142,-0.22144318,-0.43613052,1011.8897,23.616608,2.47,0.02193451,0.001847744,0.0012516975,0.35972422,0.48912874
2015-10-26,MIEL1,Caldas,14.44,52124000.0,156560000.0,33.29330608073582,22.836151,-0.24325562,-0.7256775,1013.0533,23.533173,2.47,0.1707077,0.014662743,0.014185905,0.3896225,0.7653634
2015-10-27,MIEL1,Caldas,14.81,30581000.0,156560000.0,19.53308635666837,23.205902,-0.07153702,-0.6319504,1013.65985,23.533234,2.47,0.2387762,0.021219254,0.020861626,0.39781448,0.6359865
2015-10-28,MIEL1,Caldas,14.96,27990000.0,156560000.0,17.878129790495656,24.024078,-0.07169342,-0.33242798,1013.08813,23.486542,2.47,0.000834465,0.0005364418,0.00011920929,0.37203223,0.34007102
2015-10-29,MIEL1,Caldas,16.13,62460000.0,156560000.0,39.89524782830864,22.968658,-0.025432587,-0.66516876,1012.9919,23.519012,2.47,0.34701824,0.0071525574,0.006556511,0.408872,0.6656548
2015-10-30,MIEL1,Caldas,17.849999999999998,95441000.0,156560000.0,60.961292795094536,23.487213,-0.009147644,-0.7354889,1012.595,23.710754,2.47,0.21219254,0.0051259995,0.0047683716,0.399693,0.7355458
2015-10-31,MIEL1,Caldas,18.38,47546000.0,156560000.0,30.369187531936635,22.969269,-0.1768837,-0.8401375,1012.4964,23.69986,2.47,0.30767918,0.027060509,0.026613474,0.4165748,0.8585563
2015-11-01,MIEL1,Caldas,20.03,98963000.0,192170000.0,51.49763230473019,23.085419,-0.09549713,-0.559742,1012.4381,23.824982,2.64,0.12683868,0.0072717667,0.006556511,0.41934985,0.56782985
2015-11-02,MIEL1,Caldas,21.85,102908000.0,192170000.0,53.55050215954624,21.631805,-0.18922424,-0.4432106,1012.6855,23.932068,2.64,1.7170906,0.33271313,0.3322959,0.44622034,0.48191437
2015-11-03,MIEL1,Caldas,22.76,65878000.0,192170000.0,34.2811052713743,22.75174,0.1290245,-0.7919388,1012.21344,23.78186,2.64,0.3836155,0.06681681,0.06622076,0.43525392,0.80238044
2015-11-04,MIEL1,Caldas,21.85,80621000.0,192170000.0,41.952958318155794,22.615753,-0.42055893,-0.7055626,1012.0681,23.739044,2.64,0.43976307,0.060915947,0.0603199,0.44673496,0.82139415
2015-11-05,MIEL1,Caldas,23.14,126748000.0,192170000.0,65.95618462819378,22.097809,-0.11040497,-0.60580826,1012.9998,23.522705,2.64,0.767231,0.088751316,0.08827448,0.4427361,0.61578643
2015-11-06,MIEL1,Caldas,24.99,97159000.0,192170000.0,50.55888015819326,22.658295,0.058502197,-0.21784973,1012.72345,23.41092,2.64,0.870347,0.13697147,0.13649464,0.4463998,0.2255682
2015-11-07,MIEL1,Caldas,26.14,77060000.0,192170000.0,40.09991153666025,22.990692,0.057575226,-0.07758331,1012.16315,23.397797,2.64,0.09119511,0.0037550926,0.0033974648,0.43117177,0.09661303
2015-11-08,MIEL1,Caldas,26.97,57049000.0,192170000.0,29.68673570276318,23.130402,-0.19403076,-0.24791336,1010.9373,23.605255,2.64,0.007390976,0.0013709068,0.000834465,0.42066327,0.31481576
2015-11-09,MIEL1,Caldas,27.61,50069000.0,192170000.0,26.05453504709372,23.702057,0.16104507,-0.022983551,1011.27856,23.808289,2.64,0.007987022,0.0013709068,0.000834465,0.4047817,0.16267686
2015-11-10,MIEL1,Caldas,28.62,65573000.0,192170000.0,34.12239163240881,24.342194,-0.10774994,-0.064777374,1011.52,23.695038,2.64,0.0027418137,0.0006556511,0.00011920929,0.38792157,0.12572254
2015-11-11,MIEL1,Caldas,28.83,44184000.0,192170000.0,22.992142373939743,24.724152,-0.04449463,-0.39029694,1010.77313,23.743927,2.64,0.0052452087,0.00059604645,5.9604645e-05,0.37036002,0.39282498
2015-11-12,MIEL1,Caldas,29.520000000000003,52382000.0,192170000.0,27.25815684029765,25.501923,-0.09662628,-0.24317169,1010.3734,23.779083,2.64,0.0010728836,0.00059604645,0.0,0.3537203,0.26166603
2015-11-13,MIEL1,Caldas,30.16,49545000.0,192170000.0,25.781859811625125,24.870026,-0.21812057,-0.41590118,1009.58185,23.965363,2.64,0.37527084,0.0060796738,0.0056028366,0.3447435,0.46962792
2015-11-14,MIEL1,Caldas,30.58,38861000.0,192170000.0,20.222199094551694,25.522858,0.032196045,0.036655426,1009.0466,24.02127,2.64,0.002861023,0.00071525574,0.00023841858,0.32987574,0.04878735
2015-11-15,MIEL1,Caldas,30.56,38839000.0,192170000.0,20.21075089764271,25.955353,-0.00088119507,-0.1249733,1009.9484,23.842438,2.64,0.0013113022,0.00047683716,0.00011920929,0.3160131,0.124976404
2015-11-16,MIEL1,Caldas,30.61,32990000.0,192170000.0,17.16709163761253,24.184479,-0.09641266,-0.50831985,1009.6758,23.715302,2.64,0.0032186508,0.0004172325,0.00011920929,0.30557775,0.5173823
2015-11-17,MIEL1,Caldas,30.96,77181000.0,192170000.0,40.16287661965968,23.02121,-0.109508514,-0.19763184,1009.8272,23.968597,2.64,0.18334389,0.022947788,0.022530556,0.37083113,0.22594349
2015-11-18,MIEL1,Caldas,31.790000000000003,51303000.0,192170000.0,26.696674819170525,22.027802,-0.37024307,-0.6860466,1010.5559,24.205566,2.64,0.4557371,0.040471554,0.04005432,0.39766425,0.7795767
2015-11-19,MIEL1,Caldas,32.33,48840000.0,192170000.0,25.41499713795077,22.220123,0.22693634,-0.68135834,1011.91956,24.12384,2.64,0.0988245,0.011563301,0.011026859,0.40672308,0.7181569
2015-11-20,MIEL1,Caldas,31.65,48898000.0,192170000.0,25.445178747983555,23.069,0.05246353,-0.7362671,1010.3136,24.077576,2.64,0.03552437,0.002861023,0.0024437904,0.3885137,0.7381339
2015-11-21,MIEL1,Caldas,32.82,71805000.0,192170000.0,37.36535359317271,23.640167,-0.24682236,-0.53162384,1010.002,24.055786,2.64,0.11062622,0.01013279,0.009715557,0.38337877,0.5861273
2015-11-22,MIEL1,Caldas,32.940000000000005,76424000.0,192170000.0,39.76895457147317,24.60025,-0.06628418,-0.14358902,1009.90936,24.067596,2.64,0.10085106,0.0046491623,0.0042915344,0.41140527,0.15814993
2015-11-23,MIEL1,Caldas,35.67,82726000.0,192170000.0,43.04834261331113,22.635895,0.013023376,-0.82993317,1010.8758,24.197021,2.64,0.14257431,0.008523464,0.008046627,0.41140017,0.8300354
2015-11-24,MIEL1,Caldas,36.88,58421000.0,192170000.0,30.400686891814537,23.830536,0.28826904,-0.5289345,1010.23376,24.491516,2.64,0.038027763,0.0020861626,0.00166893,0.40404326,0.60238755
2015-11-25,MIEL1,Caldas,39.56,107252000.0,192170000.0,55.81100067648437,23.798248,-0.1456604,-0.44409943,1010.5553,24.703644,2.64,0.119805336,0.004708767,0.004172325,0.4067155,0.46737698
2015-11-26,MIEL1,Caldas,39.3,71569000.0,192170000.0,37.24254566269449,23.655304,0.0074768066,-0.09114456,1010.71967,24.713226,2.64,0.10788441,0.0013709068,0.0008940697,0.39576983,0.09145072
2015-11-27,MIEL1,Caldas,40.71,64485000.0,192170000.0,33.55622625800073,22.8638,0.44924164,-0.56313705,1010.91345,24.927338,2.64,0.7737875,0.11795759,0.117480755,0.42757908,0.7203759
2015-11-28,MIEL1,Caldas,41.23,53014000.0,192170000.0,27.58703231513764,23.118256,-0.060821533,-0.652462,1010.2619,25.123566,2.64,0.07677078,0.01180172,0.0113248825,0.43522766,0.6552907
2015-11-29,MIEL1,Caldas,41.010000000000005,49242000.0,192170000.0,25.62418691783317,23.24527,-0.092163086,-0.69044113,1009.7942,25.03128,2.64,0.025868416,0.004827976,0.0044107437,0.4285689,0.6965651
2015-11-30,MIEL1,Caldas,41.63,43432000.0,192170000.0,22.6008221886871,25.133453,-0.36870193,-0.13835907,1008.5019,24.80368,2.64,0.01347065,0.002026558,0.0016093254,0.4074441,0.3938075
2015-12-01,MIEL1,Caldas,42.120000000000005,38809000.0,171320000.0,22.652930189119772,24.618378,-0.65338135,-0.47519302,1009.51935,24.578156,2.75,0.011205673,0.0017285347,0.0010728836,0.39189607,0.8079081
2015-12-02,MIEL1,Caldas,41.82,34695000.0,171320000.0,20.25157599813215,24.539276,0.103969574,0.09682083,1009.5778,24.620941,2.75,0.00059604645,0.0005364418,0.00011920929,0.3769486,0.14207022
2015-12-03,MIEL1,Caldas,42.16,32290000.0,171320000.0,18.847770254494517,23.470184,0.046360016,-0.22608185,1011.4864,24.81186,2.75,0.008225441,0.0006556511,0.00017881393,0.3623865,0.23078616
2015-12-04,MIEL1,Caldas,42.43,30810000.0,171320000.0,17.983889796871352,24.544647,-0.11842728,-0.10900116,1012.85736,24.877045,2.75,0.0047683716,0.00071525574,0.00035762787,0.34730494,0.16095425
2015-12-05,MIEL1,Caldas,42.72,30392000.0,171320000.0,17.739901937893997,24.450043,0.22343063,-0.27370453,1012.6166,25.11905,2.75,0.009775162,0.0006556511,0.00023841858,0.33505288,0.35332057
2015-12-06,MIEL1,Caldas,43.03,30992000.0,171320000.0,18.090123745038525,24.096405,-0.026695251,-0.31193542,1011.03674,25.208649,2.75,0.044345856,0.0010430813,0.0008046627,0.3371944,0.31307563
2015-12-07,MIEL1,Caldas,43.72,34481000.0,171320000.0,20.12666355358394,24.544098,0.048885345,-0.43154907,1009.8823,25.440033,2.75,0.18501282,0.0035762787,0.0030994415,0.3377482,0.4343091
2015-12-08,MIEL1,Caldas,44.38,31415000.0,171320000.0,18.33703011907541,24.510895,0.15908432,-0.27464294,1010.7364,25.424072,2.75,0.005364418,0.00029802322,0.0,0.32944432,0.31739023
2015-12-09,MIEL1,Caldas,44.66,27229000.0,171320000.0,15.893649311230446,24.674469,-0.19244766,-0.3941536,1011.5781,25.436584,2.75,0.05030632,0.0013113022,0.001013279,0.31940725,0.43862647
2015-12-10,MIEL1,Caldas,44.92,25940000.0,171320000.0,15.141256128881626,25.042694,0.17690659,-0.08557129,1011.5675,25.28241,2.75,0.01180172,0.0015497208,0.0011324883,0.35559112,0.1965156
2015-12-11,MIEL1,Caldas,45.11,24801000.0,171320000.0,14.476418398318936,24.707794,0.024822235,-0.20949936,1010.9486,25.360992,2.75,0.008583069,0.0004172325,0.00011920929,0.3350317,0.21096475
2015-12-12,MIEL1,Caldas,45.27,23642000.0,171320000.0,13.799906607518096,23.819672,-0.00051116943,-0.1624527,1009.883,25.35086,2.75,0.0,0.0005364418,0.0,0.31907216,0.1624535
2015-12-13,MIEL1,Caldas,45.49,23043000.0,171320000.0,13.450268503385477,24.503937,-0.13663483,-0.42453003,1010.0361,25.355042,2.75,0.041007996,0.0014305115,0.0010728836,0.3052036,0.44597626
2015-12-14,MIEL1,Caldas,46.73,39085000.0,171320000.0,22.814032220406254,23.5466,-0.056179047,-0.6774368,1010.7003,25.265015,2.75,0.07593632,0.0022649765,0.0021457672,0.30886486,0.6797623
2015-12-15,MIEL1,Caldas,46.95,46451000.0,171320000.0,27.113588606117204,23.110077,0.26278687,-0.47001648,1010.8158,25.148285,2.75,0.20205975,0.023961067,0.023722649,0.38092953,0.5384909
2015-12-16,MIEL1,Caldas,47.33,27547000.0,171320000.0,16.079266869017044,24.312775,0.1310463,-0.42369843,1010.0697,25.123627,2.75,0.0051259995,0.0009536743,0.0006556511,0.38167757,0.44350138
2015-12-17,MIEL1,Caldas,47.9,42347000.0,171320000.0,24.718071445248658,23.973969,0.07134628,0.1510086,1009.39764,25.247925,2.75,0.17893314,0.0033974648,0.0030994415,0.37924537,0.16701464
2015-12-18,MIEL1,Caldas,48.2,28052000.0,171320000.0,16.374036890030354,23.616425,0.008434296,-0.04371643,1009.7475,25.213165,2.75,0.002861023,0.00059604645,0.00023841858,0.35508448,0.04452262
2015-12-19,MIEL1,Caldas,48.59,28385000.0,171320000.0,16.568409992995566,25.681122,-0.24155807,-0.18998718,1011.0641,25.180267,2.75,0.00333786,0.0005364418,0.00023841858,0.33730546,0.30731976
2015-12-20,MIEL1,Caldas,48.47,23256000.0,171320000.0,13.574597244921785,25.253387,-0.051044464,0.20821762,1010.64795,25.178833,2.75,0.0,0.00035762787,0.0,0.32175237,0.21438311
2015-12-21,MIEL1,Caldas,48.65,21533000.0,171320000.0,12.56887695540509,24.334076,-0.03817749,-0.11545563,1009.57874,25.444,2.75,0.0,0.0004172325,0.0,0.30709925,0.12160396
2015-12-22,MIEL1,Caldas,48.81,20571000.0,171320000.0,12.007354657950035,24.05478,-0.18839264,-0.030395508,1008.2991,25.506805,2.75,0.00011920929,0.0005364418,0.0,0.29169476,0.19082892
2015-12-23,MIEL1,Caldas,48.870000000000005,20571000.0,171320000.0,12.007354657950035,24.88498,-0.11169052,-0.044757843,1008.59406,25.399872,2.75,0.0,0.00017881393,0.0,0.28007942,0.120324716
2015-12-24,MIEL1,Caldas,49.14,19371000.0,171320000.0,11.306911043660984,24.209747,0.009086609,0.14351654,1009.2961,25.260406,2.75,0.00023841858,0.00047683716,0.0,0.26986924,0.14380391
2015-12-25,MIEL1,Caldas,49.61,18374000.0,171320000.0,10.724959140789167,24.844452,-0.021278381,0.17327881,1009.40125,25.205902,2.75,0.0,0.0009536743,0.0,0.2594156,0.1745804
2015-12-26,MIEL1,Caldas,49.47,17611000.0,171320000.0,10.279593742703712,24.08133,-0.0029029846,-0.047657013,1008.4983,25.322815,2.75,0.0,0.00059604645,0.0,0.25119576,0.047745347
2015-12-27,MIEL1,Caldas,49.49,17222000.0,171320000.0,10.05253327107168,24.4747,-0.1498909,0.12665176,1007.34186,25.357117,2.75,0.0,0.00035762787,0.0,0.23989841,0.19623443
2015-12-28,MIEL1,Caldas,49.67,16579000.0,171320000.0,9.67721223441513,25.190338,-0.079200745,0.14976501,1008.2125,25.344849,2.75,0.0019073486,0.0004172325,0.00017881393,0.22788459,0.16941758
2015-12-29,MIEL1,Caldas,49.53,15869000.0,171320000.0,9.262783095960774,25.8143,-0.13993454,0.31663513,1010.66205,25.312408,2.75,0.0,0.00029802322,0.0,0.21988565,0.34617838
2015-12-30,MIEL1,Caldas,49.43,15696000.0,171320000.0,9.161802474900773,25.520966,-0.15023041,0.19836044,1011.22375,25.292084,2.75,0.00035762787,0.00047683716,0.0,0.20995995,0.24882935
2015-12-31,MIEL1,Caldas,49.32,15144000.0,171320000.0,8.839598412327808,25.362335,0.032287598,0.23144913,1008.84827,25.20758,2.75,0.00023841858,0.0005364418,0.0,0.20437431,0.23369037
2016-01-01,MIEL1,Caldas,49.32,14554000.0,129740000.0,11.21782025589641,26.601532,-0.13660431,-0.15005875,1008.4522,25.086792,2.63,0.00011920929,0.00029802322,0.0,0.19857769,0.20292453
2016-01-02,MIEL1,Caldas,49.49,16107000.0,129740000.0,12.414829659318636,24.639069,-0.20856476,-0.6014595,1011.0386,25.238556,2.63,0.27406216,0.013291836,0.013053417,0.2384154,0.63659465
2016-01-03,MIEL1,Caldas,49.41,15274000.0,129740000.0,11.77277632187452,24.72171,0.09759903,-0.59793854,1010.548,25.177307,2.63,0.03218651,0.002861023,0.0024437904,0.29760742,0.60585153
2016-01-04,MIEL1,Caldas,49.88,21570000.0,129740000.0,16.625558809927547,23.900116,0.14834595,-0.49123383,1011.59015,25.286957,2.63,0.44751167,0.02849102,0.028192997,0.36515743,0.51314443
2016-01-05,MIEL1,Caldas,49.94,17845000.0,129740000.0,13.754431940804688,23.7128,0.37439346,-0.60243225,1012.8861,25.44815,2.63,0.111460686,0.0066161156,0.0063180923,0.3436622,0.70929193
2016-01-06,MIEL1,Caldas,50.06,17617000.0,129740000.0,13.578695853244952,23.736786,-0.018859863,-0.661232,1013.2975,25.573517,2.63,0.064730644,0.0029802322,0.0028312206,0.37195218,0.66150093
2016-01-07,MIEL1,Caldas,50.23,20073000.0,129740000.0,15.471712656081394,25.089813,-0.022789001,-0.6469269,1012.5167,25.490967,2.63,0.20098686,0.017881393,0.017553568,0.37009045,0.64732814
2016-01-08,MIEL1,Caldas,50.6,30275000.0,129740000.0,23.33513180206567,24.504059,-0.21369553,-0.8408661,1012.20154,25.438751,2.63,0.11765957,0.0037550926,0.0034868717,0.37915948,0.8675953
2016-01-09,MIEL1,Caldas,50.7,19496000.0,129740000.0,15.026977030985048,25.13736,-0.40120316,-0.907753,1010.9936,25.353241,2.63,0.016570091,0.0011920929,0.0009834766,0.3637123,0.9924613
2016-01-10,MIEL1,Caldas,50.870000000000005,25551000.0,129740000.0,19.694003391398184,24.407074,-0.46618652,-1.0665131,1011.5566,25.243256,2.63,0.18787384,0.026166439,0.02604723,0.35482386,1.1639502
2016-01-11,MIEL1,Caldas,50.970000000000006,21542000.0,129740000.0,16.60397718513951,23.427094,-0.6059189,-0.7594757,1013.45374,25.105896,2.63,0.28920174,0.04017353,0.039935112,0.37388474,0.97156626
2016-01-12,MIEL1,Caldas,50.970000000000006,16597000.0,129740000.0,12.792508093109294,23.901031,-0.010421753,-0.85855484,1012.323,25.100922,2.63,0.0,0.00023841858,0.0,0.3457866,0.8586181
2016-01-13,MIEL1,Caldas,50.970000000000006,15639000.0,129740000.0,12.054108216432866,23.999298,-0.6200447,-0.83245087,1013.04126,25.182007,2.63,0.044345856,0.0025629997,0.0022947788,0.32848024,1.0379932
2016-01-14,MIEL1,Caldas,50.93,14340000.0,129740000.0,11.052874980730692,24.81601,-0.3353653,-0.99666977,1012.8755,25.415314,2.63,0.0166893,0.0014305115,0.0009536743,0.3163082,1.0515801
2016-01-15,MIEL1,Caldas,50.85,13680000.0,129740000.0,10.54416525358409,24.64035,-0.29332733,-0.50777435,1011.0045,25.387085,2.63,0.00834465,0.000834465,0.0005364418,0.3040939,0.58640915
2016-01-16,MIEL1,Caldas,50.580000000000005,13050000.0,129740000.0,10.058578695853244,24.972504,-0.09119034,-0.26830673,1010.26953,25.295258,2.63,0.0011920929,0.00017881393,5.9604645e-05,0.28574094,0.2833799
2016-01-17,MIEL1,Caldas,50.56,14415000.0,129740000.0,11.11068290427008,25.503693,-0.09480667,-0.59907913,1011.5008,25.233551,2.63,0.0034570694,0.00029802322,0.00011920929,0.26845008,0.6065345
2016-01-18,MIEL1,Caldas,50.52,12412000.0,129740000.0,9.56682595961153,24.576935,-0.14273071,-0.70290375,1011.69,25.08255,2.63,0.0021457672,0.00023841858,5.9604645e-05,0.25421357,0.71724874
2016-01-19,MIEL1,Caldas,50.48,11891000.0,129740000.0,9.16525358409126,23.969208,-0.12181473,-0.7887955,1013.1011,24.981873,2.63,0.0060796738,0.0005364418,0.00035762787,0.2484414,0.798146
2016-01-20,MIEL1,Caldas,50.41,11194000.0,129740000.0,8.628025281331894,24.507233,-0.16008759,-0.49378967,1011.6647,25.24408,2.63,0.0009536743,0.00029802322,5.9604645e-05,0.24601,0.5190918
2016-01-21,MIEL1,Caldas,50.370000000000005,11117000.0,129740000.0,8.568675813164791,25.213104,-0.15215302,-0.50487137,1010.8872,25.601532,2.63,0.0011920929,0.00029802322,0.00011920929,0.24137624,0.5273003
2016-01-22,MIEL1,Caldas,50.29,10803000.0,129740000.0,8.326653306613228,26.607391,-0.1744957,-0.46163177,1011.2661,25.513763,2.63,0.012516975,0.0008940697,0.0006556511,0.23952678,0.4935105
2016-01-23,MIEL1,Caldas,50.52,27738000.0,129740000.0,21.37968244180669,25.316986,-0.07332611,-0.5465698,1011.8234,25.569733,2.63,0.03540516,0.001847744,0.0014305115,0.2368119,0.5514665
2016-01-24,MIEL1,Caldas,50.62,21766000.0,129740000.0,16.77663018344381,24.657928,-0.80646133,-1.2182007,1012.23315,25.576447,2.63,0.093102455,0.0025629997,0.0019073486,0.24323435,1.4609561
2016-01-25,MIEL1,Caldas,50.78,30395000.0,129740000.0,23.42762447972869,25.046906,-0.55924225,-0.5941353,1013.4364,25.822632,2.63,0.056147575,0.0030994415,0.002861023,0.2492944,0.8159342
2016-01-26,MIEL1,Caldas,50.78,16747000.0,129740000.0,12.908123940188068,24.683441,-0.311306,-0.67393494,1012.02795,26.016205,2.63,0.0,0.00020861626,0.0,0.24273464,0.7423609
2016-01-27,MIEL1,Caldas,50.72,14152000.0,129740000.0,10.907969785725296,26.18814,-0.3257599,0.08124161,1010.8331,25.94168,2.63,0.005841255,0.00059604645,0.00023841858,0.2361533,0.33573756
2016-01-28,MIEL1,Caldas,50.6,13736000.0,129740000.0,10.587328503160167,24.298187,0.08356476,-0.51890564,1011.73206,25.889282,2.63,0.0029802322,0.00047683716,0.00011920929,0.23237588,0.5255912
2016-01-29,MIEL1,Caldas,50.68,20835000.0,129740000.0,16.05904115924156,25.4971,-0.26229477,-0.98434067,1012.41565,25.9346,2.63,0.040888786,0.0021457672,0.0019669533,0.23006539,1.018688
2016-01-30,MIEL1,Caldas,50.63999999999999,18781000.0,129740000.0,14.475874826576227,25.019867,-0.30005646,-0.801651,1012.9858,25.941986,2.63,0.05698204,0.002682209,0.0023841858,0.23500726,0.85596627
2016-01-31,MIEL1,Caldas,50.6,15376000.0,129740000.0,11.851395097888084,25.47226,-0.16369629,-0.8383522,1011.8225,26.103546,2.63,0.0,0.00017881393,0.0,0.23002535,0.8541843
2016-02-01,MIEL1,Caldas,50.54,13909000.0,127960000.0,10.86980306345733,24.97171,-0.24646759,-0.31544495,1011.5039,26.035736,2.28,0.0039339066,0.0004172325,0.00017881393,0.22191489,0.40031463
2016-02-02,MIEL1,Caldas,50.45,12529000.0,127960000.0,9.791341044076274,25.111542,-0.085170746,-0.14827728,1010.42206,26.093964,2.28,0.0,0.0004172325,0.0,0.2156184,0.1709977
2016-02-03,MIEL1,Caldas,50.41,13074000.0,127960000.0,10.217255392310095,25.78238,0.01115036,-0.48904037,1010.8741,26.205261,2.28,0.01859665,0.00059604645,0.00035762787,0.21030721,0.48916748
2016-02-04,MIEL1,Caldas,50.29,12048000.0,127960000.0,9.41544232572679,26.481049,-0.16537094,-0.73215866,1010.76624,26.23993,2.28,0.017881393,0.0009536743,0.00071525574,0.21093976,0.7506023
2016-02-05,MIEL1,Caldas,50.63999999999999,40097000.0,127960000.0,31.33557361675524,24.615875,-0.3241806,-0.7983208,1012.2264,26.347687,2.28,0.12505054,0.005364418,0.0051259995,0.23021623,0.86163163
2016-02-06,MIEL1,Caldas,50.72,24419000.0,127960000.0,19.083307283526104,25.681427,-0.30428696,-0.022491455,1011.71924,26.161743,2.28,0.024437904,0.0013709068,0.0009536743,0.23811436,0.30511707
2016-02-07,MIEL1,Caldas,50.85,22806000.0,127960000.0,17.822757111597372,25.561249,-0.019485474,-0.15587997,1010.4986,25.956879,2.28,0.0010728836,0.00029802322,5.9604645e-05,0.23211527,0.15709312
2016-02-08,MIEL1,Caldas,51.55,57264000.0,127960000.0,44.75148483901219,24.764923,-0.094436646,-0.2692604,1011.682,25.805664,2.28,0.08416176,0.0029802322,0.002682209,0.2361556,0.28534093
2016-02-09,MIEL1,Caldas,51.68000000000001,28058000.0,127960000.0,21.92716473898093,26.04367,0.07733917,0.16820526,1011.2664,25.766998,2.28,0.0,0.00035762787,0.0,0.23255682,0.18513335
2016-02-10,MIEL1,Caldas,51.95,27241000.0,127960000.0,21.28868396373867,27.11618,-0.111320496,-0.0033035278,1011.5002,25.94867,2.28,0.000834465,0.00017881393,0.0,0.2270654,0.1113695
2016-02-11,MIEL1,Caldas,49.78,25201000.0,127960000.0,19.694435761175367,26.78012,-0.34622192,-0.54242706,1011.4278,26.208069,2.28,0.015974045,0.000834465,0.0006556511,0.22124715,0.6435035
2016-02-12,MIEL1,Caldas,49.82,24610000.0,127960000.0,19.23257267896217,27.096405,-0.06377411,-0.39156342,1011.0031,26.436737,2.28,0.021219254,0.0005364418,0.00023841858,0.21594259,0.39672288
2016-02-13,MIEL1,Caldas,49.92,29289000.0,127960000.0,22.889184120037516,24.894989,-0.09531784,-0.8962898,1010.10034,26.458984,2.28,0.25880337,0.01001358,0.009655952,0.247139,0.90134394
2016-02-14,MIEL1,Caldas,50.27,31586000.0,127960000.0,24.68427633635511,26.574982,-0.54400253,-0.3219986,1008.8783,26.479095,2.28,0.019073486,0.0009536743,0.0006556511,0.24739134,0.6321565
2016-02-15,MIEL1,Caldas,48.120000000000005,23433000.0,127960000.0,18.312753985620507,26.1445,0.0022010803,-0.0063095093,1007.9789,26.468842,2.28,0.00035762787,0.00035762787,0.0,0.2343017,0.0066824146
2016-02-16,MIEL1,Caldas,46.69,18562000.0,127960000.0,14.506095654892151,27.938202,-0.11526871,0.261631,1006.6802,26.581696,2.28,0.0,0.00023841858,0.0,0.22057459,0.285898
2016-02-17,MIEL1,Caldas,46.21,33829000.0,127960000.0,26.4371678649578,25.75589,-0.1448288,-0.8416023,1010.3183,26.91803,2.28,0.53441525,0.025629997,0.025331974,0.31614667,0.853973
2016-02-18,MIEL1,Caldas,46.17,33355000.0,127960000.0,26.06673960612692,25.979889,-0.30277634,-0.36224365,1010.22314,26.846802,2.28,0.08904934,0.0014603138,0.0012516975,0.32199952,0.47211647
2016-02-19,MIEL1,Caldas,46.11,91906000.0,127960000.0,71.82400750234447,26.098724,-0.18788528,-0.56596375,1010.1339,26.582214,2.28,0.084638596,0.0014305115,0.0013113022,0.3048349,0.59633535
2016-02-20,MIEL1,Caldas,45.75,79521000.0,127960000.0,62.14520162550797,26.404327,-0.19963455,-0.706089,1008.48016,26.357391,2.28,0.03015995,0.000834465,0.00047683716,0.285993,0.7337681
2016-02-21,MIEL1,Caldas,45.71,115633000.0,127960000.0,90.36652078774615,23.307526,-0.6545372,-0.52820206,1009.39014,26.259918,2.28,0.08535385,0.0035762787,0.00333786,0.2822636,0.8410805
2016-02-22,MIEL1,Caldas,44.68,64780000.0,127960000.0,50.62519537355424,23.645111,-0.15639496,-0.8278885,1009.95514,26.373077,2.28,0.5044937,0.0346303,0.034451485,0.36536682,0.84253114
2016-02-23,MIEL1,Caldas,43.54,47877000.0,127960000.0,37.41559862457018,25.919586,-0.21066284,-0.17718506,1009.8074,26.499786,2.28,0.01001358,0.0006556511,0.0005364418,0.3449252,0.27526963
2016-02-24,MIEL1,Caldas,41.84,63860000.0,127960000.0,49.90622069396687,25.461334,0.11994171,-0.42164612,1010.928,26.448883,2.28,0.18179417,0.0022053719,0.0019669533,0.34368962,0.43837366
2016-02-25,MIEL1,Caldas,39.81,63484000.0,127960000.0,49.61237886839637,24.21817,-0.016765594,-0.74512863,1012.46313,26.414734,2.28,0.12779236,0.004172325,0.004053116,0.33682966,0.7453172
2016-02-26,MIEL1,Caldas,37.42,43630000.0,127960000.0,34.09659268521413,24.298248,-0.38238144,-0.87839127,1011.91736,26.598297,2.28,0.07426739,0.0030994415,0.002861023,0.32877868,0.95801187
2016-02-27,MIEL1,Caldas,35.980000000000004,38925000.0,127960000.0,30.41966239449828,25.970367,-0.768734,-0.9771919,1010.42346,26.588135,2.28,0.07045269,0.0026226044,0.0025629997,0.3256334,1.2433245
2016-02-28,MIEL1,Caldas,34.77,46872000.0,127960000.0,36.63019693654267,25.502655,-0.35175323,-0.51228714,1011.15405,26.386505,2.28,0.03683567,0.0022649765,0.0019073486,0.33605883,0.62142456
2016-02-29,MIEL1,Caldas,33.050000000000004,36050000.0,127960000.0,28.17286652078775,26.402435,-0.11155319,-0.6180229,1011.4836,26.146881,2.28,0.0026226044,0.0004172325,0.00011920929,0.31711748,0.6280099
2016-03-01,MIEL1,Caldas,31.08,34724000.0,134500000.0,25.81710037174721,25.923798,-0.097408295,-0.5832672,1011.7361,25.881378,1.71,0.061750412,0.0032782555,0.0030398369,0.305349,0.5913451
2016-03-02,MIEL1,Caldas,29.17,38445000.0,134500000.0,28.583643122676577,24.924347,-0.3028946,-0.47696686,1012.7964,25.492126,1.71,0.07069111,0.0025629997,0.0023841858,0.3129093,0.5650155
2016-03-03,MIEL1,Caldas,27.44,45064000.0,134500000.0,33.504832713754645,25.845917,-0.44972992,-0.4832077,1010.84686,25.700012,1.71,0.05733967,0.002861023,0.0027418137,0.30324107,0.6601111
2016-03-04,MIEL1,Caldas,24.79,46256000.0,134500000.0,34.391078066914496,25.202972,-0.04266739,-0.928627,1011.77014,26.162506,1.71,0.106692314,0.0026226044,0.0024437904,0.30619046,0.92960674
2016-03-05,MIEL1,Caldas,21.87,35919000.0,134500000.0,26.70557620817844,25.332306,-0.0134010315,-0.9807205,1012.1622,26.154755,1.71,0.040769577,0.0019073486,0.0017285347,0.3036308,0.9808121
2016-03-06,MIEL1,Caldas,23.05,105109000.0,134500000.0,78.14795539033457,24.620209,-0.39855576,-0.33562088,1014.3176,26.208954,1.71,0.16629696,0.008821487,0.008702278,0.32622033,0.52104515
2016-03-07,MIEL1,Caldas,21.88,76937000.0,134500000.0,57.20223048327138,23.821014,-0.22207642,-0.58649063,1014.5701,26.635895,1.71,0.18811226,0.004887581,0.004827976,0.34530208,0.6271277
2016-03-08,MIEL1,Caldas,20.56,58561000.0,134500000.0,43.53977695167286,24.336212,-0.30963898,-0.89548874,1013.8764,26.91867,1.71,0.081181526,0.004053116,0.0037550926,0.33197886,0.9475106
2016-03-09,MIEL1,Caldas,19.65,56463000.0,134500000.0,41.97992565055762,25.552826,0.12532043,-0.4958954,1012.0662,27.249054,1.71,0.009655952,0.00071525574,0.0004172325,0.31745896,0.5114855
2016-03-10,MIEL1,Caldas,18.92,96865000.0,134500000.0,72.0185873605948,26.009247,-0.16267014,-0.5681343,1012.66284,27.610687,1.71,0.026226044,0.0016093254,0.0012516975,0.30516213,0.5909638
2016-03-11,MIEL1,Caldas,18.71,61890000.0,134500000.0,46.01486988847584,25.305145,-0.19558334,-0.62858963,1012.71173,27.444672,1.71,0.055909157,0.002503395,0.0022649765,0.29386213,0.65831435
2016-03-12,MIEL1,Caldas,19.89,92080000.0,134500000.0,68.46096654275094,26.159454,-0.2547264,-0.36736298,1012.21,27.032043,1.71,0.0269413,0.0011324883,0.0008940697,0.28477964,0.4470359
2016-03-13,MIEL1,Caldas,19.86,73667000.0,134500000.0,54.77100371747212,26.173004,-0.16404629,-0.35295486,1012.3191,27.006317,1.71,0.041365623,0.0021457672,0.0021457672,0.27868453,0.389215
2016-03-14,MIEL1,Caldas,21.53,124586000.0,134500000.0,92.62899628252788,25.28653,-0.29211426,-0.32014465,1013.4675,27.194305,1.71,0.12600422,0.0022053719,0.002026558,0.28309494,0.4333859
2016-03-15,MIEL1,Caldas,22.32,77364000.0,134500000.0,57.51970260223048,26.135529,-0.07142258,-0.1398964,1012.2675,27.226532,1.71,0.021100044,0.0005364418,0.00047683716,0.27823603,0.15707381
2016-03-16,MIEL1,Caldas,22.65,69868000.0,134500000.0,51.94646840148699,26.89383,-0.23317337,0.19889069,1009.97534,26.899567,1.71,0.0026226044,0.00032782555,5.9604645e-05,0.2638932,0.30647564
2016-03-17,MIEL1,Caldas,24.39,121634000.0,134500000.0,90.43420074349442,25.02127,-0.30060577,-0.7939987,1011.66516,26.838287,1.71,0.11098385,0.0047683716,0.004708767,0.27022278,0.8489981
2016-03-18,MIEL1,Caldas,23.91,85338000.0,134500000.0,63.44832713754647,25.618622,-0.12619781,0.43883896,1010.885,26.760284,1.71,0.0603199,0.0024437904,0.0023245811,0.3036819,0.45662403
2016-03-19,MIEL1,Caldas,24.55,66265000.0,134500000.0,49.267657992565056,28.01474,-0.27822113,0.04147339,1009.9487,26.652283,1.71,0.00047683716,0.00023841858,5.9604645e-05,0.28396347,0.28129527
2016-03-20,MIEL1,Caldas,24.610000000000003,56690000.0,134500000.0,42.14869888475836,28.069305,-0.30392075,0.031734467,1010.6575,26.53128,1.71,0.0014305115,0.00011920929,5.9604645e-05,0.26687378,0.30557305
2016-03-21,MIEL1,Caldas,24.08,65084000.0,134500000.0,48.389591078066914,27.035614,-0.4787674,0.07207489,1011.73315,26.449219,1.71,0.007867813,0.00011920929,2.9802322e-05,0.25540113,0.48416215
2016-03-22,MIEL1,Caldas,24.8,60133000.0,134500000.0,44.708550185873605,27.106415,-0.39689636,-0.5935211,1011.96655,26.598755,1.71,0.00023841858,0.00011920929,0.0,0.24297193,0.7139986
2016-03-23,MIEL1,Caldas,25.55,53628000.0,134500000.0,39.87211895910781,26.81668,-0.17407608,0.42183304,1010.9442,26.644989,1.71,0.026464462,0.00023841858,0.00011920929,0.23260315,0.45633933
2016-03-24,MIEL1,Caldas,23.61,44056000.0,134500000.0,32.755390334572496,26.897491,-0.046569824,0.14077759,1009.3158,26.762054,1.71,0.0,8.940697e-05,0.0,0.22251126,0.1482804
2016-03-25,MIEL1,Caldas,21.12,44307000.0,134500000.0,32.94200743494424,27.637543,-0.22864151,-0.06863785,1008.8284,26.496063,1.71,0.0026226044,0.00011920929,0.00011920929,0.21459861,0.23872179
2016-03-26,MIEL1,Caldas,18.6,37861000.0,134500000.0,28.149442379182155,28.19339,0.007381439,0.11433792,1009.52856,26.39856,1.71,0.0009536743,5.9604645e-05,5.9604645e-05,0.205579,0.114575945
2016-03-27,MIEL1,Caldas,17.87,36107000.0,134500000.0,26.8453531598513,27.851227,-0.046474457,-0.55501556,1011.3703,26.502106,1.71,0.0022649765,0.00029802322,5.9604645e-05,0.19713545,0.55695796
2016-03-28,MIEL1,Caldas,17.9,87184000.0,134500000.0,64.82081784386618,26.582672,-0.52724075,-0.22297287,1012.9114,26.659637,1.71,0.07593632,0.0025629997,0.0023841858,0.20838,0.5724506
2016-03-29,MIEL1,Caldas,18.7,55236000.0,134500000.0,41.06765799256505,26.439117,-0.63954926,-0.39651108,1012.312,26.793488,1.71,0.056147575,0.0014901161,0.0014305115,0.23974326,0.7524921
2016-03-30,MIEL1,Caldas,17.89,66654000.0,134500000.0,49.55687732342008,25.40628,0.055294037,-0.5155182,1011.60175,26.558105,1.71,0.279665,0.020563602,0.020444393,0.25807494,0.51847506
2016-03-31,MIEL1,Caldas,19.05,60244000.0,134500000.0,44.791078066914494,23.663422,0.12118149,-0.54854965,1013.6908,26.609802,1.71,0.30136108,0.010371208,0.010251999,0.36545476,0.56177545
2016-04-01,MIEL1,Caldas,18.19,47014000.0,152320000.0,30.865283613445374,24.509735,-0.020893097,-0.5307045,1012.72955,26.715363,1.05,0.061392784,0.00071525574,0.00059604645,0.35029608,0.5311156
2016-04-02,MIEL1,Caldas,18.18,82732000.0,152320000.0,54.31460084033613,23.228607,-0.13294601,-0.2354927,1013.69904,26.69571,1.05,0.3516674,0.009655952,0.009536743,0.3578453,0.27042827
2016-04-03,MIEL1,Caldas,18.84,60112000.0,152320000.0,39.46428571428572,23.609467,-0.33205795,-0.7924919,1013.5455,26.637848,1.05,1.0724068,0.123381615,0.123143196,0.42554057,0.8592473
2016-04-04,MIEL1,Caldas,19.67,54000000.0,152320000.0,35.45168067226891,23.872345,-0.04790497,0.096954346,1013.0595,26.321655,1.05,0.10871887,0.00834465,0.008285046,0.38407004,0.10814357
2016-04-05,MIEL1,Caldas,20.3,47622000.0,152320000.0,31.264443277310928,24.744354,-0.0515213,-0.36639404,1013.2994,26.084625,1.05,0.0590086,0.0046491623,0.0044107437,0.37157628,0.3699987
2016-04-06,MIEL1,Caldas,18.97,65703000.0,152320000.0,43.13484768907563,24.971954,-0.25938416,-0.3761444,1012.03033,25.81311,1.05,0.0166893,0.0011324883,0.0008940697,0.3734191,0.45690784
2016-04-07,MIEL1,Caldas,19.48,50089000.0,152320000.0,32.88405987394958,26.463776,-0.26032257,-0.50030136,1010.3275,25.606445,1.05,0.005722046,0.00071525574,0.00035762787,0.35186902,0.5639763
2016-04-08,MIEL1,Caldas,20.68,85450000.0,152320000.0,56.09900210084034,25.639435,-0.38217163,-0.50419617,1010.2617,24.902557,1.05,0.17678738,0.0029802322,0.0029206276,0.3692178,0.63266814
2016-04-09,MIEL1,Caldas,23.03,145444000.0,152320000.0,95.4858193277311,24.387726,-0.20885849,-0.5130577,1011.21704,24.941559,1.05,0.5197525,0.02259016,0.022530556,0.36748326,0.5539405
2016-04-10,MIEL1,Caldas,24.5,93668000.0,152320000.0,61.49422268907563,24.62204,-0.10589218,-0.3722458,1010.41064,25.484161,1.05,0.00047683716,0.00011920929,5.9604645e-05,0.35948732,0.38701433
2016-04-11,MIEL1,Caldas,24.7,97493000.0,152320000.0,64.00538340336135,24.468048,-0.11016464,-0.8325615,1011.9327,24.44693,1.05,0.12218952,0.0030994415,0.0029206276,0.3667742,0.83981836
2016-04-12,MIEL1,Caldas,26.08,139754000.0,152320000.0,91.75026260504202,22.49234,0.34082413,-0.43849945,1013.5578,24.248505,1.05,2.1162033,0.43988228,0.43970346,0.43403283,0.55537635
2016-04-13,MIEL1,Caldas,25.97,107767000.0,152320000.0,70.75039390756302,22.12082,-0.15462875,-0.7718544,1013.97095,24.115845,1.05,0.6585121,0.14162064,0.14179945,0.45605803,0.78719074
2016-04-14,MIEL1,Caldas,27.29,91157000.0,152320000.0,59.84571953781512,22.968231,0.07043457,-0.6881714,1011.6863,24.071808,1.05,0.4491806,0.09673834,0.09673834,0.43626446,0.6917665
2016-04-15,MIEL1,Caldas,25.8,77567000.0,152320000.0,50.92371323529412,26.187592,-0.21003342,-0.094127655,1009.73737,23.941864,1.05,0.06735325,0.012099743,0.012040138,0.41986695,0.23016092
2016-04-16,MIEL1,Caldas,25.0,87307000.0,152320000.0,57.31814600840336,25.365448,-0.30665588,-0.6039467,1009.7036,24.228851,1.05,0.17154217,0.0017881393,0.00166893,0.40537524,0.67734
2016-04-17,MIEL1,Caldas,26.93,92665000.0,152320000.0,60.83574054621849,24.070099,0.06718063,0.16237259,1012.22516,24.294983,1.05,0.009894371,0.0009536743,0.0007748604,0.40727967,0.17572165
2016-04-18,MIEL1,Caldas,27.750000000000004,72800000.0,152320000.0,47.794117647058826,25.711517,-0.23429108,0.18910217,1011.7978,24.086304,1.05,0.00071525574,0.00011920929,5.9604645e-05,0.38358906,0.3010846
2016-04-19,MIEL1,Caldas,25.540000000000003,62659000.0,152320000.0,41.13642331932773,26.593414,-0.3715706,0.014110565,1011.16376,23.858795,1.05,0.0017881393,0.00029802322,0.0,0.3600077,0.37183842
2016-04-20,MIEL1,Caldas,24.05,69193000.0,152320000.0,45.42607668067227,25.127533,-0.11666489,-0.44929886,1010.8072,23.631714,1.05,0.14793873,0.0026226044,0.0026226044,0.34789944,0.46419838
2016-04-21,MIEL1,Caldas,22.09,57462000.0,152320000.0,37.72452731092437,26.619843,-0.40081787,-0.034179688,1010.2528,23.310364,1.05,0.0010728836,0.00011920929,0.0,0.33028576,0.40227255
2016-04-22,MIEL1,Caldas,20.4,57868000.0,152320000.0,37.99107142857142,26.185394,-0.034851074,0.47249603,1011.10706,23.12622,1.05,0.00011920929,5.9604645e-05,0.0,0.31801808,0.4737796
2016-04-23,MIEL1,Caldas,20.75,48184000.0,152320000.0,31.633403361344534,25.63144,-0.20513153,-0.23305893,1010.9456,23.066559,1.05,0.0,0.0,0.0,0.30427545,0.3104761
2016-04-24,MIEL1,Caldas,19.33,56927000.0,152320000.0,37.37329306722689,23.243011,-0.1920929,-0.6467972,1012.97345,23.230743,1.05,0.17249584,0.006020069,0.005722046,0.33948746,0.6747194
2016-04-25,MIEL1,Caldas,18.84,63345000.0,152320000.0,41.58679096638656,24.00113,-0.39543152,-0.87623215,1011.775,23.31546,1.05,0.05567074,0.0022649765,0.0020861626,0.37965935,0.9613266
2016-04-26,MIEL1,Caldas,19.24,45796000.0,152320000.0,30.0656512605042,24.426178,0.31556702,-0.53683853,1010.2523,23.44638,1.05,0.2553463,0.014305115,0.01424551,0.37130722,0.6227184
2016-04-27,MIEL1,Caldas,20.33,72873000.0,152320000.0,47.84204306722689,23.538239,0.018356323,-0.35153198,1011.46893,23.461151,1.05,0.5879402,0.084877014,0.084757805,0.43442035,0.3520109
2016-04-28,MIEL1,Caldas,21.1,61537000.0,152320000.0,40.39981617647059,23.09134,-0.25825882,-0.33678055,1012.84985,23.475006,1.05,0.15127659,0.010371208,0.010251999,0.42613167,0.424404
2016-04-29,MIEL1,Caldas,22.47,82659000.0,152320000.0,54.26667542016806,22.858978,-0.15143204,-0.3000946,1012.4547,23.609802,1.05,0.15282631,0.009775162,0.009596348,0.4257077,0.3361375
2016-04-30,MIEL1,Caldas,23.45,66269000.0,152320000.0,43.50643382352941,24.499603,-0.13139343,-0.09266281,1010.17346,23.690796,1.05,0.00071525574,0.00011920929,0.00011920929,0.4066507,0.16078131
2016-05-01,MIEL1,Caldas,24.35,60794000.0,164610000.0,36.93214264017982,23.20102,-0.08799362,-0.16767883,1011.8016,24.074768,0.49,0.2900362,0.038146973,0.038087368,0.41572002,0.18936491
2016-05-02,MIEL1,Caldas,25.31,73594000.0,164610000.0,44.70809792843691,24.121185,0.050632477,-0.5313797,1013.0236,24.100372,0.49,0.04041195,0.0035762787,0.0034570694,0.40763173,0.53378654
2016-05-03,MIEL1,Caldas,24.02,68162000.0,164610000.0,41.40817690298281,23.303986,0.00076675415,-0.47140503,1013.5364,24.18338,0.49,0.02837181,0.0038146973,0.003695488,0.4020654,0.47140566
2016-05-04,MIEL1,Caldas,23.91,101845000.0,164610000.0,61.870481744729965,22.9263,-0.27889252,-0.6358948,1013.9922,24.324127,0.49,0.22375584,0.003874302,0.0037550926,0.40299776,0.6943653
2016-05-05,MIEL1,Caldas,24.84,68384000.0,164610000.0,41.54304112751352,24.429169,0.08805466,0.23949051,1011.76874,24.427917,0.49,0.06842613,0.0059604645,0.00590086,0.3823399,0.2551653
2016-05-06,MIEL1,Caldas,26.61,126350000.0,164610000.0,76.75718364619404,25.102325,-0.36403656,-0.29124832,1011.91156,24.27304,0.49,0.012755394,0.0011324883,0.0009536743,0.36463407,0.46620616
2016-05-07,MIEL1,Caldas,29.82,159052000.0,164610000.0,96.62353441467712,24.268097,-0.5945816,-0.49017715,1013.1986,24.1044,0.49,0.019907951,0.0009536743,0.0009536743,0.3567408,0.77058476
2016-05-08,MIEL1,Caldas,32.09,122007000.0,164610000.0,74.11882631674868,22.878021,-0.28012085,-0.8072357,1013.3864,24.142487,0.49,0.70655346,0.04720688,0.047147274,0.40521604,0.85445726
2016-05-09,MIEL1,Caldas,33.050000000000004,161417000.0,164610000.0,98.060263653484,23.441376,-0.09767151,-0.30550766,1012.97186,24.167969,0.49,0.42545795,0.051915646,0.051677227,0.40669215,0.3207408
2016-05-10,MIEL1,Caldas,35.78,150657000.0,164610000.0,91.52360123929289,21.51236,-0.054714203,-0.3310089,1014.2028,24.27298,0.49,2.2870302,0.67186356,0.66518784,0.45206046,0.33550042
2016-05-11,MIEL1,Caldas,37.37,122334000.0,164610000.0,74.31747767450338,23.631927,-0.17041397,-0.7229767,1013.7628,24.331085,0.49,0.12135506,0.02503395,0.024706125,0.4342354,0.7427895
2016-05-12,MIEL1,Caldas,39.15,103843000.0,164610000.0,63.084259765506346,25.181671,-0.28150558,0.2644844,1012.9963,24.225525,0.49,0.0022649765,0.00029802322,0.0002682209,0.4080725,0.38626078
2016-05-13,MIEL1,Caldas,37.53,96122000.0,164610000.0,58.393779235769394,24.750153,-0.06536865,0.3037529,1011.78235,24.10492,0.49,0.0,5.9604645e-05,0.0,0.38679034,0.31070706
2016-05-14,MIEL1,Caldas,35.59,82198000.0,164610000.0,49.93499787376223,24.260162,0.07804108,-0.08405304,1011.03766,23.943573,0.49,0.0,5.9604645e-05,0.0,0.37024963,0.11469665
2016-05-15,MIEL1,Caldas,33.69,72510000.0,164610000.0,44.04957171496264,24.874725,0.089523315,0.14640808,1011.46344,23.909454,0.49,0.0,0.0,0.0,0.35734525,0.1716093
2016-05-16,MIEL1,Caldas,32.26,64727000.0,164610000.0,39.321426401798185,24.948822,0.013397217,0.4734993,1011.32794,23.619202,0.49,0.0,0.0,0.0,0.33995566,0.47368878
2016-05-17,MIEL1,Caldas,31.01,58943000.0,164610000.0,35.807666605917014,25.569305,-0.014709473,0.25427628,1011.3117,23.211212,0.49,0.0,0.0,0.0,0.32341474,0.25470138
2016-05-18,MIEL1,Caldas,30.28,57145000.0,164610000.0,34.71538788651966,24.926971,-0.104904175,0.16661453,1011.46405,23.039642,0.49,0.0,0.0,0.0,0.31080484,0.19688903
2016-05-19,MIEL1,Caldas,28.95,55370000.0,164610000.0,33.63708158678087,25.739166,-0.13613129,-0.44137192,1011.8717,22.788818,0.49,0.00023841858,0.0,0.0,0.3015046,0.4618884
2016-05-20,MIEL1,Caldas,27.96,48512000.0,164610000.0,29.47087054249438,25.54483,-0.15999222,0.4723091,1010.997,22.720276,0.49,0.00023841858,0.0,0.0,0.28826535,0.49867165
2016-05-21,MIEL1,Caldas,26.61,45235000.0,164610000.0,27.48010448939919,26.98404,-0.1633339,0.14048767,1011.1369,22.682861,0.49,0.0,0.0,0.0,0.27665886,0.21544082
2016-05-22,MIEL1,Caldas,25.290000000000003,43117000.0,164610000.0,26.1934268877954,27.50473,-0.22929764,-0.10762024,1011.2764,22.534088,0.49,0.0,0.0,0.0,0.26379165,0.2532973
2016-05-23,MIEL1,Caldas,24.2,39823000.0,164610000.0,24.192333394082983,26.694244,0.04021454,0.4615631,1011.20764,22.651459,0.49,0.00071525574,0.00011920929,0.0,0.2504023,0.46331167
2016-05-24,MIEL1,Caldas,23.64,37886000.0,164610000.0,23.0156126602272,26.061615,-0.24602127,0.4549713,1013.29486,22.76593,0.49,0.0,0.0,0.0,0.23995386,0.51722854
2016-05-25,MIEL1,Caldas,22.87,37146000.0,164610000.0,22.566065245124843,26.166351,-0.27319717,-0.13993835,1013.2942,22.836517,0.49,0.0,0.0,0.0,0.23200855,0.30695185
2016-05-26,MIEL1,Caldas,24.21,64188000.0,164610000.0,38.99398578458174,23.625214,-0.38142014,0.38884354,1013.3702,22.579407,0.49,0.50747395,0.05054474,0.050485134,0.2948048,0.544684
2016-05-27,MIEL1,Caldas,23.21,36851000.0,164610000.0,22.38685377559079,24.22647,0.31913376,-0.42118454,1011.46375,22.385956,0.49,0.5710125,0.08124113,0.08124113,0.3619779,0.5284343
2016-05-28,MIEL1,Caldas,24.11,61786000.0,164610000.0,37.53477917501974,24.051178,0.07101822,0.062145233,1013.2537,22.29129,0.49,0.08416176,0.01001358,0.009953976,0.36292604,0.09436958
2016-05-29,MIEL1,Caldas,24.610000000000003,41820000.0,164610000.0,25.40550391835247,24.295074,-0.32896042,-0.04428482,1014.6909,22.443512,0.49,0.08440018,0.0011920929,0.0011920929,0.33823434,0.33192787
2016-05-30,MIEL1,Caldas,25.2,47940000.0,164610000.0,29.12338254055039,23.889008,0.36867142,-0.054653168,1012.6323,22.418549,0.49,0.7183552,0.08946657,0.08943677,0.34074724,0.3727004
2016-05-31,MIEL1,Caldas,26.32,64252000.0,164610000.0,39.03286556102302,23.840668,0.5646019,-0.33835936,1011.8727,22.33554,0.49,1.0056496,0.14454126,0.14448166,0.41067162,0.65822667
2016-06-01,MIEL1,Caldas,26.92,47212000.0,116060000.0,40.67895915905566,24.076935,-0.20772934,-0.62120056,1011.6326,22.27069,0.0,0.01847744,0.0015497208,0.0015497208,0.3850694,0.65501267
2016-06-02,MIEL1,Caldas,26.89,46548000.0,116060000.0,40.106841288988456,24.533844,-0.08418274,-0.54790115,1012.40826,22.542084,0.0,0.07605553,0.0009536743,0.00071525574,0.37081385,0.5543306
2016-06-03,MIEL1,Caldas,27.200000000000003,39021000.0,116060000.0,33.62140272272962,24.043121,-0.1587944,-0.940815,1013.35266,22.868256,0.0,0.11861324,0.0038146973,0.0037550926,0.3684826,0.9541218
2016-06-04,MIEL1,Caldas,27.55,40108000.0,116060000.0,34.557987247975184,24.003632,0.001701355,-0.09768677,1012.6781,22.97342,0.0,0.11754036,0.002861023,0.0028312206,0.38658482,0.09770158
2016-06-05,MIEL1,Caldas,27.91,34487000.0,116060000.0,29.71480268826469,25.078766,-0.14520264,-0.030311584,1010.3708,22.795563,0.0,0.003695488,0.00035762787,0.00035762787,0.3523637,0.14833273
2016-06-06,MIEL1,Caldas,26.73,46981000.0,116060000.0,40.47992417714975,24.476898,-0.12868118,-0.46687698,1013.3528,22.669159,0.0,0.40960312,0.0056624413,0.005543232,0.3469967,0.484286
2016-06-07,MIEL1,Caldas,27.06,38798000.0,116060000.0,33.429260727210064,22.396759,-0.056819916,-0.6553345,1014.3875,22.499512,0.0,0.43940544,0.0410676,0.041007996,0.3723359,0.6577931
2016-06-08,MIEL1,Caldas,26.39,50685000.0,116060000.0,43.67137687403068,24.00882,0.117931366,0.034832,1013.6202,22.348053,0.0,0.00047683716,0.00014901161,5.9604645e-05,0.3648011,0.12296778
2016-06-09,MIEL1,Caldas,27.79,83380000.0,116060000.0,71.84215061175254,24.887665,-0.25366592,-0.21452713,1013.9949,22.282715,0.0,0.009059906,0.00017881393,0.00011920929,0.338166,0.33221725
2016-06-10,MIEL1,Caldas,28.63,60919000.0,116060000.0,52.489229708771326,24.49118,-0.3224678,0.13824463,1014.08044,22.236298,0.0,0.00023841858,0.0,0.0,0.32097048,0.35085192
2016-06-11,MIEL1,Caldas,29.2,45426000.0,116060000.0,39.140099948302606,24.69223,-0.26395035,-0.13451004,1015.03455,22.266602,0.0,0.03015995,0.00047683716,0.00035762787,0.30119255,0.29624775
2016-06-12,MIEL1,Caldas,29.28,60258000.0,116060000.0,51.919696708599005,24.9758,-0.2501526,0.2417984,1014.9406,22.48462,0.0,0.0,0.0,0.0,0.2798377,0.34791204
2016-06-13,MIEL1,Caldas,27.39,41000000.0,116060000.0,35.32655523005342,25.489105,-0.11793518,0.4876709,1013.4486,22.857788,0.0,0.0,0.0,0.0,0.26370707,0.5017286
2016-06-14,MIEL1,Caldas,27.63,37502000.0,116060000.0,32.312596932621055,24.35373,-0.39023972,0.4245224,1014.28107,22.82428,0.0,0.0,0.0,0.0,0.25101286,0.5766336
2016-06-15,MIEL1,Caldas,26.65,35919000.0,116060000.0,30.94864725142168,24.99234,-0.52975845,0.09285736,1015.6386,22.632477,0.0,0.00047683716,0.0,0.0,0.23677872,0.53783506
2016-06-16,MIEL1,Caldas,26.53,33636000.0,116060000.0,28.98156126141651,25.39853,-0.06731796,0.47525787,1013.8597,22.653503,0.0,0.0,0.00011920929,0.0,0.22032544,0.48000184
2016-06-17,MIEL1,Caldas,26.05,32171000.0,116060000.0,27.719283129415818,26.209259,-0.08312225,0.53425217,1012.1278,22.760223,0.0,0.0,0.0,0.0,0.20897248,0.5406798
2016-06-18,MIEL1,Caldas,24.44,31209000.0,116060000.0,26.890401516457008,26.307953,-0.016803741,0.34449387,1011.9314,22.677246,0.0,0.0,5.9604645e-05,0.0,0.20232245,0.34490344
2016-06-19,MIEL1,Caldas,24.5,30447000.0,116060000.0,26.23384456315699,26.42691,-0.23707962,0.31704712,1011.7706,22.717163,0.0,0.025629997,0.00011920929,0.00011920929,0.19637874,0.39588585
2016-06-20,MIEL1,Caldas,24.64,29675000.0,116060000.0,25.56867137687403,25.748566,-0.5718651,0.4353752,1012.21454,22.595612,0.0,0.0,0.0,0.0,0.18994787,0.7187359
2016-06-21,MIEL1,Caldas,24.8,28879000.0,116060000.0,24.88281923143202,25.884186,-0.3988304,0.060260773,1012.3292,22.502625,0.0,0.0,5.9604645e-05,0.0,0.18639302,0.4033572
2016-06-22,MIEL1,Caldas,24.55,27683000.0,116060000.0,23.85231776667241,27.000214,-0.45277405,0.48374176,1012.7506,22.302063,0.0,0.012040138,0.00011920929,0.00011920929,0.18278012,0.66257864
2016-06-23,MIEL1,Caldas,24.68,26536000.0,116060000.0,22.86403584352921,26.292328,-0.27734756,0.43333435,1012.8064,22.151093,0.0,0.0,0.0,0.0,0.18402624,0.51449037
2016-06-24,MIEL1,Caldas,24.84,24849000.0,116060000.0,21.410477339307256,26.091156,-0.63153076,0.6193733,1011.83374,21.977692,0.0,0.00011920929,5.9604645e-05,0.0,0.18185133,0.8845645
2016-06-25,MIEL1,Caldas,25.0,29039000.0,116060000.0,25.020678959159053,26.544708,-0.4357834,0.19540024,1012.0048,21.815735,0.0,0.0,5.9604645e-05,0.0,0.18245195,0.47758603
2016-06-26,MIEL1,Caldas,25.35,36121000.0,116060000.0,31.122695157677065,25.68399,-0.44549942,0.32294846,1012.39594,21.823639,0.0,0.00834465,0.0,5.9604645e-05,0.182547,0.55024123
2016-06-27,MIEL1,Caldas,25.480000000000004,25097000.0,116060000.0,21.624159917284164,26.59488,-0.47615814,0.75006866,1010.6255,22.018524,0.0,0.0,0.00011920929,0.0,0.1803251,0.8884422
2016-06-28,MIEL1,Caldas,25.57,23024000.0,116060000.0,19.83801481992073,26.495026,-0.08479309,0.7245524,1010.57544,22.409576,0.0,0.0,0.0,0.0,0.17907341,0.72949713
2016-06-29,MIEL1,Caldas,25.55,22165000.0,116060000.0,19.0978804066862,26.729095,-0.28611374,0.56777954,1010.65405,22.64267,0.0,0.0,0.0,0.0,0.17987587,0.6357945
2016-06-30,MIEL1,Caldas,25.540000000000003,21659000.0,116060000.0,18.66189901774944,26.789581,-0.37369156,0.5701256,1010.6752,22.483887,0.0,0.0,5.9604645e-05,0.0,0.18039438,0.6816807
2016-07-01,MIEL1,Caldas,25.14,21086000.0,80320000.0,26.25249003984064,26.38443,-0.07247162,0.7364502,1011.39813,22.154022,-0.31,0.00047683716,0.0,0.0,0.18057671,0.74000746
2016-07-02,MIEL1,Caldas,24.87,20579000.0,80320000.0,25.62126494023904,26.216522,-0.4912529,0.46778107,1013.1183,22.423157,-0.31,0.0,0.0,0.0,0.18180522,0.6783425
2016-07-03,MIEL1,Caldas,24.96,25563000.0,80320000.0,31.82644422310757,25.958038,-0.4917221,0.35175323,1014.27826,22.537048,-0.31,0.019550323,0.00035762787,0.00023841858,0.18345287,0.6045833
2016-07-04,MIEL1,Caldas,24.97,20674000.0,80320000.0,25.73954183266932,26.94223,-0.5003395,0.42556,1012.98627,22.427246,-0.31,0.0,0.0,0.0,0.18169336,0.65684164
2016-07-05,MIEL1,Caldas,24.96,19780000.0,80320000.0,24.62649402390438,25.635529,-0.71310425,-0.031852722,1013.23456,22.347809,-0.31,0.00023841858,0.0,0.0,0.1809343,0.7138153
2016-07-06,MIEL1,Caldas,25.26,38067000.0,80320000.0,47.394173306772906,24.942352,-0.7450218,0.4447899,1013.9958,22.573883,-0.31,0.012516975,0.00011920929,5.9604645e-05,0.18438253,0.86769557
2016-07-07,MIEL1,Caldas,24.8,23085000.0,80320000.0,28.74128486055777,26.730438,-0.30340958,0.8526764,1011.60077,22.900879,-0.31,0.0,0.0,0.0,0.18538491,0.9050494
2016-07-08,MIEL1,Caldas,24.76,20667000.0,80320000.0,25.73082669322709,26.90921,-0.31708145,0.6034584,1012.1097,22.846588,-0.31,0.0,0.0,0.0,0.18100755,0.68169105
2016-07-09,MIEL1,Caldas,23.880000000000003,19395000.0,80320000.0,24.147161354581677,27.26358,-0.19950485,0.60163116,1011.7339,22.76587,-0.31,0.0,0.0,0.0,0.18002191,0.6338472
2016-07-10,MIEL1,Caldas,23.880000000000003,18747000.0,80320000.0,23.34038844621514,27.233002,-0.29852676,0.3736763,1011.6131,22.701263,-0.31,0.0,0.0,0.0,0.18005823,0.47828048
2016-07-11,MIEL1,Caldas,23.45,19010000.0,80320000.0,23.667828685258964,27.623138,-0.5167389,0.32650375,1011.6486,22.64679,-0.31,0.0,0.0,0.0,0.18036634,0.6112477
2016-07-12,MIEL1,Caldas,23.18,19612000.0,80320000.0,24.417330677290835,25.883759,-0.5380554,0.0020484924,1011.27454,22.566528,-0.31,0.0,0.0,0.0,0.18044275,0.5380593
2016-07-13,MIEL1,Caldas,23.21,19665000.0,80320000.0,24.483316733067728,25.713043,-0.18372726,-0.42780304,1012.3198,22.436676,-0.31,0.042796135,0.00023841858,0.00023841858,0.18554035,0.46558687
2016-07-14,MIEL1,Caldas,23.24,18344000.0,80320000.0,22.838645418326696,26.010712,-0.44364166,-0.20392227,1012.60236,22.183502,-0.31,0.008583069,0.00017881393,0.00017881393,0.18450432,0.4882645
2016-07-15,MIEL1,Caldas,24.24,70373000.0,80320000.0,87.61578685258964,25.65561,-0.23086166,-0.65094376,1012.8528,22.207458,-0.31,0.03170967,0.001013279,0.001013279,0.18345286,0.6906699
2016-07-16,MIEL1,Caldas,25.72,85155000.0,80320000.0,106.01967131474105,22.359222,0.070388794,-0.6882057,1013.693,22.197662,-0.31,0.5720854,0.008821487,0.008761883,0.3132412,0.691796
2016-07-17,MIEL1,Caldas,26.28,47514000.0,80320000.0,59.15587649402391,24.83554,-0.041664124,0.13541794,1011.35315,22.393707,-0.31,0.0,0.0,0.0,0.31379792,0.14168245
2016-07-18,MIEL1,Caldas,26.53,32815000.0,80320000.0,40.85532868525896,24.288849,-0.49320984,-0.21566391,1013.08685,22.189026,-0.31,0.012993813,0.00011920929,0.00011920929,0.29039624,0.5383
2016-07-19,MIEL1,Caldas,26.5,28902000.0,80320000.0,35.98356573705179,25.100433,-0.18707275,-0.16650772,1012.4492,22.007477,-0.31,0.00071525574,0.0,0.0,0.27302065,0.25044167
2016-07-20,MIEL1,Caldas,26.590000000000003,30388000.0,80320000.0,37.83366533864542,25.106964,-0.5691185,0.6177025,1013.41986,22.154083,-0.31,0.00059604645,0.00011920929,0.0,0.25730565,0.839912
2016-07-21,MIEL1,Caldas,26.67,25518000.0,80320000.0,31.77041832669323,24.971588,-0.30218124,0.5355568,1012.4387,22.086151,-0.31,0.0,0.0,0.0,0.24303903,0.61492646
2016-07-22,MIEL1,Caldas,26.75,25518000.0,80320000.0,31.77041832669323,25.307404,-0.19540024,0.38035202,1012.96625,21.865295,-0.31,0.0,0.0,0.0,0.23213238,0.42760834
2016-07-23,MIEL1,Caldas,26.78,23423000.0,80320000.0,29.1621015936255,25.930695,-0.45276642,-0.14580536,1012.09283,21.79242,-0.31,0.0,0.0,0.0,0.22103788,0.4756644
2016-07-24,MIEL1,Caldas,27.55,61414000.0,80320000.0,76.46165338645419,24.092194,-0.36633682,-0.5455589,1012.47064,21.728546,-0.31,0.17797947,0.00166893,0.00166893,0.256428,0.65714324
2016-07-25,MIEL1,Caldas,29.020000000000003,90570000.0,80320000.0,112.76145418326692,24.468964,-0.276165,0.13758087,1012.2064,21.696167,-0.31,0.1693964,0.0021457672,0.0021457672,0.26372886,0.30853784
2016-07-26,MIEL1,Caldas,29.48,43088000.0,80320000.0,53.64541832669323,26.132294,-0.20341492,0.34393692,1010.04565,21.498901,-0.31,0.0,0.0,0.0,0.24160074,0.39958757
2016-07-27,MIEL1,Caldas,29.75,35979000.0,80320000.0,44.79457171314741,25.33023,-0.24750137,0.5872841,1009.6863,21.18457,-0.31,0.0,0.0,0.0,0.23158917,0.63730645
2016-07-28,MIEL1,Caldas,29.98,32272000.0,80320000.0,40.179282868525895,25.440338,-0.41601944,0.30424118,1010.7378,20.890411,-0.31,0.0,0.0,0.0,0.22397561,0.5153978
2016-07-29,MIEL1,Caldas,30.130000000000003,29839000.0,80320000.0,37.15014940239044,25.457916,-0.1525116,0.40791702,1011.2011,20.76358,-0.31,0.0,0.0,0.0,0.21598016,0.4354952
2016-07-30,MIEL1,Caldas,30.25,28957000.0,80320000.0,36.052041832669325,25.402802,-0.4773941,0.31798553,1011.0808,20.849243,-0.31,0.0,0.0,0.0,0.20943585,0.5736026
2016-07-31,MIEL1,Caldas,30.4,27664000.0,80320000.0,34.44223107569721,25.210968,-0.41113663,0.55176544,1010.77856,20.930328,-0.31,0.0,0.0,0.0,0.20740157,0.6880977
2016-08-01,MIEL1,Caldas,30.4,24817000.0,79920000.0,31.052302302302305,25.88327,-0.3423996,0.6257858,1010.9208,21.147858,-0.5,0.0,0.0,0.0,0.20234331,0.713334
2016-08-02,MIEL1,Caldas,30.5,24294000.0,79920000.0,30.39789789789789,25.998383,-0.50172806,0.16138077,1011.7958,21.067139,-0.5,0.0,0.0,0.0,0.19725548,0.52704346
2016-08-03,MIEL1,Caldas,30.5,23412000.0,79920000.0,29.294294294294293,25.29361,-0.44158554,0.5116997,1011.9417,21.103668,-0.5,0.0,0.0,0.0,0.19400483,0.6758952
2016-08-04,MIEL1,Caldas,30.69,23054000.0,79920000.0,28.846346346346348,25.4982,-0.8205261,-0.083164215,1013.0795,21.315704,-0.5,0.0,0.0,0.0,0.19296846,0.8247299
2016-08-05,MIEL1,Caldas,30.66,21877000.0,79920000.0,27.373623623623622,25.26175,-0.42822266,0.49412537,1012.72125,21.403778,-0.5,0.0,0.0,0.0,0.19208625,0.6538612
2016-08-06,MIEL1,Caldas,29.520000000000003,21003000.0,79920000.0,26.280030030030037,27.739838,-0.38053513,0.53757477,1011.2031,21.328033,-0.5,0.0,0.0,0.0,0.18904516,0.6586301
2016-08-07,MIEL1,Caldas,29.65,20267000.0,79920000.0,25.359109109109102,27.58432,-0.43984222,0.28905487,1011.4814,21.023224,-0.5,0.0,0.0,0.0,0.18601277,0.5263211
2016-08-08,MIEL1,Caldas,29.31,23306000.0,79920000.0,29.161661661661665,27.137299,-0.27314377,-0.09132385,1011.5764,20.809448,-0.5,0.00035762787,0.0,0.0,0.18594909,0.2880062
2016-08-09,MIEL1,Caldas,28.37,19343000.0,79920000.0,24.202952952952952,27.59311,-0.75538254,0.30959702,1011.7509,20.710876,-0.5,0.0,0.0,0.0,0.18507269,0.8163658
2016-08-10,MIEL1,Caldas,26.98,18019000.0,79920000.0,22.546296296296298,27.302887,-0.3732872,0.17030716,1011.92596,20.693024,-0.5,0.00035762787,5.9604645e-05,0.0,0.18346737,0.41030216
2016-08-11,MIEL1,Caldas,25.71,18019000.0,79920000.0,22.546296296296298,26.447113,-0.25556183,0.58299255,1011.73047,20.686707,-0.5,0.0,0.0,0.0,0.18180558,0.6365471
2016-08-12,MIEL1,Caldas,23.39,19040000.0,79920000.0,23.823823823823822,26.712006,-0.59734726,-0.511261,1011.76514,20.754059,-0.5,0.008821487,0.0,5.9604645e-05,0.18028316,0.7862643
2016-08-13,MIEL1,Caldas,20.89,22980000.0,79920000.0,28.753753753753752,27.019073,-0.44615173,0.26693726,1010.7647,20.814972,-0.5,0.0009536743,0.0,0.0,0.17901315,0.51991045
2016-08-14,MIEL1,Caldas,20.15,17690000.0,79920000.0,22.134634634634637,27.460602,-0.6773987,0.11053848,1009.9991,20.88681,-0.5,0.0,0.0,0.0,0.17864066,0.68635833
2016-08-15,MIEL1,Caldas,20.15,32368000.0,79920000.0,40.5005005005005,26.552948,-0.5948906,-0.4946823,1010.8475,21.099976,-0.5,0.0026226044,0.00011920929,5.9604645e-05,0.17941368,0.77369595
2016-08-16,MIEL1,Caldas,20.25,24543000.0,79920000.0,30.70945945945946,27.450531,-0.6552849,-0.2233963,1010.7558,21.384583,-0.5,0.00047683716,5.9604645e-05,0.0,0.18016702,0.69231796
2016-08-17,MIEL1,Caldas,20.1,18692000.0,79920000.0,23.38838838838839,27.355316,-0.666626,-0.27314377,1010.6301,21.42749,-0.5,0.00059604645,0.0,0.0,0.1815055,0.72041494
2016-08-18,MIEL1,Caldas,20.06,17121000.0,79920000.0,21.422672672672675,26.960846,-0.6264572,0.43812943,1011.14795,21.755829,-0.5,0.0,0.0,0.0,0.18131283,0.76446456
2016-08-19,MIEL1,Caldas,19.97,16165000.0,79920000.0,20.22647647647648,26.245148,-0.7036629,0.12879944,1010.9947,21.696228,-0.5,0.0,0.0,0.0,0.18040848,0.71535355
2016-08-20,MIEL1,Caldas,19.87,15526000.0,79920000.0,19.426926926926928,26.97586,-0.47950745,0.07621765,1010.1067,21.280212,-0.5,0.000834465,5.9604645e-05,0.0,0.17993124,0.48552704
2016-08-21,MIEL1,Caldas,19.7,14620000.0,79920000.0,18.293293293293296,26.937286,-0.425045,0.67821884,1010.6756,21.094543,-0.5,0.0,0.0,0.0,0.1795845,0.80040246
2016-08-22,MIEL1,Caldas,19.63,13838000.0,79920000.0,17.314814814814813,26.393524,-0.29447174,0.8409004,1010.92346,21.00705,-0.5,0.0,0.0,0.0,0.1795131,0.89096975
2016-08-23,MIEL1,Caldas,19.36,13404000.0,79920000.0,16.77177177177177,26.216827,-0.252285,0.38170242,1011.7092,20.910065,-0.5,0.0,0.0,0.0,0.17906447,0.45754176
2016-08-24,MIEL1,Caldas,19.040000000000003,13404000.0,79920000.0,16.77177177177177,27.228058,-0.33351135,0.27827072,1011.2644,20.691284,-0.5,0.0,0.0,0.0,0.17869425,0.43435517
2016-08-25,MIEL1,Caldas,18.99,17121000.0,79920000.0,21.422672672672675,27.273651,-1.0246468,-0.12628937,1010.3056,20.755188,-0.5,0.011205673,0.0,5.9604645e-05,0.18058845,1.0324001
2016-08-26,MIEL1,Caldas,18.78,13190000.0,79920000.0,16.504004004004006,26.134491,-1.0988197,0.047245026,1011.47107,20.912994,-0.5,0.028133392,0.00023841858,0.00023841858,0.1865572,1.0998349
2016-08-27,MIEL1,Caldas,18.87,23579000.0,79920000.0,29.50325325325325,25.280487,-0.5301323,-0.12773895,1012.9486,20.8013,-0.5,0.006556511,0.00011920929,0.00011920929,0.19284913,0.54530495
2016-08-28,MIEL1,Caldas,18.98,24228000.0,79920000.0,30.31531531531532,25.913116,-0.37104034,-0.38407135,1013.16266,20.789825,-0.5,0.0032186508,0.0,0.0,0.19352348,0.5340241
2016-08-29,MIEL1,Caldas,18.85,13801000.0,79920000.0,17.26851851851852,26.62613,-0.25875473,-0.48249435,1011.002,20.821991,-0.5,0.03671646,0.0014305115,0.0013709068,0.19390617,0.5474987
2016-08-30,MIEL1,Caldas,19.18,35800000.0,79920000.0,44.7947947947948,25.40628,-0.2893753,-0.5103493,1012.3261,20.739258,-0.5,0.3027916,0.002503395,0.0023841858,0.24203426,0.5866809
2016-08-31,MIEL1,Caldas,19.29,17421000.0,79920000.0,21.79804804804805,24.482086,-0.4638214,-0.90356445,1012.4441,20.786102,-0.5,0.26071072,0.0022053719,0.0022053719,0.24930662,1.015657
2016-09-01,MIEL1,Caldas,20.1,59475000.0,108620000.0,54.75510955625115,23.147736,-0.43964005,-0.027301788,1013.9178,20.682648,-0.58,0.1283884,0.0032186508,0.0032186508,0.29741037,0.44048694
2016-09-02,MIEL1,Caldas,20.18,25593000.0,108620000.0,23.56195912354999,23.620392,-0.5538635,-1.0156326,1014.7625,20.717163,-0.58,0.1270771,0.0013709068,0.0013709068,0.28864613,1.1568382
2016-09-03,MIEL1,Caldas,20.48,38887000.0,108620000.0,35.80095746639661,24.27304,0.021823883,-0.43769455,1012.97455,20.73706,-0.58,0.0,0.0,0.0,0.28111848,0.4382383
2016-09-04,MIEL1,Caldas,21.85,83385000.0,108620000.0,76.76763027066839,24.391754,-0.094200134,-0.016998291,1011.5075,20.654968,-0.58,0.49221516,0.0051259995,0.005066395,0.3138215,0.09572151
2016-09-05,MIEL1,Caldas,22.54,56050000.0,108620000.0,51.60191493279322,24.954498,-0.6190071,-0.65291977,1011.91125,20.475586,-0.58,0.0027418137,5.9604645e-05,5.9604645e-05,0.2870622,0.89970773
2016-09-06,MIEL1,Caldas,24.84,110741000.0,108620000.0,101.952679064629,25.568268,-0.72543335,-0.33631516,1013.1436,20.573517,-0.58,0.004172325,0.0,0.0,0.26954275,0.7996008
2016-09-07,MIEL1,Caldas,26.12,65754000.0,108620000.0,60.53581292579635,24.845306,-0.5842171,-0.12466431,1014.565,20.682648,-0.58,0.0060796738,0.00011920929,0.00011920929,0.2584375,0.5973699
2016-09-08,MIEL1,Caldas,26.67,44599000.0,108620000.0,41.05965752163506,25.3992,-0.47681046,0.12023926,1012.6953,20.979706,-0.58,0.0,0.0,0.0,0.24756624,0.49173743
2016-09-09,MIEL1,Caldas,27.04,36653000.0,108620000.0,33.744245995212665,26.490326,-0.5797577,0.4587555,1011.307,21.085052,-0.58,0.0,0.0,0.0,0.23775987,0.73930746
2016-09-10,MIEL1,Caldas,27.34,33372000.0,108620000.0,30.72362364205487,25.78897,-0.42440414,0.0044937134,1013.1769,20.865326,-0.58,0.0,0.0,0.0,0.22785707,0.42442793
2016-09-11,MIEL1,Caldas,27.74,36356000.0,108620000.0,33.470815687718655,25.586151,-0.76356125,0.24061203,1014.09204,20.683899,-0.58,0.031113625,0.0004172325,0.00035762787,0.22109365,0.8005747
2016-09-12,MIEL1,Caldas,28.25,37033000.0,108620000.0,34.094089486282456,25.99582,-0.5187645,-0.67621994,1013.03424,20.814148,-0.58,0.00023841858,0.0,0.0,0.21572654,0.85228515
2016-09-13,MIEL1,Caldas,28.49,28351000.0,108620000.0,26.10108635610385,23.269318,-0.5486374,-0.87833405,1014.0,21.20401,-0.58,0.82683563,0.0410676,0.0410676,0.34502706,1.035603
2016-09-14,MIEL1,Caldas,29.62,69738000.0,108620000.0,64.20364573743326,22.87027,-0.14427948,-0.10290909,1013.86597,20.97757,-0.58,0.4285574,0.01335144,0.013411045,0.3627101,0.17721978
2016-09-15,MIEL1,Caldas,30.84,79571000.0,108620000.0,73.25630638924692,23.420807,-0.09327316,0.10071182,1012.9558,20.651794,-0.58,0.098228455,0.008702278,0.0086426735,0.38255742,0.1372689
2016-09-16,MIEL1,Caldas,31.380000000000003,42904000.0,108620000.0,39.49917142331063,24.650177,-0.27001953,-0.7557602,1013.0192,20.650604,-0.58,0.077962875,0.0010728836,0.0010728836,0.34835595,0.80254847
2016-09-17,MIEL1,Caldas,31.840000000000003,38134000.0,108620000.0,35.107714969618854,25.560333,-0.03618622,0.27051544,1010.8031,20.829895,-0.58,0.00011920929,0.0,0.0,0.32064635,0.272925
2016-09-18,MIEL1,Caldas,32.09,33380000.0,108620000.0,30.73098876818265,26.011322,-0.19890213,-0.33987808,1010.6248,21.290527,-0.58,0.32246113,0.003874302,0.003874302,0.29826492,0.3938009
2016-09-19,MIEL1,Caldas,32.35,30983000.0,108620000.0,28.52421285214509,25.439972,-0.22784424,0.073589325,1011.2578,21.375305,-0.58,0.003695488,0.0,0.0,0.28392655,0.23943347
2016-09-20,MIEL1,Caldas,32.48,28524000.0,108620000.0,26.2603572086172,25.969757,-0.24044418,0.37504196,1010.3809,21.385925,-0.58,0.0,0.0,0.0,0.26776886,0.44549957
2016-09-21,MIEL1,Caldas,32.64,27036000.0,108620000.0,24.8904437488492,25.31491,0.14154816,0.2686348,1010.80347,21.261139,-0.58,0.03552437,0.0015497208,0.0014901161,0.25728738,0.3036454
2016-09-22,MIEL1,Caldas,32.82,27527000.0,108620000.0,25.342478364942,24.360199,-0.088962555,-0.59114075,1011.7527,21.158844,-0.58,0.005722046,0.00011920929,0.00011920929,0.2505672,0.5977974
2016-09-23,MIEL1,Caldas,33.31,45616000.0,108620000.0,41.99594918062972,24.563385,-0.11697769,-0.07853699,1012.8811,21.105011,-0.58,0.0039339066,5.9604645e-05,5.9604645e-05,0.25886312,0.14089654
2016-09-24,MIEL1,Caldas,33.46,28393000.0,108620000.0,26.13975326827472,25.38443,-0.23953247,0.3207512,1012.4761,21.113647,-0.58,0.0009536743,5.9604645e-05,5.9604645e-05,0.25064933,0.40032127
2016-09-25,MIEL1,Caldas,33.62,26248000.0,108620000.0,24.16497882526238,25.65512,-0.3381462,0.10780716,1011.7964,21.124908,-0.58,0.0,0.0,0.0,0.23939976,0.35491583
2016-09-26,MIEL1,Caldas,33.71,24564000.0,108620000.0,22.614619775363654,26.080902,-0.2110405,-0.14517975,1010.7481,21.119781,-0.58,0.0027418137,5.9604645e-05,0.0,0.22703707,0.25615475
2016-09-27,MIEL1,Caldas,34.07,31241000.0,108620000.0,28.761738169766154,25.979584,-0.24267197,-0.41544342,1011.53577,21.218842,-0.58,0.3632307,0.0044107437,0.0042915344,0.23236229,0.48112673
2016-09-28,MIEL1,Caldas,34.42,38998000.0,108620000.0,35.90314859141962,25.354095,-0.117515564,-0.64811707,1012.448,21.482574,-0.58,0.012874603,0.00023841858,0.00023841858,0.22892171,0.6586848
2016-09-29,MIEL1,Caldas,34.65,34320000.0,108620000.0,31.596391088197382,24.208893,-0.29461288,-0.59495544,1012.16156,21.53421,-0.58,0.45502186,0.00500679,0.00500679,0.26129937,0.6639042
2016-09-30,MIEL1,Caldas,35.07,36308000.0,108620000.0,33.426624930951945,24.183136,0.2408104,-0.455307,1010.9944,21.524536,-0.58,0.3619194,0.021338463,0.021219254,0.32146746,0.5150671
2016-10-01,MIEL1,Caldas,35.69,47489000.0,154050000.0,30.82700421940928,22.814728,0.22858429,-0.32538986,1010.33594,21.515533,-0.64,1.1861324,0.21958351,0.2194643,0.40573573,0.3976548
2016-10-02,MIEL1,Caldas,35.92,31535000.0,154050000.0,20.470626419993508,23.518219,0.51558685,0.2774124,1010.60376,21.552094,-0.64,0.89251995,0.08559227,0.08559227,0.4223255,0.5854805
2016-10-03,MIEL1,Caldas,36.18,29739000.0,154050000.0,19.3047711781889,22.438324,-0.11013794,0.007835388,1010.21405,21.570618,-0.64,0.10108948,0.0131726265,0.013113022,0.40466562,0.1104163
2016-10-04,MIEL1,Caldas,36.64,44007000.0,154050000.0,28.56669912366115,23.962494,0.10132599,-0.4403534,1011.77313,21.54129,-0.64,0.5019903,0.06109476,0.061035156,0.4134531,0.45186067
2016-10-05,MIEL1,Caldas,37.35,51365000.0,154050000.0,33.34307043167803,23.118439,0.04101181,0.10256195,1012.7383,21.643555,-0.64,0.22125244,0.016510487,0.016391277,0.41612405,0.110457785
2016-10-06,MIEL1,Caldas,37.6,34233000.0,154050000.0,22.22200584225901,23.626373,-0.24610901,-0.7306404,1011.1361,21.695557,-0.64,0.4402399,0.024616718,0.024616718,0.3944394,0.77097666
2016-10-07,MIEL1,Caldas,38.76,69244000.0,154050000.0,44.94904251866277,22.618439,0.021633148,-0.517025,1010.8636,21.71988,-0.64,0.54967403,0.054895878,0.054895878,0.4099639,0.5174774
2016-10-08,MIEL1,Caldas,39.6,50383000.0,154050000.0,32.70561506004544,22.558441,-0.08229065,-0.29172134,1011.2661,22.010223,-0.64,0.28777122,0.012278557,0.012278557,0.42028055,0.30310574
2016-10-09,MIEL1,Caldas,41.97,104410000.0,154050000.0,67.7766958779617,23.24765,-0.054561615,-0.35907364,1011.79517,22.29599,-0.64,0.0603199,0.0038146973,0.0037550926,0.3982389,0.36319533
2016-10-10,MIEL1,Caldas,43.93,98048000.0,154050000.0,63.64686790003245,22.427338,-0.004234314,-0.21846771,1012.4825,22.511719,-0.64,0.20372868,0.013530254,0.01347065,0.40338486,0.21850874
2016-10-11,MIEL1,Caldas,47.03,158415000.0,154050000.0,102.83349561830576,24.578827,-0.014923096,-0.37199402,1011.4977,22.51709,-0.64,0.0032186508,0.00011920929,0.00017881393,0.380587,0.37229323
2016-10-12,MIEL1,Caldas,50.970000000000006,182792000.0,154050000.0,118.65757870821164,22.460724,-0.07867813,-0.42424393,1012.6439,22.231415,-0.64,0.43165684,0.047922134,0.047892332,0.42398953,0.4314779
2016-10-13,MIEL1,Caldas,53.22,122117000.0,154050000.0,79.2710159039273,23.719818,-0.18117523,-0.7574692,1012.2125,21.911682,-0.64,0.08785725,0.0056624413,0.0056624413,0.39832735,0.77883506
2016-10-14,MIEL1,Caldas,55.120000000000005,103451000.0,154050000.0,67.15417072379097,23.323273,-0.18776321,-0.22473526,1012.54486,21.406525,-0.64,0.30052662,0.014841557,0.014722347,0.40366623,0.29284972
2016-10-15,MIEL1,Caldas,56.64,90145000.0,154050000.0,58.51671535215839,24.852936,0.082660675,0.18205643,1011.01733,21.133545,-0.64,0.004172325,0.00029802322,0.00029802322,0.38730425,0.1999433
2016-10-16,MIEL1,Caldas,58.15,93847000.0,154050000.0,60.9198312236287,23.887665,-0.44212723,-0.7363663,1011.4208,20.846497,-0.64,0.14746189,0.010251999,0.010251999,0.37188777,0.8589015
2016-10-17,MIEL1,Caldas,59.61,86071000.0,154050000.0,55.8721194417397,23.65628,-0.3410759,-0.39016724,1011.1447,20.802765,-0.64,0.018954277,0.0011920929,0.0010728836,0.36985555,0.51823086
2016-10-18,MIEL1,Caldas,61.38,100096000.0,154050000.0,64.97630639402792,23.230316,-0.05488968,-0.3626442,1012.3862,20.61377,-0.64,0.11920929,0.006556511,0.0064373016,0.3641198,0.3667747
2016-10-19,MIEL1,Caldas,61.14000000000001,71192000.0,154050000.0,46.21356702369361,23.665741,-0.4145813,-0.9094238,1011.73206,20.447449,-0.64,0.08904934,0.00846386,0.00846386,0.35466126,0.9994646
2016-10-20,MIEL1,Caldas,62.56,157032000.0,154050000.0,101.93573515092504,23.71878,0.0033912659,-0.42170715,1011.5502,20.51358,-0.64,0.15091896,0.0026226044,0.0025629997,0.35746947,0.4217208
2016-10-21,MIEL1,Caldas,63.43,99458000.0,154050000.0,64.56215514443363,24.234406,-0.25548935,-0.8453293,1010.7333,20.652893,-0.64,0.04673004,0.0011324883,0.0011324883,0.34249303,0.8830948
2016-10-22,MIEL1,Caldas,64.46,110692000.0,154050000.0,71.85459266471925,23.543488,0.18172836,-0.69143295,1011.6819,20.7583,-0.64,0.17619133,0.011086464,0.011086464,0.37771416,0.7149159
2016-10-23,MIEL1,Caldas,65.03999999999999,112610000.0,154050000.0,73.0996429730607,23.075348,0.025943756,-0.34389877,1013.1839,21.01181,-0.64,0.25355816,0.009655952,0.009655952,0.39479515,0.344876
2016-10-24,MIEL1,Caldas,66.34,97275000.0,154050000.0,63.14508276533593,23.717255,-0.012298584,-0.5493927,1012.5105,21.016144,-0.64,0.6586313,0.06878376,0.06878376,0.39244646,0.5495303
2016-10-25,MIEL1,Caldas,66.95,131440000.0,154050000.0,85.32294709509898,22.094574,0.16640854,-0.26563263,1011.3572,21.207184,-0.64,0.63574314,0.0910759,0.0910759,0.45104754,0.31345254
2016-10-26,MIEL1,Caldas,69.02000000000001,118083000.0,154050000.0,76.65238558909445,23.06601,-0.009819031,-0.7306595,1011.4003,21.42926,-0.64,1.4166832,0.46890974,0.46896935,0.44922397,0.73072547
2016-10-27,MIEL1,Caldas,71.53,138836000.0,154050000.0,90.12398571892244,23.454926,-0.26465607,-0.8626785,1011.2028,21.42096,-0.64,0.77462196,0.17386675,0.17380714,0.452119,0.9023619
2016-10-28,MIEL1,Caldas,73.67,110501000.0,154050000.0,71.73060694579682,23.421234,0.19897461,-0.61125565,1011.7978,21.161957,-0.64,0.31006336,0.03796816,0.03796816,0.4442879,0.6428253
2016-10-29,MIEL1,Caldas,76.03,104820000.0,154050000.0,68.04284323271665,21.45401,-0.26895142,-0.31175232,1013.4902,21.02005,-0.64,0.70786476,0.1835227,0.1834631,0.4457394,0.4117334
2016-10-30,MIEL1,Caldas,77.66999999999999,92327000.0,154050000.0,59.93313859136644,22.76059,-0.037460327,-0.17273712,1012.28674,20.886993,-0.64,0.036478043,0.0013709068,0.0014305115,0.42831048,0.17675234
2016-10-31,MIEL1,Caldas,80.24,138924000.0,154050000.0,90.1811100292113,23.681488,-0.094955444,-0.9896927,1011.1953,20.759216,-0.64,0.48995018,0.09250641,0.09250641,0.4171336,0.9942374
2016-11-01,MIEL1,Caldas,81.3,111219000.0,189850000.0,58.58256518303924,21.6904,-0.19706345,-0.49866486,1011.9934,20.91977,-0.6,0.6810427,0.11360645,0.030696392,0.44138587,0.53619087
2016-11-02,MIEL1,Caldas,81.5,91845000.0,189850000.0,48.377666578878056,22.248444,-0.050159454,-1.015068,1013.0453,20.85849,-0.6,1.2073517,0.27436018,0.27436018,0.44993147,1.0163066
2016-11-03,MIEL1,Caldas,80.04,76418000.0,189850000.0,40.25177771925204,22.826569,0.083854675,-0.7411194,1012.55096,20.943726,-0.6,0.44071674,0.10293722,0.10293722,0.4366393,0.74584824
2016-11-04,MIEL1,Caldas,79.75999999999999,105563000.0,189850000.0,55.6033710824335,23.289886,-0.23425293,-0.10416794,1012.1636,20.919586,-0.6,0.07939339,0.011026859,0.011026859,0.43365502,0.25636965
2016-11-05,MIEL1,Caldas,80.97,70808000.0,189850000.0,37.29681327363708,24.086456,-0.13192368,0.09438324,1012.14435,21.070251,-0.6,0.004529953,0.0005364418,0.00047683716,0.41122824,0.1622099
2016-11-06,MIEL1,Caldas,79.31,81903000.0,189850000.0,43.140900711087696,25.063202,-0.32373428,-0.2854042,1011.9236,21.360199,-0.6,0.005364418,0.00011920929,0.00011920929,0.40083447,0.43157786
2016-11-07,MIEL1,Caldas,78.25999999999999,77975000.0,189850000.0,41.071898867527,22.373749,0.13986969,-0.81389236,1012.7608,21.408112,-0.6,0.97954273,0.13929605,0.13932586,0.42416525,0.8258234
2016-11-08,MIEL1,Caldas,79.17999999999999,75103000.0,189850000.0,39.55912562549381,22.289703,0.30042648,-0.8403702,1012.16455,21.251526,-0.6,0.07081032,0.0059604645,0.0058710575,0.4190153,0.89245623
2016-11-09,MIEL1,Caldas,79.86,103796000.0,189850000.0,54.67263629180932,23.574799,0.027694702,-0.5760956,1011.5786,21.425568,-0.6,0.09918213,0.0075101852,0.0074505806,0.40412167,0.5767609
2016-11-10,MIEL1,Caldas,83.38,196186000.0,189850000.0,103.33737160916516,23.088043,0.053569794,-0.9321251,1011.97925,21.634857,-0.6,0.16903877,0.018954277,0.018894672,0.40537468,0.9336632
2016-11-11,MIEL1,Caldas,87.4,180370000.0,189850000.0,95.00658414537791,21.758453,0.5066223,0.7112503,1012.3178,21.771576,-0.6,0.09071827,0.01758337,0.01758337,0.43334073,0.8732372
2016-11-12,MIEL1,Caldas,86.47,130922000.0,189850000.0,68.96075849354753,22.134857,-0.062454224,-1.0008583,1012.21576,21.769989,-0.6,0.116825104,0.012218952,0.012218952,0.42411888,1.002805
2016-11-13,MIEL1,Caldas,86.44,115636000.0,189850000.0,60.90913879378456,23.866058,0.36642075,-0.7386093,1012.34906,21.77298,-0.6,0.094890594,0.016391277,0.016331673,0.4246865,0.8245046
2016-11-14,MIEL1,Caldas,87.4,122314000.0,189850000.0,64.42665262048986,22.289398,0.13030243,-0.3698311,1011.317,21.776947,-0.6,0.7584095,0.21713972,0.21713972,0.44662678,0.39211446
2016-11-15,MIEL1,Caldas,87.29,133645000.0,189850000.0,70.3950487226758,21.797516,-0.073013306,-1.0031815,1011.2608,21.660126,-0.6,0.45907497,0.10275841,0.10278821,0.4531198,1.0058349
2016-11-16,MIEL1,Caldas,86.85000000000001,103469000.0,189850000.0,54.50039504872267,22.24289,0.20861053,-0.9264374,1011.1287,21.501373,-0.6,0.8635521,0.36734343,0.36734343,0.4435813,0.9496339
2016-11-17,MIEL1,Caldas,86.75,110049000.0,189850000.0,57.966289175665,22.399872,0.38203812,-1.0828171,1011.0516,21.317078,-0.6,0.39982796,0.14150143,0.14144182,0.44193366,1.148236
2016-11-18,MIEL1,Caldas,89.17,134771000.0,189850000.0,70.98814853831973,22.808014,0.18135452,-0.6147995,1011.3172,21.14798,-0.6,0.23901463,0.06908178,0.06908178,0.43946165,0.6409898
2016-11-19,MIEL1,Caldas,90.43,180520000.0,189850000.0,95.08559388991308,21.669159,0.26680374,-0.25439835,1011.9761,21.102264,-0.6,1.4258623,0.46277046,0.46277046,0.4558125,0.36864993
2016-11-20,MIEL1,Caldas,93.4,146025000.0,189850000.0,76.91598630497761,22.033173,-0.19966888,-1.2392197,1012.15704,21.210785,-0.6,1.226306,0.6582141,0.5815625,0.44743928,1.2552024
2016-11-21,MIEL1,Caldas,92.68,118189000.0,189850000.0,62.253884645772985,22.17752,0.1870079,-0.89546967,1010.8745,21.384125,-0.6,0.0027418137,0.00047683716,0.00047683716,0.42635575,0.9147884
2016-11-22,MIEL1,Caldas,91.75,101545000.0,189850000.0,53.4869633921517,21.615143,-0.048503876,-0.6302147,1010.6478,21.538818,-0.6,0.025510788,0.0044107437,0.0042915344,0.41471064,0.63207847
2016-11-23,MIEL1,Caldas,90.03999999999999,86784000.0,189850000.0,45.71187779826179,23.017303,0.086868286,-0.4836502,1010.9534,21.761078,-0.6,0.005364418,0.0009536743,0.0009536743,0.40414712,0.49138948
2016-11-24,MIEL1,Caldas,90.96,104790000.0,189850000.0,55.19620753226231,23.046967,-0.034168243,-0.896019,1011.27954,22.012299,-0.6,0.08380413,0.006854534,0.006854534,0.4123863,0.8966702
2016-11-25,MIEL1,Caldas,90.27,82820000.0,189850000.0,43.62391361601264,22.198639,-0.3575058,-0.61465454,1011.8353,22.140717,-0.6,0.11742115,0.016987324,0.01692772,0.42519382,0.71106297
2016-11-26,MIEL1,Caldas,89.78,88658000.0,189850000.0,46.69897287332104,22.39096,-0.070640564,-0.11242676,1012.60425,22.068817,-0.6,0.19466877,0.044047832,0.044107437,0.42039484,0.1327775
2016-11-27,MIEL1,Caldas,89.2,88660000.0,189850000.0,46.70002633658152,21.521393,0.2319603,-0.22029877,1011.66156,21.906342,-0.6,2.4126768,1.5099049,1.4256239,0.45258406,0.31990173
2016-11-28,MIEL1,Caldas,88.52,85799000.0,189850000.0,45.19304714248091,22.810211,0.1839447,-0.67567825,1010.58234,21.721832,-0.6,0.7274151,0.26601553,0.26595592,0.44921306,0.70026904
2016-11-29,MIEL1,Caldas,89.8,143269000.0,189850000.0,75.46431393205162,21.71518,-0.03275299,-0.6502876,1010.9172,21.57074,-0.6,0.53453445,0.27632713,0.27620792,0.44546622,0.65111196
2016-11-30,MIEL1,Caldas,88.78,97971000.0,189850000.0,51.60442454569397,23.170807,-0.04743576,-0.3444748,1010.5678,21.52008,-0.6,0.07355213,0.013530254,0.013381243,0.43047878,0.3477255
2016-12-01,MIEL1,Caldas,87.89,91918000.0,168500000.0,54.55074183976261,23.761688,0.035266876,-0.57141495,1011.2961,21.560638,-0.45,0.26917458,0.07879734,0.07861853,0.4243883,0.5725022
2016-12-02,MIEL1,Caldas,87.58,73307000.0,168500000.0,43.50563798219584,22.225372,0.43170547,-0.322937,1012.302,21.54242,-0.45,0.9571314,0.32687187,0.32663345,0.44452286,0.539127
2016-12-03,MIEL1,Caldas,88.39,158876000.0,168500000.0,94.28842729970326,21.363983,0.12953949,-0.50759125,1012.4219,21.559021,-0.45,0.46217442,0.13333559,0.13321638,0.45088652,0.52386004
2016-12-04,MIEL1,Caldas,90.38,112957000.0,168500000.0,67.03679525222552,22.755707,0.13970184,-0.62119293,1012.3608,21.6734,-0.45,0.32687187,0.07891655,0.07867813,0.44400164,0.63670814
2016-12-05,MIEL1,Caldas,91.28,114569000.0,168500000.0,67.99347181008902,22.659271,0.29049683,-0.17614365,1012.4902,21.83957,-0.45,0.23794174,0.09196997,0.09161234,0.4425128,0.33972782
2016-12-06,MIEL1,Caldas,91.83,106117000.0,168500000.0,62.97744807121661,22.333649,0.07304764,-0.43344116,1012.7114,22.038391,-0.45,0.9634495,0.2645254,0.2642572,0.44041237,0.4395534
2016-12-07,MIEL1,Caldas,92.1,124472000.0,168500000.0,73.8706231454006,23.129486,0.13520813,-0.5679817,1012.03143,22.285553,-0.45,0.23150444,0.029146671,0.028848648,0.43641612,0.5838531
2016-12-08,MIEL1,Caldas,91.04,99958000.0,168500000.0,59.32225519287834,21.891693,0.2190628,-0.3016739,1012.1255,22.60794,-0.45,0.56028366,0.15032291,0.1501441,0.44552618,0.3728212
2016-12-09,MIEL1,Caldas,90.62,115401000.0,168500000.0,68.48724035608309,22.685333,0.3124733,-0.50180435,1012.4675,22.884827,-0.45,0.10240078,0.013530254,0.013232231,0.43573618,0.59114057
2016-12-10,MIEL1,Caldas,92.12,162664000.0,168500000.0,96.53649851632048,22.881744,0.0653038,-0.24414825,1012.3719,23.109436,-0.45,1.5258789,0.6617904,0.64757466,0.4519434,0.252731
2016-12-11,MIEL1,Caldas,94.86,148629000.0,168500000.0,88.20712166172106,22.725739,-0.028511047,-0.22663116,1011.5886,23.19931,-0.45,0.22566319,0.08243322,0.08171797,0.43624842,0.22841752
2016-12-12,MIEL1,Caldas,94.54,114812000.0,168500000.0,68.13768545994066,23.322601,-0.10423279,-0.33103943,1011.9978,23.193085,-0.45,0.07402897,0.007033348,0.0062584877,0.42429882,0.34706134
2016-12-13,MIEL1,Caldas,94.84,111008000.0,168500000.0,65.88011869436203,23.1492,-0.14302826,-0.24494171,1012.2536,23.063904,-0.45,0.04839897,0.0064373016,0.0057816505,0.41484353,0.2836433
2016-12-14,MIEL1,Caldas,94.33,108636000.0,168500000.0,64.47240356083086,23.35788,-0.16489029,-0.6888695,1011.96606,23.017517,-0.45,0.031352043,0.0054836273,0.0047683716,0.40939838,0.708329
2016-12-15,MIEL1,Caldas,94.6,111105000.0,168500000.0,65.93768545994065,23.309845,0.15542221,-0.46115112,1011.66016,22.948364,-0.45,0.093102455,0.014066696,0.0131726265,0.4008691,0.48663786
2016-12-16,MIEL1,Caldas,94.27,85752000.0,168500000.0,50.89139465875371,23.04898,0.14463806,-0.7851906,1011.8619,22.870575,-0.45,0.31387806,0.05787611,0.05698204,0.4323979,0.7984012
2016-12-17,MIEL1,Caldas,94.09,106420000.0,168500000.0,63.1572700296736,23.190765,-0.45793915,-0.8155556,1011.6984,22.87027,-0.45,0.14138222,0.018239021,0.017166138,0.42717665,0.93532836
2016-12-18,MIEL1,Caldas,94.03,94737000.0,168500000.0,56.22373887240356,23.207062,-0.2101326,-0.20637512,1011.83655,22.784302,-0.45,0.011086464,0.0017881393,0.00071525574,0.41297948,0.2945274
2016-12-19,MIEL1,Caldas,95.05,158999000.0,168500000.0,94.3614243323442,22.957,0.11928177,-0.768528,1011.77325,22.712067,-0.45,0.06818771,0.008881092,0.007987022,0.4030773,0.77772963
2016-12-20,MIEL1,Caldas,95.02,155468000.0,168500000.0,92.26587537091989,23.486298,-0.25053024,-0.64476776,1010.35706,22.558655,-0.45,0.39434433,0.10871887,0.1078248,0.40360624,0.6917304
2016-12-21,MIEL1,Caldas,95.8,122855000.0,168500000.0,72.91097922848665,20.52884,-0.0780983,-0.54278564,1011.04376,22.442871,-0.45,1.9494295,1.0095239,0.99110603,0.44329238,0.5483754
2016-12-22,MIEL1,Caldas,95.48,111204000.0,168500000.0,65.99643916913946,21.855011,-0.2154808,-1.1613731,1012.08435,22.472198,-0.45,1.2924671,0.6096363,0.60373545,0.44395176,1.1811941
2016-12-23,MIEL1,Caldas,95.45,120163000.0,168500000.0,71.31335311572701,21.904877,-0.048233032,-0.71541595,1012.4333,22.647644,-0.45,0.15294552,0.07510185,0.07367134,0.43231574,0.71704
2016-12-24,MIEL1,Caldas,95.35,95085000.0,168500000.0,56.43026706231454,23.38858,0.13918304,-0.8106804,1011.5045,22.675598,-0.45,0.0821352,0.017762184,0.016152859,0.41785786,0.8225416
2016-12-25,MIEL1,Caldas,95.86,135612000.0,168500000.0,80.4818991097923,22.397491,0.15664291,-0.5195732,1011.3861,22.662415,-0.45,0.24056435,0.045597553,0.043809414,0.4234138,0.5426724
2016-12-26,MIEL1,Caldas,94.97,124685000.0,168500000.0,73.99703264094956,22.797394,0.19048691,-0.51369095,1011.6852,22.746582,-0.45,0.06365776,0.0085532665,0.0070929527,0.42338037,0.54787195
2016-12-27,MIEL1,Caldas,96.56,211903000.0,168500000.0,125.75845697329378,21.948639,-0.034355164,-0.75805664,1011.4842,22.905304,-0.45,0.14793873,0.028431416,0.026524067,0.4205246,0.7588347
2016-12-28,MIEL1,Caldas,97.69,196100000.0,168500000.0,116.37982195845696,23.391937,-0.33646774,-0.5697174,1010.64154,22.950256,-0.45,0.04839897,0.011444092,0.00923872,0.41993472,0.66165584
2016-12-29,MIEL1,Caldas,97.42,156520000.0,168500000.0,92.89020771513351,23.184784,-0.29584885,-0.58096695,1009.97144,22.927368,-0.45,0.039458275,0.0075101852,0.005364418,0.4084003,0.6519579
2016-12-30,MIEL1,Caldas,97.47,148852000.0,168500000.0,88.33946587537092,23.220001,0.28757095,-0.45024872,1011.40265,22.989532,-0.45,0.017404556,0.0049471855,0.0028014183,0.40239534,0.53424805
2016-12-31,MIEL1,Caldas,98.69,162303000.0,168500000.0,96.32225519287832,22.360687,0.15263748,-0.7356262,1012.5745,23.1745,-0.45,0.054717064,0.008821487,0.0065267086,0.41165823,0.751295
2017-01-01,MIEL1,Caldas,97.47,110853000.0,129290000.0,85.7398097300642,22.866364,-0.23187637,-0.072452545,1011.4572,23.303864,-0.19,0.00011920929,0.0023841858,0.0,0.39605004,0.24293214
2017-01-02,MIEL1,Caldas,96.64,108191000.0,129290000.0,83.6808724572666,24.06778,-0.044628143,-0.31637192,1011.817,23.50119,-0.19,0.019907951,0.0047683716,0.0022649765,0.37834388,0.31950408
2017-01-03,MIEL1,Caldas,95.21,92252000.0,129290000.0,71.35277283625958,23.424469,0.08887863,-0.5576973,1010.07904,23.621124,-0.19,0.033020973,0.0059604645,0.0032782555,0.3712153,0.56473505
2017-01-04,MIEL1,Caldas,94.92,97171000.0,129290000.0,75.15739809730064,22.745209,0.39297104,-0.7037964,1009.8583,23.700562,-0.19,0.041484833,0.007688999,0.0049471855,0.3734358,0.8060742
2017-01-05,MIEL1,Caldas,93.93,87297000.0,129290000.0,67.52030319436925,21.985931,0.3741455,-0.5236244,1010.6858,23.807587,-0.19,0.12671947,0.019550323,0.017106533,0.4061318,0.6435584
2017-01-06,MIEL1,Caldas,93.21,74723000.0,129290000.0,57.79487972774383,22.66745,-0.19755554,-0.54961777,1011.1747,23.973969,-0.19,0.08046627,0.012218952,0.009536743,0.39054966,0.5840444
2017-01-07,MIEL1,Caldas,91.49,72916000.0,129290000.0,56.39724650011602,23.69516,-0.18767548,-0.4699669,1012.5536,24.310913,-0.19,0.003695488,0.0029802322,0.00023841858,0.37287948,0.5060543
2017-01-08,MIEL1,Caldas,89.88000000000001,89132000.0,129290000.0,68.93959316265759,22.653168,0.10706711,-0.9093666,1013.9183,24.422638,-0.19,0.26500225,0.019133091,0.016212463,0.3733309,0.91564786
2017-01-09,MIEL1,Caldas,89.14999999999999,84710000.0,129290000.0,65.51937504834095,21.358246,0.4109192,-0.8062935,1013.9391,24.58142,-0.19,0.28192997,0.050723553,0.04771352,0.40977687,0.9049662
2017-01-10,MIEL1,Caldas,90.17,72176000.0,129290000.0,55.824889782659135,21.506256,-0.2901268,-0.6789284,1011.52765,24.86792,-0.19,0.18906593,0.033140182,0.030219555,0.4260093,0.7383206
2017-01-11,MIEL1,Caldas,91.49,71329000.0,129290000.0,55.16977337767809,22.580536,0.21361923,-0.8385048,1011.1705,25.022552,-0.19,0.13387203,0.022232533,0.019520521,0.41357177,0.8652881
2017-01-12,MIEL1,Caldas,92.84,83751000.0,129290000.0,64.77763168071776,22.409698,-0.2246399,-0.39066315,1012.1383,25.186523,-0.19,0.09906292,0.033557415,0.030636787,0.42421103,0.45064485
2017-01-13,MIEL1,Caldas,94.38,84254000.0,129290000.0,65.16667955758373,22.720184,0.28598404,-0.5479698,1012.08954,25.286407,-0.19,0.11014938,0.024199486,0.021100044,0.409589,0.6181082
2017-01-14,MIEL1,Caldas,93.5,118030000.0,129290000.0,91.29089643437234,21.537445,0.16428375,-0.7947922,1012.41956,25.326874,-0.19,0.16260147,0.051617622,0.04863739,0.422166,0.81159335
2017-01-15,MIEL1,Caldas,92.57,124387000.0,129290000.0,96.20775001933636,22.723114,0.35526657,-0.66337585,1011.6867,25.541412,-0.19,0.07045269,0.015497208,0.012397766,0.42123234,0.752517
2017-01-16,MIEL1,Caldas,91.06,102247000.0,129290000.0,79.0834557970454,22.62851,0.40159607,-0.7240524,1011.7536,25.674591,-0.19,0.21314621,0.04851818,0.045478344,0.40909296,0.82796824
2017-01-17,MIEL1,Caldas,92.23,86262000.0,129290000.0,66.7197772449532,22.586273,0.5392723,-0.81437683,1012.08936,25.730438,-0.19,0.026106834,0.007987022,0.004887581,0.4045622,0.9767416
2017-01-18,MIEL1,Caldas,93.77,92051000.0,129290000.0,71.19730837651791,22.107697,0.44919968,-0.88108826,1013.4995,25.865417,-0.19,0.14257431,0.054359436,0.0513196,0.40879074,0.9889878
2017-01-19,MIEL1,Caldas,91.86,86050000.0,129290000.0,66.55580477995204,22.563385,0.36621475,-0.9188881,1011.51904,25.918304,-0.19,0.051140785,0.011980534,0.008881092,0.39199585,0.98917574
2017-01-20,MIEL1,Caldas,92.73,79693000.0,129290000.0,61.63895119498801,22.5242,0.49352264,-0.91788864,1012.4383,25.958405,-0.19,0.11634827,0.035881996,0.03260374,0.40302408,1.0421536
2017-01-21,MIEL1,Caldas,91.06,99194000.0,129290000.0,76.72209761002398,23.14389,0.23253632,-0.35749054,1014.77563,25.948273,-0.19,0.60403347,0.23293495,0.22953749,0.4030533,0.42646527
2017-01-22,MIEL1,Caldas,91.93,74948000.0,129290000.0,57.96890710805167,22.009491,0.15679932,-0.62184525,1014.2498,26.04477,-0.19,0.034213066,0.012099743,0.0085532665,0.38947982,0.64130926
2017-01-23,MIEL1,Caldas,89.51,66335000.0,129290000.0,51.30713898986774,22.106354,0.14302444,-0.6730461,1013.20764,26.287537,-0.19,0.06532669,0.01579523,0.012099743,0.37506098,0.6880749
2017-01-24,MIEL1,Caldas,88.13,63576000.0,129290000.0,49.17317657978189,22.496613,-0.22257233,-1.1918945,1014.16187,26.505035,-0.19,0.12385845,0.0333786,0.029683113,0.37265173,1.2124978
2017-01-25,MIEL1,Caldas,88.05,55718000.0,129290000.0,43.09536700440869,22.221832,0.4100647,-0.90919876,1013.5756,26.501373,-0.19,0.0017881393,0.0042915344,0.00029802322,0.3587132,0.9973943
2017-01-26,MIEL1,Caldas,85.48,50551000.0,129290000.0,39.098924897517215,22.778717,-0.065467834,-0.22210312,1012.9892,26.477722,-0.19,0.0,0.004172325,0.0,0.34565982,0.23155093
2017-01-27,MIEL1,Caldas,85.72,47026000.0,129290000.0,36.37249593936113,23.577423,0.14315033,-0.14410019,1012.6128,26.665253,-0.19,0.00047683716,0.0044107437,5.9604645e-05,0.3324566,0.2031179
2017-01-28,MIEL1,Caldas,85.69,44007000.0,129290000.0,34.03743522314178,24.325531,-0.106861115,0.1076622,1011.4922,26.802643,-0.19,0.003695488,0.004887581,0.00047683716,0.32206976,0.15169194
2017-01-29,MIEL1,Caldas,82.82000000000001,40832000.0,129290000.0,31.58171552324232,24.94632,-0.04814911,-0.18061447,1011.205,26.98117,-0.19,0.0010728836,0.004529953,0.00017881393,0.31258786,0.18692225
2017-01-30,MIEL1,Caldas,83.25,60740000.0,129290000.0,46.97965813287957,23.977814,0.074596405,-0.8326912,1012.8056,26.901398,-0.19,0.022053719,0.0073313713,0.002861023,0.30917418,0.8360259
2017-01-31,MIEL1,Caldas,83.78999999999999,50415000.0,129290000.0,38.99373501430892,24.038055,0.25374222,-0.6371422,1012.3284,26.843903,-0.19,0.269413,0.010073185,0.0056624413,0.3342271,0.68580997
2017-02-01,MIEL1,Caldas,85.2,84168000.0,127410000.0,66.0607487638333,23.539764,0.18875504,-0.27983856,1011.2547,26.910614,-0.02,0.041246414,0.008404255,0.0038146973,0.34481272,0.33754715
2017-02-02,MIEL1,Caldas,85.04,93438000.0,127410000.0,73.33647280433247,23.111725,-0.039974213,-0.2816391,1010.96606,27.03238,-0.02,0.064611435,0.011146069,0.0064969063,0.34310803,0.2844618
2017-02-03,MIEL1,Caldas,84.53,70116000.0,127410000.0,55.03178714386626,23.744476,-0.0076141357,-0.6844139,1011.3553,27.232727,-0.02,0.013232231,0.00590086,0.0014901161,0.33613765,0.6844563
2017-02-04,MIEL1,Caldas,83.23,69721000.0,127410000.0,54.72176438270151,24.240204,0.04935074,-0.53053284,1011.2483,27.250824,-0.02,0.019907951,0.007033348,0.0023543835,0.32463124,0.5328232
2017-02-05,MIEL1,Caldas,81.85,75265000.0,127410000.0,59.07307118750491,24.835052,0.2008667,0.05779648,1009.77295,27.18039,-0.02,0.008702278,0.005066395,0.00047683716,0.31260714,0.20901643
2017-02-06,MIEL1,Caldas,80.74,53464000.0,127410000.0,41.9621693744604,25.457672,0.07988739,-0.034503937,1010.0611,27.139343,-0.02,0.0,0.0045895576,0.0,0.2994864,0.08702021
2017-02-07,MIEL1,Caldas,79.34,46948000.0,127410000.0,36.84797111686681,24.181732,0.3547287,-0.2199707,1009.45294,27.161621,-0.02,0.0,0.004529953,0.0,0.28995514,0.41739616
2017-02-08,MIEL1,Caldas,79.67999999999999,42459000.0,127410000.0,33.32469978808571,24.636627,0.11252594,-0.3623085,1009.1328,27.098785,-0.02,0.0,0.004529953,0.0,0.28138906,0.37938046
2017-02-09,MIEL1,Caldas,81.5,78739000.0,127410000.0,61.79970175025509,23.565948,0.24306488,-0.641552,1011.46075,27.13385,-0.02,0.0538826,0.008821487,0.0041127205,0.2775497,0.6860536
2017-02-10,MIEL1,Caldas,78.97999999999999,45836000.0,127410000.0,35.97519817910682,24.289154,0.11975098,-1.1058617,1012.5784,27.085297,-0.02,0.017523766,0.0062584877,0.0015497208,0.27367485,1.1123265
2017-02-11,MIEL1,Caldas,79.03,46344000.0,127410000.0,36.37391099599717,24.87436,-0.11351013,-0.90712357,1011.4936,27.17569,-0.02,0.04696846,0.010430813,0.005841255,0.28147674,0.91419786
2017-02-12,MIEL1,Caldas,79.63,46643000.0,127410000.0,36.60858645318264,24.513031,-0.14488983,-1.0377083,1010.9219,27.293549,-0.02,0.028014183,0.00756979,0.0030398369,0.28524452,1.0477746
2017-02-13,MIEL1,Caldas,79.89,42104000.0,127410000.0,33.04607173691233,23.971405,0.2112999,-1.3830681,1011.21094,27.381927,-0.02,0.016570091,0.0063180923,0.0019073486,0.2838571,1.3991158
2017-02-14,MIEL1,Caldas,79.29,38253000.0,127410000.0,30.023546032493524,22.535675,0.25806046,-1.0050964,1011.96014,27.31543,-0.02,0.074625015,0.012814999,0.00846386,0.29064682,1.0376965
2017-02-15,MIEL1,Caldas,79.47999999999999,35999000.0,127410000.0,28.254454124480027,23.897308,0.37868118,-0.87713623,1013.1188,27.40805,-0.02,0.025987625,0.0072717667,0.0029206276,0.29000244,0.9553886
2017-02-16,MIEL1,Caldas,79.86,34437000.0,127410000.0,27.028490699317164,23.591522,0.23304367,-0.92705154,1014.77,27.560333,-0.02,0.020384789,0.0067949295,0.0022053719,0.28834432,0.95589435
2017-02-17,MIEL1,Caldas,80.19,33719000.0,127410000.0,26.46495565497214,23.337006,0.4627838,-1.0928993,1015.09515,27.7706,-0.02,0.0538826,0.010311604,0.00590086,0.2916937,1.1868436
2017-02-18,MIEL1,Caldas,80.49,32340000.0,127410000.0,25.38262302801978,24.776031,0.22402191,-1.0412216,1013.4011,27.81607,-0.02,0.005364418,0.005066395,0.00059604645,0.29154062,1.0650485
2017-02-19,MIEL1,Caldas,80.74,31570000.0,127410000.0,24.778274860685976,25.779022,-0.32521057,-0.6998596,1012.4192,27.925934,-0.02,0.009894371,0.005364418,0.001013279,0.28395545,0.7717289
2017-02-20,MIEL1,Caldas,77.96,32164000.0,127410000.0,25.24448630405777,25.101288,0.5197792,-0.6145592,1012.4239,27.85141,-0.02,0.022888184,0.0067949295,0.0023841858,0.27917692,0.8048934
2017-02-21,MIEL1,Caldas,78.39,35919000.0,127410000.0,28.19166470449729,25.010834,0.03813553,-1.0383759,1012.19904,27.826416,-0.02,0.076532364,0.012397766,0.008106232,0.28201395,1.039076
2017-02-22,MIEL1,Caldas,78.64,42916000.0,127410000.0,33.68338434973707,23.704254,0.44208527,-0.7021446,1011.28174,27.821259,-0.02,0.15425682,0.027775764,0.02348423,0.32301793,0.82972676
2017-02-23,MIEL1,Caldas,78.78,53690000.0,127410000.0,42.13954948591162,23.92508,0.70758057,-0.80498123,1011.72675,28.004913,-0.02,0.021100044,0.007212162,0.0030398369,0.31997263,1.0717579
2017-02-24,MIEL1,Caldas,79.29,44170000.0,127410000.0,34.667608507966406,23.957672,0.54873276,-0.64186096,1011.90515,27.9935,-0.02,0.02837181,0.00846386,0.004142523,0.31874624,0.84444845
2017-02-25,MIEL1,Caldas,76.5,37050000.0,127410000.0,29.07935012950318,24.336761,0.25935745,-1.0301819,1012.04315,27.93747,-0.02,0.0072717667,0.004887581,0.00071525574,0.3081083,1.0623281
2017-02-26,MIEL1,Caldas,76.63,41839000.0,127410000.0,32.83808178321952,24.90689,0.1334076,-0.64754486,1011.9858,28.310577,-0.02,0.029563904,0.0072717667,0.002861023,0.29888394,0.66114444
2017-02-27,MIEL1,Caldas,77.09,36220000.0,127410000.0,28.427909897182325,24.921356,0.09853363,-0.8902168,1012.09204,28.842041,-0.02,0.02515316,0.0067949295,0.0025629997,0.29071212,0.8956533
2017-02-28,MIEL1,Caldas,77.71000000000001,49263000.0,127410000.0,38.664939957617136,25.423065,0.17281723,-0.890358,1011.8708,28.938812,-0.02,0.038027763,0.007688999,0.0035762787,0.28671882,0.9069747
2017-03-01,MIEL1,Caldas,75.76,51766000.0,134070000.0,38.61117326769598,24.237518,0.46065903,-0.3636856,1010.77576,28.89746,0.18,0.016212463,0.00590086,0.00166893,0.28519943,0.586919
2017-03-02,MIEL1,Caldas,77.22,105219000.0,134070000.0,78.48064443947192,24.420258,-0.2117157,-0.9142914,1010.3681,28.827301,0.18,0.027179718,0.0066161156,0.0023841858,0.28258073,0.938484
2017-03-03,MIEL1,Caldas,80.31,143682000.0,134070000.0,107.16938912508392,24.9216,-0.3048973,-0.33974838,1011.22925,28.713287,0.18,0.05340576,0.0076293945,0.003606081,0.2821715,0.456499
2017-03-04,MIEL1,Caldas,81.55,77275000.0,134070000.0,57.637801148653686,25.548248,-0.18515778,-0.28206635,1010.2664,28.586334,0.18,0.019550323,0.005841255,0.0017881393,0.2782454,0.337409
2017-03-05,MIEL1,Caldas,83.1,78507000.0,134070000.0,58.55672409935109,24.476288,-0.18492508,-0.3561592,1009.61237,28.442627,0.18,0.16462803,0.00923872,0.0053048134,0.3040832,0.4013062
2017-03-06,MIEL1,Caldas,83.78999999999999,77745000.0,134070000.0,57.9883642873126,24.358368,0.20641327,-0.53321457,1009.9459,28.29004,0.18,0.1745224,0.02670288,0.02270937,0.36244437,0.5717729
2017-03-07,MIEL1,Caldas,82.08,93278000.0,134070000.0,69.57410308048034,23.353485,0.061382294,-0.94592285,1011.8183,28.194336,0.18,0.50389767,0.05733967,0.05364418,0.38493538,0.94791234
2017-03-08,MIEL1,Caldas,83.58,107043000.0,134070000.0,79.84112776907585,21.417572,0.12129593,-0.34327698,1013.20123,28.247894,0.18,0.73480606,0.13387203,0.12999773,0.4352233,0.3640766
2017-03-09,MIEL1,Caldas,84.89,87831000.0,134070000.0,65.51130006712911,23.42807,-0.17736816,0.15562057,1011.0414,28.40384,0.18,0.08618832,0.026762486,0.022768974,0.40546766,0.23596023
2017-03-10,MIEL1,Caldas,86.49,91564000.0,134070000.0,68.29566644290296,23.885468,0.10933304,-0.8092003,1011.0616,28.4505,0.18,0.09524822,0.01692772,0.013113022,0.38880047,0.816553
2017-03-11,MIEL1,Caldas,85.41,89904000.0,134070000.0,67.05750727232042,23.273956,0.21176529,-0.7465744,1011.9945,28.619812,0.18,0.2785921,0.040113926,0.03629923,0.39885923,0.776027
2017-03-12,MIEL1,Caldas,85.15,122771000.0,134070000.0,91.57231297083614,21.367828,0.33764648,-0.18069458,1013.1833,28.674408,0.18,0.4594326,0.12433529,0.120311975,0.43787113,0.3829565
2017-03-13,MIEL1,Caldas,86.33999999999999,83077000.0,134070000.0,61.96539121354516,22.948212,-0.039821625,-0.6009865,1012.34796,28.561432,0.18,0.8903742,0.24276972,0.2387166,0.43780273,0.60230434
2017-03-14,MIEL1,Caldas,87.89,90104000.0,134070000.0,67.20668307600506,23.091156,0.40623093,-0.5783043,1011.6261,28.502441,0.18,0.15425682,0.029444695,0.025570393,0.42487416,0.7067244
2017-03-15,MIEL1,Caldas,89.35,179770000.0,134070000.0,134.08667114194077,20.944,-0.31406784,-0.6828041,1013.4392,28.63675,0.18,2.662301,0.83222985,0.65621734,0.4506004,0.7515717
2017-03-16,MIEL1,Caldas,88.21,120198000.0,134070000.0,89.65316625643321,22.426117,0.06060791,-0.70843124,1013.2008,28.717438,0.18,0.052332878,0.011384487,0.0072717667,0.4282345,0.7110191
2017-03-17,MIEL1,Caldas,87.27000000000001,103625000.0,134070000.0,77.29171328410533,23.069305,0.46224213,-0.78912735,1013.11346,28.646332,0.18,0.06902218,0.016510487,0.012457371,0.41753253,0.9145435
2017-03-18,MIEL1,Caldas,86.61999999999999,135726000.0,134070000.0,101.23517565450884,23.309296,0.53964996,-0.42434692,1013.1814,28.643188,0.18,0.24724007,0.045001507,0.040888786,0.41231844,0.6865074
2017-03-19,MIEL1,Caldas,87.42,162226000.0,134070000.0,121.00096964272396,22.709686,0.13562393,-0.6285629,1013.27185,28.820618,0.18,0.0487566,0.013649464,0.009715557,0.42293513,0.64302814
2017-03-20,MIEL1,Caldas,87.48,129264000.0,134070000.0,96.41530543745804,22.552826,0.34342575,-0.81531906,1013.8933,28.828766,0.18,0.20086765,0.06312132,0.0590086,0.41997474,0.88469565
2017-03-21,MIEL1,Caldas,86.8,127207000.0,134070000.0,94.8810322965615,23.101288,-0.1734848,-0.7125435,1013.82654,28.637054,0.18,0.027060509,0.0094771385,0.0053048134,0.40873656,0.7333588
2017-03-22,MIEL1,Caldas,86.7,114466000.0,134070000.0,85.37778772283136,22.882538,0.020801544,-0.38632202,1012.4197,28.318481,0.18,0.012278557,0.0060796738,0.001847744,0.3959718,0.38688165
2017-03-23,MIEL1,Caldas,87.48,130571000.0,134070000.0,97.39016931453718,22.02237,0.21374893,-0.59952164,1013.33014,28.033478,0.18,0.27775764,0.02336502,0.019311905,0.40691897,0.6364863
2017-03-24,MIEL1,Caldas,88.18,146997000.0,134070000.0,109.64197807115686,21.705902,0.069610596,-0.7785759,1013.88763,27.861237,0.18,0.10454655,0.033318996,0.029087067,0.42253542,0.78168154
2017-03-25,MIEL1,Caldas,87.17,109920000.0,134070000.0,81.98702170507943,22.350677,0.13789749,-0.8967171,1012.735,27.832458,0.18,0.2117157,0.037014484,0.03260374,0.43098688,0.9072581
2017-03-26,MIEL1,Caldas,86.98,114210000.0,134070000.0,85.18684269411501,21.423431,0.71310806,-0.31256485,1013.3964,27.82901,0.18,0.82850456,0.2797544,0.27531385,0.44917822,0.7786012
2017-03-27,MIEL1,Caldas,86.7,105316000.0,134070000.0,78.55299470425898,22.653412,0.21118546,-0.47374725,1013.3003,27.953094,0.18,0.52928925,0.11605024,0.07915497,0.44407287,0.5186866
2017-03-28,MIEL1,Caldas,84.87,87624000.0,134070000.0,65.35690311031551,23.65567,0.13458252,-0.6973877,1012.0575,28.116943,0.18,0.08249283,0.020623207,0.01591444,0.4281502,0.7102549
2017-03-29,MIEL1,Caldas,84.99,115754000.0,134070000.0,86.33847989856045,22.838654,0.34602737,-0.6713867,1012.01514,28.052368,0.18,0.45144558,0.124812126,0.120043755,0.42923602,0.75531125
2017-03-30,MIEL1,Caldas,88.26,225701000.0,134070000.0,168.34564033713733,20.98526,-0.19773865,-0.55400085,1012.5436,28.047913,0.18,0.34070015,0.039875507,0.03504753,0.44565862,0.5882326
2017-03-31,MIEL1,Caldas,91.86,259677000.0,134070000.0,193.6876258670844,23.062347,-0.15236664,-0.41939545,1012.8047,28.178741,0.18,0.15795231,0.019788742,0.014781952,0.43809843,0.44621536
2017-04-01,MIEL1,Caldas,92.97,169234000.0,151780000.0,111.49953880616684,23.26181,-0.19874573,-0.020500183,1013.1258,28.330017,0.31,0.11599064,0.009059906,0.0038146973,0.42776623,0.19980021
2017-04-02,MIEL1,Caldas,94.11,127006000.0,151780000.0,83.67769139544077,24.656464,0.0921669,0.005306244,1012.09344,28.264557,0.31,0.0,0.0054240227,0.0,0.40901124,0.092319526
2017-04-03,MIEL1,Caldas,93.45,104579000.0,151780000.0,68.90169982869944,24.2529,0.1437378,-0.33999252,1010.9299,28.071411,0.31,0.0,0.005364418,0.0,0.3918413,0.369128
2017-04-04,MIEL1,Caldas,91.57,91165000.0,151780000.0,60.06390828831203,24.090057,0.1002388,-0.15205002,1010.2303,27.899963,0.31,0.0,0.0056028366,0.0,0.38117203,0.18211816
2017-04-05,MIEL1,Caldas,90.46,82592000.0,151780000.0,54.415601528528136,23.915558,0.03704834,-0.15995026,1011.3244,27.55014,0.31,0.00035762787,0.005722046,0.0,0.3686548,0.16418485
2017-04-06,MIEL1,Caldas,89.35,70271000.0,151780000.0,46.29793121623402,23.47519,0.38125992,0.0022697449,1011.65094,27.106232,0.31,0.0,0.005841255,0.0,0.3575015,0.38126668
2017-04-07,MIEL1,Caldas,87.35000000000001,73106000.0,151780000.0,48.16576624061141,23.711578,0.5238228,-0.3653412,1011.0097,26.605988,0.31,0.0,0.0059604645,0.0,0.346581,0.6386427
2017-04-08,MIEL1,Caldas,85.9,83456000.0,151780000.0,54.98484648833838,23.130219,0.56619644,-0.6513939,1010.86096,26.138306,0.31,0.08666515,0.008225441,0.002413988,0.3454681,0.86307144
2017-04-09,MIEL1,Caldas,85.22999999999999,126544000.0,151780000.0,83.37330346554224,21.81369,0.2847824,-0.12527466,1012.65717,25.688568,0.31,0.3784895,0.054061413,0.04810095,0.39531237,0.31111857
2017-04-10,MIEL1,Caldas,84.27,82990000.0,151780000.0,54.6778231651074,22.499115,0.45793533,-1.0183678,1011.9955,25.570526,0.31,0.32937527,0.061690807,0.05567074,0.4330732,1.1165919
2017-04-11,MIEL1,Caldas,83.33,77467000.0,151780000.0,51.03900382132033,23.31186,-0.0630188,-0.6968117,1011.3734,25.421356,0.31,0.09012222,0.023901463,0.017821789,0.41850618,0.69965553
2017-04-12,MIEL1,Caldas,81.67999999999999,74967000.0,151780000.0,49.39188298853604,23.414154,-0.07141876,-0.6328049,1011.5444,25.359558,0.31,0.34928322,0.06967783,0.06347895,0.43696767,0.6368223
2017-04-13,MIEL1,Caldas,79.21000000000001,62578000.0,151780000.0,41.2294109895902,23.885956,0.06622696,-0.34475708,1010.1653,25.384552,0.31,0.007390976,0.0086426735,0.0023841858,0.41855884,0.35106048
2017-04-14,MIEL1,Caldas,76.97,64356000.0,151780000.0,42.40084332586638,22.117401,-0.01878357,-0.061328888,1011.91797,25.529816,0.31,0.75030327,0.17756224,0.17106533,0.4095967,0.0641409
2017-04-15,MIEL1,Caldas,77.53999999999999,54798000.0,151780000.0,36.103570957965474,23.66043,-0.037784576,0.24525452,1010.47046,25.508362,0.31,0.0010728836,0.0066161156,0.00017881393,0.40157992,0.24814804
2017-04-16,MIEL1,Caldas,78.31,50073000.0,151780000.0,32.99051258400316,24.821503,-0.040721893,0.016887665,1010.8137,25.390564,0.31,0.011563301,0.008165836,0.0019073486,0.3890127,0.044084758
2017-04-17,MIEL1,Caldas,79.39,57899000.0,151780000.0,38.14665963895112,24.498383,0.39255905,-0.3991394,1011.8772,25.323822,0.31,0.00071525574,0.00667572,0.0,0.3804063,0.55983466
2017-04-18,MIEL1,Caldas,79.96,59165000.0,151780000.0,38.98076162867308,24.357513,0.18304825,-0.5684433,1011.8855,25.19461,0.31,0.010251999,0.008225441,0.0015497208,0.37142068,0.5971888
2017-04-19,MIEL1,Caldas,80.77,74362000.0,151780000.0,48.99327974700224,22.878265,0.5566063,-0.52375793,1013.1717,25.170563,0.31,0.3528595,0.06723404,0.06067753,0.4313773,0.76428586
2017-04-20,MIEL1,Caldas,81.08999999999999,106047000.0,151780000.0,69.86888918171037,22.134918,0.7425499,-0.79227066,1013.04315,25.32248,0.31,1.9375086,0.83595514,0.8087158,0.45018947,1.0858513
2017-04-21,MIEL1,Caldas,81.85,115897000.0,151780000.0,76.35854526288048,22.176605,-0.11790466,-0.030467987,1013.89594,25.274506,0.31,1.9310713,1.1138916,0.9906292,0.44712675,0.1217777
2017-04-22,MIEL1,Caldas,82.64,101587000.0,151780000.0,66.93042561602319,23.486664,0.28883743,-0.2842865,1011.5133,25.202454,0.31,0.039935112,0.014960766,0.0075101852,0.42490804,0.4052726
2017-04-23,MIEL1,Caldas,82.06,87997000.0,151780000.0,57.976676769007774,25.058258,-0.13427353,0.13697052,1010.39624,25.115662,0.31,0.01335144,0.010311604,0.002503395,0.40695506,0.19180799
2017-04-24,MIEL1,Caldas,81.58,90352000.0,151780000.0,59.528264593490576,24.658112,0.12741852,-0.64268494,1011.1725,24.993652,0.31,0.004529953,0.008106232,0.00011920929,0.3870817,0.65519416
2017-04-25,MIEL1,Caldas,82.13000000000001,78965000.0,151780000.0,52.02595862432467,24.072235,0.1391716,-0.82318115,1011.2541,24.917236,0.31,0.008702278,0.008761883,0.00059604645,0.38069636,0.8348628
2017-04-26,MIEL1,Caldas,82.84,158894000.0,151780000.0,104.68704704177098,22.899445,0.37425613,0.053668976,1011.79095,24.74762,0.31,0.13041496,0.03248453,0.023961067,0.41069132,0.37808466
2017-04-27,MIEL1,Caldas,81.42,108587000.0,151780000.0,71.54236394781921,23.438324,-0.2523651,-0.36322403,1011.4355,24.561432,0.31,0.02360344,0.011622906,0.0028014183,0.39591175,0.44228932
2017-04-28,MIEL1,Caldas,80.46,92172000.0,151780000.0,60.72736855975754,23.995392,0.04075241,0.22587585,1011.4308,24.267609,0.31,0.003695488,0.009119511,0.0005364418,0.37651712,0.22952269
2017-04-29,MIEL1,Caldas,78.46,80902000.0,151780000.0,53.30214784556595,24.232025,0.18244171,0.5337639,1011.3092,24.173859,0.31,0.0,0.009000301,0.0,0.36139494,0.5640823
2017-04-30,MIEL1,Caldas,77.24,81066000.0,151780000.0,53.4101989721966,22.793304,0.13425446,-0.4251709,1012.6795,24.194946,0.31,0.00011920929,0.008940697,0.0,0.35337645,0.4458638
2017-05-01,MIEL1,Caldas,75.91,86433000.0,163120000.0,52.98737126042178,22.844513,-0.27842712,-0.26394653,1012.5203,24.437714,0.4,0.0014305115,0.009179115,0.00017881393,0.3463784,0.38365275
2017-05-02,MIEL1,Caldas,76.11,147789000.0,163120000.0,90.60139774399217,23.115082,0.20692825,0.017253876,1012.815,24.329437,0.4,0.14817715,0.028133392,0.019222498,0.3596949,0.20764633
2017-05-03,MIEL1,Caldas,78.71000000000001,122805000.0,163120000.0,75.28506620892594,22.130096,0.45713806,-0.389534,1013.02,24.268982,0.4,0.29063225,0.06771088,0.05877018,0.40897253,0.600593
2017-05-04,MIEL1,Caldas,80.97,109655000.0,163120000.0,67.22351642962236,22.608429,0.33612823,0.0074768066,1010.3094,24.253326,0.4,0.0039339066,0.0094771385,0.00047683716,0.3967981,0.33621138
2017-05-05,MIEL1,Caldas,81.47,117575000.0,163120000.0,72.07883766552231,23.110077,0.41550446,-0.6133423,1010.72577,24.229279,0.4,0.35905838,0.053167343,0.044345856,0.41850355,0.74083245
2017-05-06,MIEL1,Caldas,80.51,118355000.0,163120000.0,72.55701324178519,22.363129,0.24587631,-0.054775238,1013.3245,24.338135,0.4,0.4595518,0.12075901,0.11175871,0.43481368,0.25190374
2017-05-07,MIEL1,Caldas,82.36,97054000.0,163120000.0,59.49852869053458,22.59964,0.09843445,-0.8505821,1012.6331,24.373535,0.4,0.51772594,0.1269579,0.11789799,0.435079,0.85625887
2017-05-08,MIEL1,Caldas,84.15,171936000.0,163120000.0,105.40461010299168,23.14151,-0.06199646,-0.8324356,1012.35376,24.314789,0.4,0.5251169,0.069618225,0.060617924,0.4330492,0.83474106
2017-05-09,MIEL1,Caldas,84.71,152291000.0,163120000.0,93.36132908288376,22.450226,0.07406998,-0.65483856,1012.46704,24.318085,0.4,0.19979477,0.086307526,0.039458275,0.438572,0.65901434
2017-05-10,MIEL1,Caldas,85.59,189665000.0,163120000.0,116.27329573320256,22.966583,-0.018505096,-0.54149246,1013.73206,24.447723,0.4,0.26583672,0.037312508,0.028431416,0.44512004,0.54180855
2017-05-11,MIEL1,Caldas,87.01,189286000.0,163120000.0,116.04095144678764,22.360077,0.26924896,-0.33618927,1013.4545,24.781555,0.4,0.8075237,0.24867058,0.15154481,0.44449845,0.43071827
2017-05-12,MIEL1,Caldas,88.33,165715000.0,163120000.0,101.59085335948994,21.566376,0.16867065,-0.9029999,1014.0067,24.920624,0.4,1.496315,0.6276965,0.3244877,0.4458276,0.9186177
2017-05-13,MIEL1,Caldas,88.99000000000001,147161000.0,163120000.0,90.21640510053948,23.086945,0.069664,-0.8863754,1013.82404,25.052338,0.4,0.5096197,0.15604496,0.14716387,0.43741015,0.8891088
2017-05-14,MIEL1,Caldas,88.78,158179000.0,163120000.0,96.97094163805788,24.143646,-0.0966301,-0.0029258728,1013.9286,25.087433,0.4,0.037431717,0.014483929,0.0054836273,0.41772017,0.09667438
2017-05-15,MIEL1,Caldas,87.74,126101000.0,163120000.0,77.30566454144189,23.691986,0.0676651,-0.117577314,1013.9423,25.106018,0.4,0.34368038,0.03695488,0.02771616,0.4250338,0.13565762
2017-05-16,MIEL1,Caldas,87.4,113958000.0,163120000.0,69.86145169200589,23.636871,0.16363907,-0.184124,1012.5083,25.140778,0.4,0.032544136,0.014603138,0.0054836273,0.4188575,0.24633187
2017-05-17,MIEL1,Caldas,88.05,154082000.0,163120000.0,94.4592937714566,23.851288,-0.8048439,-0.08402634,1013.3005,24.94806,0.4,0.046133995,0.012278557,0.0030994415,0.40807265,0.80921817
2017-05-18,MIEL1,Caldas,90.14,208742000.0,163120000.0,127.96836684649338,24.867218,-0.086063385,-0.49554825,1011.2297,24.760406,0.4,0.09214878,0.018775463,0.009536743,0.4109533,0.50296617
2017-05-19,MIEL1,Caldas,90.83,149372000.0,163120000.0,91.57184894556156,24.46457,-0.09863281,-0.36583328,1008.82654,24.55008,0.4,0.0054836273,0.0094771385,0.00011920929,0.39188868,0.37889633
2017-05-20,MIEL1,Caldas,91.09,139985000.0,163120000.0,85.81718979892105,24.420624,0.4303627,-0.35131836,1008.7531,24.230072,0.4,0.15497208,0.011265278,0.0020861626,0.3764297,0.55555075
2017-05-21,MIEL1,Caldas,91.96,137522000.0,163120000.0,84.30725846002942,24.61618,0.04421997,-0.70685196,1011.6639,23.90158,0.4,0.1128912,0.02270937,0.01335144,0.3661928,0.7082338
2017-05-22,MIEL1,Caldas,95.61,230319000.0,163120000.0,141.19605198626778,22.627106,-0.48031616,0.3411255,1013.84265,23.756744,0.4,0.054121017,0.01347065,0.0039339066,0.3973493,0.58912665
2017-05-23,MIEL1,Caldas,96.04,137753000.0,163120000.0,84.44887199607652,23.623138,-0.10861206,0.07789993,1012.42737,23.595306,0.4,0.0,0.009298325,0.0,0.38065028,0.13365994
2017-05-24,MIEL1,Caldas,97.18,108298000.0,163120000.0,66.39161353604707,23.741547,0.12681961,0.5924339,1011.1287,23.372406,0.4,0.0,0.00923872,0.0,0.36292088,0.6058557
2017-05-25,MIEL1,Caldas,95.7,92405000.0,163120000.0,56.64847964688573,24.133514,0.12516403,0.32500458,1011.1878,23.244843,0.4,0.0,0.0094771385,0.0,0.34589696,0.3482729
2017-05-26,MIEL1,Caldas,94.25,83051000.0,163120000.0,50.9140510053948,23.761688,0.120471954,-0.054523468,1012.1199,23.150604,0.4,0.0,0.009298325,0.0,0.3325534,0.13223578
2017-05-27,MIEL1,Caldas,93.08,85619000.0,163120000.0,52.48835213339873,24.161102,0.18127441,-0.36437607,1014.01154,23.075836,0.4,0.0023841858,0.009119511,0.0,0.32134086,0.40697706
2017-05-28,MIEL1,Caldas,92.28,75857000.0,163120000.0,46.50380088278568,24.537811,-0.2842369,0.20152283,1012.632,23.034058,0.4,0.00047683716,0.009179115,0.00011920929,0.31096277,0.348428
2017-05-29,MIEL1,Caldas,93.37,76341000.0,163120000.0,46.8005149583129,24.670197,0.029556274,-0.16622543,1013.38763,22.97403,0.4,0.00035762787,0.009059906,0.0,0.3036517,0.16883266
2017-05-30,MIEL1,Caldas,93.21,72132000.0,163120000.0,44.22020598332516,25.426605,-0.11842346,-0.21228409,1013.6783,22.967834,0.4,0.08535385,0.010609627,0.00166893,0.2974949,0.24308157
2017-05-31,MIEL1,Caldas,91.41,77859000.0,163120000.0,47.73111819519372,24.450226,-0.035175323,0.100688934,1013.0561,23.037048,0.4,0.3079176,0.013768673,0.0047683716,0.31967458,0.10665629
2017-06-01,MIEL1,Caldas,89.72,75629000.0,114680000.0,65.94785490059294,24.525787,-0.094566345,-0.11130142,1012.83124,23.054626,0.39,0.00071525574,0.0086426735,0.0,0.30811143,0.14605068
2017-06-02,MIEL1,Caldas,90.7,75257000.0,114680000.0,65.62347401464946,24.335114,-0.08780289,0.24656677,1011.8272,23.129517,0.39,0.27000904,0.013053417,0.004351139,0.2973013,0.26173368
2017-06-03,MIEL1,Caldas,91.88,66194000.0,114680000.0,57.72061388210673,25.206757,-0.28618622,0.008647919,1010.2333,23.234833,0.39,0.0,0.008583069,0.0,0.285133,0.28631684
2017-06-04,MIEL1,Caldas,92.94,59714000.0,114680000.0,52.070108126961976,25.424408,-0.07090759,0.34677124,1009.98517,23.209686,0.39,0.0,0.008583069,0.0,0.27556854,0.35394657
2017-06-05,MIEL1,Caldas,90.54,57477000.0,114680000.0,50.119462853156605,24.720673,-0.10065842,0.4068451,1010.6802,23.253906,0.39,0.0,0.00846386,0.0,0.26761734,0.4191122
2017-06-06,MIEL1,Caldas,88.96,54221000.0,114680000.0,47.28025810952215,24.165741,-0.18877411,0.045360565,1010.47797,23.253815,0.39,0.0,0.008285046,0.0,0.25762928,0.19414748
2017-06-07,MIEL1,Caldas,90.22,65627000.0,114680000.0,57.226194628531566,22.643951,0.43327713,-0.5506706,1012.51953,23.185028,0.39,0.43535233,0.019550323,0.011563301,0.2833681,0.7006905
2017-06-08,MIEL1,Caldas,92.01,89364000.0,114680000.0,77.92465992326474,22.304718,0.22828293,-0.42160416,1014.8787,23.085754,0.39,0.751853,0.096440315,0.0885129,0.36523366,0.47944048
2017-06-09,MIEL1,Caldas,93.29,70136000.0,114680000.0,61.15800488315312,22.659332,0.17875671,-0.5756569,1013.60736,23.011047,0.39,0.28789043,0.03552437,0.027358532,0.4122197,0.6027726
2017-06-10,MIEL1,Caldas,91.06,65818000.0,114680000.0,57.39274502964772,24.608856,-0.020946503,-0.47610474,1013.03076,22.91806,0.39,0.0032186508,0.00834465,0.00029802322,0.3766034,0.47656527
2017-06-11,MIEL1,Caldas,90.51,81571000.0,114680000.0,71.12922915940007,23.41629,0.34263992,-0.6098175,1012.92346,22.761139,0.39,0.086545944,0.016093254,0.008225441,0.36100227,0.6994852
2017-06-12,MIEL1,Caldas,90.14,90830000.0,114680000.0,79.20299965120334,22.220856,0.5802765,-0.25986862,1012.91376,22.61435,0.39,0.7151365,0.10102987,0.09316206,0.4085696,0.6358085
2017-06-13,MIEL1,Caldas,91.3,75550000.0,114680000.0,65.87896756191141,23.315704,0.2982521,0.18751144,1012.71185,22.700592,0.39,0.14233589,0.030755997,0.023066998,0.4134856,0.3522994
2017-06-14,MIEL1,Caldas,92.31,64137000.0,114680000.0,55.92692710149982,23.311432,0.0973053,0.11119461,1012.8153,22.936707,0.39,0.0059604645,0.00834465,0.0007748604,0.38889056,0.14775847
2017-06-15,MIEL1,Caldas,91.59,69639000.0,114680000.0,60.72462504359958,21.960052,-0.14690399,-0.18089294,1014.4922,23.115509,0.39,0.00071525574,0.007688999,5.9604645e-05,0.3711436,0.23303013
2017-06-16,MIEL1,Caldas,90.12,63364000.0,114680000.0,55.2528775723753,23.34549,0.02458191,0.30763626,1012.15485,23.152313,0.39,0.0,0.00756979,0.0,0.35512304,0.30861682
2017-06-17,MIEL1,Caldas,91.33,63099000.0,114680000.0,55.02179979072201,22.310272,0.20444107,-0.6269493,1013.32654,23.262268,0.39,0.2502203,0.013113022,0.0057816505,0.35693204,0.6594404
2017-06-18,MIEL1,Caldas,92.17,53387000.0,114680000.0,46.553017091035926,21.672455,0.22826767,-0.6271324,1012.16907,23.651672,0.39,0.08499622,0.012040138,0.0047385693,0.38194928,0.66738385
2017-06-19,MIEL1,Caldas,93.23,59813000.0,114680000.0,52.15643529822114,22.55783,0.3285637,-0.47976303,1012.0875,23.585785,0.39,0.24807453,0.023245811,0.016152859,0.38874382,0.5814866
2017-06-20,MIEL1,Caldas,92.94,67559000.0,114680000.0,58.91088245552842,23.495514,0.08084488,-0.32954407,1011.78455,23.52707,0.39,0.052452087,0.009357929,0.0020861626,0.37869257,0.33931577
2017-06-21,MIEL1,Caldas,92.07,70049000.0,114680000.0,61.08214161144053,23.178864,-0.038272858,0.29291153,1011.6394,23.471954,0.39,0.0,0.007390976,0.0,0.36157408,0.29540136
2017-06-22,MIEL1,Caldas,90.77,56448000.0,114680000.0,49.22218346703872,23.219574,0.1990776,-0.17002487,1012.1956,23.603516,0.39,0.0,0.0071525574,0.0,0.34505904,0.2618021
2017-06-23,MIEL1,Caldas,90.06,62346000.0,114680000.0,54.3651900941751,23.17099,0.27778625,-0.41511154,1012.48236,23.522308,0.39,0.059247017,0.010311604,0.00333786,0.33665192,0.49948254
2017-06-24,MIEL1,Caldas,87.45,51304000.0,114680000.0,44.73665852807813,23.797455,0.039031982,0.6055527,1011.60706,23.564056,0.39,0.0010728836,0.006854534,0.00011920929,0.32972038,0.6068093
2017-06-25,MIEL1,Caldas,87.63,48257000.0,114680000.0,42.079700034879664,24.136505,0.08789444,0.16093063,1011.6902,23.528381,0.39,0.0,0.00667572,0.0,0.31169757,0.18336876
2017-06-26,MIEL1,Caldas,85.87,50544000.0,114680000.0,44.07394489012905,24.02182,-0.14297867,-0.12056732,1012.7872,23.46875,0.39,0.04541874,0.009298325,0.002682209,0.29223403,0.18702775
2017-06-27,MIEL1,Caldas,86.88,58629000.0,114680000.0,51.12399720962679,23.173431,-0.25319672,-0.7566261,1012.7475,23.499908,0.39,0.35953522,0.012755394,0.006377697,0.322875,0.79786694
2017-06-28,MIEL1,Caldas,88.62,64647000.0,114680000.0,56.37164283222881,24.200897,-0.37551498,-0.50393295,1012.33435,23.251434,0.39,0.014424324,0.0067949295,0.00035762787,0.30935714,0.6284584
2017-06-29,MIEL1,Caldas,89.56,47565000.0,114680000.0,41.47628182769446,24.873627,0.15039825,-0.51750565,1011.7408,22.956024,0.39,0.074863434,0.0073313713,0.001013279,0.3030181,0.5389172
2017-06-30,MIEL1,Caldas,92.07,106147000.0,114680000.0,92.55929543076388,24.067474,-0.27553177,-0.26596832,1013.23486,22.749603,0.39,0.4336834,0.011980534,0.0056624413,0.31958678,0.38295808
2017-07-01,MIEL1,Caldas,90.88,63544000.0,79550000.0,79.87932118164677,25.07309,0.05725479,0.6575203,1012.04016,22.47168,0.19,0.0,0.006198883,0.0,0.30238456,0.6600084
2017-07-02,MIEL1,Caldas,89.51,54774000.0,79550000.0,68.85480829666875,26.280426,-0.05634308,0.6680069,1012.39795,22.356476,0.19,0.0,0.006020069,0.0,0.28177065,0.6703788
2017-07-03,MIEL1,Caldas,90.01,46757000.0,79550000.0,58.77686989314896,25.293243,-0.08345032,0.30236435,1012.22577,22.141815,0.19,0.0,0.005841255,0.0,0.2714862,0.31366885
2017-07-04,MIEL1,Caldas,87.74,48838000.0,79550000.0,61.39283469516028,24.595795,0.19092178,0.3470726,1012.59076,21.818787,0.19,0.0,0.005841255,0.0,0.25926998,0.39611933
2017-07-05,MIEL1,Caldas,88.31,41222000.0,79550000.0,51.81898177247014,25.46048,-0.04000473,0.5423889,1012.4364,21.702728,0.19,0.0,0.0054240227,0.0,0.24543004,0.5438622
2017-07-06,MIEL1,Caldas,88.88000000000001,37649000.0,79550000.0,47.32746700188561,25.076996,0.06493378,0.5696831,1012.53845,21.740479,0.19,0.0,0.0053048134,0.0,0.2333335,0.57337177
2017-07-07,MIEL1,Caldas,89.35,35018000.0,79550000.0,44.02011313639221,24.681732,-0.08079147,1.0531082,1012.7897,21.817657,0.19,0.0,0.0053048134,0.0,0.22500654,1.0562028
2017-07-08,MIEL1,Caldas,89.78,34201000.0,79550000.0,42.99308610936518,24.893524,-0.20999908,0.48213577,1012.40045,21.843414,0.19,0.0,0.0052452087,0.0,0.2177057,0.5258845
2017-07-09,MIEL1,Caldas,90.19,32966000.0,79550000.0,41.44060339409177,25.72641,-0.062389374,0.89653015,1011.98157,21.956512,0.19,0.0,0.0052452087,0.0,0.20962507,0.89869833
2017-07-10,MIEL1,Caldas,90.59,31529000.0,79550000.0,39.63419233186675,24.626862,0.0839653,0.7301254,1011.02325,21.994385,0.19,0.0,0.00500679,0.0,0.20235397,0.7349376
2017-07-11,MIEL1,Caldas,90.91,30160000.0,79550000.0,37.91326209930861,23.759674,-0.015281677,0.89398193,1011.77045,22.138245,0.19,0.00011920929,0.0047683716,0.0,0.19446519,0.8941125
2017-07-12,MIEL1,Caldas,89.72,27952000.0,79550000.0,35.13764927718416,24.810516,-0.30007172,0.4634514,1013.8544,22.333557,0.19,0.0,0.0047683716,0.0,0.18978727,0.5521143
2017-07-13,MIEL1,Caldas,89.96,26994000.0,79550000.0,33.93337523570082,25.272552,-0.22662735,0.5931549,1012.5203,22.361053,0.19,0.0,0.0047683716,0.0,0.18729195,0.63497454
2017-07-14,MIEL1,Caldas,90.25,26302000.0,79550000.0,33.0634820867379,25.019928,-0.056785583,0.004447937,1013.34326,22.25476,0.19,0.030755997,0.004708767,0.00011920929,0.18479352,0.056959517
2017-07-15,MIEL1,Caldas,90.67,37503000.0,79550000.0,47.14393463230672,22.846893,0.20252228,-0.7634964,1014.4299,22.088104,0.19,0.35333633,0.011026859,0.006735325,0.25465673,0.7899
2017-07-16,MIEL1,Caldas,91.04,28148000.0,79550000.0,35.38403519798869,23.960175,0.36014938,-0.48770905,1013.4458,22.04715,0.19,0.3260374,0.033020973,0.028699636,0.38930473,0.6062736
2017-07-17,MIEL1,Caldas,91.88,34784000.0,79550000.0,43.72595851665619,24.088287,-0.43690872,-0.84318924,1012.34607,21.987122,0.19,0.29850006,0.008940697,0.0045895576,0.36262918,0.9496617
2017-07-18,MIEL1,Caldas,92.2,27571000.0,79550000.0,34.65870521684475,25.33316,-0.40477753,0.43352127,1012.27826,21.93637,0.19,0.007748604,0.004529953,0.00017881393,0.3293688,0.5931151
2017-07-19,MIEL1,Caldas,90.67,25886000.0,79550000.0,32.54054054054054,25.14798,-0.20249939,0.816597,1012.1967,21.845306,0.19,0.0,0.004172325,0.0,0.30118316,0.8413303
2017-07-20,MIEL1,Caldas,91.2,36470000.0,79550000.0,45.845380263984914,24.751862,-0.4873047,-0.21876144,1013.5153,21.718506,0.19,0.0017881393,0.0039339066,0.0,0.28195536,0.5341558
2017-07-21,MIEL1,Caldas,91.33,25528000.0,79550000.0,32.090509113764924,25.142975,-0.025108337,0.46985626,1011.8083,21.546417,0.19,0.004529953,0.003993511,0.0,0.26794437,0.47052664
2017-07-22,MIEL1,Caldas,91.51,24128000.0,79550000.0,30.33060967944689,25.338287,-0.43741226,0.49500656,1012.6355,21.442108,0.19,0.00011920929,0.0038146973,0.0,0.2554896,0.6605762
2017-07-23,MIEL1,Caldas,91.7,23209000.0,79550000.0,29.17536140791955,24.798431,-0.21998596,0.37370682,1012.03955,21.466888,0.19,0.0,0.0038146973,0.0,0.24250919,0.43364802
2017-07-24,MIEL1,Caldas,90.83,22475000.0,79550000.0,28.25267127592709,25.283539,-0.18960571,0.67486954,1011.90063,21.498322,0.19,0.0,0.0037550926,0.0,0.23057371,0.7009987
2017-07-25,MIEL1,Caldas,90.33,21905000.0,79550000.0,27.536140791954743,25.172699,-0.09802246,0.887825,1011.1834,21.477203,0.19,0.0,0.0038146973,0.0,0.2202551,0.8932198
2017-07-26,MIEL1,Caldas,90.43,21124000.0,79550000.0,26.554368321810184,25.462616,-0.32238007,1.1180496,1011.3158,21.399567,0.19,0.0,0.00333786,0.0,0.21223447,1.1635995
2017-07-27,MIEL1,Caldas,90.54,20491000.0,79550000.0,25.758642363293525,25.007294,-0.089595795,0.5193329,1010.90485,21.355042,0.19,0.0,0.0034570694,0.0,0.2053085,0.5270048
2017-07-28,MIEL1,Caldas,90.64,20079000.0,79550000.0,25.240729101194216,25.801056,-0.17972946,1.0046806,1010.7034,21.397064,0.19,0.0,0.0030994415,0.0,0.19505566,1.0206301
2017-07-29,MIEL1,Caldas,90.75,19579000.0,79550000.0,24.61219358893777,25.852142,-0.44784546,0.7609062,1011.6683,21.442535,0.19,0.0056028366,0.002861023,0.0,0.18893531,0.8829178
2017-07-30,MIEL1,Caldas,90.85,18343000.0,79550000.0,23.05845380263985,25.566132,-0.030406952,0.9758568,1012.46704,21.450958,0.19,0.0,0.0029206276,0.0,0.18683277,0.9763304
2017-07-31,MIEL1,Caldas,90.93,18418000.0,79550000.0,23.15273412947832,25.470612,-0.3939209,0.095207214,1013.7464,21.637482,0.19,0.0,0.0030398369,0.0,0.18468355,0.405263
2017-08-01,MIEL1,Caldas,90.33,18270000.0,78840000.0,23.17351598173516,24.740143,-0.4623909,-0.09553528,1014.65717,21.723297,-0.07,0.0166893,0.0032186508,0.00017881393,0.18299049,0.47215712
2017-08-02,MIEL1,Caldas,90.41,20871000.0,78840000.0,26.472602739726025,26.962067,-0.277771,-0.3736763,1012.9348,21.735138,-0.07,0.00011920929,0.002861023,0.0,0.18098429,0.46560788
2017-08-03,MIEL1,Caldas,88.78,18562000.0,78840000.0,23.54388635210553,26.653656,-0.34766388,-0.09109497,1011.91815,21.69809,-0.07,0.00166893,0.002861023,5.9604645e-05,0.18058828,0.35940015
2017-08-04,MIEL1,Caldas,88.81,35367000.0,78840000.0,44.85920852359209,26.001007,0.5173187,0.56110764,1012.7714,21.578217,-0.07,0.00023841858,0.002861023,0.0,0.18181671,0.7631909
2017-08-05,MIEL1,Caldas,88.91,21139000.0,78840000.0,26.81253170979198,26.210236,-0.14176178,0.3342743,1012.40216,21.463715,-0.07,0.0,0.002861023,0.0,0.18299578,0.36309186
2017-08-06,MIEL1,Caldas,88.91,19817000.0,78840000.0,25.135717909690516,26.614288,-0.42697525,0.497406,1012.04456,21.253479,-0.07,0.0014305115,0.002861023,0.0,0.1822176,0.6555308
2017-08-07,MIEL1,Caldas,89.09,23670000.0,78840000.0,30.02283105022831,26.305084,-0.6357956,0.77534103,1011.1236,21.035889,-0.07,0.018000603,0.0026226044,0.00011920929,0.177681,1.0026913
2017-08-08,MIEL1,Caldas,88.05,19782000.0,78840000.0,25.09132420091324,27.237823,-0.5594559,0.536747,1011.22015,20.633575,-0.07,0.0,0.0023841858,0.0,0.17722553,0.7752988
2017-08-09,MIEL1,Caldas,88.18,19782000.0,78840000.0,25.09132420091324,26.294891,-0.3163948,0.6022682,1011.83514,20.566376,-0.07,0.0,0.0023841858,0.0,0.17735973,0.68031806
2017-08-10,MIEL1,Caldas,88.26,18274000.0,78840000.0,23.178589548452564,26.394867,-0.24190903,-0.17430115,1013.2472,20.393738,-0.07,0.0,0.0023841858,0.0,0.17771131,0.2981625
2017-08-11,MIEL1,Caldas,88.75,47624000.0,78840000.0,60.405885337392185,25.994843,-0.6378746,-0.014640808,1012.46857,20.28888,-0.07,0.0038146973,0.002503395,5.9604645e-05,0.19158283,0.6380426
2017-08-12,MIEL1,Caldas,89.33,39232000.0,78840000.0,49.76154236428209,24.520477,0.07663345,-0.74383163,1012.7972,20.289795,-0.07,0.054121017,0.0039339066,0.0015497208,0.20494716,0.74776876
2017-08-13,MIEL1,Caldas,89.41,23824000.0,78840000.0,30.2181633688483,25.055023,-0.3589096,-0.19884491,1013.6247,20.284576,-0.07,0.104904175,0.0027418137,0.0005364418,0.21710268,0.41031134
2017-08-14,MIEL1,Caldas,89.49000000000001,21337000.0,78840000.0,27.0636732623034,25.34848,-0.0817337,0.3615532,1010.9381,20.325745,-0.07,0.0,0.0021457672,0.0,0.21098088,0.37067655
2017-08-15,MIEL1,Caldas,89.53999999999999,21045000.0,78840000.0,26.69330289193303,25.675812,-0.29977036,0.32244492,1010.1658,20.223053,-0.07,0.0,0.0021457672,0.0,0.2084745,0.44026467
2017-08-16,MIEL1,Caldas,89.59,19714000.0,78840000.0,25.0050735667174,26.249176,-0.2939148,-0.56620026,1010.7761,20.098846,-0.07,0.005722046,0.002026558,0.0,0.20484658,0.63794094
2017-08-17,MIEL1,Caldas,90.35,45416000.0,78840000.0,57.605276509386094,26.485565,-0.52176285,-0.32064438,1011.03436,20.157867,-0.07,0.12218952,0.002503395,0.0005364418,0.20109695,0.6124127
2017-08-18,MIEL1,Caldas,91.41,63696000.0,78840000.0,80.79147640791476,25.092743,-0.61328506,-0.9088936,1010.71515,20.339783,-0.07,0.27740002,0.0075101852,0.005543232,0.24718519,1.0964516
2017-08-19,MIEL1,Caldas,93.05,77790000.0,78840000.0,98.66818873668188,23.373749,0.08705902,0.25793076,1011.96216,20.474915,-0.07,0.23138523,0.00667572,0.0045895576,0.37070155,0.27222702
2017-08-20,MIEL1,Caldas,93.61,45674000.0,78840000.0,57.93252156265854,24.336761,-0.078315735,0.1346817,1011.73846,20.473755,-0.07,0.07605553,0.00834465,0.006556511,0.3333836,0.1557964
2017-08-21,MIEL1,Caldas,94.17,65783000.0,78840000.0,83.43860984271943,24.747345,-0.43704605,0.06266785,1013.6525,20.63147,-0.07,0.03159046,0.0029802322,0.0011324883,0.3121104,0.44151616
2017-08-22,MIEL1,Caldas,92.52,39593000.0,78840000.0,50.219431760527655,24.92453,-0.111507416,0.656044,1012.1814,20.813324,-0.07,0.0,0.0019073486,0.0,0.28735104,0.66545296
2017-08-23,MIEL1,Caldas,91.51,33806000.0,78840000.0,42.87924911212582,25.397003,-0.22837448,0.40928268,1010.5686,20.843048,-0.07,0.0,0.0019073486,0.0,0.26740634,0.4686867
2017-08-24,MIEL1,Caldas,89.78,34633000.0,78840000.0,43.92820903094876,25.2612,-0.24803162,0.1231308,1011.9983,20.851654,-0.07,0.0011920929,0.0019073486,5.9604645e-05,0.2568928,0.2769131
2017-08-25,MIEL1,Caldas,89.85,29735000.0,78840000.0,37.7156265854896,24.53244,-0.476017,0.24979782,1012.072,21.043152,-0.07,0.0,0.0019073486,0.0,0.24403405,0.53757894
2017-08-26,MIEL1,Caldas,90.67,43481000.0,78840000.0,55.15093860984271,25.915741,-0.47914886,-0.05405426,1011.26154,21.11966,-0.07,0.0,0.0019073486,0.0,0.23230113,0.48218825
2017-08-27,MIEL1,Caldas,89.98,49528000.0,78840000.0,62.8209030948757,25.030182,0.0010766983,-0.4668045,1010.91675,20.996857,-0.07,0.34093857,0.004827976,0.0032186508,0.24496084,0.46680576
2017-08-28,MIEL1,Caldas,90.35,39166000.0,78840000.0,49.67782851344495,23.560028,-0.22070694,-0.5409813,1011.23315,20.875214,-0.07,0.17368793,0.004053116,0.0024437904,0.27425337,0.5842708
2017-08-29,MIEL1,Caldas,91.86,91054000.0,78840000.0,115.49213597158804,23.841156,-0.13682938,-0.080150604,1013.14343,20.799408,-0.07,0.069499016,0.0026226044,0.0008940697,0.28849256,0.15857616
2017-08-30,MIEL1,Caldas,90.48,49606000.0,78840000.0,62.91983764586504,24.639923,-0.22168732,0.3378601,1012.89594,20.718323,-0.07,0.044107437,0.0019073486,0.00035762787,0.27054822,0.4040974
2017-08-31,MIEL1,Caldas,91.83,97897000.0,78840000.0,124.17174023338409,25.14035,-0.12094116,0.9066086,1013.4878,20.594147,-0.07,0.0027418137,0.0014305115,0.0,0.25907537,0.9146397
2017-09-01,MIEL1,Caldas,91.17,55637000.0,107590000.0,51.71205502370108,25.108978,-0.2641487,0.40514755,1012.6106,20.68576,-0.34,0.0,0.0014305115,0.0,0.24837959,0.48365182
2017-09-02,MIEL1,Caldas,90.72,57919000.0,107590000.0,53.83306998791709,24.93393,-0.017032623,0.70202637,1012.64844,20.735443,-0.34,0.0,0.0014305115,0.0,0.24160391,0.70223296
2017-09-03,MIEL1,Caldas,91.17,41845000.0,107590000.0,38.89301979737893,24.992645,-0.05357361,0.19860077,1013.1145,20.838623,-0.34,0.0,0.0014305115,0.0,0.23441584,0.20569977
2017-09-04,MIEL1,Caldas,89.49000000000001,38924000.0,107590000.0,36.17808346500604,24.944427,-0.043807983,0.09508133,1011.9934,20.962738,-0.34,0.0,0.0014305115,0.0,0.22306693,0.1046881
2017-09-05,MIEL1,Caldas,88.1,61262000.0,107590000.0,56.9402360814202,25.009308,0.20927048,-0.2920189,1012.6525,20.983276,-0.34,0.07045269,0.0017881393,0.00047683716,0.22315237,0.35926196
2017-09-06,MIEL1,Caldas,86.75,54186000.0,107590000.0,50.36341667441212,25.733063,-0.7841759,0.10674286,1011.2925,20.948395,-0.34,0.0023841858,0.0015497208,5.9604645e-05,0.23145056,0.7914075
2017-09-07,MIEL1,Caldas,85.69,54186000.0,107590000.0,50.36341667441212,24.985687,-0.09869385,-0.45381546,1011.8256,20.967896,-0.34,0.017046928,0.0017881393,0.00059604645,0.23498395,0.46442324
2017-09-08,MIEL1,Caldas,87.81,89856000.0,107590000.0,83.5170554884283,22.334015,-0.42256546,-0.2960968,1012.78485,21.106903,-0.34,0.62584877,0.026345253,0.025093555,0.36623362,0.5159795
2017-09-09,MIEL1,Caldas,87.4,81124000.0,107590000.0,75.4010595780277,22.622406,0.1975975,-0.64027786,1011.895,21.159973,-0.34,0.7761717,0.040709972,0.039458275,0.40725037,0.670075
2017-09-10,MIEL1,Caldas,88.49000000000001,72801000.0,107590000.0,67.66521052142393,22.967926,-0.33070374,-0.86149216,1013.21045,20.977325,-0.34,0.10609627,0.008821487,0.0074505806,0.3943818,0.9227858
2017-09-11,MIEL1,Caldas,89.51,61238000.0,107590000.0,56.91792917557393,24.960358,0.2682953,-0.5131912,1012.57764,20.781311,-0.34,0.00059604645,0.0014305115,0.0,0.35884517,0.579092
2017-09-12,MIEL1,Caldas,94.73,222705000.0,107590000.0,206.9941444372153,23.72342,-0.11841583,-0.73018265,1013.0669,20.67987,-0.34,0.5328655,0.038444996,0.0371933,0.35758013,0.73972225
2017-09-13,MIEL1,Caldas,95.16,140030000.0,107590000.0,130.15150106887256,23.98227,-0.5116005,0.14432526,1012.9675,20.49936,-0.34,0.053167343,0.0032186508,0.0019073486,0.34601492,0.5315683
2017-09-14,MIEL1,Caldas,94.73,96916000.0,107590000.0,90.0790036248722,24.559357,-0.32689285,-0.06642151,1012.7322,20.37027,-0.34,0.000834465,0.0013709068,0.0,0.32262576,0.33357272
2017-09-15,MIEL1,Caldas,95.83,153816000.0,107590000.0,142.96495956873315,24.949493,-0.36930084,-0.022697449,1012.4286,20.344482,-0.34,0.23889542,0.026524067,0.02527237,0.32240635,0.36999768
2017-09-16,MIEL1,Caldas,95.35,100252000.0,107590000.0,93.17966353750349,25.48935,-0.4326477,0.31435013,1012.077,20.329926,-0.34,0.00035762787,0.0012516975,0.0,0.3052798,0.53478974
2017-09-17,MIEL1,Caldas,95.16,79966000.0,107590000.0,74.32475137094525,24.56247,-0.032878876,0.07223511,1011.7508,20.53833,-0.34,0.0013113022,0.0013709068,0.00011920929,0.29117566,0.079365805
2017-09-18,MIEL1,Caldas,93.98,65235000.0,107590000.0,60.63295845338786,25.130585,-0.4376793,0.14593887,1011.7633,20.731476,-0.34,0.00333786,0.0012516975,0.0,0.2761649,0.46136895
2017-09-19,MIEL1,Caldas,92.68,58973000.0,107590000.0,54.81271493633238,26.274689,-0.064468384,-0.20289612,1012.04565,20.93515,-0.34,0.026345253,0.0015497208,0.00017881393,0.26480752,0.21289201
2017-09-20,MIEL1,Caldas,91.99,55752000.0,107590000.0,51.81894228088112,24.584808,0.009994507,-1.2786827,1012.6711,21.041046,-0.34,0.19621849,0.00423193,0.0032186508,0.2661323,1.2787218
2017-09-21,MIEL1,Caldas,90.54,46545000.0,107590000.0,43.26145552560647,25.83554,0.1926384,-0.26449203,1011.2431,21.051422,-0.34,0.0,0.0014305115,0.0,0.26189816,0.3272088
2017-09-22,MIEL1,Caldas,89.07000000000001,47908000.0,107590000.0,44.528301886792455,26.362152,-0.7162361,-0.40137863,1010.3872,20.885864,-0.34,0.030517578,0.0015497208,0.00047683716,0.25826132,0.8210353
2017-09-23,MIEL1,Caldas,89.2,105189000.0,107590000.0,97.76837996096292,23.840363,-0.5612869,-0.19272232,1011.9317,20.785645,-0.34,0.5683899,0.010609627,0.009298325,0.27439174,0.5934517
2017-09-24,MIEL1,Caldas,89.7,82976000.0,107590000.0,77.1224091458314,25.20639,-0.21195602,0.20819473,1011.46075,20.74179,-0.34,0.07343292,0.0017285347,0.00047683716,0.26443368,0.29710335
2017-09-25,MIEL1,Caldas,89.12,60699000.0,107590000.0,56.41695324844317,25.323578,0.0463562,0.6802826,1011.0006,20.621735,-0.34,0.018119812,0.0014305115,0.00023841858,0.25148275,0.6818602
2017-09-26,MIEL1,Caldas,88.47,56409000.0,107590000.0,52.42959382842272,24.597748,-0.55691147,0.061969757,1012.28766,20.420166,-0.34,0.002503395,0.0010728836,2.9802322e-05,0.24324954,0.5603487
2017-09-27,MIEL1,Caldas,87.09,49837000.0,107590000.0,46.32121944418626,24.126434,0.13441849,-0.3202324,1009.95953,20.390442,-0.34,0.0,0.0009536743,0.0,0.23489384,0.34729975
2017-09-28,MIEL1,Caldas,87.32,50726000.0,107590000.0,47.14750441490845,24.496552,0.5597191,-0.09875107,1010.72015,20.624908,-0.34,0.030875206,0.0019073486,0.000834465,0.25819433,0.5683636
2017-09-29,MIEL1,Caldas,87.63,65825000.0,107590000.0,61.18133655544196,24.251923,-0.66093445,-0.30579758,1011.0723,20.86325,-0.34,0.223279,0.0051259995,0.004172325,0.2974609,0.72824895
2017-09-30,MIEL1,Caldas,89.7,96180000.0,107590000.0,89.39492517891998,22.905426,-0.08003235,-0.40577698,1011.8839,21.086426,-0.34,0.07736683,0.003695488,0.0027418137,0.29763588,0.41359416
2017-10-01,MIEL1,Caldas,88.28,73073000.0,153210000.0,47.69466744990536,24.11972,6.1035156e-05,-0.6566887,1010.39923,21.135834,-0.6,0.064492226,0.0032186508,0.002026558,0.30311075,0.6566887
2017-10-02,MIEL1,Caldas,87.66000000000001,132208000.0,153210000.0,86.29201749233079,23.413055,-0.3545723,-0.5819206,1011.827,21.210846,-0.6,0.30350685,0.01859665,0.017642975,0.37487537,0.6814346
2017-10-03,MIEL1,Caldas,87.5,93786000.0,153210000.0,61.21401997258664,23.326813,0.030628204,-0.63373184,1011.34784,21.224396,-0.6,0.06568432,0.007033348,0.0060796738,0.38062155,0.63447154
2017-10-04,MIEL1,Caldas,88.41,147485000.0,153210000.0,96.2632987402911,22.611115,0.11956787,-0.104496,1011.22736,21.050385,-0.6,0.9152889,0.102996826,0.102221966,0.4142193,0.15879512
2017-10-05,MIEL1,Caldas,87.06,94218000.0,153210000.0,61.49598590170354,24.198456,0.10620499,-0.24695587,1011.27826,20.946747,-0.6,0.032305717,0.0052452087,0.004529953,0.3806659,0.26882467
2017-10-06,MIEL1,Caldas,87.42,120087000.0,153210000.0,78.38065400430781,22.620209,-0.26420975,-0.8767891,1014.96844,20.956604,-0.6,0.17082691,0.009417534,0.008285046,0.39922804,0.91573244
2017-10-07,MIEL1,Caldas,86.98,85682000.0,153210000.0,55.92454800600483,22.886444,-0.31138992,0.20041275,1014.7406,20.764435,-0.6,0.07224083,0.0023841858,0.0015497208,0.37615192,0.37030926
2017-10-08,MIEL1,Caldas,84.97,74572000.0,153210000.0,48.6730631159846,22.96518,0.12078476,-0.1656723,1011.95544,20.563446,-0.6,0.0,0.000834465,0.0,0.34925678,0.20502748
2017-10-09,MIEL1,Caldas,82.69,67020000.0,153210000.0,43.743880947718814,22.550934,0.4762497,-0.25107193,1011.3013,20.521759,-0.6,0.017881393,0.0021457672,0.0010728836,0.33511326,0.538378
2017-10-10,MIEL1,Caldas,80.58999999999999,57479000.0,153210000.0,37.51648064747732,23.475311,0.42365265,-0.3012848,1010.2644,20.439636,-0.6,0.010967255,0.0015497208,0.00071525574,0.32829309,0.5198597
2017-10-11,MIEL1,Caldas,79.67999999999999,83745000.0,153210000.0,54.66027021734874,22.533234,0.1376152,-0.06116104,1011.03125,20.509857,-0.6,0.1540184,0.0072717667,0.0063180923,0.35636166,0.15059422
2017-10-12,MIEL1,Caldas,77.42,56512000.0,153210000.0,36.88532080151426,23.444855,-0.048145294,-0.8122406,1010.39545,20.59198,-0.6,0.0044107437,0.0011920929,0.00029802322,0.34728295,0.8136662
2017-10-13,MIEL1,Caldas,78.75999999999999,78942000.0,153210000.0,51.52535735265322,24.749664,-0.28763962,0.223526,1009.9267,20.66922,-0.6,0.007390976,0.0011920929,0.00035762787,0.32522345,0.3642807
2017-10-14,MIEL1,Caldas,79.75999999999999,54946000.0,153210000.0,35.86319430846551,24.302826,-0.34191513,-0.08558273,1010.46515,20.595459,-0.6,0.0,0.0007748604,0.0,0.30869964,0.35246328
2017-10-15,MIEL1,Caldas,77.34,52562000.0,153210000.0,34.30716010704262,24.737885,-0.16397858,0.26981354,1010.32623,20.37201,-0.6,0.0,0.0006556511,0.0,0.29563487,0.31573457
2017-10-16,MIEL1,Caldas,74.66000000000001,44400000.0,153210000.0,28.979831603681223,24.480255,-0.18789291,0.31846237,1010.4317,20.08554,-0.6,0.0,0.0008940697,0.0,0.28429914,0.3697594
2017-10-17,MIEL1,Caldas,72.97,39680000.0,153210000.0,25.899092748515116,25.687592,0.022003174,0.665329,1010.455,19.94638,-0.6,0.0,0.0007748604,0.0,0.27356568,0.66569275
2017-10-18,MIEL1,Caldas,72.11,36517000.0,153210000.0,23.834606096207818,24.625397,0.210186,0.41824722,1009.91986,20.009949,-0.6,0.0,0.0006556511,0.0,0.26453382,0.46809068
2017-10-19,MIEL1,Caldas,72.44,36164000.0,153210000.0,23.604203380980355,24.694916,0.12176514,0.06163788,1010.2606,20.209412,-0.6,0.0,0.00047683716,0.0,0.25714874,0.13647702
2017-10-20,MIEL1,Caldas,73.11,41817000.0,153210000.0,27.29391031916977,25.844086,-0.13505936,-0.12988663,1009.6926,20.222748,-0.6,0.002026558,0.00071525574,0.0,0.25016144,0.1873808
2017-10-21,MIEL1,Caldas,71.11,34224000.0,153210000.0,22.33796749559428,25.31778,0.23039627,-0.68535614,1009.7308,20.389221,-0.6,0.12457371,0.0046491623,0.0041127205,0.2715956,0.723046
2017-10-22,MIEL1,Caldas,72.8,81488000.0,153210000.0,53.18712877749494,24.185333,-0.19135284,0.7447052,1011.3078,20.63443,-0.6,0.17118454,0.003695488,0.0030994415,0.28938913,0.76889646
2017-10-23,MIEL1,Caldas,73.67,47947000.0,153210000.0,31.294954637425757,24.705109,0.043640137,0.28417587,1011.2922,20.92749,-0.6,0.0009536743,0.0006556511,5.9604645e-05,0.27702236,0.2875072
2017-10-24,MIEL1,Caldas,74.4,40487000.0,153210000.0,26.42582076887932,23.964203,0.6239548,-0.23290634,1011.34406,21.093262,-0.6,0.0,0.0006556511,0.0,0.26773256,0.6660067
2017-10-25,MIEL1,Caldas,74.66000000000001,38455000.0,153210000.0,25.099536583773908,23.721283,0.039089203,-0.5073433,1011.53406,21.180298,-0.6,0.00035762787,0.00059604645,0.0,0.25657767,0.5088469
2017-10-26,MIEL1,Caldas,75.3,55464000.0,153210000.0,36.201292343841786,22.911407,-0.17286682,-0.46903992,1012.6869,21.398834,-0.6,0.09536743,0.0028014183,0.002026558,0.25918797,0.4998814
2017-10-27,MIEL1,Caldas,76.06,41549000.0,153210000.0,27.11898701129169,24.0737,0.023792267,-0.5797157,1010.47174,21.462708,-0.6,0.06234646,0.00333786,0.0027418137,0.2545895,0.5802038
2017-10-28,MIEL1,Caldas,78.24,62420000.0,153210000.0,40.74146596175184,22.5372,-0.1546936,-0.55887985,1012.5578,21.594269,-0.6,0.15509129,0.008821487,0.008106232,0.32178336,0.57989377
2017-10-29,MIEL1,Caldas,79.81,71073000.0,153210000.0,46.38926962991972,21.578949,0.3874054,-0.60663986,1014.60406,21.760254,-0.6,0.70619583,0.022649765,0.022113323,0.41726172,0.7197881
2017-10-30,MIEL1,Caldas,80.97,59341000.0,153210000.0,38.731806017883954,22.908356,0.091602325,-0.66820145,1013.0372,21.773987,-0.6,0.08189678,0.0022649765,0.00166893,0.3763718,0.674451
2017-10-31,MIEL1,Caldas,83.35000000000001,103500000.0,153210000.0,67.55433718425691,23.892975,0.03241253,-0.5981636,1012.233,21.780518,-0.6,0.025510788,0.0022053719,0.0015497208,0.35750702,0.5990411
2017-11-01,MIEL1,Caldas,84.69,70924000.0,188670000.0,37.59156198653734,23.908722,0.11872864,-0.37872314,1011.9359,21.7482,-0.77,0.14543533,0.0044107437,0.0037550926,0.35306194,0.39689758
2017-11-02,MIEL1,Caldas,86.0,67072000.0,188670000.0,35.54990194519532,24.096527,0.3023529,-0.4828682,1010.7283,21.78366,-0.77,0.060081482,0.0035762787,0.0029802322,0.34364167,0.5697183
2017-11-03,MIEL1,Caldas,88.75,126294000.0,188670000.0,66.93910001590078,23.729523,0.15693283,-0.5159569,1011.3836,21.757538,-0.77,0.18644333,0.010669231,0.010073185,0.34633225,0.5392953
2017-11-04,MIEL1,Caldas,87.42,103137000.0,188670000.0,54.66528859914136,22.086456,0.0567894,-0.4230194,1011.77985,21.482727,-0.77,0.6738901,0.052571297,0.052034855,0.39294842,0.42681432
2017-11-05,MIEL1,Caldas,85.64,79507000.0,188670000.0,42.140774897970005,21.685822,0.41677856,-0.95093155,1013.1906,21.425293,-0.77,1.2187958,0.1385808,0.13798475,0.43369046,1.0382558
2017-11-06,MIEL1,Caldas,85.69,68769000.0,188670000.0,36.44935601844491,23.541656,0.19884491,-0.7196083,1012.78125,21.332916,-0.77,0.1527071,0.012218952,0.011622906,0.40982026,0.7465758
2017-11-07,MIEL1,Caldas,83.84,67009000.0,188670000.0,35.51651030900514,23.791412,0.029632568,-1.0151825,1010.5683,21.092743,-0.77,0.069618225,0.0075101852,0.0069737434,0.41160557,1.0156149
2017-11-08,MIEL1,Caldas,87.68,118826000.0,188670000.0,62.98086606243706,22.062103,0.18459702,-0.4445343,1009.665,21.121338,-0.77,1.0687113,0.16313791,0.16254187,0.45324647,0.48133856
2017-11-09,MIEL1,Caldas,88.96,100583000.0,188670000.0,53.31160226851116,21.558624,-0.061977386,-0.8693695,1010.10236,21.005096,-0.77,0.6289482,0.061273575,0.060617924,0.44641265,0.8715759
2017-11-10,MIEL1,Caldas,90.64,97896000.0,188670000.0,51.887422483701705,21.6445,0.47349548,-0.70293045,1010.4902,20.869324,-0.77,0.35059452,0.055849552,0.0551939,0.4434949,0.8475312
2017-11-11,MIEL1,Caldas,91.43,96088000.0,188670000.0,50.92913552764086,23.014435,-0.36346054,-0.5915642,1010.155,20.916748,-0.77,0.07867813,0.00756979,0.006943941,0.42427796,0.69429946
2017-11-12,MIEL1,Caldas,90.85,85070000.0,188670000.0,45.08930937615944,24.002106,-0.38949966,-0.47389984,1009.1622,21.020477,-0.77,0.06186962,0.005066395,0.004351139,0.41178373,0.6134257
2017-11-13,MIEL1,Caldas,89.62,73403000.0,188670000.0,38.905496369322094,23.493683,0.49844742,-0.42514038,1009.6128,21.142609,-0.77,0.04720688,0.0057816505,0.0053048134,0.40894789,0.65512913
2017-11-14,MIEL1,Caldas,90.46,68992000.0,188670000.0,36.56755181003869,21.934479,-0.070575714,-0.6429863,1009.8128,21.21817,-0.77,1.044631,0.117361546,0.1167655,0.43097553,0.64684796
2017-11-15,MIEL1,Caldas,91.04,108285000.0,188670000.0,57.39386229925266,21.905731,0.6353035,-0.018161774,1011.66656,21.324677,-0.77,3.9342642,1.6685724,1.668036,0.45789537,0.635563
2017-11-16,MIEL1,Caldas,94.01,115449000.0,188670000.0,61.19096835744951,22.768463,0.35128403,-1.0290298,1011.9902,21.396423,-0.77,0.9486675,0.2347827,0.23412704,0.45741558,1.0873375
2017-11-17,MIEL1,Caldas,94.03,95655000.0,188670000.0,50.69963428207982,22.875275,-0.014389038,-0.8922844,1012.1386,21.568909,-0.77,0.96035004,0.29605627,0.25618076,0.44941115,0.8924004
2017-11-18,MIEL1,Caldas,94.46,105162000.0,188670000.0,55.73859119096836,22.096039,-0.16320801,-0.913517,1011.637,21.670502,-0.77,1.4256239,0.4838109,0.48330426,0.45690155,0.92798173
2017-11-19,MIEL1,Caldas,94.2,137463000.0,188670000.0,72.85896008904437,22.288483,0.09196854,-0.72307205,1011.15424,21.69925,-0.77,0.119924545,0.02193451,0.021278858,0.4476859,0.72889733
2017-11-20,MIEL1,Caldas,95.26,118026000.0,188670000.0,62.55684528541898,22.510529,-0.41354752,-0.7210007,1011.35034,21.619965,-0.77,0.032424927,0.0063180923,0.005632639,0.43267345,0.831182
2017-11-21,MIEL1,Caldas,95.4,99924000.0,188670000.0,52.96231515344252,23.085052,-0.4091034,-0.82221985,1011.3036,21.59845,-0.77,0.06711483,0.011026859,0.010251999,0.4199197,0.9183742
2017-11-22,MIEL1,Caldas,95.88,121344000.0,188670000.0,64.31547145810144,22.37973,-0.17622375,-1.0250092,1012.3156,21.559967,-0.77,0.12528896,0.018179417,0.017523766,0.4239189,1.0400474
2017-11-23,MIEL1,Caldas,95.99,93686000.0,188670000.0,49.65601314464409,23.567108,-0.2693863,-0.5760689,1011.6478,21.40982,-0.77,0.11563301,0.015497208,0.014781952,0.40911752,0.63594365
2017-11-24,MIEL1,Caldas,96.37,115459000.0,188670000.0,61.19626861716224,22.865753,0.35463333,-1.0393448,1011.7559,21.291626,-0.77,0.23174286,0.032901764,0.032007694,0.42614967,1.0981815
2017-11-25,MIEL1,Caldas,96.31,101273000.0,188670000.0,53.67732018868925,22.809845,-0.20539474,-0.6440811,1012.7925,21.132324,-0.77,0.10931492,0.010788441,0.010222197,0.42010313,0.6760381
2017-11-26,MIEL1,Caldas,95.99,80622000.0,188670000.0,42.73175385593894,24.13736,-0.28291702,-0.40924835,1010.79987,21.021545,-0.77,0.03886223,0.005543232,0.004917383,0.40656954,0.49752012
2017-11-27,MIEL1,Caldas,94.65,76109000.0,188670000.0,40.33974664758573,23.265717,-0.141613,-0.37831497,1010.20435,21.12149,-0.77,0.039935112,0.004708767,0.0041127205,0.40044034,0.40395105
2017-11-28,MIEL1,Caldas,93.1,81464000.0,188670000.0,43.17803572375046,23.829254,0.060359955,-0.23041916,1010.90424,21.226227,-0.77,0.056624413,0.0044703484,0.0037550926,0.39756176,0.23819385
2017-11-29,MIEL1,Caldas,93.42,114084000.0,188670000.0,60.467482906662426,24.487457,-0.049793243,-0.25469208,1010.71484,21.276215,-0.77,0.002861023,0.0008940697,0.00023841858,0.38366136,0.25951383
2017-11-30,MIEL1,Caldas,92.31,84602000.0,188670000.0,44.84125722160386,23.532501,0.4709816,-0.8299637,1011.2381,21.269928,-0.77,0.03671646,0.003695488,0.0030100346,0.38680357,0.9542868
2017-12-01,MIEL1,Caldas,92.25,94775000.0,168160000.0,56.36001427212178,23.037384,0.2517662,-0.43670654,1010.8674,21.313873,-0.86,0.19705296,0.038087368,0.037550926,0.399502,0.50408214
2017-12-02,MIEL1,Caldas,93.5,122717000.0,168160000.0,72.97633206470029,22.77475,-0.20019531,-0.4621277,1011.3803,21.45633,-0.86,0.16415119,0.022649765,0.022113323,0.4203143,0.503627
2017-12-03,MIEL1,Caldas,93.53,140141000.0,168160000.0,83.3378924833492,23.188934,-0.03857422,-0.48085403,1009.6174,21.501831,-0.86,0.07510185,0.020623207,0.019848347,0.41257516,0.48239878
2017-12-04,MIEL1,Caldas,92.68,97621000.0,168160000.0,58.05245004757374,22.702118,0.007892609,-0.17225266,1010.1741,21.550201,-0.86,0.011444092,0.0022053719,0.00166893,0.3959274,0.17243338
2017-12-05,MIEL1,Caldas,91.01,81692000.0,168160000.0,48.57992388201713,23.060944,0.26615906,0.06534195,1010.27905,21.555756,-0.86,0.000834465,0.000834465,0.00017881393,0.38041702,0.27406242
2017-12-06,MIEL1,Caldas,90.35,73118000.0,168160000.0,43.48120837297812,23.32492,0.12586975,-0.19335175,1010.0172,21.48642,-0.86,0.0,0.0007748604,0.0,0.3677923,0.23071215
2017-12-07,MIEL1,Caldas,91.86,69760000.0,168160000.0,41.48430066603235,23.368439,-0.12702942,0.0016174316,1010.4316,21.387238,-0.86,0.00035762787,0.000834465,5.9604645e-05,0.3533125,0.12703972
2017-12-08,MIEL1,Caldas,89.56,60158000.0,168160000.0,35.77426260704091,23.18631,0.15395737,-0.52585983,1010.8128,21.240265,-0.86,0.013709068,0.002861023,0.0017881393,0.34378788,0.54793376
2017-12-09,MIEL1,Caldas,88.49000000000001,69766000.0,168160000.0,41.48786869647954,22.597504,0.05485916,-0.5428734,1012.54346,21.262909,-0.86,0.19133091,0.020205975,0.0192523,0.39426765,0.5456382
2017-12-10,MIEL1,Caldas,90.3,81424000.0,168160000.0,48.42055185537584,22.633148,0.07115173,-0.6524353,1013.1258,21.324585,-0.86,0.15091896,0.012934208,0.012397766,0.41386163,0.6563036
2017-12-11,MIEL1,Caldas,93.45,118933000.0,168160000.0,70.72609419600381,21.960846,0.25172806,-0.91840744,1012.8614,21.38382,-0.86,0.28407574,0.049054623,0.048220158,0.41976088,0.95228106
2017-12-12,MIEL1,Caldas,93.77,102868000.0,168160000.0,61.17269267364415,21.52536,0.124435425,-0.5236511,1013.3642,21.466766,-0.86,0.20003319,0.0113248825,0.010669231,0.43847692,0.5382329
2017-12-13,MIEL1,Caldas,92.39,78607000.0,168160000.0,46.74536156041864,21.458344,0.42184067,-0.90420914,1013.8578,21.801636,-0.86,0.09119511,0.006377697,0.0056624413,0.43045458,0.99776936
2017-12-14,MIEL1,Caldas,91.25,69264000.0,168160000.0,41.18934348239772,22.99234,-0.31765747,-0.35058975,1012.4291,22.085815,-0.86,0.0071525574,0.0017881393,0.0009536743,0.41189107,0.4730956
2017-12-15,MIEL1,Caldas,90.35,61383000.0,168160000.0,36.50273549000951,22.746185,0.1779747,-0.008693695,1012.0691,22.259003,-0.86,0.0,0.0009536743,0.0,0.3939889,0.17818691
2017-12-16,MIEL1,Caldas,91.38,65056000.0,168160000.0,38.68696479543292,22.99527,0.011657715,-0.20126343,1011.41095,22.32904,-0.86,0.0,0.00071525574,0.0,0.38157707,0.20160076
2017-12-17,MIEL1,Caldas,92.41,54653000.0,168160000.0,32.5005946717412,23.65213,-0.15153885,-0.3730278,1011.09656,22.37381,-0.86,0.002503395,0.0011920929,0.00029802322,0.36967418,0.40263352
2017-12-18,MIEL1,Caldas,91.57,48946000.0,168160000.0,29.106803044719317,24.00766,0.05644226,-0.09769821,1011.39404,22.395538,-0.86,0.0009536743,0.0010728836,0.00011920929,0.35683092,0.11283027
2017-12-19,MIEL1,Caldas,88.99000000000001,44470000.0,168160000.0,26.445052331113228,22.418732,0.16524506,-0.21704865,1011.7609,22.44342,-0.86,0.0,0.0009536743,0.0,0.34573895,0.27279302
2017-12-20,MIEL1,Caldas,86.88,40819000.0,168160000.0,24.273905803996197,22.590363,0.065719604,-0.206501,1010.65155,22.450775,-0.86,0.0,0.0009536743,0.0,0.33629218,0.21670656
2017-12-21,MIEL1,Caldas,84.56,60458000.0,168160000.0,35.95266412940057,22.397308,0.124248505,-0.65883636,1010.7509,22.270416,-0.86,0.00011920929,0.0009536743,0.0,0.3275899,0.67044985
2017-12-22,MIEL1,Caldas,83.3,61009000.0,168160000.0,36.28032825880114,23.233612,0.08307266,-0.39476776,1010.97516,21.944855,-0.86,0.00071525574,0.001013279,5.9604645e-05,0.3193612,0.40341374
2017-12-23,MIEL1,Caldas,85.9,123481000.0,168160000.0,73.43066127497622,23.716705,-0.040290833,-0.8277321,1010.9378,21.936157,-0.86,0.0034570694,0.0012516975,0.0004172325,0.31239316,0.8287121
2017-12-24,MIEL1,Caldas,88.55,116779000.0,168160000.0,69.44517126546147,22.797821,0.36355972,-0.6859932,1010.807,22.000275,-0.86,0.014781952,0.002503395,0.0014305115,0.30408412,0.7763777
2017-12-25,MIEL1,Caldas,87.92,118737000.0,168160000.0,70.60953853472883,22.667389,0.2142067,-0.9597244,1011.8798,22.143036,-0.86,0.094890594,0.010609627,0.009775162,0.30487302,0.98333895
2017-12-26,MIEL1,Caldas,86.85000000000001,78960000.0,168160000.0,46.95528068506184,22.615936,-0.11600876,-0.7878685,1012.5444,22.233582,-0.86,0.09775162,0.010728836,0.009834766,0.31607318,0.7963635
2017-12-27,MIEL1,Caldas,86.05000000000001,93870000.0,168160000.0,55.821836346336816,23.292328,0.09702301,-0.81995773,1011.90735,22.335785,-0.86,0.09524822,0.008583069,0.008106232,0.33013988,0.825678
2017-12-28,MIEL1,Caldas,86.21,126834000.0,168160000.0,75.42459562321598,22.922028,0.3106842,-0.4172058,1011.78955,22.442566,-0.86,0.10550022,0.010728836,0.009834766,0.32765052,0.5201782
2017-12-29,MIEL1,Caldas,86.8,108902000.0,168160000.0,64.76094196003805,22.789032,0.3078766,-0.5540161,1012.6108,22.502808,-0.86,0.27239323,0.04673004,0.04592538,0.3724813,0.6338153
2017-12-30,MIEL1,Caldas,85.41,94191000.0,168160000.0,56.01272597526166,22.18631,0.24589539,-0.5263977,1013.39185,22.687012,-0.86,0.17356873,0.030517578,0.029563904,0.37839746,0.58099836
2017-12-31,MIEL1,Caldas,85.42999999999999,103435000.0,168160000.0,61.5098715509039,21.794342,0.0795784,-0.6896515,1013.97015,22.700226,-0.86,0.2746582,0.04929304,0.048667192,0.3965488,0.6942276
2018-01-01,MIEL1,Caldas,84.94,82748000.0,127160000.0,65.07392261717521,22.812775,-0.17292786,-0.82268524,1013.6833,22.6922,-0.77,0.044703484,0.006377697,0.0054240227,0.38319615,0.84066343
2018-01-02,MIEL1,Caldas,86.92999999999999,98382000.0,127160000.0,77.36866939289084,21.57138,0.21696854,-0.5395241,1012.71295,22.712128,-0.77,0.11909008,0.015437603,0.014722347,0.3853004,0.5815166
2018-01-03,MIEL1,Caldas,86.52,104762000.0,127160000.0,82.38597043095312,23.410248,0.2678299,-0.056144714,1011.77563,22.50705,-0.77,0.032663345,0.0023841858,0.0016093254,0.38207656,0.2736514
2018-01-04,MIEL1,Caldas,86.21,100536000.0,127160000.0,79.06259830135262,23.136871,0.03759384,-0.8812256,1013.2111,22.738739,-0.77,0.15938282,0.0131726265,0.012397766,0.36429334,0.8820271
2018-01-05,MIEL1,Caldas,87.97,103340000.0,127160000.0,81.26769424347279,23.272491,-0.11603165,-0.7532768,1014.52264,22.729004,-0.77,0.02515316,0.0031590462,0.0022053719,0.38178554,0.76216096
2018-01-06,MIEL1,Caldas,90.56,114971000.0,127160000.0,90.4144385026738,22.853912,0.19089127,-0.5439491,1013.8694,22.65915,-0.77,0.034332275,0.004053116,0.0030994415,0.38525414,0.57647216
2018-01-07,MIEL1,Caldas,88.96,88893000.0,127160000.0,69.90641711229947,22.376678,0.041553497,-0.767437,1012.5645,22.551788,-0.77,0.058412552,0.006854534,0.00590086,0.3717291,0.7685611
2018-01-08,MIEL1,Caldas,87.5,104059000.0,127160000.0,81.83312362378106,23.71518,0.17358398,-0.7439499,1011.6842,22.47174,-0.77,0.049829483,0.00590086,0.0053048134,0.3593724,0.76393247
2018-01-09,MIEL1,Caldas,89.38000000000001,167703000.0,127160000.0,131.8834539163259,22.6138,0.19064331,-0.44548798,1012.1752,22.431274,-0.77,0.15377998,0.028014183,0.027179718,0.3688506,0.4845662
2018-01-10,MIEL1,Caldas,89.22,137581000.0,127160000.0,108.1951871657754,21.789093,0.19502449,-0.5889816,1012.45935,22.373901,-0.77,0.28002262,0.034332275,0.03325939,0.4008019,0.6204304
2018-01-11,MIEL1,Caldas,92.28,138027000.0,127160000.0,108.54592639194716,22.609894,-0.02380085,-0.36433792,1012.8606,22.34024,-0.77,0.22399426,0.015616417,0.014722347,0.42539397,0.3651145
2018-01-12,MIEL1,Caldas,93.69,154168000.0,127160000.0,121.23938345391632,22.068573,0.2425499,-0.5980911,1012.7019,22.576202,-0.77,0.14412403,0.011980534,0.010997057,0.40815118,0.6454018
2018-01-13,MIEL1,Caldas,93.26,132006000.0,127160000.0,103.81094683862852,22.1091,0.08433914,-0.61159515,1012.8725,22.741547,-0.77,0.06818771,0.005543232,0.0047683716,0.40472645,0.61738294
2018-01-14,MIEL1,Caldas,93.74,123666000.0,127160000.0,97.25228059138094,22.047516,0.03529358,-0.34968185,1013.09186,22.936066,-0.77,0.095009804,0.009000301,0.008046627,0.41245297,0.35145846
2018-01-15,MIEL1,Caldas,95.1,147602000.0,127160000.0,116.07581000314563,21.723785,0.09250641,-0.8508568,1012.0189,23.222229,-0.77,0.044465065,0.0042915344,0.0033974648,0.40888977,0.8558707
2018-01-16,MIEL1,Caldas,95.19,147276000.0,127160000.0,115.81944007549542,22.366547,-0.039821625,-0.6408386,1012.6064,23.452698,-0.77,0.05400181,0.006735325,0.005841255,0.39442235,0.6420747
2018-01-17,MIEL1,Caldas,98.42,155728000.0,127160000.0,122.46618433469644,20.347565,0.4469719,-0.7329712,1013.5045,23.593262,-0.77,0.54752827,0.037252903,0.036358833,0.4323646,0.8585049
2018-01-18,MIEL1,Caldas,97.5,109889000.0,127160000.0,86.41789871028625,21.693146,0.2854576,-0.40105438,1012.90436,23.812683,-0.77,0.09250641,0.009715557,0.008881092,0.4229649,0.49227095
2018-01-19,MIEL1,Caldas,97.15,93086000.0,127160000.0,73.20383768480654,23.06186,0.15653229,-0.425148,1012.498,23.973297,-0.77,0.044107437,0.0054240227,0.0046491623,0.41351715,0.45304877
2018-01-20,MIEL1,Caldas,96.13,80380000.0,127160000.0,63.21170179301667,22.832367,-0.0010414124,0.10354233,1011.39984,23.98288,-0.77,0.010371208,0.0011920929,0.00011920929,0.39225295,0.103547566
2018-01-21,MIEL1,Caldas,95.77,72245000.0,127160000.0,56.81424976407675,22.221527,0.3112793,0.14400864,1010.4247,24.051208,-0.77,0.0,0.0008940697,0.0,0.37680885,0.3429771
2018-01-22,MIEL1,Caldas,94.86,67898000.0,127160000.0,53.395721925133685,22.229767,0.35128784,-0.10986328,1009.5656,24.000275,-0.77,0.0,0.000834465,0.0,0.36456704,0.3680667
2018-01-23,MIEL1,Caldas,92.76,69252000.0,127160000.0,54.46052217678516,23.25467,0.24870682,-0.22044754,1009.8798,23.86148,-0.77,0.006556511,0.0008940697,5.9604645e-05,0.35276923,0.33234352
2018-01-24,MIEL1,Caldas,91.96,63767000.0,127160000.0,50.14705882352941,22.62558,0.21557236,-0.26019287,1010.24097,23.909882,-0.77,0.0,0.0008940697,0.0,0.34076697,0.33789313
2018-01-25,MIEL1,Caldas,89.53999999999999,57803000.0,127160000.0,45.45690468700849,22.289032,0.18804169,-0.099121094,1010.0986,23.974945,-0.77,0.0,0.000834465,0.0,0.32980675,0.21256685
2018-01-26,MIEL1,Caldas,87.89,59303000.0,127160000.0,46.63652091852784,22.088531,0.01752472,-0.42095566,1010.2509,24.120575,-0.77,0.0013113022,0.000834465,0.00017881393,0.32229745,0.4213203
2018-01-27,MIEL1,Caldas,85.36,52428000.0,127160000.0,41.22994652406417,22.670258,0.28425598,-0.37017822,1009.2722,24.16626,-0.77,0.0038146973,0.0012516975,0.00035762787,0.31561956,0.4667262
2018-01-28,MIEL1,Caldas,83.05,65398000.0,127160000.0,51.42969487260145,24.77652,0.08200073,-0.6360283,1008.4299,24.216766,-0.77,0.02026558,0.002682209,0.0019073486,0.30922714,0.6412925
2018-01-29,MIEL1,Caldas,83.58,51189000.0,127160000.0,40.25558351682919,24.123932,-0.06877136,-0.5219345,1007.41486,24.197113,-0.77,0.013947487,0.0023245811,0.0011920929,0.30132303,0.52644575
2018-01-30,MIEL1,Caldas,84.74000000000001,81100000.0,127160000.0,63.77791758414596,23.440826,-0.20323944,-0.60774994,1007.8833,24.192902,-0.77,0.13029575,0.010967255,0.010251999,0.29918125,0.6408325
2018-01-31,MIEL1,Caldas,82.59,76194000.0,127160000.0,59.919786096256686,23.305817,0.12133789,-0.59474945,1009.03937,24.253662,-0.77,0.048279762,0.004053116,0.0032782555,0.30491093,0.60700065
2018-02-01,MIEL1,Caldas,83.1,54909000.0,125800000.0,43.64785373608903,23.812042,0.19733047,-0.6599541,1009.70734,24.340668,-0.71,0.022411346,0.002682209,0.0017881393,0.3002314,0.6888241
2018-02-02,MIEL1,Caldas,82.11,109636000.0,125800000.0,87.1510333863275,23.878265,0.33926773,-1.2641144,1010.28204,24.356995,-0.71,0.017523766,0.0021457672,0.0014305115,0.29573858,1.3088498
2018-02-03,MIEL1,Caldas,80.92,89914000.0,125800000.0,71.4737678855326,22.660858,0.30662537,-0.6469917,1011.33923,24.444427,-0.71,0.38814545,0.052452087,0.05185604,0.33739614,0.7159731
2018-02-04,MIEL1,Caldas,78.93,64585000.0,125800000.0,51.33942766295707,23.855682,-0.13153458,-0.90808487,1011.1941,24.690186,-0.71,0.09036064,0.008225441,0.00756979,0.34262192,0.91756165
2018-02-05,MIEL1,Caldas,79.53,54212000.0,125800000.0,43.09379968203498,23.727325,-0.041732788,-1.0897522,1011.215,24.87204,-0.71,0.0783205,0.008702278,0.007987022,0.335972,1.090551
2018-02-06,MIEL1,Caldas,80.21000000000001,49653000.0,125800000.0,39.469793322734496,24.191376,-0.15287018,-0.8219528,1011.58765,25.014679,-0.71,0.18084049,0.035583973,0.034987926,0.3587202,0.8360477
2018-02-07,MIEL1,Caldas,77.39,42950000.0,125800000.0,34.14149443561209,24.481537,-0.30276108,-0.61079025,1011.22064,25.218231,-0.71,0.017046928,0.0024437904,0.00166893,0.33180976,0.68171036
2018-02-08,MIEL1,Caldas,75.64,39276000.0,125800000.0,31.22098569157393,24.162323,-0.59719086,-0.81355286,1011.1975,25.378418,-0.71,0.021457672,0.0029206276,0.0021457672,0.32093635,1.0092102
2018-02-09,MIEL1,Caldas,74.53999999999999,36547000.0,125800000.0,29.0516693163752,24.435883,-0.1382103,-0.96276474,1010.1317,25.574036,-0.71,0.0014305115,0.0008940697,0.00011920929,0.30724606,0.9726346
2018-02-10,MIEL1,Caldas,73.91,50028000.0,125800000.0,39.76788553259141,24.642609,0.099285126,-0.71175766,1010.1166,25.715302,-0.71,0.000834465,0.00071525574,5.9604645e-05,0.2905619,0.7186491
2018-02-11,MIEL1,Caldas,72.8,106345000.0,125800000.0,84.53497615262322,24.596466,0.07010269,-0.82266617,1011.06,25.870697,-0.71,0.000834465,0.0007748604,0.0,0.28066486,0.82564765
2018-02-12,MIEL1,Caldas,75.42,125817000.0,125800000.0,100.0135135135135,23.646515,-0.45936966,-0.4526596,1012.03595,25.799286,-0.71,0.052928925,0.0044703484,0.003874302,0.28072846,0.6449195
2018-02-13,MIEL1,Caldas,75.84,131780000.0,125800000.0,104.75357710651828,23.397064,0.23974991,-1.0189819,1011.845,25.845184,-0.71,0.022768974,0.0025629997,0.00166893,0.2800483,1.0468067
2018-02-14,MIEL1,Caldas,79.89,200916000.0,125800000.0,159.7106518282989,23.783722,0.12539291,-0.82893753,1012.33405,25.647064,-0.71,0.082969666,0.009000301,0.008374453,0.30618083,0.83836794
2018-02-15,MIEL1,Caldas,81.73,111028000.0,125800000.0,88.25755166931637,24.636932,-0.050445557,-0.8385277,1011.9247,25.97528,-0.71,0.008106232,0.0013709068,0.0007748604,0.30285445,0.8400437
2018-02-16,MIEL1,Caldas,81.2,93129000.0,125800000.0,74.02941176470588,25.041718,-0.026744843,-0.45772934,1011.72205,26.003021,-0.71,0.022411346,0.0029206276,0.002115965,0.2946188,0.45851
2018-02-17,MIEL1,Caldas,81.45,164556000.0,125800000.0,130.80763116057236,25.723175,-0.13824081,-0.92762756,1011.78577,25.858734,-0.71,0.035881996,0.0037550926,0.0029206276,0.28634188,0.93787175
2018-02-18,MIEL1,Caldas,81.32000000000001,122657000.0,125800000.0,97.50158982511924,25.11673,0.08496857,-1.074192,1011.605,26.203186,-0.71,0.061273575,0.005751848,0.005066395,0.2899652,1.0775473
2018-02-19,MIEL1,Caldas,80.08999999999999,104061000.0,125800000.0,82.71939586645469,24.500092,0.14791489,-0.9730301,1010.637,26.147919,-0.71,0.014066696,0.0019073486,0.0011920929,0.28508073,0.9842085
2018-02-20,MIEL1,Caldas,78.44,87458000.0,125800000.0,69.5214626391097,24.920135,-0.7125702,-0.9865761,1011.2011,26.2641,-0.71,0.058174133,0.00667572,0.0059604645,0.2862917,1.2169999
2018-02-21,MIEL1,Caldas,77.34,76707000.0,125800000.0,60.97535771065182,25.18216,-0.32714462,-0.63236237,1012.1636,26.326935,-0.71,0.0022649765,0.0008940697,0.00011920929,0.28059012,0.7119732
2018-02-22,MIEL1,Caldas,75.03,74486000.0,125800000.0,59.20985691573927,23.343964,0.39919662,-0.51804733,1013.2431,26.4628,-0.71,0.24986267,0.017642975,0.016987324,0.28912616,0.6540114
2018-02-23,MIEL1,Caldas,73.61999999999999,77953000.0,125800000.0,61.96581875993641,24.308075,0.17910767,-0.65517044,1013.0759,26.687836,-0.71,0.018119812,0.0032186508,0.002682209,0.29565898,0.6792112
2018-02-24,MIEL1,Caldas,72.39,65362000.0,125800000.0,51.95707472178061,23.14853,0.6239166,-0.58052826,1012.72577,26.741882,-0.71,0.11134148,0.0130832195,0.012427568,0.29774383,0.8522236
2018-02-25,MIEL1,Caldas,70.96000000000001,60842000.0,125800000.0,48.36406995230524,23.138885,0.30722427,-0.7142525,1014.0095,26.890472,-0.71,0.08380413,0.015079975,0.014305115,0.31411707,0.7775238
2018-02-26,MIEL1,Caldas,68.95,56829000.0,125800000.0,45.17408585055644,24.433075,0.4168434,-0.92118454,1013.72186,26.839508,-0.71,0.022053719,0.002503395,0.0017881393,0.31151357,1.0111079
2018-02-27,MIEL1,Caldas,69.32000000000001,50609000.0,125800000.0,40.229729729729726,23.661896,0.25854492,-0.988533,1012.8225,26.790771,-0.71,0.02026558,0.0039339066,0.0034570694,0.29798317,1.0217843
2018-02-28,MIEL1,Caldas,68.26,47125000.0,125800000.0,37.46025437201908,24.249542,0.0989151,-1.0391579,1012.3025,26.761353,-0.71,0.07545948,0.008702278,0.008046627,0.29706064,1.0438551
2018-03-01,MIEL1,Caldas,65.38000000000001,44084000.0,132920000.0,33.16581402347277,24.70346,-0.07421875,-1.2297783,1012.1208,26.655975,-0.57,0.22888184,0.0371933,0.03644824,0.33100152,1.2320158
2018-03-02,MIEL1,Caldas,65.47,48101000.0,132920000.0,36.1879325910322,25.196259,0.061496735,-0.85498047,1012.17017,26.475891,-0.57,0.030517578,0.0038146973,0.0030994415,0.31999886,0.8571893
2018-03-03,MIEL1,Caldas,66.02,42126000.0,132920000.0,31.692747517303644,25.429413,-0.13798523,-0.70002365,1011.1898,26.195282,-0.57,0.010371208,0.0014901161,0.0008940697,0.3050928,0.7134935
2018-03-04,MIEL1,Caldas,68.46,134568000.0,132920000.0,101.2398435148962,24.228912,-0.15626526,-0.9961624,1011.4338,25.907349,-0.57,0.10919571,0.007987022,0.00756979,0.3024785,1.0083444
2018-03-05,MIEL1,Caldas,69.53,74530000.0,132920000.0,56.07132109539573,22.97702,-0.38570023,-1.196518,1011.6808,25.817108,-0.57,0.1424551,0.011503696,0.010848045,0.3403984,1.2571474
2018-03-06,MIEL1,Caldas,71.99,137922000.0,132920000.0,103.76316581402348,23.863617,-0.71164703,-0.49936676,1012.1848,25.786224,-0.57,0.045895576,0.0063180923,0.0057816505,0.32803243,0.86937255
2018-03-07,MIEL1,Caldas,72.99,78524000.0,132920000.0,59.07613602166717,24.854584,-0.19327927,0.3009491,1011.26294,25.661163,-0.57,0.00846386,0.0013113022,0.0006556511,0.31354758,0.35766917
2018-03-08,MIEL1,Caldas,70.54,66574000.0,132920000.0,50.08576587421005,25.499054,0.04724884,0.36958694,1010.71857,25.644379,-0.57,0.0013113022,0.0007748604,0.00011920929,0.3027081,0.3725949
2018-03-09,MIEL1,Caldas,71.11,58879000.0,132920000.0,44.2965693650316,25.609161,-0.1499176,0.3225708,1011.0705,25.509125,-0.57,0.0,0.00059604645,0.0,0.2913178,0.35570663
2018-03-10,MIEL1,Caldas,71.72,53019000.0,132920000.0,39.887902497743006,25.53769,-0.11829376,0.3876114,1009.95544,25.225311,-0.57,0.0,0.00059604645,0.0,0.2817556,0.4052604
2018-03-11,MIEL1,Caldas,69.84,48044000.0,132920000.0,36.14504965392717,25.03061,0.07266617,0.1904602,1009.01294,24.770508,-0.57,0.0,0.0005364418,0.0,0.27276528,0.20385157
2018-03-12,MIEL1,Caldas,68.05,44056000.0,132920000.0,33.144748721035214,24.94394,0.039409637,0.071746826,1009.06,24.559235,-0.57,0.0,0.00059604645,0.0,0.26420397,0.081857964
2018-03-13,MIEL1,Caldas,68.51,45784000.0,132920000.0,34.44477881432441,25.775482,-0.05203247,-0.63607025,1010.88403,24.426544,-0.57,0.0023841858,0.00071525574,5.9604645e-05,0.26010117,0.6381949
2018-03-14,MIEL1,Caldas,68.89999999999999,44660000.0,132920000.0,33.599157387902494,25.837677,-0.23944092,-0.36227036,1011.3862,24.37149,-0.57,0.044822693,0.0012516975,0.0008940697,0.25563785,0.4342485
2018-03-15,MIEL1,Caldas,69.91000000000001,68828000.0,132920000.0,51.78152272043335,24.245148,0.14064026,-1.0030899,1011.95624,24.311188,-0.57,0.043988228,0.003695488,0.0029802322,0.25733852,1.0129013
2018-03-16,MIEL1,Caldas,67.71000000000001,80284000.0,132920000.0,60.40024074631357,24.641571,-0.022716522,-0.34656906,1011.0778,24.339996,-0.57,0.021576881,0.00071525574,0.00029802322,0.26927868,0.34731278
2018-03-17,MIEL1,Caldas,68.77,82247000.0,132920000.0,61.87706891363226,25.311798,-0.42782974,-0.16830063,1010.8808,24.155487,-0.57,0.014662743,0.0015497208,0.0009536743,0.26368022,0.45974275
2018-03-18,MIEL1,Caldas,68.86,109533000.0,132920000.0,82.405206139031,24.307343,0.043754578,-0.867733,1010.78455,23.963837,-0.57,0.22387505,0.0047683716,0.004053116,0.2744256,0.86883545
2018-03-19,MIEL1,Caldas,70.3,78219000.0,132920000.0,58.84667469154379,23.819427,-0.22301102,-0.73586273,1008.8245,23.88382,-0.57,0.0962019,0.0059604645,0.0053048134,0.2808866,0.76891345
2018-03-20,MIEL1,Caldas,71.15,115144000.0,132920000.0,86.62654228107132,23.992157,-0.1299057,-0.73604965,1009.5575,23.585419,-0.57,0.060081482,0.003606081,0.0030994415,0.28899565,0.7474253
2018-03-21,MIEL1,Caldas,74.4,139399000.0,132920000.0,104.87436051760456,24.25589,-0.14093018,-0.9481964,1010.8191,23.36139,-0.57,0.111460686,0.0029206276,0.0022649765,0.33474857,0.95861244
2018-03-22,MIEL1,Caldas,74.27,97047000.0,132920000.0,73.01158591634066,24.629303,-0.09823227,-0.4793625,1011.57764,23.384918,-0.57,0.06711483,0.0044703484,0.003874302,0.34009796,0.489324
2018-03-23,MIEL1,Caldas,74.03,105038000.0,132920000.0,79.02347276557327,22.802643,0.4115448,-0.5394287,1012.3781,23.39502,-0.57,0.116467476,0.0073313713,0.0067949295,0.33659375,0.6784928
2018-03-24,MIEL1,Caldas,72.66,107769000.0,132920000.0,81.07809208546493,23.0831,0.2304573,-0.49785233,1012.1312,23.638153,-0.57,0.19574165,0.018060207,0.017523766,0.39186144,0.5486051
2018-03-25,MIEL1,Caldas,71.03,81830000.0,132920000.0,61.563346373758655,24.097198,0.25642395,-0.8337555,1010.9558,23.685211,-0.57,0.043988228,0.0056624413,0.004887581,0.37508225,0.87229663
2018-03-26,MIEL1,Caldas,69.53,96418000.0,132920000.0,72.53836894372554,23.681366,0.13395691,-0.40517426,1010.7289,23.838837,-0.57,0.11086464,0.010192394,0.009715557,0.3840421,0.42674422
2018-03-27,MIEL1,Caldas,67.66,70138000.0,132920000.0,52.76707794161902,24.991547,0.068286896,-0.96836853,1010.35095,24.00824,-0.57,0.14555454,0.013113022,0.012665987,0.390325,0.9707732
2018-03-28,MIEL1,Caldas,68.63,67577000.0,132920000.0,50.84035510081252,24.329803,0.02324295,-0.5756264,1009.988,24.011444,-0.57,0.16832352,0.015079975,0.014662743,0.36979532,0.5760954
2018-03-29,MIEL1,Caldas,70.28,71916000.0,132920000.0,54.10472464640386,23.450409,0.0038719177,-0.6526489,1010.70404,24.025024,-0.57,0.45371056,0.08755922,0.08702278,0.38290057,0.6526604
2018-03-30,MIEL1,Caldas,71.99,80155000.0,132920000.0,60.30318988865483,23.702057,0.26836014,-0.67079926,1011.8547,23.967285,-0.57,0.10097027,0.0104904175,0.009983778,0.37858903,0.7224879
2018-03-31,MIEL1,Caldas,70.59,76842000.0,132920000.0,57.81071321095396,21.443695,0.41102982,-0.62205505,1011.9459,23.998016,-0.57,0.833869,0.17219782,0.17175078,0.4174911,0.7455857
2018-04-01,MIEL1,Caldas,69.14,101388000.0,150440000.0,67.3943100239298,21.418304,-0.010852814,-0.43502808,1012.3814,23.802185,-0.39,0.66781044,0.121474266,0.120937824,0.44385362,0.4351634
2018-04-02,MIEL1,Caldas,71.17999999999999,109724000.0,150440000.0,72.93538952406276,21.946259,0.039974213,-0.7189293,1011.6917,23.909393,-0.39,0.25975704,0.04696846,0.04643202,0.4350148,0.7200398
2018-04-03,MIEL1,Caldas,73.98,121023000.0,150440000.0,80.44602499335282,22.01651,0.050930023,-0.73049164,1012.07404,23.813904,-0.39,0.18560886,0.016093254,0.015556812,0.4243793,0.73226494
2018-04-04,MIEL1,Caldas,77.34,140329000.0,150440000.0,93.27904812549856,21.888153,-0.0309906,-0.39530563,1012.6789,23.760193,-0.39,0.5916357,0.07891655,0.07852912,0.43235558,0.39651856
2018-04-05,MIEL1,Caldas,81.04,156788000.0,150440000.0,104.2196224408402,22.935394,0.13125992,-0.62423706,1012.6242,23.672882,-0.39,0.60915947,0.13297796,0.13250113,0.41958073,0.637888
2018-04-06,MIEL1,Caldas,84.43,164810000.0,150440000.0,109.55198085615528,21.236053,0.018749237,-0.7384567,1014.14764,23.592834,-0.39,1.3364553,0.5200505,0.5187392,0.45229033,0.7386947
2018-04-07,MIEL1,Caldas,86.21,131617000.0,150440000.0,87.48803509704865,22.40738,0.7218628,-0.5520477,1013.6945,23.436462,-0.39,0.14257431,0.037789345,0.037431717,0.4462108,0.9087588
2018-04-08,MIEL1,Caldas,86.88,109011000.0,150440000.0,72.46144642382345,23.074127,0.5192299,-0.669693,1012.4416,23.294495,-0.39,0.4234314,0.09638071,0.09584427,0.42482752,0.84740096
2018-04-09,MIEL1,Caldas,85.87,100438000.0,150440000.0,66.76282903483116,24.670074,-0.004421234,-0.6352463,1011.5502,23.261414,-0.39,0.20420551,0.032901764,0.032305717,0.40710613,0.63526165
2018-04-10,MIEL1,Caldas,84.61,116331000.0,150440000.0,77.32717362403616,22.346527,0.2519226,-0.56679535,1013.8663,23.292938,-0.39,0.48315525,0.0975728,0.09715557,0.43621442,0.6202596
2018-04-11,MIEL1,Caldas,84.22,107947000.0,150440000.0,71.75418771603297,22.233734,0.2560501,-0.5308647,1013.9866,23.107056,-0.39,0.7954836,0.25123358,0.25087595,0.44372863,0.58938867
2018-04-12,MIEL1,Caldas,84.66,135525000.0,150440000.0,90.08574847115128,22.160065,-0.03265381,-0.68722534,1014.2575,22.779205,-0.39,0.46277046,0.09167194,0.09036064,0.45239612,0.6880007
2018-04-13,MIEL1,Caldas,84.99,127726000.0,150440000.0,84.90162190906673,22.569672,0.12395859,-0.69275284,1012.9458,22.616364,-0.39,0.41353703,0.07772446,0.077068806,0.44418114,0.7037558
2018-04-14,MIEL1,Caldas,86.08,137638000.0,150440000.0,91.4902951342728,22.646393,-0.19365692,0.18492508,1013.84155,22.38974,-0.39,0.18715858,0.006914139,0.0063180923,0.4317619,0.2677691
2018-04-15,MIEL1,Caldas,84.78999999999999,112993000.0,150440000.0,75.10834884339272,23.368805,-0.01620102,-0.20774078,1013.08813,22.265625,-0.39,0.0,0.0006556511,0.0,0.41215473,0.20837155
2018-04-16,MIEL1,Caldas,85.11999999999999,103452000.0,150440000.0,68.76628556235043,23.66214,0.0047340393,-0.4997406,1013.84235,22.23642,-0.39,0.00035762787,0.00071525574,0.00011920929,0.39904383,0.49976304
2018-04-17,MIEL1,Caldas,85.74000000000001,105379000.0,150440000.0,70.04719489497474,22.948029,0.32157135,-0.49762344,1012.7416,22.161072,-0.39,0.06020069,0.0060796738,0.0052452087,0.39267296,0.59248394
2018-04-18,MIEL1,Caldas,85.17,86508000.0,150440000.0,57.50332358415315,23.737885,-0.0036811829,0.08455658,1012.3875,22.02591,-0.39,0.0019073486,0.0011324883,0.00023841858,0.38310054,0.08463667
2018-04-19,MIEL1,Caldas,84.61,82011000.0,150440000.0,54.51409199680936,24.496368,0.16781616,0.4845848,1012.7092,21.877625,-0.39,0.0,0.0009536743,0.0,0.37255493,0.5128203
2018-04-20,MIEL1,Caldas,84.27,72491000.0,150440000.0,48.18598776921032,23.227325,0.26511765,0.3938179,1012.84735,21.845886,-0.39,0.064611435,0.0013113022,0.0005364418,0.3635903,0.47474194
2018-04-21,MIEL1,Caldas,81.88,66381000.0,150440000.0,44.12456793406009,23.728363,-0.12296295,0.15592313,1011.3953,21.970459,-0.39,0.011563301,0.0026226044,0.00166893,0.35684988,0.19857469
2018-04-22,MIEL1,Caldas,79.74,66692000.0,150440000.0,44.33129486838607,22.563751,-0.427433,0.3455391,1011.47095,22.194366,-0.39,0.0009536743,0.0010728836,0.00011920929,0.34852242,0.54963285
2018-04-23,MIEL1,Caldas,80.84,73237000.0,150440000.0,48.68186652486041,23.341278,0.28014755,0.4996071,1011.6856,22.378754,-0.39,0.039577484,0.006914139,0.0059604645,0.3411535,0.57279134
2018-04-24,MIEL1,Caldas,82.54,85046000.0,150440000.0,56.53150757777187,24.976349,-0.3076973,0.043510437,1012.57874,22.450378,-0.39,0.008702278,0.0022053719,0.0011324883,0.33198345,0.3107584
2018-04-25,MIEL1,Caldas,81.22,94627000.0,150440000.0,62.90015953203935,24.55075,-0.32762146,-0.34024048,1012.07874,22.527649,-0.39,0.0026226044,0.0013113022,0.00035762787,0.32288894,0.472334
2018-04-26,MIEL1,Caldas,80.58999999999999,115237000.0,150440000.0,76.59997341132677,24.426971,-0.2886963,-0.14205933,1012.2286,22.717468,-0.39,0.034570694,0.002026558,0.0011324883,0.34602672,0.32175517
2018-04-27,MIEL1,Caldas,82.21000000000001,95252000.0,150440000.0,63.31560755118319,23.313934,-0.45544815,-0.8967743,1013.0642,22.82248,-0.39,0.13363361,0.010311604,0.009417534,0.37429082,1.0058017
2018-04-28,MIEL1,Caldas,84.58,90679000.0,150440000.0,60.27585748471152,22.760284,-0.063144684,-0.45843887,1013.2484,22.834229,-0.39,0.05710125,0.008285046,0.0071525574,0.37927216,0.46276718
2018-04-29,MIEL1,Caldas,84.63000000000001,120732000.0,150440000.0,80.25259239563945,21.671844,-0.3760147,0.079704285,1014.97626,23.02304,-0.39,0.058054924,0.010669231,0.009655952,0.384848,0.3843694
2018-04-30,MIEL1,Caldas,83.94,89575000.0,150440000.0,59.54201010369583,22.856903,0.1062088,0.08515167,1012.9989,23.15332,-0.39,0.0,0.0010728836,0.0,0.36560103,0.13612905
2018-05-01,MIEL1,Caldas,84.78999999999999,82048000.0,165990000.0,49.429483703837576,23.724823,-0.2734642,-0.2257576,1013.3233,23.311066,-0.13,0.00667572,0.00166893,0.00059604645,0.35612726,0.3546113
2018-05-02,MIEL1,Caldas,87.74,182848000.0,165990000.0,110.15603349599374,23.688507,-0.0873909,0.5136337,1013.10706,23.24881,-0.13,0.08583069,0.0020861626,0.0008940697,0.3488558,0.52101517
2018-05-03,MIEL1,Caldas,90.43,148229000.0,165990000.0,89.29995782878487,24.64444,0.23791885,-0.24862671,1011.5472,23.098877,-0.13,0.22017956,0.033020973,0.0320673,0.3364348,0.34412298
2018-05-04,MIEL1,Caldas,89.96,142258000.0,165990000.0,85.70275317790228,21.93692,0.1328392,0.066856384,1012.77893,23.06482,-0.13,0.30493736,0.0078082085,0.006735325,0.3768861,0.14871459
2018-05-05,MIEL1,Caldas,89.72,135065000.0,165990000.0,81.3693595999759,22.012177,0.42458344,0.2179451,1012.62,23.184326,-0.13,0.016570091,0.0034570694,0.0023245811,0.39476323,0.47725376
2018-05-06,MIEL1,Caldas,92.2,135176000.0,165990000.0,81.43623109825893,22.496246,0.29132843,-0.24046326,1013.78107,23.135864,-0.13,0.041127205,0.009417534,0.008404255,0.40187413,0.37774968
2018-05-07,MIEL1,Caldas,93.64,154051000.0,165990000.0,92.80739803602629,22.580719,-0.005634308,-0.69446945,1015.1816,23.27185,-0.13,0.6657839,0.14215708,0.14156103,0.42632812,0.6944923
2018-05-08,MIEL1,Caldas,97.5,205616000.0,165990000.0,123.87252244111092,21.818146,-0.027805328,-0.07804489,1014.9509,23.457703,-0.13,1.4591217,0.40459633,0.40358305,0.44878,0.08285011
2018-05-09,MIEL1,Caldas,99.32,151505000.0,165990000.0,91.27357069702994,22.752533,0.024066925,-0.0847702,1014.58673,23.257446,-0.13,0.28192997,0.07724762,0.076174736,0.4451664,0.08812039
2018-05-10,MIEL1,Caldas,101.51,175180000.0,165990000.0,105.53647810109044,22.78415,-0.16497803,-0.42407608,1013.90094,23.315216,-0.13,0.7650852,0.2900958,0.28908253,0.4464734,0.45503655
2018-05-11,MIEL1,Caldas,100.68,128170000.0,165990000.0,77.21549490933188,23.099457,-0.7955246,-0.6552353,1014.0364,23.279144,-0.13,0.5944967,0.10597706,0.104784966,0.43349847,1.0306274
2018-05-12,MIEL1,Caldas,100.55,117566000.0,165990000.0,70.82715826254594,23.968658,-0.03408432,0.005317688,1012.36127,23.268677,-0.13,0.0015497208,0.0014305115,0.00023841858,0.41569382,0.034496646
2018-05-13,MIEL1,Caldas,99.89,114029000.0,165990000.0,68.69630700644616,22.733673,-0.08506775,0.091220856,1012.7413,23.480774,-0.13,0.7466078,0.11730194,0.11599064,0.4264082,0.12473077
2018-05-14,MIEL1,Caldas,99.56,140682000.0,165990000.0,84.75329839146937,22.10141,0.015842438,-0.5940552,1013.21545,23.579468,-0.13,0.20873547,0.02092123,0.019788742,0.42641538,0.5942664
2018-05-15,MIEL1,Caldas,100.99,151666000.0,165990000.0,91.37056449183686,22.18222,-0.6298332,-0.2092514,1014.26843,23.574615,-0.13,1.4259815,0.6528497,0.60236454,0.4494077,0.66368365
2018-05-16,MIEL1,Caldas,101.75,139085000.0,165990000.0,83.79119224049641,23.779388,0.14373016,-0.021205902,1010.8942,23.47116,-0.13,0.008225441,0.0022649765,0.000834465,0.42190453,0.1452861
2018-05-17,MIEL1,Caldas,101.94,160254000.0,165990000.0,96.54437014277968,24.30661,0.073654175,-0.39361572,1011.1256,23.475525,-0.13,0.0052452087,0.0024437904,0.0009536743,0.40923,0.40044758
2018-05-18,MIEL1,Caldas,100.49,117933000.0,165990000.0,71.04825591903126,23.334381,0.60131073,-0.48052597,1011.5566,23.388428,-0.13,0.23245811,0.01513958,0.013113022,0.40946907,0.7697271
2018-05-19,MIEL1,Caldas,101.29,136956000.0,165990000.0,82.50858485450931,22.493011,0.31716156,-0.594326,1012.7369,23.33197,-0.13,0.84364414,0.22256374,0.220716,0.42901814,0.67365783
2018-05-20,MIEL1,Caldas,101.07,126165000.0,165990000.0,76.00759081872403,23.181244,-0.25840378,-0.2280693,1012.5625,23.43216,-0.13,0.12624264,0.018417835,0.016450882,0.43163586,0.34465653
2018-05-21,MIEL1,Caldas,101.15,148830000.0,165990000.0,89.66202783300199,22.216522,0.22112656,-0.6711197,1012.6639,23.432892,-0.13,0.08392334,0.0063180923,0.00423193,0.4168613,0.7066106
2018-05-22,MIEL1,Caldas,100.38,124004000.0,165990000.0,74.70570516296162,23.314117,-0.16199875,-0.37133408,1012.09814,23.352936,-0.13,0.0487566,0.013232231,0.011026859,0.4093949,0.4051328
2018-05-23,MIEL1,Caldas,101.12,172102000.0,165990000.0,103.68214952707994,23.660858,-0.025596619,-0.06895828,1013.1147,23.283905,-0.13,0.14436245,0.006914139,0.004529953,0.40754175,0.07355563
2018-05-24,MIEL1,Caldas,100.05,117560000.0,165990000.0,70.82354358696307,23.31668,0.17108154,0.18584442,1013.0572,23.347687,-0.13,0.0,0.0023245811,0.0,0.38721588,0.25260055
2018-05-25,MIEL1,Caldas,98.77,101217000.0,165990000.0,60.97776974516537,24.028717,-0.08219147,0.49118805,1011.89984,23.10553,-0.13,0.0,0.0023841858,0.0,0.36731714,0.49801722
2018-05-26,MIEL1,Caldas,98.15,88071000.0,165990000.0,53.05801554310501,23.61502,0.1413765,-0.010311127,1011.3342,23.159027,-0.13,0.0027418137,0.002503395,0.00017881393,0.3551375,0.141752
2018-05-27,MIEL1,Caldas,96.83,96090000.0,165990000.0,57.889029459606,23.874237,-0.39489365,-0.7262039,1012.7417,23.20868,-0.13,0.046491623,0.0047683716,0.0024437904,0.34895974,0.82662755
2018-05-28,MIEL1,Caldas,98.31,170177000.0,165990000.0,102.5224411109103,22.199799,-0.34217072,-0.5571594,1014.355,23.15622,-0.13,0.6699562,0.074505806,0.07215142,0.40634382,0.65384054
2018-05-29,MIEL1,Caldas,98.23,109202000.0,165990000.0,65.78830050003012,23.750092,-0.05122757,-0.46961594,1012.46765,23.2883,-0.13,0.0027418137,0.0023841858,0.0,0.39690223,0.4724017
2018-05-30,MIEL1,Caldas,97.53,117028000.0,165990000.0,70.5030423519489,23.987091,-0.047855377,0.13710403,1012.0475,23.19577,-0.13,0.000834465,0.0023841858,0.0,0.37790227,0.14521588
2018-05-31,MIEL1,Caldas,96.99,107212000.0,165990000.0,64.58943309837942,24.19522,0.03145981,-0.055160522,1010.52686,23.067108,-0.13,0.07605553,0.0033974648,0.0008940697,0.37115222,0.0635012
2018-06-01,MIEL1,Caldas,95.72,104397000.0,114060000.0,91.52814308258812,22.873932,-0.10674286,0.5312805,1010.33264,22.953278,0.06,0.00047683716,0.002503395,5.9604645e-05,0.3592717,0.5418976
2018-06-02,MIEL1,Caldas,93.9,88595000.0,114060000.0,77.674031211643,23.769073,-0.0037193298,0.30174637,1011.2531,22.878693,0.06,0.0060796738,0.0031590462,0.0007748604,0.34836784,0.3017693
2018-06-03,MIEL1,Caldas,91.88,82937000.0,114060000.0,72.71348413115903,24.387482,0.15101242,0.64544296,1012.485,22.645264,0.06,0.004887581,0.0029802322,0.00059604645,0.33339202,0.66287357
2018-06-04,MIEL1,Caldas,89.9,82265000.0,114060000.0,72.12432053305278,23.878021,0.0655632,0.3473282,1013.3125,22.35733,0.06,0.0,0.0023841858,0.0,0.32175767,0.353462
2018-06-05,MIEL1,Caldas,90.56,70311000.0,114060000.0,61.64387164650185,23.538605,0.053855896,0.24149323,1012.1478,22.101227,0.06,0.0,0.0023841858,0.0,0.31128013,0.24742562
2018-06-06,MIEL1,Caldas,91.7,65914000.0,114060000.0,57.78888304401192,23.998138,-0.029438019,0.38795853,1010.53186,21.890015,0.06,0.0,0.0024437904,0.0,0.30395994,0.3890738
2018-06-07,MIEL1,Caldas,92.68,60381000.0,114060000.0,52.93792740662809,23.89273,-0.01883316,0.24467087,1011.3856,21.700775,0.06,0.0,0.0023841858,0.0,0.2945401,0.24539462
2018-06-08,MIEL1,Caldas,93.45,56514000.0,114060000.0,49.547606522882695,24.456268,-0.007965088,0.3732109,1011.08344,21.605377,0.06,0.0,0.002503395,0.0,0.28496918,0.3732959
2018-06-09,MIEL1,Caldas,94.44,62223000.0,114060000.0,54.5528669121515,25.193085,0.013538361,0.6843834,1010.6083,21.697113,0.06,0.0,0.0023841858,0.0,0.27353695,0.68451726
2018-06-10,MIEL1,Caldas,93.02,57949000.0,114060000.0,50.8057162896721,25.379852,0.2667389,-0.0538826,1011.14734,21.801392,0.06,0.00011920929,0.0023841858,0.0,0.26354662,0.27212676
2018-06-11,MIEL1,Caldas,93.69,63605000.0,114060000.0,55.76450990706645,23.730255,-0.16696548,0.07972336,1012.5639,21.986847,0.06,0.0,0.0023841858,0.0,0.2702061,0.1850224
2018-06-12,MIEL1,Caldas,91.43,58977000.0,114060000.0,51.70699631772752,23.505463,-0.17985916,0.24935913,1013.71844,22.068817,0.06,0.41675568,0.008702278,0.0063180923,0.2987795,0.30745617
2018-06-13,MIEL1,Caldas,91.8,49788000.0,114060000.0,43.65071015255128,24.395416,-0.25521088,0.42881012,1012.66675,22.103973,0.06,0.0,0.0023841858,0.0,0.2809476,0.49900973
2018-06-14,MIEL1,Caldas,92.39,47845000.0,114060000.0,41.94722076100298,24.944794,-0.19211197,0.37664032,1012.6289,22.262024,0.06,0.00023841858,0.0023841858,0.0,0.26940557,0.42280602
2018-06-15,MIEL1,Caldas,89.7,46133000.0,114060000.0,40.4462563563037,24.16269,0.05022049,0.22093964,1012.8189,22.176239,0.06,0.0,0.0023841858,0.0,0.25613916,0.22657542
2018-06-16,MIEL1,Caldas,89.9,44181000.0,114060000.0,38.734876380852185,24.222809,-0.32928085,0.43860245,1013.86096,22.010986,0.06,0.0,0.0022649765,0.0,0.2456734,0.5484505
2018-06-17,MIEL1,Caldas,90.51,41110000.0,114060000.0,36.04243380676837,23.753448,-0.12801361,0.8549957,1013.0041,21.746552,0.06,0.0,0.002026558,0.0,0.23390046,0.864526
2018-06-18,MIEL1,Caldas,87.63,38086000.0,114060000.0,33.3911976152902,24.102448,0.050670624,0.8406334,1012.6753,21.776764,0.06,0.0,0.0021457672,0.0,0.22771269,0.84215915
2018-06-19,MIEL1,Caldas,87.74,36059000.0,114060000.0,31.61406277397861,24.454376,0.05193329,0.6108589,1012.9959,21.85849,0.06,0.0021457672,0.0019669533,0.0,0.22154358,0.61306256
2018-06-20,MIEL1,Caldas,88.14999999999999,35677000.0,114060000.0,31.279151323864635,24.272247,-0.2594223,-0.11933899,1014.3209,21.757141,0.06,0.00023841858,0.0021457672,0.0,0.21567288,0.28555512
2018-06-21,MIEL1,Caldas,88.55,35637000.0,114060000.0,31.244082062072597,24.18106,-0.12789154,0.4514084,1014.0447,21.887024,0.06,0.0,0.0020861626,0.0,0.20854455,0.46917564
2018-06-22,MIEL1,Caldas,88.94,34196000.0,114060000.0,29.980711906014378,24.981049,-0.3776207,0.45536423,1012.9352,21.867706,0.06,0.00011920929,0.0020861626,0.0,0.20421866,0.59156907
2018-06-23,MIEL1,Caldas,89.46,36188000.0,114060000.0,31.727161143257938,25.266388,-0.0740242,0.66859055,1011.8656,21.984192,0.06,0.0,0.002026558,0.0,0.20338297,0.6726759
2018-06-24,MIEL1,Caldas,87.71,35150000.0,114060000.0,30.81711379975452,25.670135,-0.6004143,0.3080063,1012.0636,21.999573,0.06,0.0,0.0019669533,0.0,0.20074245,0.6748075
2018-06-25,MIEL1,Caldas,84.58,30640000.0,114060000.0,26.863054532702087,24.374176,-0.17406464,0.3232193,1012.5087,22.05017,0.06,0.0,0.0019073486,0.0,0.19826983,0.36710927
2018-06-26,MIEL1,Caldas,84.78999999999999,29727000.0,114060000.0,26.06259863229879,24.042084,-0.029262543,0.3856125,1011.7761,21.858246,0.06,0.0,0.0019669533,0.0,0.1974849,0.3867212
2018-06-27,MIEL1,Caldas,85.04,31242000.0,114060000.0,27.39084692267228,24.64798,-0.68992996,0.15665054,1012.205,21.825745,0.06,0.0,0.0021457672,0.0,0.19613436,0.70749044
2018-06-28,MIEL1,Caldas,85.72,49412000.0,114060000.0,43.32105909170612,24.378143,-0.26089096,0.72439957,1012.7523,21.841217,0.06,0.0011920929,0.0019073486,0.0,0.1965114,0.7699473
2018-06-29,MIEL1,Caldas,86.05000000000001,33345000.0,114060000.0,29.234613361388742,24.645233,-0.50889206,-0.3152771,1013.0527,21.813385,0.06,0.12052059,0.0071525574,0.005275011,0.20007877,0.5986408
2018-06-30,MIEL1,Caldas,86.44,35190000.0,114060000.0,30.852183061546555,23.889557,-0.43935013,-0.29720688,1012.7658,21.91156,0.06,0.000834465,0.0019073486,0.0,0.19917165,0.53043425
2018-07-01,MIEL1,Caldas,86.72,28700000.0,78960000.0,36.347517730496456,24.29422,-0.27642822,0.2807579,1011.60126,21.947357,0.14,0.00023841858,0.0019073486,0.0,0.19577737,0.39400196
2018-07-02,MIEL1,Caldas,87.5,50705000.0,78960000.0,64.2160587639311,24.375397,-0.8690376,0.07860947,1011.8625,22.122559,0.14,0.17130375,0.002861023,0.0009536743,0.1971109,0.8725857
2018-07-03,MIEL1,Caldas,88.52,71762000.0,78960000.0,90.8839918946302,22.48233,-0.15104294,-0.5339012,1012.96423,22.13501,0.14,0.2810955,0.006377697,0.0044703484,0.2384035,0.55485535
2018-07-04,MIEL1,Caldas,88.91,38392000.0,78960000.0,48.62208713272543,24.521454,-0.23940277,0.4529152,1010.8233,22.080048,0.14,0.0,0.001847744,0.0,0.23935786,0.5122947
2018-07-05,MIEL1,Caldas,89.17,33189000.0,78960000.0,42.03267477203648,25.406525,-0.10888672,0.6213684,1010.6219,22.100708,0.14,0.0,0.0019073486,0.0,0.2234959,0.6308368
2018-07-06,MIEL1,Caldas,89.38000000000001,30720000.0,78960000.0,38.90577507598784,24.686127,-0.40076828,0.5575447,1011.02374,21.95166,0.14,0.0,0.0017881393,0.0,0.21424803,0.6866377
2018-07-07,MIEL1,Caldas,89.56,29367000.0,78960000.0,37.19224924012158,25.593353,-0.48659515,0.6431198,1012.14685,22.038544,0.14,0.0,0.0015497208,0.0,0.21009776,0.80646014
2018-07-08,MIEL1,Caldas,89.75,28234000.0,78960000.0,35.757345491388044,25.791046,-0.32210922,0.50590515,1011.6689,22.0878,0.14,0.0,0.0014901161,0.0,0.20493796,0.5997453
2018-07-09,MIEL1,Caldas,89.83,27331000.0,78960000.0,34.61372847011145,25.926178,-0.13972855,0.83431625,1011.1086,22.295197,0.14,0.0,0.0014305115,0.0,0.19775149,0.84593594
2018-07-10,MIEL1,Caldas,89.85,26371000.0,78960000.0,33.39792299898683,25.796906,-0.45103073,0.5185623,1011.9925,22.245026,0.14,0.0,0.0014305115,0.0,0.19303553,0.68726677
2018-07-11,MIEL1,Caldas,86.65,25648000.0,78960000.0,32.4822695035461,26.271332,-0.42195892,0.3098793,1011.85565,22.125702,0.14,0.0,0.0014305115,0.0,0.18701375,0.52352124
2018-07-12,MIEL1,Caldas,86.33999999999999,24936000.0,78960000.0,31.580547112462003,26.930939,-0.3266945,0.67359924,1012.0583,22.024048,0.14,0.0,0.0014305115,0.0,0.18185194,0.74864227
2018-07-13,MIEL1,Caldas,86.44,24263000.0,78960000.0,30.728216818642352,25.659027,-0.15209961,0.855793,1011.1783,22.006744,0.14,0.0,0.0014305115,0.0,0.17966564,0.8692042
2018-07-14,MIEL1,Caldas,86.52,23618000.0,78960000.0,29.911347517730498,25.859406,-0.30895996,0.4590149,1011.7672,22.004425,0.14,0.0,0.0014305115,0.0,0.18070012,0.5533091
2018-07-15,MIEL1,Caldas,86.83,34579000.0,78960000.0,43.79305977710233,25.740936,-0.28405762,0.57927704,1011.3008,21.95581,0.14,0.0,0.0014305115,0.0,0.18057385,0.6451749
2018-07-16,MIEL1,Caldas,86.85000000000001,23756000.0,78960000.0,30.08611955420466,25.835114,-0.11286926,0.68115234,1012.202,22.044159,0.14,0.0,0.0014305115,0.0,0.18085541,0.6904404
2018-07-17,MIEL1,Caldas,86.9,22862000.0,78960000.0,28.95390070921986,25.634613,-0.105545044,0.4164276,1013.33594,21.95169,0.14,0.0,0.0014305115,0.0,0.1805002,0.4295948
2018-07-18,MIEL1,Caldas,86.96000000000001,21996000.0,78960000.0,27.857142857142858,25.541962,-0.4117813,0.51882553,1012.53217,22.084595,0.14,0.0,0.0013113022,0.0,0.1800016,0.66237736
2018-07-19,MIEL1,Caldas,87.06,21609000.0,78960000.0,27.367021276595743,25.522491,-0.12957,0.013671875,1011.1811,22.008026,0.14,0.0,0.0014305115,0.0,0.18045175,0.13028932
2018-07-20,MIEL1,Caldas,87.24,35046000.0,78960000.0,44.38449848024316,26.69107,-0.29800797,0.883091,1010.7594,21.711914,0.14,0.0,0.0011324883,0.0,0.18036489,0.93201846
2018-07-21,MIEL1,Caldas,87.58,36544000.0,78960000.0,46.28166160081054,26.060944,0.0057754517,0.059043884,1011.5061,21.49234,0.14,0.00047683716,0.0013709068,0.0,0.18043113,0.059325676
2018-07-22,MIEL1,Caldas,87.66000000000001,25675000.0,78960000.0,32.516464032421474,25.137054,-0.28377533,0.6460953,1010.9164,21.2742,0.14,0.005722046,0.0013709068,0.0,0.181472,0.70566815
2018-07-23,MIEL1,Caldas,87.66000000000001,23567000.0,78960000.0,29.846757852077,25.57486,-0.40994644,0.33921432,1011.8008,21.276703,0.14,0.0,0.0012516975,0.0,0.18178701,0.5320925
2018-07-24,MIEL1,Caldas,88.75,79768000.0,78960000.0,101.02330293819657,25.568146,-0.37858963,0.6142998,1014.2006,21.25232,0.14,0.0,0.0011920929,0.0,0.18081671,0.72159153
2018-07-25,MIEL1,Caldas,88.91,32454000.0,78960000.0,41.10182370820669,25.540802,-0.6857376,0.46043396,1013.4208,21.592194,0.14,0.0,0.0013113022,0.0,0.18067972,0.8259755
2018-07-26,MIEL1,Caldas,89.12,29539000.0,78960000.0,37.41008105369807,26.193085,-0.14666748,0.6863518,1012.0189,21.649353,0.14,0.00011920929,0.0013113022,0.0,0.17983042,0.7018476
2018-07-27,MIEL1,Caldas,89.2,26656000.0,78960000.0,33.75886524822695,25.040558,-0.3218956,0.32680893,1013.6414,21.649353,0.14,0.0,0.0014305115,0.0,0.18031368,0.4587165
2018-07-28,MIEL1,Caldas,89.35,32482000.0,78960000.0,41.13728470111449,25.6492,-0.3658867,0.3869362,1013.8727,21.814972,0.14,0.0,0.0010728836,0.0,0.18046509,0.53253424
2018-07-29,MIEL1,Caldas,89.62,31321000.0,78960000.0,39.66691995947315,25.73117,-0.5414543,0.4993837,1012.6805,22.380981,0.14,0.0,0.0013709068,0.0,0.18122905,0.73658454
2018-07-30,MIEL1,Caldas,89.72,27729000.0,78960000.0,35.1177811550152,25.786774,-0.4633789,0.057724,1012.6317,22.54712,0.14,0.0,0.0010728836,0.0,0.18104875,0.46696046
2018-07-31,MIEL1,Caldas,90.67,71117000.0,78960000.0,90.06712259371834,24.550446,-0.43583298,-0.077293396,1013.46967,22.503876,0.14,0.14686584,0.0022649765,0.0011920929,0.19043851,0.44263375
2018-08-01,MIEL1,Caldas,90.91,33544000.0,78380000.0,42.79663179382496,24.758148,-0.43888092,0.89025116,1012.47546,22.679596,0.27,0.0,0.0009536743,0.0,0.19218089,0.99255407
2018-08-02,MIEL1,Caldas,87.68,30688000.0,78380000.0,39.152845113549375,26.277252,-0.43499374,0.24764633,1012.238,22.457825,0.27,0.00023841858,0.0009536743,0.0,0.18692411,0.50054795
2018-08-03,MIEL1,Caldas,88.1,60135000.0,78380000.0,76.7223781576933,25.962433,-0.8095856,0.037338257,1012.0669,22.443115,0.27,0.00047683716,0.0010728836,0.0,0.18633889,0.81044614
2018-08-04,MIEL1,Caldas,89.38000000000001,86871000.0,78380000.0,110.8331206940546,24.941193,-0.19097137,0.091918945,1012.1878,22.556488,0.27,0.12290478,0.0017881393,0.0007748604,0.19116655,0.2119414
2018-08-05,MIEL1,Caldas,90.64,90374000.0,78380000.0,115.3023730543506,24.239471,-0.15802765,0.24124146,1013.09174,22.52597,0.27,0.0,0.0009536743,0.0,0.19361594,0.2883924
2018-08-06,MIEL1,Caldas,91.14,52008000.0,78380000.0,66.35366164837968,24.907562,-0.1775055,0.98140335,1010.15344,22.340485,0.27,0.0,0.0009536743,0.0,0.19290614,0.9973268
2018-08-07,MIEL1,Caldas,91.49,41545000.0,78380000.0,53.00459300842052,25.514557,-0.18823242,0.8414192,1010.7111,22.167267,0.27,0.0,0.0010728836,0.0,0.18634753,0.8622168
2018-08-08,MIEL1,Caldas,91.75,36048000.0,78380000.0,45.99132431742792,26.135712,-0.4594078,1.1026726,1011.6647,22.155151,0.27,0.0,0.000834465,0.0,0.18299565,1.1945469
2018-08-09,MIEL1,Caldas,91.83,33481000.0,78380000.0,42.716254146465936,25.839142,0.023159027,1.2186432,1011.53595,22.033783,0.27,0.0,0.0009536743,0.0,0.18274175,1.2188632
2018-08-10,MIEL1,Caldas,88.62,31322000.0,78380000.0,39.96172492982904,25.805145,-0.22916794,1.1737213,1012.97815,21.998352,0.27,0.0,0.0009536743,0.0,0.1828665,1.1958845
2018-08-11,MIEL1,Caldas,88.33,29638000.0,78380000.0,37.81321765756571,23.837982,-0.16033173,0.6806488,1012.5167,21.94461,0.27,0.0,0.0009536743,0.0,0.18191999,0.6992775
2018-08-12,MIEL1,Caldas,88.47,28351000.0,78380000.0,36.17121714723144,25.111603,-0.26439285,0.78139496,1012.39624,21.92929,0.27,0.0,0.0009536743,0.0,0.18170948,0.82491314
2018-08-13,MIEL1,Caldas,88.62,27229000.0,78380000.0,34.73972952283746,25.54599,-0.28515625,0.6305008,1011.2483,21.980011,0.27,0.0,0.00071525574,0.0,0.18065834,0.6919865
2018-08-14,MIEL1,Caldas,88.88000000000001,33825000.0,78380000.0,43.15514161775963,24.539764,-0.26187897,-0.18501282,1012.4592,21.96811,0.27,0.06747246,0.0012516975,0.00035762787,0.18401246,0.3206405
2018-08-15,MIEL1,Caldas,89.12,31496000.0,78380000.0,40.18372033682061,23.824493,-0.7556267,0.1521492,1013.4545,21.993927,0.27,0.002861023,0.0009536743,2.9802322e-05,0.19030014,0.7707925
2018-08-16,MIEL1,Caldas,89.07000000000001,26011000.0,78380000.0,33.1857616738964,24.698029,-0.25510788,0.5069275,1013.75903,21.786224,0.27,0.0,0.0008940697,0.0,0.18612546,0.56749934
2018-08-17,MIEL1,Caldas,88.75,24767000.0,78380000.0,31.598622097473843,24.393707,-0.2990532,0.54208374,1014.08875,21.534088,0.27,0.0,0.000834465,0.0,0.18564665,0.61910224
2018-08-18,MIEL1,Caldas,88.81,24312000.0,78380000.0,31.01811686654759,25.96634,-0.28939438,0.6928444,1013.21936,21.308899,0.27,0.0,0.0005364418,0.0,0.18039194,0.7508545
2018-08-19,MIEL1,Caldas,87.68,34021000.0,78380000.0,43.40520540954325,26.057465,-0.31058502,0.4677124,1012.0567,21.145721,0.27,0.0,0.00059604645,0.0,0.17908965,0.56144273
2018-08-20,MIEL1,Caldas,87.68,23800000.0,78380000.0,30.3648890022965,26.17392,-0.20713425,0.72286224,1012.6769,21.084442,0.27,0.0,0.00059604645,0.0,0.1786434,0.7519538
2018-08-21,MIEL1,Caldas,86.47,22621000.0,78380000.0,28.8606787445777,26.37857,-0.23496628,0.6022911,1011.84033,21.027374,0.27,0.0,0.0005364418,0.0,0.17778188,0.6465012
2018-08-22,MIEL1,Caldas,86.47,21826000.0,78380000.0,27.846389385047203,26.460358,-0.2228508,0.7753296,1012.0006,20.977478,0.27,0.0,0.0006556511,0.0,0.17957644,0.8067208
2018-08-23,MIEL1,Caldas,86.21,21280000.0,78380000.0,27.149783107935697,26.58017,-0.6215286,0.8917732,1011.71765,20.81366,0.27,0.024080276,0.00071525574,0.00011920929,0.17951506,1.0869946
2018-08-24,MIEL1,Caldas,86.7,56068000.0,78380000.0,71.53355447818322,24.841827,0.11832428,0.50549316,1012.432,20.889282,0.27,0.048041344,0.002026558,0.0015497208,0.18764344,0.51915693
2018-08-25,MIEL1,Caldas,86.78,25836000.0,78380000.0,32.96249043123245,25.858551,-0.46776962,0.71904373,1011.46454,20.848175,0.27,0.0,0.00047683716,0.0,0.19135112,0.8578067
2018-08-26,MIEL1,Caldas,86.83,23279000.0,78380000.0,29.700178616994133,26.271332,-0.4559021,0.5907936,1011.64404,20.746613,0.27,0.0,0.0005364418,0.0,0.19023138,0.74624646
2018-08-27,MIEL1,Caldas,86.98,30651000.0,78380000.0,39.105639193671855,25.8992,-0.39570618,0.96237564,1011.9336,20.792236,0.27,0.0,0.00047683716,0.0,0.19012515,1.0405529
2018-08-28,MIEL1,Caldas,86.98,23430000.0,78380000.0,29.89282980352131,25.15274,-0.28757095,0.7143135,1011.83704,20.82196,0.27,0.0,0.00047683716,0.0,0.18992773,0.7700265
2018-08-29,MIEL1,Caldas,86.98,21899000.0,78380000.0,27.939525389129884,26.106781,-0.3990593,0.5089493,1011.3931,20.741608,0.27,0.0,0.0005364418,0.0,0.18893293,0.6467439
2018-08-30,MIEL1,Caldas,87.53,28721000.0,78380000.0,36.64327634600664,26.195892,-0.54893875,0.38858032,1011.9147,20.779205,0.27,0.004172325,0.0005364418,0.0,0.18994544,0.67255366
2018-08-31,MIEL1,Caldas,88.02,43728000.0,78380000.0,55.78974228119418,26.278046,-0.44661713,0.32164764,1010.64624,20.82721,0.27,0.0,0.0006556511,0.0,0.18916741,0.55038536
2018-09-01,MIEL1,Caldas,88.21,33298000.0,107420000.0,30.99795196425247,26.278046,-0.7184334,-0.30254745,1011.1297,20.677216,0.53,0.0013113022,0.0006556511,0.0,0.19061114,0.7795393
2018-09-02,MIEL1,Caldas,88.64999999999999,43975000.0,107420000.0,40.93744181716627,26.095062,0.012535095,-0.7825012,1010.635,20.68161,0.53,0.042319298,0.0007748604,0.00023841858,0.19815181,0.7826016
2018-09-03,MIEL1,Caldas,89.01,38329000.0,107420000.0,35.68143734872463,25.878326,-0.37075043,0.5549545,1010.0105,21.026001,0.53,0.00047683716,0.0005364418,0.0,0.19907579,0.6674057
2018-09-04,MIEL1,Caldas,89.56,46345000.0,107420000.0,43.14373487246323,25.002045,-0.92936325,-0.1123085,1010.8717,21.131195,0.53,0.00035762787,0.00059604645,0.0,0.19553003,0.93612456
2018-09-05,MIEL1,Caldas,89.75,32240000.0,107420000.0,30.01303295475703,25.70987,-0.3301735,0.5612831,1010.3773,21.276123,0.53,0.00071525574,0.0005364418,0.0,0.19604316,0.65119374
2018-09-06,MIEL1,Caldas,87.87,34116000.0,107420000.0,31.759448892198844,23.70816,-1.0464401,-0.17771912,1012.65656,21.54831,0.53,0.11205673,0.001847744,0.0010728836,0.20281626,1.061424
2018-09-07,MIEL1,Caldas,87.89,30313000.0,107420000.0,28.219139824986037,24.899017,-0.79013824,-0.14405823,1013.03314,21.432526,0.53,0.030994415,0.00071525574,0.00011920929,0.2114381,0.80316323
2018-09-08,MIEL1,Caldas,88.64999999999999,64767000.0,107420000.0,60.293241482033146,24.972382,-0.7282524,0.14139557,1012.2586,21.375916,0.53,0.0038146973,0.00047683716,0.0,0.2111305,0.7418519
2018-09-09,MIEL1,Caldas,88.94,36954000.0,107420000.0,34.40141500651648,25.680328,-0.32611465,0.6722336,1011.1464,21.393646,0.53,0.00023841858,0.00059604645,0.0,0.21089843,0.74716043
2018-09-10,MIEL1,Caldas,89.14999999999999,31068000.0,107420000.0,28.92198845652579,25.750519,-0.32800293,0.3567314,1011.46265,21.266235,0.53,0.0,0.0006556511,0.0,0.20755541,0.48460627
2018-09-11,MIEL1,Caldas,88.57000000000001,53071000.0,107420000.0,49.40513870787563,26.259308,-0.3489914,0.0701561,1011.2508,21.470703,0.53,0.0034570694,0.00059604645,0.0,0.21262321,0.35597312
2018-09-12,MIEL1,Caldas,88.75,35913000.0,107420000.0,33.43232172779743,25.840973,-0.25336456,-1.0318604,1011.23456,21.406189,0.53,0.038981438,0.0014305115,0.000834465,0.21075545,1.0625108
2018-09-13,MIEL1,Caldas,87.71,55514000.0,107420000.0,51.6793893129771,23.472137,0.20736694,-0.9461899,1011.8303,21.223785,0.53,0.33390522,0.00500679,0.0044703484,0.27185076,0.96864665
2018-09-14,MIEL1,Caldas,87.06,76974000.0,107420000.0,71.6570471048222,22.671844,-0.31115723,0.008617401,1011.9211,20.966766,0.53,0.43094158,0.0067949295,0.0060796738,0.31816354,0.31127653
2018-09-15,MIEL1,Caldas,86.0,70788000.0,107420000.0,65.89834295289518,22.619965,0.12604141,-0.14348984,1012.28107,20.858002,0.53,0.7647276,0.06496906,0.064611435,0.3526594,0.1909863
2018-09-16,MIEL1,Caldas,87.68,109368000.0,107420000.0,101.81344256190654,22.597687,-0.18585205,0.030239105,1012.0178,20.73346,0.53,0.35607815,0.017762184,0.017344952,0.39694548,0.188296
2018-09-17,MIEL1,Caldas,88.36,58959000.0,107420000.0,54.8864271085459,24.31186,-0.34312057,-0.2209549,1011.58966,20.661499,0.53,0.0029802322,0.00071525574,0.00017881393,0.35334063,0.4081088
2018-09-18,MIEL1,Caldas,88.13,58373000.0,107420000.0,54.34090485943028,26.053009,-0.606987,-0.29187012,1010.22687,20.862762,0.53,0.0067949295,0.00059604645,0.00023841858,0.32300222,0.6735142
2018-09-19,MIEL1,Caldas,90.96,147198000.0,107420000.0,137.0303481660771,24.575409,-0.28434753,0.0074157715,1010.29987,21.02539,0.53,0.098228455,0.0019669533,0.0014305115,0.32312053,0.2844442
2018-09-20,MIEL1,Caldas,90.83,82478000.0,107420000.0,76.78086017501397,25.276398,-0.0099487305,-0.00020980835,1009.8619,21.40274,0.53,0.0,0.00047683716,0.0,0.30373874,0.009950942
2018-09-21,MIEL1,Caldas,89.96,61484000.0,107420000.0,57.23701359150996,24.907562,0.12453079,0.30819702,1010.10455,21.56903,0.53,0.00035762787,0.00047683716,0.0,0.28740782,0.33240536
2018-09-22,MIEL1,Caldas,89.2,51504000.0,107420000.0,47.94637870042823,24.806305,-0.018161774,-0.12712097,1010.14435,21.684326,0.53,0.0,0.00029802322,0.0,0.27351108,0.1284118
2018-09-23,MIEL1,Caldas,87.48,43846000.0,107420000.0,40.81735244833365,24.965729,-0.07593155,0.038394928,1009.1266,21.79953,0.53,0.0,0.00035762787,0.0,0.25948802,0.085086845
2018-09-24,MIEL1,Caldas,86.53999999999999,39086000.0,107420000.0,36.38614783094396,25.751007,-0.08135605,0.11316681,1010.4397,21.667358,0.53,0.00071525574,0.0004172325,0.0,0.24825202,0.13937551
2018-09-25,MIEL1,Caldas,84.66,36370000.0,107420000.0,33.857754608080434,24.539032,-0.07430267,0.27626038,1010.5002,21.667358,0.53,0.00071525574,0.0006556511,0.0,0.24138257,0.28607813
2018-09-26,MIEL1,Caldas,84.3,36778000.0,107420000.0,34.23757214671384,25.132904,-0.18102264,-0.031017303,1010.215,21.671722,0.53,0.0,0.0004172325,0.0,0.23430224,0.18366076
2018-09-27,MIEL1,Caldas,84.97,58416000.0,107420000.0,54.38093464904114,24.398224,-0.6892929,-0.80841064,1011.4869,21.63565,0.53,0.14698505,0.0014305115,0.0010728836,0.26181206,1.0623807
2018-09-28,MIEL1,Caldas,85.66,59574000.0,107420000.0,55.45894619251536,24.646393,-0.64707184,-0.8568268,1011.47845,21.494751,0.53,0.12207031,0.0022053719,0.0017881393,0.26576102,1.0737104
2018-09-29,MIEL1,Caldas,86.28,142257000.0,107420000.0,132.43064606218582,24.993439,-0.6020546,-0.6843376,1010.7933,21.475739,0.53,0.011920929,0.00071525574,0.00023841858,0.27346832,0.9114756
2018-09-30,MIEL1,Caldas,88.1,108808000.0,107420000.0,101.2921243716254,25.41745,-0.5340767,-0.59433365,1010.26013,21.353088,0.53,0.03349781,0.0011920929,0.000834465,0.28521448,0.7990434
2018-10-01,MIEL1,Caldas,89.33,78226000.0,151940000.0,51.48479663024879,23.623749,0.038764954,-0.70186234,1011.0081,21.283691,0.81,0.37932396,0.0192523,0.018626451,0.33900753,0.70293206
2018-10-02,MIEL1,Caldas,90.7,73242000.0,151940000.0,48.20455442938002,23.941803,0.7074394,-0.24678421,1011.79175,21.091827,0.81,0.053167343,0.0033974648,0.0029206276,0.3955075,0.74924827
2018-10-03,MIEL1,Caldas,89.59,60103000.0,151940000.0,39.55706199815717,23.432587,0.17840576,-0.5334358,1011.0664,21.083466,0.81,0.039935112,0.00423193,0.0039339066,0.38608477,0.5624788
2018-10-04,MIEL1,Caldas,90.85,74931000.0,151940000.0,49.31617743846255,21.761261,-0.5427704,-0.015972137,1012.115,21.42102,0.81,2.913475,0.9788871,0.97858906,0.45227817,0.54300535
2018-10-05,MIEL1,Caldas,93.4,107349000.0,151940000.0,70.65223114387258,22.530304,0.12012482,-0.91285324,1012.9295,21.262482,0.81,1.2460947,0.17374754,0.1733303,0.44720533,0.92072314
2018-10-06,MIEL1,Caldas,95.37,138470000.0,151940000.0,91.1346584177965,21.618317,-0.32770538,-0.59407425,1014.27966,21.409637,0.81,0.7226467,0.12743473,0.1270175,0.45089346,0.6784652
2018-10-07,MIEL1,Caldas,95.72,85446000.0,151940000.0,56.23667237067264,23.575897,-0.2108078,-0.8835945,1013.16797,21.689545,0.81,0.03194809,0.00166893,0.0013113022,0.42053115,0.90839374
2018-10-08,MIEL1,Caldas,97.93,143072000.0,151940000.0,94.16348558641567,23.443512,-0.1368599,-0.64440155,1012.3074,22.073395,0.81,0.052809715,0.004887581,0.0045001507,0.4162582,0.6587746
2018-10-09,MIEL1,Caldas,97.88,104063000.0,151940000.0,68.4895353428985,21.894806,0.6168556,-0.6111183,1013.3672,22.26242,0.81,0.98228455,0.23686886,0.23651123,0.44593138,0.8683182
2018-10-10,MIEL1,Caldas,99.7,124787000.0,151940000.0,82.12912991970515,22.63565,0.27877426,-0.8294525,1013.3745,22.29132,0.81,0.72181225,0.13881922,0.13840199,0.44855398,0.8750466
2018-10-11,MIEL1,Caldas,101.92000000000002,168788000.0,151940000.0,111.08858760036856,21.776703,0.06818771,-0.2172432,1013.44763,22.518768,0.81,1.1466742,0.2619028,0.26154518,0.45218122,0.22769314
2018-10-12,MIEL1,Caldas,101.75,124591000.0,151940000.0,82.00013163090694,22.514313,-0.08362961,-1.172535,1013.6763,22.598236,0.81,0.33926964,0.08225441,0.08177757,0.4352626,1.1755135
2018-10-13,MIEL1,Caldas,101.94,126017000.0,151940000.0,82.93865999736738,23.126251,0.42395782,-0.7428818,1014.0753,22.62149,0.81,1.2623072,0.5457401,0.54234266,0.43163794,0.8553441
2018-10-14,MIEL1,Caldas,101.29,104773000.0,151940000.0,68.95682506252469,23.301544,0.13000107,-0.74380493,1013.8842,22.511505,0.81,0.36120415,0.08299947,0.082463026,0.4298224,0.75508016
2018-10-15,MIEL1,Caldas,100.6,107318000.0,151940000.0,70.63182835329735,23.495697,-0.016536713,-0.279068,1012.84515,22.343475,0.81,0.13327599,0.01731515,0.016987324,0.4296014,0.27955753
2018-10-16,MIEL1,Caldas,100.16,118098000.0,151940000.0,77.7267342371989,24.461823,-0.20812607,-0.6614609,1011.3031,22.253326,0.81,0.2220869,0.0056028366,0.005185604,0.4088958,0.69343126
2018-10-17,MIEL1,Caldas,101.04,133257000.0,151940000.0,87.70369882848493,22.9169,-0.05501938,-0.6199951,1011.8144,22.278107,0.81,0.27239323,0.013947487,0.013709068,0.4266407,0.6224316
2018-10-18,MIEL1,Caldas,101.15,101721000.0,151940000.0,66.94813742266685,22.551117,0.20854568,-0.40367508,1012.2911,22.234222,0.81,0.087976456,0.007212162,0.0069737434,0.41098884,0.45436206
2018-10-19,MIEL1,Caldas,101.18,94477000.0,151940000.0,62.18046597341056,22.51889,0.17319489,-0.53539276,1012.5025,22.208221,0.81,0.4787445,0.07814169,0.07778406,0.42319304,0.5627094
2018-10-20,MIEL1,Caldas,101.09,101356000.0,151940000.0,66.70791101750692,23.256195,0.5169716,-1.0153427,1011.0389,22.267853,0.81,0.7914305,0.16790628,0.16745925,0.43772775,1.1393772
2018-10-21,MIEL1,Caldas,100.33,87412000.0,151940000.0,57.53060418586284,22.048248,0.19186401,-0.67577744,1011.8572,22.097382,0.81,1.0176897,0.21058321,0.17493963,0.4454546,0.7024863
2018-10-22,MIEL1,Caldas,99.43,94283000.0,151940000.0,62.052783993681714,22.427765,0.10248566,-1.1652031,1011.53217,21.852814,0.81,1.3017654,0.35834312,0.3579259,0.44689432,1.1697015
2018-10-23,MIEL1,Caldas,98.15,92869000.0,151940000.0,61.12215348163749,23.01175,0.08212662,-0.8488426,1012.3125,21.740662,0.81,0.24986267,0.082194805,0.08174777,0.43553072,0.8528063
2018-10-24,MIEL1,Caldas,97.8,94822000.0,151940000.0,62.4075292878768,22.692657,0.54961014,-0.91581345,1012.58545,21.85785,0.81,0.71656704,0.20384789,0.20343065,0.4522274,1.0680757
2018-10-25,MIEL1,Caldas,98.39,106638000.0,151940000.0,70.18428326971173,23.471039,-0.18452835,-0.6644745,1011.3036,21.749054,0.81,0.13506413,0.04184246,0.041604042,0.4423313,0.689621
2018-10-26,MIEL1,Caldas,99.86,166759000.0,151940000.0,109.75319204949324,23.350311,-0.3631668,-0.8002205,1011.3187,21.809296,0.81,0.09286404,0.016391277,0.01591444,0.42610493,0.87877357
2018-10-27,MIEL1,Caldas,99.56,134393000.0,151940000.0,88.4513623798868,24.334564,0.08160019,-0.06344223,1010.83905,22.034058,0.81,0.014543533,0.0023245811,0.001847744,0.40974286,0.103361055
2018-10-28,MIEL1,Caldas,99.43,101817000.0,151940000.0,67.01132025799657,24.417084,-0.41942215,-0.5792084,1012.34125,22.188293,0.81,0.036120415,0.0052452087,0.004917383,0.39426985,0.71512043
2018-10-29,MIEL1,Caldas,99.18,133735000.0,151940000.0,88.01829669606424,23.103119,0.14382172,-0.39116287,1011.89825,22.435333,0.81,0.3298521,0.02938509,0.028967857,0.40582073,0.416765
2018-10-30,MIEL1,Caldas,97.82,93282000.0,151940000.0,61.39397130446229,23.054169,0.24016571,-0.55631256,1012.22205,22.54831,0.81,0.27906895,0.036001205,0.03552437,0.42345062,0.60594
2018-10-31,MIEL1,Caldas,97.39,98993000.0,151940000.0,65.15269185204686,23.83255,-0.0058021545,-0.24564362,1012.1342,22.743652,0.81,0.022888184,0.003695488,0.0032782555,0.40378946,0.24571213
2018-11-01,MIEL1,Caldas,96.66,83869000.0,187450000.0,44.742064550546814,24.439728,0.21412659,-0.06666565,1011.0659,22.681732,0.97,0.0022649765,0.0007748604,0.00029802322,0.39045984,0.22426435
2018-11-02,MIEL1,Caldas,95.86,107318000.0,187450000.0,57.25153374233128,22.309723,-0.0973053,-1.1729012,1012.6464,22.85321,0.97,0.18906593,0.043809414,0.043332577,0.4079091,1.1769305
2018-11-03,MIEL1,Caldas,95.67,140833000.0,187450000.0,75.13096825820219,22.220978,0.230999,-0.70757675,1012.91547,22.969147,0.97,0.13720989,0.03683567,0.036478043,0.4141792,0.7443288
2018-11-04,MIEL1,Caldas,94.2,95856000.0,187450000.0,51.1368364897306,22.382599,0.69859695,-0.9446602,1012.5563,22.944183,0.97,0.17154217,0.033557415,0.03296137,0.40781268,1.174913
2018-11-05,MIEL1,Caldas,93.9,93293000.0,187450000.0,49.76953854361163,22.008514,0.09615326,-0.86867905,1012.6992,23.066986,0.97,1.6266108,0.5965829,0.59598684,0.45293978,0.8739844
2018-11-06,MIEL1,Caldas,92.92,103508000.0,187450000.0,55.2189917311283,22.293915,0.55290604,-0.6427345,1011.8583,22.962616,0.97,0.8562803,0.2963543,0.29563904,0.44763917,0.8478282
2018-11-07,MIEL1,Caldas,93.53,110344000.0,187450000.0,58.86583088823686,23.320831,-0.2084732,-0.26361084,1010.8297,23.073944,0.97,0.10621548,0.028252602,0.02759695,0.42998073,0.33608294
2018-11-08,MIEL1,Caldas,95.21,106755000.0,187450000.0,56.95118698319553,24.425446,-0.123249054,-0.5850792,1009.9386,23.199554,0.97,0.013589859,0.0033974648,0.002682209,0.41185674,0.5979197
2018-11-09,MIEL1,Caldas,95.19,97940000.0,187450000.0,52.248599626567085,22.885468,0.5517998,-1.1218414,1011.7028,23.399078,0.97,0.60260296,0.25248528,0.2515912,0.43133664,1.2502044
2018-11-10,MIEL1,Caldas,93.64,84119000.0,187450000.0,44.87543344891971,23.328827,0.11693573,-0.67652893,1011.8856,23.514679,0.97,0.2720356,0.068724155,0.06771088,0.4358019,0.6865605
2018-11-11,MIEL1,Caldas,95.19,96930000.0,187450000.0,51.70978927714057,23.569672,0.09742355,-0.43424988,1010.27576,23.44281,0.97,0.04684925,0.007748604,0.006556511,0.4220237,0.44504416
2018-11-12,MIEL1,Caldas,96.53,145495000.0,187450000.0,77.61803147506001,23.847137,-0.04624939,-0.3325653,1009.64734,23.644958,0.97,0.058174133,0.00756979,0.006198883,0.4165768,0.33576584
2018-11-13,MIEL1,Caldas,95.24,97216000.0,187450000.0,51.86236329687917,22.568634,0.3269577,-0.5411415,1011.70044,23.572021,0.97,0.10609627,0.005722046,0.0042915344,0.41739425,0.6322464
2018-11-14,MIEL1,Caldas,95.19,107056000.0,187450000.0,57.111763136836494,23.57022,0.014847517,-0.6904526,1011.71484,23.454132,0.97,0.08070469,0.015199184,0.013649464,0.40793526,0.6906122
2018-11-15,MIEL1,Caldas,95.86,116859000.0,187450000.0,62.34142437983462,23.029694,-0.09832382,-0.74832535,1012.2289,23.207489,0.97,0.19705296,0.018000603,0.01642108,0.41205084,0.75475717
2018-11-16,MIEL1,Caldas,95.56,143172000.0,187450000.0,76.37876767137904,23.491669,0.12526703,-0.50206757,1011.33514,23.172577,0.97,0.05054474,0.009715557,0.008285046,0.40850273,0.51745886
2018-11-17,MIEL1,Caldas,97.85,229514000.0,187450000.0,122.44011736463057,24.14096,0.40885544,-0.5221634,1011.0023,23.1521,0.97,0.100016594,0.006735325,0.00500679,0.40832475,0.66318727
2018-11-18,MIEL1,Caldas,97.99,130508000.0,187450000.0,69.62283275540145,23.542023,0.19765091,-0.39671326,1010.33875,23.16632,0.97,0.14543533,0.010430813,0.0086426735,0.41738912,0.44322374
2018-11-19,MIEL1,Caldas,99.73,127594000.0,187450000.0,68.06828487596692,23.321442,0.12207031,-0.63516617,1010.77374,23.29596,0.97,0.12779236,0.009357929,0.0075101852,0.42227745,0.64678997
2018-11-20,MIEL1,Caldas,100.24,115342000.0,187450000.0,61.53214190450787,24.421783,-0.13054657,-0.885952,1011.47687,23.310638,0.97,0.035643578,0.003516674,0.0017881393,0.41226298,0.8955185
2018-11-21,MIEL1,Caldas,100.49,107692000.0,187450000.0,57.451053614297145,23.689178,0.17648697,-0.64426804,1012.4189,23.241058,0.97,0.16009808,0.018775463,0.016868114,0.40554756,0.6680037
2018-11-22,MIEL1,Caldas,101.34,123780000.0,187450000.0,66.03360896238996,22.390533,0.018924713,-0.7838898,1013.0583,23.181274,0.97,0.28276443,0.035464764,0.03373623,0.4254648,0.7841182
2018-11-23,MIEL1,Caldas,101.84,123929000.0,187450000.0,66.11309682582022,23.224152,0.14683914,-0.56783295,1011.7481,23.141693,0.97,0.120162964,0.017523766,0.015497208,0.4391746,0.58651173
2018-11-24,MIEL1,Caldas,101.42,99032000.0,187450000.0,52.83115497465991,22.965118,0.0787735,-0.6343498,1010.77893,23.11493,0.97,0.59354305,0.20337105,0.20122528,0.442369,0.63922215
2018-11-25,MIEL1,Caldas,100.9,91920000.0,187450000.0,49.03707655374767,23.659576,0.07332611,-0.7120056,1010.6764,23.154236,0.97,0.07236004,0.016570091,0.014454126,0.42805728,0.7157714
2018-11-26,MIEL1,Caldas,100.41,87795000.0,187450000.0,46.83648973059483,22.959808,0.39289474,-0.7063408,1010.89905,23.233429,0.97,0.2605915,0.02682209,0.024318695,0.4242084,0.8082596
2018-11-27,MIEL1,Caldas,100.52,79931000.0,187450000.0,42.6412376633769,22.226044,0.17838287,-0.72398376,1012.46844,23.120483,0.97,0.5322695,0.075399876,0.0731349,0.44605073,0.745636
2018-11-28,MIEL1,Caldas,99.84,73028000.0,187450000.0,38.9586556415044,22.428436,-0.11975479,-0.58860016,1012.89044,23.173737,0.97,0.30887127,0.102341175,0.09980798,0.44059622,0.6006591
2018-11-29,MIEL1,Caldas,99.43,78381000.0,187450000.0,41.81435049346492,23.285309,0.3490448,-0.63586426,1012.5253,23.14737,0.97,0.15044212,0.030040741,0.027656555,0.4231034,0.7253658
2018-11-30,MIEL1,Caldas,100.36,102580000.0,187450000.0,54.72392638036809,23.058258,0.17647552,-0.69709015,1012.79706,23.21811,0.97,0.03695488,0.010848045,0.008523464,0.4282246,0.7190816
2018-12-01,MIEL1,Caldas,100.05,89366000.0,166890000.0,53.54784588651207,22.861237,0.30031586,-0.6883545,1012.54175,23.268494,0.92,0.1989603,0.044465065,0.041902065,0.41767672,0.7510137
2018-12-02,MIEL1,Caldas,99.35,75817000.0,166890000.0,45.42932470489544,22.793182,-0.3711319,-0.52104187,1012.21765,23.235626,0.92,0.06890297,0.013589859,0.010967255,0.40633348,0.63970584
2018-12-03,MIEL1,Caldas,98.56,68065000.0,166890000.0,40.78434897237702,23.534943,-0.019378662,-0.7826767,1011.5797,23.26236,0.92,0.0063180923,0.003784895,0.0009536743,0.3919198,0.78291655
2018-12-04,MIEL1,Caldas,99.29,103023000.0,166890000.0,61.73108035232788,22.845062,-0.21508789,-0.97283936,1011.7944,23.315918,0.92,0.079512596,0.027120113,0.024199486,0.39948347,0.9963329
2018-12-05,MIEL1,Caldas,99.32,99233000.0,166890000.0,59.460123434597634,21.812958,0.42308807,-0.55254745,1012.5658,23.240692,0.92,0.1269579,0.04374981,0.041007996,0.40219817,0.6959255
2018-12-06,MIEL1,Caldas,99.45,93714000.0,166890000.0,56.15315477260471,22.51889,-0.5059738,-0.75845337,1013.7491,23.260284,0.92,0.11968613,0.040352345,0.037372112,0.39597222,0.9117352
2018-12-07,MIEL1,Caldas,99.59,74901000.0,166890000.0,44.8804601833543,22.528046,-0.16617966,-0.58081055,1013.803,23.417511,0.92,0.00071525574,0.0029802322,0.00011920929,0.3809899,0.6041163
2018-12-08,MIEL1,Caldas,99.67,70043000.0,166890000.0,41.96956078854336,22.885223,0.16399384,-0.36160278,1013.9292,23.622528,0.92,0.0011920929,0.0032186508,0.00017881393,0.3675779,0.39705232
2018-12-09,MIEL1,Caldas,99.97,83898000.0,166890000.0,50.27143627539098,22.85733,0.095256805,-0.4761963,1013.2631,23.740814,0.92,0.02515316,0.006556511,0.0035762787,0.35706943,0.48563027
2018-12-10,MIEL1,Caldas,99.13,64448000.0,166890000.0,38.61705314878064,22.753815,0.14012527,-0.16041565,1012.4998,23.74701,0.92,0.00011920929,0.0029802322,0.0,0.3470374,0.21299829
2018-12-11,MIEL1,Caldas,98.88,68683000.0,166890000.0,41.1546527652945,23.195465,0.09550476,-0.42205048,1013.54236,23.883331,0.92,0.00047683716,0.0030994415,0.00011920929,0.33811757,0.43272135
2018-12-12,MIEL1,Caldas,98.26,58982000.0,166890000.0,35.34184193181137,24.116302,0.028728485,-0.029850006,1013.3699,23.947968,0.92,0.0046491623,0.0036358833,0.00059604645,0.3324322,0.041428838
2018-12-13,MIEL1,Caldas,97.28,56173000.0,166890000.0,33.65869734555695,23.17929,-0.124923706,-0.12794495,1012.692,23.823853,0.92,0.00023841858,0.0029802322,0.0,0.32490137,0.1788179
2018-12-14,MIEL1,Caldas,96.42,63011000.0,166890000.0,37.756006950686086,23.328217,0.014701843,-0.2476654,1013.35626,23.729858,0.92,0.055789948,0.009834766,0.006914139,0.32354686,0.24810138
2018-12-15,MIEL1,Caldas,95.35,0.0,0.0,,22.88028,0.06782913,-0.057769775,1013.6228,23.61264,0.92,0.03218651,0.0070929527,0.003874302,0.31952676,0.08909623
2018-12-16,MIEL1,Caldas,94.73,58162000.0,166890000.0,34.85050032955839,23.59726,0.096221924,0.09187698,1013.29346,23.56839,0.92,0.0021457672,0.00333786,0.00017881393,0.3111026,0.13304149
2018-12-17,MIEL1,Caldas,94.51,62279000.0,166890000.0,37.31739469111391,22.383759,0.13168335,-0.5952034,1012.4327,23.51941,0.92,0.0,0.0029802322,0.0,0.29948854,0.60959625
2018-12-18,MIEL1,Caldas,94.03,55005000.0,166890000.0,32.95883516088441,22.914642,0.08855438,-0.6076584,1012.23706,23.546051,0.92,0.0014305115,0.0032782555,0.00011920929,0.2908339,0.61407703
2018-12-19,MIEL1,Caldas,93.32,59979000.0,166890000.0,35.939241416501886,24.160248,0.12709045,-0.00012207031,1011.858,23.649445,0.92,0.003695488,0.0033974648,0.00047683716,0.28385282,0.12709051
2018-12-20,MIEL1,Caldas,92.33,48878000.0,166890000.0,29.28755467673318,23.70816,0.06366348,-0.39999008,1012.21533,23.63327,0.92,0.0,0.0029802322,0.0,0.2768451,0.40502483
2018-12-21,MIEL1,Caldas,91.49,49093000.0,166890000.0,29.41638204805561,23.349152,0.2678833,-1.0378456,1012.47876,23.714386,0.92,0.010251999,0.004172325,0.001013279,0.27174154,1.0718606
2018-12-22,MIEL1,Caldas,89.92999999999999,73003000.0,166890000.0,43.74318413326143,23.422699,0.00045776367,-0.22305298,1012.3514,23.787323,0.92,0.01835823,0.004708767,0.0016093254,0.27041933,0.22305344
2018-12-23,MIEL1,Caldas,87.42,50503000.0,166890000.0,30.261249925100365,23.0029,-0.20010757,-0.032764435,1011.35657,23.884155,0.92,0.0011920929,0.0029802322,0.0,0.27067563,0.20277217
2018-12-24,MIEL1,Caldas,87.76,48718000.0,166890000.0,29.191683144586257,23.486237,-0.068294525,-0.33364487,1010.9295,23.939178,0.92,0.00035762787,0.0029802322,5.9604645e-05,0.26844972,0.34056282
2018-12-25,MIEL1,Caldas,85.53,70161000.0,166890000.0,42.0402660435017,23.85849,-0.050922394,0.10662079,1009.6824,24.006989,0.92,0.0023841858,0.0032782555,0.00029802322,0.26181617,0.11815702
2018-12-26,MIEL1,Caldas,85.61,47491000.0,166890000.0,28.456468332434536,24.010468,-0.007762909,0.037906647,1009.49097,24.058228,0.92,0.00011920929,0.0030994415,0.0,0.25373644,0.038693365
2018-12-27,MIEL1,Caldas,85.04,43938000.0,166890000.0,26.32752112169693,23.609344,0.02123642,0.09673691,1009.2367,24.17978,0.92,0.0,0.0029802322,0.0,0.24864921,0.09904047
2018-12-28,MIEL1,Caldas,85.53,41970000.0,166890000.0,25.148301276289768,23.598541,0.11113739,-0.041404724,1010.4764,24.192963,0.92,0.0,0.0029802322,0.0,0.24319692,0.11859962
2018-12-29,MIEL1,Caldas,86.08,38244000.0,166890000.0,22.9156929714183,24.114838,0.14356613,0.17824554,1010.41205,24.152191,0.92,0.0,0.0029802322,0.0,0.23923522,0.22887269
2018-12-30,MIEL1,Caldas,84.11999999999999,57483000.0,166890000.0,34.443645515009884,24.000519,0.030872345,0.20465851,1009.6291,24.114136,0.92,0.0,0.002861023,0.0,0.23712964,0.20697393
2018-12-31,MIEL1,Caldas,81.65,39799000.0,166890000.0,23.84744442447121,23.554413,0.25630188,0.38158035,1010.7569,24.106262,0.92,0.0,0.0028014183,0.0,0.23541968,0.4596675
2019-01-01,MIEL1,Caldas,79.36,34423000.0,126820000.0,27.143195079640435,23.686676,0.085113525,0.40140533,1008.555,24.139984,0.89,0.0,0.0027418137,0.0,0.23369357,0.41032982
2019-01-02,MIEL1,Caldas,79.53,32127000.0,126820000.0,25.332755085948587,23.322418,-0.14915085,0.45145416,1008.90234,24.157745,0.89,0.0,0.002861023,0.0,0.23118578,0.47545433
2019-01-03,MIEL1,Caldas,79.25999999999999,30618000.0,126820000.0,24.14287967197603,23.562836,0.055526733,0.28503036,1010.03546,24.037079,0.89,0.0,0.0028014183,0.0,0.22900692,0.29038858
2019-01-04,MIEL1,Caldas,79.31,28601000.0,126820000.0,22.55243652420754,23.86972,0.3957901,0.19081116,1011.66736,24.035522,0.89,0.0,0.0027418137,0.0,0.22644395,0.43938446
2019-01-05,MIEL1,Caldas,76.87,28409000.0,126820000.0,22.401040845292545,25.333344,0.30861664,0.09170532,1010.90076,24.056488,0.89,0.0,0.002682209,0.0,0.22391789,0.32195356
2019-01-06,MIEL1,Caldas,74.59,54081000.0,126820000.0,42.64390474688535,24.592682,0.29880142,-0.6101494,1011.8705,24.135254,0.89,0.21219254,0.02014637,0.017404556,0.22426137,0.6793854
2019-01-07,MIEL1,Caldas,75.25,51249000.0,126820000.0,40.410818482889134,22.451508,0.6832161,-0.22312164,1013.97375,24.126709,0.89,0.18763542,0.012040138,0.009357929,0.36436293,0.71872634
2019-01-08,MIEL1,Caldas,75.62,34492000.0,126820000.0,27.19760290175051,22.401093,0.42360687,-0.7518883,1013.65454,24.242859,0.89,0.09095669,0.010728836,0.008046627,0.35412812,0.86300564
2019-01-09,MIEL1,Caldas,72.87,45069000.0,126820000.0,35.537770067812644,21.67099,0.27464294,-0.9941902,1014.6336,24.320648,0.89,0.40256977,0.0782609,0.0757575,0.38586053,1.0314276
2019-01-10,MIEL1,Caldas,70.05,40996000.0,126820000.0,32.32613152499606,21.639069,0.37771606,-1.0410423,1014.16675,24.611298,0.89,0.47063828,0.09405613,0.091433525,0.4113673,1.1074468
2019-01-11,MIEL1,Caldas,70.14,34484000.0,126820000.0,27.191294748462383,22.499054,0.24790955,-1.23769,1013.8258,24.871002,0.89,0.43189526,0.1437068,0.14102459,0.41134793,1.262274
2019-01-12,MIEL1,Caldas,68.65,36586000.0,126820000.0,28.848762024917207,22.66153,0.030784607,-1.1158981,1013.22906,25.03241,0.89,0.12409687,0.022470951,0.019788742,0.38936457,1.1163226
2019-01-13,MIEL1,Caldas,67.66,53439000.0,126820000.0,42.13767544551333,23.019257,0.27283478,-0.89019394,1013.1686,25.00351,0.89,0.033020973,0.007927418,0.0051259995,0.37746057,0.9310661
2019-01-14,MIEL1,Caldas,68.67,56742000.0,126820000.0,44.7421542343479,22.998138,0.17689896,-0.7434349,1012.8622,25.003021,0.89,0.03218651,0.006735325,0.0041127205,0.36765122,0.7641915
2019-01-15,MIEL1,Caldas,69.08999999999999,98205000.0,126820000.0,77.43652420753826,23.933624,0.37714386,-0.3360443,1012.1919,25.008759,0.89,0.013709068,0.004708767,0.0019073486,0.35387456,0.50513685
2019-01-16,MIEL1,Caldas,68.81,69445000.0,126820000.0,54.75871313672922,24.829987,0.06188965,-0.23531342,1012.6783,24.871582,0.89,0.003695488,0.002682209,0.00011920929,0.33941218,0.24331611
2019-01-17,MIEL1,Caldas,71.65,131600000.0,126820000.0,103.76912158965465,23.335236,0.3437996,-0.495224,1013.09625,24.693787,0.89,0.061511993,0.010073185,0.007390976,0.33239245,0.60286397
2019-01-18,MIEL1,Caldas,70.05,98724000.0,126820000.0,77.84576565210534,24.119171,0.18206024,-0.03873062,1012.1245,24.786713,0.89,0.0030994415,0.0030398369,0.0004172325,0.32508022,0.18613434
2019-01-19,MIEL1,Caldas,70.96000000000001,71730000.0,126820000.0,56.5604794196499,23.796417,0.084198,-0.12641525,1011.3144,24.796295,0.89,0.0009536743,0.0027418137,0.00011920929,0.3147512,0.1518885
2019-01-20,MIEL1,Caldas,69.46,80399000.0,126820000.0,63.39615202649425,24.246674,-0.00020599365,0.124938965,1011.5736,24.954773,0.89,0.0,0.0027418137,0.0,0.30297145,0.124939136
2019-01-21,MIEL1,Caldas,69.46,57164000.0,126820000.0,45.07490932029648,24.307098,0.14247131,-0.357193,1012.84644,25.156586,0.89,0.008940697,0.003695488,0.0010728836,0.29639077,0.38455808
2019-01-22,MIEL1,Caldas,70.14,48054000.0,126820000.0,37.89149976344425,24.705658,0.23610687,0.2513504,1011.9205,25.40332,0.89,0.000834465,0.0025629997,8.940697e-05,0.28895748,0.34485283
2019-01-23,MIEL1,Caldas,68.86,42569000.0,126820000.0,33.566472165273616,24.644867,0.15301394,0.14189148,1010.21484,25.21402,0.89,0.0,0.0025629997,0.0,0.28073916,0.20867789
2019-01-24,MIEL1,Caldas,67.62,38640000.0,126820000.0,30.46838038164327,24.809479,0.21881866,-0.045604706,1010.09015,25.210144,0.89,0.0,0.0025629997,0.0,0.27540988,0.22352046
2019-01-25,MIEL1,Caldas,64.92999999999999,41463000.0,126820000.0,32.69436997319035,24.084381,-0.1876564,-0.53390884,1011.9306,25.27591,0.89,0.00023841858,0.0025331974,2.9802322e-05,0.26989612,0.5659272
2019-01-26,MIEL1,Caldas,63.05,42816000.0,126820000.0,33.761236398044474,24.504303,0.19979477,-0.2985344,1010.8688,25.35025,0.89,0.0,0.0023841858,0.0,0.26578397,0.3592224
2019-01-27,MIEL1,Caldas,61.7,46210000.0,126820000.0,36.43747043053146,24.844147,-0.07742691,-0.5714226,1010.3703,25.355042,0.89,0.006198883,0.0029802322,0.00047683716,0.2623705,0.5766443
2019-01-28,MIEL1,Caldas,61.67,70103000.0,126820000.0,55.27755874467749,23.445404,0.3715248,-0.9717102,1012.3069,25.529388,0.89,0.07355213,0.009775162,0.006914139,0.29062212,1.0403131
2019-01-29,MIEL1,Caldas,61.91,42549000.0,126820000.0,33.5507017820533,24.583527,-0.32945633,-0.626709,1012.3247,25.615723,0.89,0.02849102,0.004529953,0.0021457672,0.3051777,0.7080294
2019-01-30,MIEL1,Caldas,60.73,38604000.0,126820000.0,30.439993691846716,24.292755,-0.4832859,-0.74731827,1011.90784,25.606903,0.89,0.042796135,0.00667572,0.004172325,0.2990665,0.88997185
2019-01-31,MIEL1,Caldas,59.17,67905000.0,126820000.0,53.54439362876518,24.137299,-0.17557907,-0.7439575,1011.7514,25.632477,0.89,0.008940697,0.0032186508,0.000834465,0.2957306,0.7643957
2019-02-01,MIEL1,Caldas,57.37,56958000.0,124650000.0,45.69434416365824,24.739655,0.1255188,-0.9406204,1012.0037,25.629486,0.86,0.022768974,0.0030398369,0.0005364418,0.29060864,0.9489582
2019-02-02,MIEL1,Caldas,55.83,71204000.0,124650000.0,57.12314480545528,24.383514,0.16305542,-0.7821617,1012.34564,25.7695,0.86,0.17082691,0.0066161156,0.00423193,0.29696628,0.79897684
2019-02-03,MIEL1,Caldas,53.64,48897000.0,124650000.0,39.227436823104696,24.268951,-0.06869888,-0.36146545,1010.6884,25.979004,0.86,0.0056028366,0.0029206276,0.0005364418,0.2907416,0.36793587
2019-02-04,MIEL1,Caldas,51.63,50358000.0,124650000.0,40.39951865222624,25.148773,-0.19317627,-0.33394623,1010.6998,26.05487,0.86,0.006914139,0.0029802322,0.0006556511,0.28105044,0.3857942
2019-02-05,MIEL1,Caldas,55.36,176276000.0,124650000.0,141.41676694745286,24.4758,-0.006160736,-0.111465454,1010.90735,26.292572,0.86,0.16343594,0.0053048134,0.0029802322,0.28187728,0.11163558
2019-02-06,MIEL1,Caldas,58.58,214595000.0,124650000.0,172.15804251905337,24.666473,0.25696564,-0.47195053,1010.5681,26.275452,0.86,0.024199486,0.0045895576,0.0022649765,0.27977428,0.537372
2019-02-07,MIEL1,Caldas,63.23,194468000.0,124650000.0,156.01123144805456,25.419159,-0.046108246,-0.7330551,1009.84375,26.157104,0.86,0.0104904175,0.0032186508,0.000834465,0.27701345,0.73450375
2019-02-08,MIEL1,Caldas,65.95,133550000.0,124650000.0,107.1399919775371,24.868073,0.046180725,-0.86678696,1010.0613,25.790192,0.86,0.09548664,0.009000301,0.006735325,0.2923006,0.8680163
2019-02-09,MIEL1,Caldas,67.96,183295000.0,124650000.0,147.04773365423185,24.37741,-0.41517258,-0.87369156,1011.27814,25.75943,0.86,0.0910759,0.010788441,0.00846386,0.29367456,0.9673186
2019-02-10,MIEL1,Caldas,67.80000000000001,128550000.0,124650000.0,103.12876052948256,24.51535,-0.15489578,-0.653759,1010.6414,25.519806,0.86,0.04839897,0.0066161156,0.0044703484,0.29209632,0.67185825
2019-02-11,MIEL1,Caldas,69.55,100458000.0,124650000.0,80.59205776173285,25.385773,-0.6006317,-0.5891533,1010.02734,25.644165,0.86,0.040650368,0.0046491623,0.0024437904,0.28735647,0.8413442
2019-02-12,MIEL1,Caldas,73.89,186562000.0,124650000.0,149.6686722823907,25.290924,-0.09466171,-0.11778641,1011.0186,25.787537,0.86,0.17547607,0.0074505806,0.005185604,0.2925578,0.15111081
2019-02-13,MIEL1,Caldas,74.47,112820000.0,124650000.0,90.50942639390291,25.300018,-0.17900848,-0.026321411,1011.618,26.131683,0.86,0.0072717667,0.0028014183,0.0006556511,0.28747523,0.1809333
2019-02-14,MIEL1,Caldas,74.69,134920000.0,124650000.0,108.23906939430404,23.842072,-0.09922409,-0.54611206,1013.10846,26.250732,0.86,0.16129017,0.011503696,0.00923872,0.29595992,0.555053
2019-02-15,MIEL1,Caldas,72.89999999999999,92150000.0,124650000.0,73.92699558764541,24.54837,-0.014129639,-0.56012344,1011.71576,26.414093,0.86,0.004053116,0.0023841858,0.00035762787,0.29474822,0.56030166
2019-02-16,MIEL1,Caldas,71.37,77439000.0,124650000.0,62.1251504211793,25.910675,-0.35543442,-0.56159973,1011.8278,26.688812,0.86,0.05400181,0.0061392784,0.003874302,0.2922402,0.6646261
2019-02-17,MIEL1,Caldas,71.6,106597000.0,124650000.0,85.51704773365422,24.854034,-0.4223404,-0.9044609,1012.3116,26.717468,0.86,0.07367134,0.00756979,0.0056028366,0.2932566,0.9982089
2019-02-18,MIEL1,Caldas,70.87,111348000.0,124650000.0,89.32851985559567,25.039642,-0.01638031,-1.1331482,1012.2997,26.851349,0.86,0.07510185,0.00667572,0.0046491623,0.29153532,1.1332666
2019-02-19,MIEL1,Caldas,69.65,83347000.0,124650000.0,66.86482150020056,24.119904,0.35860062,-0.5866699,1012.01843,27.212097,0.86,0.047445297,0.005185604,0.0030994415,0.29620424,0.6875871
2019-02-20,MIEL1,Caldas,70.66,83026000.0,124650000.0,66.60730044123547,23.907074,-0.22698593,-0.6462288,1011.8886,27.298004,0.86,0.08261204,0.009536743,0.0070929527,0.31488386,0.6849338
2019-02-21,MIEL1,Caldas,70.73,75900000.0,124650000.0,60.89049338146811,24.814362,0.16062164,0.48451614,1011.8652,27.387634,0.86,0.33164024,0.065386295,0.06335974,0.3511665,0.5104461
2019-02-22,MIEL1,Caldas,69.65,68546000.0,124650000.0,54.99077416766948,25.826385,-0.30446243,-0.06303024,1010.5875,27.460114,0.86,0.0023841858,0.0023245811,0.00023841858,0.3262211,0.3109183
2019-02-23,MIEL1,Caldas,70.85000000000001,73023000.0,124650000.0,58.58243080625753,24.159393,0.11408234,-0.65172577,1011.6909,27.437103,0.86,0.16570091,0.0086426735,0.006854534,0.32828447,0.6616353
2019-02-24,MIEL1,Caldas,71.28999999999999,123675000.0,124650000.0,99.21780986762936,24.334808,-0.13430023,-0.55514145,1011.96533,27.23816,0.86,0.07736683,0.011384487,0.009387732,0.33282143,0.5711555
2019-02-25,MIEL1,Caldas,69.35,81052000.0,124650000.0,65.02366626554353,25.10727,-0.33506012,-0.6632652,1010.6783,27.143219,0.86,0.037908554,0.005185604,0.0032186508,0.32660967,0.7430922
2019-02-26,MIEL1,Caldas,69.3,100243000.0,124650000.0,80.41957480946651,25.629547,-0.3348961,-0.042144775,1011.3734,27.062988,0.86,0.0064373016,0.0025629997,0.00047683716,0.31444156,0.33753753
2019-02-27,MIEL1,Caldas,68.63,109670000.0,124650000.0,87.98235058162855,23.010162,0.16884613,-0.40158463,1012.3826,26.976257,0.86,0.41294098,0.048458576,0.04631281,0.37454638,0.43563658
2019-02-28,MIEL1,Caldas,67.11,91003000.0,124650000.0,73.0068190934617,24.449066,-0.016002655,-0.499115,1011.8897,26.967377,0.86,0.0032186508,0.0024437904,0.0004172325,0.36972076,0.49937147
2019-03-01,MIEL1,Caldas,65.16,77622000.0,134590000.0,57.67293261014934,25.27005,0.35524368,-0.529541,1011.3684,26.983734,0.84,0.005364418,0.0023841858,0.00047683716,0.30481523,0.63766116
2019-03-02,MIEL1,Caldas,63.9,95067000.0,134590000.0,70.63451965227728,23.84018,0.37886047,-0.5500984,1013.4253,26.883392,0.84,0.47683716,0.068962574,0.06708503,0.34738898,0.6679398
2019-03-03,MIEL1,Caldas,62.92,70899000.0,134590000.0,52.677762092280254,24.230194,0.35212326,-0.54986954,1011.66046,26.757446,0.84,0.1001358,0.010609627,0.008583069,0.33731312,0.6529528
2019-03-04,MIEL1,Caldas,62.03,68073000.0,134590000.0,50.57805186120812,24.058197,0.17593384,-0.6984863,1011.7605,26.834381,0.84,0.034093857,0.0039339066,0.0019073486,0.34200135,0.7203026
2019-03-05,MIEL1,Caldas,61.58,109966000.0,134590000.0,81.70443569358793,24.736298,0.046798706,-0.6160011,1012.1175,26.737335,0.84,0.09179115,0.0057816505,0.0041127205,0.3303318,0.6177763
2019-03-06,MIEL1,Caldas,61.36000000000001,104137000.0,134590000.0,77.37350471803255,25.646881,0.040813446,-0.809391,1012.0764,26.820953,0.84,0.07867813,0.008165836,0.0063180923,0.32172233,0.8104194
2019-03-07,MIEL1,Caldas,62.03,119651000.0,134590000.0,88.90036406865295,24.88327,-0.25609207,-0.5912819,1012.47375,26.67511,0.84,0.19061565,0.009000301,0.0070929527,0.33481103,0.64435816
2019-03-08,MIEL1,Caldas,60.51,91749000.0,134590000.0,68.16925477375733,24.2305,-0.37882614,-0.347744,1011.09515,26.534882,0.84,0.069618225,0.009894371,0.008046627,0.34873047,0.5142326
2019-03-09,MIEL1,Caldas,59.8,79575000.0,134590000.0,59.12400624117691,25.348846,-0.29460144,0.284626,1009.41486,26.4346,0.84,0.0035762787,0.0021457672,0.00032782555,0.33159742,0.4096364
2019-03-10,MIEL1,Caldas,58.76,81953000.0,134590000.0,60.890853703841294,25.599335,-0.57354736,-0.107860565,1010.0011,26.362732,0.84,0.0,0.0019073486,0.0,0.3193107,0.5836013
2019-03-11,MIEL1,Caldas,57.31,86877000.0,134590000.0,64.54937216732299,25.144684,-0.38786697,-0.24840164,1011.02313,26.760834,0.84,0.17464161,0.0062584877,0.004351139,0.3120748,0.4605911
2019-03-12,MIEL1,Caldas,56.02,68711000.0,134590000.0,51.0520841072888,25.538666,0.24965668,-0.719738,1010.0583,26.605377,0.84,0.027894974,0.0037550926,0.0020861626,0.31023687,0.76180786
2019-03-13,MIEL1,Caldas,53.6,59404000.0,134590000.0,44.13700869306784,25.913544,-0.13479614,-0.73862076,1009.47156,26.71408,0.84,0.05042553,0.0060796738,0.0044107437,0.3140479,0.7508199
2019-03-14,MIEL1,Caldas,54.66,144208000.0,134590000.0,107.14614755925402,24.982697,-0.11548233,-0.8064041,1010.1314,26.759857,0.84,0.12755394,0.009119511,0.0072717667,0.30907732,0.81463104
2019-03-15,MIEL1,Caldas,53.39,82600000.0,134590000.0,61.371572925180175,25.422028,-0.24199295,-0.66869354,1012.14044,26.853973,0.84,0.083088875,0.0086426735,0.006854534,0.30813813,0.7111341
2019-03-16,MIEL1,Caldas,51.57000000000001,81319000.0,134590000.0,60.419793446764245,25.05478,0.04378891,-0.49533844,1010.9431,26.983124,0.84,0.041365623,0.0052452087,0.003516674,0.31106135,0.49727017
2019-03-17,MIEL1,Caldas,50.66,72742000.0,134590000.0,54.047106025707706,25.78299,-0.07601166,-0.3692627,1009.6369,26.928375,0.84,0.056266785,0.0062584877,0.004529953,0.306809,0.37700492
2019-03-18,MIEL1,Caldas,51.53,103948000.0,134590000.0,77.23307823761051,25.478485,-0.12850952,-0.6973114,1009.6789,26.633331,0.84,0.13709068,0.012516975,0.010728836,0.2973269,0.70905423
2019-03-19,MIEL1,Caldas,53.87,148357000.0,134590000.0,110.22884315328034,22.581085,0.024909973,-0.47925568,1012.5222,26.252106,0.84,0.33521652,0.009596348,0.007867813,0.38896084,0.47990263
2019-03-20,MIEL1,Caldas,54.25,98340000.0,134590000.0,73.06634965450628,23.176178,0.14604187,-0.5606804,1012.9348,26.114838,0.84,0.21231174,0.025629997,0.023841858,0.39106095,0.57938826
2019-03-21,MIEL1,Caldas,53.98,83502000.0,134590000.0,62.04175644550115,23.238617,0.06349182,-1.0134468,1012.5325,25.641449,0.84,0.05733967,0.006556511,0.00500679,0.3782709,1.0154337
2019-03-22,MIEL1,Caldas,52.82,100601000.0,134590000.0,74.74626643881417,23.117218,0.03630066,-0.65618515,1013.1195,25.022888,0.84,0.5418062,0.0218153,0.020086765,0.40822262,0.6571885
2019-03-23,MIEL1,Caldas,52.99,147514000.0,134590000.0,109.60249647076306,22.864288,0.018474579,-0.6337395,1014.08966,24.552155,0.84,0.900507,0.09870529,0.097215176,0.42004916,0.6340087
2019-03-24,MIEL1,Caldas,52.68000000000001,103800000.0,134590000.0,77.12311464447582,23.140594,0.3522606,-0.7465439,1013.85767,24.278503,0.84,0.049948692,0.0054836273,0.0038146973,0.4152084,0.8254788
2019-03-25,MIEL1,Caldas,52.13,90628000.0,134590000.0,67.33635485548703,23.98117,-0.124938965,-0.4580803,1011.90576,24.184418,0.84,0.039577484,0.005364418,0.003695488,0.39165512,0.4748129
2019-03-26,MIEL1,Caldas,52.35999999999999,110390000.0,134590000.0,82.01946652797385,23.95285,-0.023975372,-0.92941666,1011.2136,24.242432,0.84,0.04518032,0.005066395,0.003606081,0.3919445,0.9297258
2019-03-27,MIEL1,Caldas,51.68000000000001,74794000.0,134590000.0,55.571736384575374,23.567719,0.036655426,-0.7549362,1011.3767,24.356232,0.84,0.3415346,0.012934208,0.011235476,0.39403224,0.7558256
2019-03-28,MIEL1,Caldas,50.31,74735000.0,134590000.0,55.52789954677168,24.645905,0.04537964,-0.79193497,1011.64185,24.573639,0.84,0.048995018,0.0064373016,0.0049471855,0.38091135,0.7932341
2019-03-29,MIEL1,Caldas,51.78,120990000.0,134590000.0,89.89523738762166,22.545197,-0.31581497,-0.95580673,1013.4169,24.653656,0.84,0.26261806,0.023901463,0.022232533,0.41801578,1.0066309
2019-03-30,MIEL1,Caldas,51.76,94839000.0,134590000.0,70.46511627906978,23.68686,-0.087020874,-0.41820908,1012.4384,24.667236,0.84,0.00846386,0.0029802322,0.0013709068,0.39883843,0.4271668
2019-03-31,MIEL1,Caldas,50.13999999999999,79771000.0,134590000.0,59.26963370235531,26.523224,-0.2915573,-0.038799286,1010.8164,24.702484,0.84,0.0023841858,0.0017881393,0.00017881393,0.37440953,0.2941276
2019-04-01,MIEL1,Caldas,50.970000000000006,141497000.0,150580000.0,93.96799043697702,22.915192,-0.29450226,-0.5423088,1012.9459,24.641998,0.77,0.78845024,0.22375584,0.22244453,0.42840695,0.6171146
2019-04-02,MIEL1,Caldas,51.22,114835000.0,150580000.0,76.2617877540178,22.667938,-0.45391083,-0.16669083,1014.5681,24.615326,0.77,0.03361702,0.004351139,0.0029206276,0.41600588,0.48355028
2019-04-03,MIEL1,Caldas,49.76,93141000.0,150580000.0,61.85482799840616,23.442047,-0.043777466,-0.7920685,1013.7528,24.770721,0.77,0.02527237,0.0044107437,0.0029206276,0.39775726,0.7932774
2019-04-04,MIEL1,Caldas,51.16,146240000.0,150580000.0,97.1178111302962,23.300568,0.32232285,-0.9335327,1013.2572,24.816498,0.77,0.020623207,0.004887581,0.0029802322,0.38970846,0.98761094
2019-04-05,MIEL1,Caldas,50.85,119377000.0,150580000.0,79.27812458493824,23.67392,0.04030609,-0.7221756,1012.6305,24.842865,0.77,0.5964041,0.1385212,0.13709068,0.41279113,0.7232995
2019-04-06,MIEL1,Caldas,51.16,108070000.0,150580000.0,71.76915925089654,24.368622,0.14706802,-0.65745544,1013.2522,24.796997,0.77,0.3323555,0.081181526,0.07945299,0.40796775,0.6737037
2019-04-07,MIEL1,Caldas,51.57000000000001,91656000.0,150580000.0,60.868641253818566,24.102081,-0.16048813,-0.46611404,1013.08093,24.923126,0.77,0.083088875,0.010967255,0.009298325,0.39896452,0.4929693
2019-04-08,MIEL1,Caldas,53.39,84211000.0,150580000.0,55.924425554522514,23.972504,-0.33055878,-0.20484543,1012.1306,25.02539,0.77,0.02670288,0.0032186508,0.0017881393,0.3867305,0.38888398
2019-04-09,MIEL1,Caldas,53.03,95240000.0,150580000.0,63.24877141718688,25.133636,0.046844482,-0.49220276,1011.6986,25.05127,0.77,0.022530556,0.0021457672,0.000834465,0.3708868,0.4944269
2019-04-10,MIEL1,Caldas,52.51,99420000.0,150580000.0,66.02470447602603,22.035553,0.5953064,-0.4875183,1012.76794,25.112244,0.77,0.8249283,0.1540184,0.15258789,0.41968277,0.7694568
2019-04-11,MIEL1,Caldas,53.5,96112000.0,150580000.0,63.827865586399255,23.242401,-0.111629486,-0.31010818,1012.6164,25.08841,0.77,0.47886372,0.012755394,0.011146069,0.4348401,0.32958797
2019-04-12,MIEL1,Caldas,54.89000000000001,82187000.0,150580000.0,54.58028954708461,24.80362,-0.20569992,0.17581177,1011.3186,25.183075,0.77,0.0218153,0.0042915344,0.0027418137,0.40889093,0.2705961
2019-04-13,MIEL1,Caldas,56.47,87377000.0,150580000.0,58.02696241200691,25.40921,-0.27637482,0.11354065,1010.2042,25.216492,0.77,0.0,0.0013113022,0.0,0.3911626,0.29878843
2019-04-14,MIEL1,Caldas,59.02,105475000.0,150580000.0,70.04582281843538,24.997223,-0.18906784,-0.47658157,1010.33716,25.156403,0.77,0.0,0.0013113022,0.0,0.38015014,0.512715
2019-04-15,MIEL1,Caldas,58.6,106746000.0,150580000.0,70.8898924159915,23.62442,-0.09124756,-0.15333557,1012.77814,25.117737,0.77,0.37503242,0.008702278,0.007390976,0.38854772,0.17843182
2019-04-16,MIEL1,Caldas,57.010000000000005,81527000.0,150580000.0,54.1419843272679,24.051605,-0.28822327,0.14500427,1011.90234,25.080444,0.77,0.00011920929,0.0013113022,0.0,0.37393892,0.3226436
2019-04-17,MIEL1,Caldas,55.87,91976000.0,150580000.0,61.081152875547886,24.411285,-0.2405014,-0.47034836,1010.5703,24.97995,0.77,0.01001358,0.0026226044,0.0011324883,0.3601448,0.52826935
2019-04-18,MIEL1,Caldas,58.76,109720000.0,150580000.0,72.86492230043831,22.77237,0.11558533,-0.60892105,1010.7514,25.064941,0.77,0.6830692,0.12731552,0.1257658,0.41803503,0.6197942
2019-04-19,MIEL1,Caldas,60.7,78707000.0,150580000.0,52.26922566077833,23.164032,0.027469635,-0.29185486,1011.8773,25.046814,0.77,0.40388107,0.11444092,0.11307001,0.42452034,0.29314473
2019-04-20,MIEL1,Caldas,62.870000000000005,95539000.0,150580000.0,63.447336963740206,22.952423,0.39515305,-0.20383835,1013.53674,24.968903,0.77,0.300169,0.043928623,0.0423491,0.4320854,0.44463018
2019-04-21,MIEL1,Caldas,64.89,150400000.0,150580000.0,99.88046221277726,22.764923,-0.13584137,-0.574234,1013.5608,25.018036,0.77,0.24974346,0.026345253,0.024914742,0.4309981,0.5900827
2019-04-22,MIEL1,Caldas,66.02,126851000.0,150580000.0,84.24159914995352,21.969452,-0.047740936,-0.30141068,1013.83575,25.072296,0.77,1.3436079,0.2644658,0.2630055,0.4542824,0.30516815
2019-04-23,MIEL1,Caldas,68.4,109615000.0,150580000.0,72.79519192455838,23.38919,-0.3020439,-1.0443382,1011.8069,25.288605,0.77,0.62835217,0.17899275,0.17744303,0.45078695,1.0871397
2019-04-24,MIEL1,Caldas,70.44,134549000.0,150580000.0,89.3538318501793,23.27298,-0.086193085,-0.41291428,1013.1036,25.288757,0.77,1.2917519,0.69242716,0.6201267,0.44965118,0.42181444
2019-04-25,MIEL1,Caldas,72.7,121540000.0,150580000.0,80.71457032806481,24.448395,-0.23802948,-0.24248886,1012.8766,25.299591,0.77,0.02861023,0.0021457672,0.0006556511,0.42608514,0.3397924
2019-04-26,MIEL1,Caldas,74.1,111235000.0,150580000.0,73.87103200956302,24.24582,-0.061439514,-0.38178635,1013.5033,25.179535,0.77,0.039458275,0.004827976,0.0030994415,0.41099736,0.38669837
2019-04-27,MIEL1,Caldas,73.79,100924000.0,150580000.0,67.02350909815381,24.99765,0.104011536,-0.066150665,1011.5591,25.186218,0.77,0.012040138,0.00166893,0.00011920929,0.39661947,0.1232652
2019-04-28,MIEL1,Caldas,75.4,87061000.0,150580000.0,57.81710718554921,24.35495,-0.3148384,0.2559204,1010.4336,25.131317,0.77,0.0,0.00166893,0.0,0.37813285,0.40573204
2019-04-29,MIEL1,Caldas,76.6,77815000.0,150580000.0,51.67684951520787,24.729523,-0.03675461,0.26248932,1010.2061,25.023651,0.77,0.0,0.0017881393,0.0,0.36642364,0.26505008
2019-04-30,MIEL1,Caldas,75.69,71819000.0,150580000.0,47.69491300305486,24.946869,-0.06677246,0.33983994,1010.77783,24.853455,0.77,0.0,0.0019073486,0.0,0.35487685,0.34633762
2019-05-01,MIEL1,Caldas,76.06,66117000.0,168040000.0,39.34598905022614,24.799103,0.020851135,-0.025043488,1011.08734,24.699219,0.64,0.0,0.0019073486,0.0,0.3385297,0.032587517
2019-05-02,MIEL1,Caldas,73.76,55439000.0,168040000.0,32.99154963104023,24.66513,0.18603516,0.13374329,1010.41156,24.517792,0.64,0.0,0.0019073486,0.0,0.32430688,0.2291208
2019-05-03,MIEL1,Caldas,71.63000000000001,57233000.0,168040000.0,34.0591525827184,24.970123,-0.08940506,0.62858963,1010.59033,24.326752,0.64,0.0,0.0019073486,0.0,0.3149263,0.6349159
2019-05-04,MIEL1,Caldas,69.14,54201000.0,168040000.0,32.254820280885504,25.341766,-0.123477936,0.46531296,1011.46606,24.369019,0.64,0.000834465,0.0019073486,0.0,0.31504285,0.48141766
2019-05-05,MIEL1,Caldas,66.88,51288000.0,168040000.0,30.521304451321114,26.000214,-0.022708893,0.32609558,1009.6744,24.275024,0.64,0.0,0.001847744,0.0,0.306001,0.32688534
2019-05-06,MIEL1,Caldas,64.75,45230000.0,168040000.0,26.916210426089027,26.159576,0.09179306,0.50652695,1009.985,24.187683,0.64,0.0,0.001847744,0.0,0.29445773,0.5147771
2019-05-07,MIEL1,Caldas,63.54,45942000.0,168040000.0,27.33991906688884,27.110321,-0.042331696,0.304142,1010.6714,24.203827,0.64,0.0,0.0019073486,0.0,0.2831496,0.3070738
2019-05-08,MIEL1,Caldas,64.35,52905000.0,168040000.0,31.48357533920495,24.249481,0.03596115,-0.2249527,1011.8236,24.297699,0.64,0.18560886,0.009179115,0.0075101852,0.28253916,0.22780897
2019-05-09,MIEL1,Caldas,62.71,46004000.0,168040000.0,27.376815044037134,24.574127,-0.04101181,0.17190552,1011.52905,24.319,0.64,0.039577484,0.005543232,0.0037252903,0.28132218,0.17672995
2019-05-10,MIEL1,Caldas,63.38,45514000.0,168040000.0,27.085217805284454,23.232208,0.078178406,-0.47394562,1011.57794,24.314606,0.64,0.52666664,0.051140785,0.04941225,0.38872185,0.4803502
2019-05-11,MIEL1,Caldas,62.78,67392000.0,168040000.0,40.10473696738872,24.363129,-0.29130936,-0.67129517,1012.40674,24.18753,0.64,0.034332275,0.004053116,0.0023841858,0.3755839,0.7317775
2019-05-12,MIEL1,Caldas,62.05,101941000.0,168040000.0,60.66472268507498,24.286835,-0.455307,-0.0659523,1012.6306,24.118988,0.64,0.2821684,0.0071525574,0.0056028366,0.38957903,0.4600589
2019-05-13,MIEL1,Caldas,62.8,51370000.0,168040000.0,30.570102356581767,24.070526,-0.24518967,0.5632744,1012.3152,24.140839,0.64,0.0009536743,0.00166893,0.0,0.3561262,0.61432564
2019-05-14,MIEL1,Caldas,63.7,47620000.0,168040000.0,28.33849083551535,23.529938,-0.2241211,0.43262863,1013.0408,24.15268,0.64,0.0,0.0015497208,0.0,0.33481216,0.48723486
2019-05-15,MIEL1,Caldas,61.56,49779000.0,168040000.0,29.623303975243992,24.840668,0.057235718,0.15866852,1012.1433,24.072418,0.64,0.0,0.0015497208,0.0,0.31834126,0.1686761
2019-05-16,MIEL1,Caldas,60.46,40449000.0,168040000.0,24.07105451083076,25.133392,-0.3834381,0.3984337,1012.698,24.186981,0.64,0.0015497208,0.0015497208,0.0,0.3043915,0.5529685
2019-05-17,MIEL1,Caldas,60.48,46762000.0,168040000.0,27.82789811949536,25.228302,-0.41222382,-0.3872795,1011.89484,24.25232,0.64,0.00071525574,0.00166893,0.0,0.29241827,0.56560934
2019-05-18,MIEL1,Caldas,59.540000000000006,46762000.0,168040000.0,27.82789811949536,22.624298,0.46796417,-0.47960663,1011.1311,24.20404,0.64,0.9100437,0.0923872,0.09089708,0.35755116,0.6700843
2019-05-19,MIEL1,Caldas,57.330000000000005,61040000.0,168040000.0,36.32468459890502,22.463776,0.16981125,-0.9074516,1012.7413,24.29364,0.64,2.8567314,0.98603964,0.9845495,0.43065855,0.9232033
2019-05-20,MIEL1,Caldas,58.37,66536000.0,168040000.0,39.59533444417996,23.160065,-0.11153793,0.23654175,1012.64874,24.26294,0.64,0.27298927,0.024795532,0.023245811,0.42592916,0.26152
2019-05-21,MIEL1,Caldas,59.040000000000006,49883000.0,168040000.0,29.685194001428236,23.832672,-0.36902237,-0.38033295,1011.6511,24.1503,0.64,0.059604645,0.00834465,0.00667572,0.39923877,0.5299346
2019-05-22,MIEL1,Caldas,59.61,47967000.0,168040000.0,28.5449892882647,24.764252,-0.10318756,-0.5784569,1012.2516,24.029266,0.64,0.0009536743,0.00166893,0.00011920929,0.38075697,0.5875883
2019-05-23,MIEL1,Caldas,61.14000000000001,87467000.0,168040000.0,52.05129731016424,22.621246,0.21357727,-0.23266983,1013.6058,23.944916,0.64,0.066399574,0.0052452087,0.003695488,0.37920862,0.31583303
2019-05-24,MIEL1,Caldas,62.38,67221000.0,168040000.0,40.00297548202808,23.134491,-0.214962,0.7019577,1012.03674,23.712372,0.64,0.18036366,0.026285648,0.024676323,0.40799367,0.7341344
2019-05-25,MIEL1,Caldas,64.86,105540000.0,168040000.0,62.80647464889312,22.219147,-0.10654068,-0.7330971,1013.02374,23.449188,0.64,0.028729439,0.0026226044,0.0011324883,0.3931374,0.74079835
2019-05-26,MIEL1,Caldas,66.29,74821000.0,168040000.0,44.52570816472268,23.26175,-0.06977463,0.049865723,1012.1025,23.31311,0.64,0.00333786,0.0017881393,0.00035762787,0.37673342,0.085761815
2019-05-27,MIEL1,Caldas,67.25,95623000.0,168040000.0,56.9049035943823,22.773956,0.40935516,-0.18497467,1013.0925,23.171295,0.64,0.34677982,0.048577785,0.047147274,0.39015192,0.4492074
2019-05-28,MIEL1,Caldas,68.77,71134000.0,168040000.0,42.33158771721019,22.786163,0.21027374,-0.42467117,1012.6139,23.158905,0.64,0.36513805,0.021636486,0.020205975,0.4094057,0.4738783
2019-05-29,MIEL1,Caldas,68.21000000000001,78927000.0,168040000.0,46.969174006189,22.374542,0.15335464,-0.34633636,1012.6014,23.095184,0.64,0.51796436,0.06222725,0.060617924,0.42872116,0.37876976
2019-05-30,MIEL1,Caldas,70.14,118178000.0,168040000.0,70.32730302308974,22.220795,-0.09396362,-0.9622307,1014.35034,22.928253,0.64,0.21088123,0.0072717667,0.0056028366,0.4105804,0.96680766
2019-05-31,MIEL1,Caldas,71.00999999999999,92543000.0,168040000.0,55.07200666507974,22.794464,0.14999771,-0.48168564,1013.3244,22.79004,0.64,0.36633015,0.060260296,0.0590086,0.40511072,0.5045001
2019-06-01,MIEL1,Caldas,74.32,112624000.0,113440000.0,99.28067700987306,21.891815,0.08898544,-0.2831726,1014.0547,22.86444,0.52,1.1863708,0.28818846,0.28669834,0.45326027,0.29682508
2019-06-02,MIEL1,Caldas,76.31,96033000.0,113440000.0,84.65532440056418,22.898712,0.13156128,-0.6549988,1012.59875,22.779938,0.52,0.5247593,0.08076429,0.07933378,0.44197357,0.6680807
2019-06-03,MIEL1,Caldas,78.24,88292000.0,113440000.0,77.83145275035261,24.553864,0.010433197,0.17100525,1012.5775,22.911835,0.52,0.00059604645,0.0015497208,5.9604645e-05,0.4132243,0.17132322
2019-06-04,MIEL1,Caldas,79.66,75274000.0,113440000.0,66.35578279266574,24.28421,0.20608139,0.19491196,1012.8303,23.138794,0.52,0.0,0.0013113022,0.0,0.39113015,0.28365508
2019-06-05,MIEL1,Caldas,77.91,65408000.0,113440000.0,57.6586741889986,24.638885,0.2568016,0.21779251,1011.3631,23.359589,0.52,0.0,0.0014305115,0.0,0.37387887,0.3367204
2019-06-06,MIEL1,Caldas,78.59,62298000.0,113440000.0,54.91713681241185,24.57724,0.035045624,0.3036995,1011.3727,23.453094,0.52,0.0009536743,0.0015497208,0.00011920929,0.3561983,0.30571488
2019-06-07,MIEL1,Caldas,81.2,83663000.0,113440000.0,73.75088152327221,22.698212,-0.24261475,-0.5499191,1012.70264,23.34732,0.52,0.031471252,0.0041127205,0.0026226044,0.35387504,0.60105985
2019-06-08,MIEL1,Caldas,83.46000000000001,94173000.0,113440000.0,83.01569111424541,23.118744,-0.6156006,0.15401077,1013.1414,23.211975,0.52,0.50747395,0.1052618,0.10377169,0.42065775,0.6345734
2019-06-09,MIEL1,Caldas,84.63000000000001,64378000.0,113440000.0,56.75070521861777,23.76358,0.24565125,0.19851303,1012.2411,23.091217,0.52,0.0,0.0014305115,0.0,0.39622292,0.31583536
2019-06-10,MIEL1,Caldas,85.59,57262000.0,113440000.0,50.47778561354019,23.595978,0.20409012,0.29870605,1012.9858,23.267303,0.52,0.0,0.0013113022,0.0,0.3717873,0.36177078
2019-06-11,MIEL1,Caldas,84.56,55312000.0,113440000.0,48.75881523272214,24.175568,0.024115562,0.2574234,1012.5648,23.376465,0.52,0.20444393,0.029444695,0.028014183,0.35840723,0.25855052
2019-06-12,MIEL1,Caldas,85.1,40683000.0,113440000.0,35.86301128349788,23.397491,-0.0857048,-0.008556366,1013.27234,23.372559,0.52,0.016093254,0.0023245811,0.001013279,0.340831,0.08613086
2019-06-13,MIEL1,Caldas,85.1,52269000.0,113440000.0,46.076339915373765,24.104095,-0.031612396,-0.21577454,1013.26843,23.439484,0.52,0.0,0.0014305115,0.0,0.32649237,0.21807796
2019-06-14,MIEL1,Caldas,85.3,52051000.0,113440000.0,45.88416784203103,24.80899,-0.28738403,0.3843956,1013.46655,23.624725,0.52,0.0,0.0012516975,0.0,0.31036606,0.47994745
2019-06-15,MIEL1,Caldas,86.21,54475000.0,113440000.0,48.02098025387871,24.695038,-0.259449,-0.37034225,1012.4603,23.665588,0.52,0.01692772,0.002861023,0.00166893,0.2995222,0.45218047
2019-06-16,MIEL1,Caldas,86.53999999999999,87126000.0,113440000.0,76.80359661495064,24.878693,0.10586548,0.33211136,1012.7136,23.621094,0.52,0.07867813,0.0022649765,0.0008940697,0.28970423,0.34857634
2019-06-17,MIEL1,Caldas,87.22,52764000.0,113440000.0,46.51269393511989,24.517365,-0.11080551,0.7602196,1011.20624,23.573181,0.52,0.0,0.0013113022,0.0,0.28019118,0.7682523
2019-06-18,MIEL1,Caldas,87.24,46326000.0,113440000.0,40.83744710860367,24.648407,0.1785202,0.89855194,1010.3113,23.325409,0.52,0.0,0.0014305115,0.0,0.2694953,0.9161141
2019-06-19,MIEL1,Caldas,86.39,37946000.0,113440000.0,33.45028208744711,24.731293,0.23007202,0.74098206,1011.1339,23.234375,0.52,0.0,0.0013709068,0.0,0.25957185,0.77587855
2019-06-20,MIEL1,Caldas,86.96000000000001,41025000.0,113440000.0,36.1644922425952,24.484467,0.031597137,0.7483406,1011.5197,23.234375,0.52,0.0,0.0012516975,0.0,0.25047654,0.74900734
2019-06-21,MIEL1,Caldas,86.52,38469000.0,113440000.0,33.911318758815234,24.306976,0.12756348,0.8187256,1012.3331,23.234375,0.52,0.0,0.0013113022,0.0,0.24060422,0.8286036
2019-06-22,MIEL1,Caldas,86.98,36298000.0,113440000.0,31.9975317348378,25.338593,0.21839142,0.6944313,1013.6144,23.10971,0.52,0.0,0.0013113022,0.0,0.2349847,0.7279627
2019-06-23,MIEL1,Caldas,87.27000000000001,34480000.0,113440000.0,30.394922425952046,25.159698,0.09050369,0.7406311,1012.5759,22.698486,0.52,0.0,0.0013709068,0.0,0.2311295,0.7461403
2019-06-24,MIEL1,Caldas,84.33,33219000.0,113440000.0,29.2833215796897,25.401398,0.18421555,0.86497116,1012.9389,22.549713,0.52,0.0,0.0013709068,0.0,0.22745828,0.8843701
2019-06-25,MIEL1,Caldas,84.33,34209000.0,113440000.0,30.156029619181947,24.325592,-0.73176193,0.22815704,1013.4736,22.456635,0.52,0.08070469,0.0019669533,0.0006556511,0.22800708,0.76650584
2019-06-26,MIEL1,Caldas,84.66,30292000.0,113440000.0,26.703102961918194,26.2659,-0.34009552,0.39383316,1011.17017,22.550018,0.52,0.00023841858,0.0011920929,0.0,0.22475858,0.5203552
2019-06-27,MIEL1,Caldas,82.50999999999999,29686000.0,113440000.0,26.168899858956276,26.535553,-0.14295197,0.329319,1009.64545,22.666199,0.52,0.0,0.0011920929,0.0,0.21608433,0.35900733
2019-06-28,MIEL1,Caldas,82.54,28185000.0,113440000.0,24.84573342736248,25.869354,-0.004627228,0.70505905,1009.8184,22.66336,0.52,0.0,0.0013113022,0.0,0.2066153,0.70507425
2019-06-29,MIEL1,Caldas,82.82000000000001,27323000.0,113440000.0,24.08586036671368,24.756927,-0.25346375,0.15662003,1011.08203,22.64035,0.52,0.0,0.0013709068,0.0,0.20377183,0.29794917
2019-06-30,MIEL1,Caldas,80.08999999999999,26673000.0,113440000.0,23.51287023977433,24.960602,-0.41350937,0.746048,1011.5519,22.769257,0.52,0.0,0.0013113022,0.0,0.2012358,0.85298157
2019-07-01,MIEL1,Caldas,78.44,23974000.0,78430000.0,30.567384929236265,24.454865,-0.26601028,0.4452324,1013.3011,22.84082,0.33,0.0,0.0013709068,0.0,0.20088506,0.5186457
2019-07-02,MIEL1,Caldas,78.56,23037000.0,78430000.0,29.372689022057884,25.052155,-0.31811905,0.32892227,1011.89825,22.6503,0.33,0.025510788,0.0014901161,0.00011920929,0.20080504,0.4575911
2019-07-03,MIEL1,Caldas,78.51,22613000.0,78430000.0,28.832079561392327,25.077301,-0.5115967,-0.3743744,1011.20935,22.507599,0.33,0.02193451,0.0013113022,0.00011920929,0.21118787,0.6339458
2019-07-04,MIEL1,Caldas,78.71000000000001,22637000.0,78430000.0,28.86268009690169,27.079803,-0.06939697,0.16633987,1010.48346,22.325836,0.33,0.0,0.0011920929,0.0,0.21065283,0.18023565
2019-07-05,MIEL1,Caldas,79.08,34547000.0,78430000.0,44.04819584342727,25.092194,-0.47421646,0.61091614,1012.4417,22.505219,0.33,0.006198883,0.0013113022,0.00011920929,0.20547187,0.7733691
2019-07-06,MIEL1,Caldas,79.66,43630000.0,78430000.0,55.62922351141145,26.435516,-0.058540344,1.3697052,1012.6103,22.468292,0.33,0.0,0.0009536743,0.0,0.20169544,1.3709556
2019-07-07,MIEL1,Caldas,76.42999999999999,23273000.0,78430000.0,29.67359428790004,25.339447,-0.22002411,0.79078674,1011.85486,22.53299,0.33,0.0,0.0010728836,0.0,0.19853051,0.82082534
2019-07-08,MIEL1,Caldas,73.86,22005000.0,78430000.0,28.05686599515492,25.674835,0.045726776,0.8188095,1012.3292,22.355804,0.33,0.0,0.0010728836,0.0,0.196289,0.82008535
2019-07-09,MIEL1,Caldas,73.79,25122000.0,78430000.0,32.031110544434526,25.232086,-0.3863907,0.29937744,1014.3892,22.33258,0.33,0.00011920929,0.0009536743,0.0,0.19489384,0.48879915
2019-07-10,MIEL1,Caldas,73.96000000000001,21568000.0,78430000.0,27.499681244421776,25.749847,-0.4920082,0.65359116,1013.1883,22.059662,0.33,0.0,0.0010728836,0.0,0.19328308,0.8180791
2019-07-11,MIEL1,Caldas,74.1,20512000.0,78430000.0,26.15325768200944,26.271881,-0.34902954,-0.11876297,1011.8805,21.932861,0.33,0.0015497208,0.0010728836,0.0,0.19180723,0.3686818
2019-07-12,MIEL1,Caldas,74.35000000000001,24983000.0,78430000.0,31.853882442942748,25.987518,-0.37957382,-0.30493927,1010.53,21.839844,0.33,0.0,0.0011920929,0.0,0.18900692,0.48689243
2019-07-13,MIEL1,Caldas,73.02,48258000.0,78430000.0,61.53002677546857,26.33194,-0.56804657,0.31723785,1011.22876,21.925415,0.33,0.0,0.0009536743,0.0,0.18529043,0.650628
2019-07-14,MIEL1,Caldas,70.66,24808000.0,78430000.0,31.63075353818692,25.97696,-0.3470497,0.743412,1011.2553,22.160217,0.33,0.0,0.0010728836,0.0,0.18451655,0.82042974
2019-07-15,MIEL1,Caldas,71.13000000000001,51043000.0,78430000.0,65.08096391686855,25.81607,-0.5089798,0.40282822,1011.8234,22.147583,0.33,0.0,0.0009536743,0.0,0.18498586,0.6491002
2019-07-16,MIEL1,Caldas,71.82,47490000.0,78430000.0,60.55080963916869,24.870514,-0.48552704,0.17645264,1013.6906,22.088043,0.33,0.003695488,0.000834465,5.9604645e-05,0.18666154,0.5165966
2019-07-17,MIEL1,Caldas,72.03,30860000.0,78430000.0,39.34718857580008,25.11911,-0.19926453,1.0800667,1013.02014,21.93753,0.33,0.00023841858,0.0009536743,0.0,0.18365039,1.0982944
2019-07-18,MIEL1,Caldas,71.58,26914000.0,78430000.0,34.31595052913426,26.584015,-0.30142593,0.7916298,1011.21924,21.75174,0.33,0.0,0.0009536743,0.0,0.18332422,0.8470746
2019-07-19,MIEL1,Caldas,71.56,25403000.0,78430000.0,32.38939181435675,26.288422,-0.32743454,0.7016983,1011.64044,21.448822,0.33,0.0,0.0009536743,0.0,0.18194236,0.7743345
2019-07-20,MIEL1,Caldas,71.72,23661000.0,78430000.0,30.168302945301544,25.313385,-0.18244171,0.7547798,1010.6033,21.314453,0.33,0.0,0.0009536743,0.0,0.18227023,0.77651626
2019-07-21,MIEL1,Caldas,71.82,22456000.0,78430000.0,28.63190105826852,26.095734,-0.3939438,0.7866783,1009.9542,21.128998,0.33,0.0,0.0008940697,0.0,0.18281461,0.87980366
2019-07-22,MIEL1,Caldas,71.94,21674000.0,78430000.0,27.634833609588167,26.795624,-0.20501328,0.31644058,1011.09436,20.868042,0.33,0.0,0.0009536743,0.0,0.18354106,0.37704784
2019-07-23,MIEL1,Caldas,71.65,17875000.0,78430000.0,22.79102384291725,26.479218,-0.94555664,0.6465149,1013.78015,20.623016,0.33,0.0,0.0009536743,0.0,0.18588781,1.1454514
2019-07-24,MIEL1,Caldas,71.63000000000001,21219000.0,78430000.0,27.054698457223004,26.372284,-0.6471062,0.27002716,1013.53436,20.47409,0.33,0.0,0.0009536743,0.0,0.18722813,0.70118546
2019-07-25,MIEL1,Caldas,71.13000000000001,20205000.0,78430000.0,25.761825831952056,26.4664,-0.7072296,0.48766708,1013.04315,20.328125,0.33,0.00047683716,0.000834465,0.0,0.18544649,0.8590652
2019-07-26,MIEL1,Caldas,71.2,20291000.0,78430000.0,25.87147775086064,25.718414,-0.64777374,0.74502945,1013.2645,20.177002,0.33,0.0,0.0005364418,0.0,0.18640085,0.9872587
2019-07-27,MIEL1,Caldas,71.32,24543000.0,78430000.0,31.292872625270935,25.250763,-0.6173477,1.0100594,1013.9938,20.19983,0.33,0.0,0.00047683716,0.0,0.18525243,1.1837813
2019-07-28,MIEL1,Caldas,71.37,19304000.0,78430000.0,24.613030728037742,25.35904,-0.26561356,0.73134613,1012.83325,20.359467,0.33,0.0,0.0005364418,0.0,0.18376352,0.77808595
2019-07-29,MIEL1,Caldas,70.87,18467000.0,78430000.0,23.54583705214841,25.318634,-0.47053146,0.55934906,1011.46814,20.48404,0.33,0.0,0.00047683716,0.0,0.18341197,0.7309386
2019-07-30,MIEL1,Caldas,71.13000000000001,26024000.0,78430000.0,33.18118067066174,26.493011,-0.5806999,0.484169,1012.1786,20.740967,0.33,0.0,0.0005364418,0.0,0.1822792,0.7560635
2019-07-31,MIEL1,Caldas,71.15,18548000.0,78430000.0,23.64911385949254,25.66397,-0.32212448,0.8788948,1011.492,20.879608,0.33,0.0,0.00059604645,0.0,0.1810373,0.9360664
2019-08-01,MIEL1,Caldas,71.28999999999999,17573000.0,77890000.0,22.56130440364617,26.149872,-0.27521515,0.44716644,1010.6301,20.974243,0.19,0.0,0.0006556511,0.0,0.1811147,0.5250726
2019-08-02,MIEL1,Caldas,71.32,18869000.0,77890000.0,24.225189369623827,26.907196,-0.4675293,-0.051136017,1011.23846,20.902222,0.19,0.0015497208,0.0005364418,0.0,0.18116921,0.47031748
2019-08-03,MIEL1,Caldas,71.41,17648000.0,77890000.0,22.657594042880984,25.851349,-0.1787796,0.511837,1011.84344,20.869354,0.19,0.0,0.00059604645,0.0,0.1823572,0.54216164
2019-08-04,MIEL1,Caldas,71.32,16503000.0,77890000.0,21.187572217229427,26.036285,-0.60861206,1.1206169,1013.07733,20.898834,0.19,0.0,0.00047683716,0.0,0.18257104,1.275222
2019-08-05,MIEL1,Caldas,71.28999999999999,15662000.0,77890000.0,20.107844395943,26.21701,-0.2232132,0.8149147,1012.5069,20.708923,0.19,0.024557114,0.00059604645,0.00011920929,0.18173322,0.844932
2019-08-06,MIEL1,Caldas,71.27,15145000.0,77890000.0,19.444087816150983,25.607025,0.023391724,0.9752922,1011.65485,20.693176,0.19,0.0,0.00047683716,0.0,0.1819726,0.9755727
2019-08-07,MIEL1,Caldas,71.06,14727000.0,77890000.0,18.907433560148927,25.981964,-0.50598526,0.6283226,1013.7395,20.943085,0.19,0.0,0.0005364418,0.0,0.18166484,0.8067282
2019-08-08,MIEL1,Caldas,71.17999999999999,20538000.0,77890000.0,26.367954808062656,25.531708,-0.04789734,0.6250305,1015.46405,21.072266,0.19,0.0,0.00059604645,0.0,0.181156,0.62686306
2019-08-09,MIEL1,Caldas,71.15,14447000.0,77890000.0,18.547952240338937,26.060394,-0.19253922,0.57681656,1013.3239,20.940033,0.19,0.0,0.00047683716,0.0,0.1807203,0.6081025
2019-08-10,MIEL1,Caldas,71.13000000000001,13783000.0,77890000.0,17.69546796764668,25.313995,-0.0028419495,0.66192627,1012.96484,20.625702,0.19,0.0,0.00047683716,0.0,0.17987329,0.66193235
2019-08-11,MIEL1,Caldas,71.08,13565000.0,77890000.0,17.415586082937477,25.888763,-0.30344772,0.9442291,1011.3002,20.688446,0.19,0.0,0.00059604645,0.0,0.1782926,0.9917909
2019-08-12,MIEL1,Caldas,71.03,12977000.0,77890000.0,16.6606753113365,26.395844,-0.6274452,0.6344528,1011.0064,20.618988,0.19,0.0,0.0006556511,0.0,0.17870083,0.89231044
2019-08-13,MIEL1,Caldas,71.03,12547000.0,77890000.0,16.108614713056877,26.49997,-0.30610275,0.24239731,1010.4944,20.6828,0.19,0.0,0.0005364418,0.0,0.18034573,0.39045534
2019-08-14,MIEL1,Caldas,69.78999999999999,12268000.0,77890000.0,15.750417255103352,26.023346,-0.39264297,1.1616325,1011.20825,20.901978,0.19,0.0,0.00059604645,0.0,0.18027171,1.2261968
2019-08-15,MIEL1,Caldas,69.67,11775000.0,77890000.0,15.117473359866478,25.470306,-0.18654633,1.0524826,1012.61,21.090363,0.19,0.0,0.00047683716,0.0,0.18016143,1.0688869
2019-08-16,MIEL1,Caldas,69.91000000000001,19042000.0,77890000.0,24.447297470792144,24.666168,-0.80374527,-0.44053268,1015.2681,21.118927,0.19,0.0027418137,0.0006556511,0.00011920929,0.18021378,0.9165563
2019-08-17,MIEL1,Caldas,69.84,13288000.0,77890000.0,17.05995634869688,24.950714,-0.7280693,0.21515274,1015.1923,21.13031,0.19,0.007748604,0.0006556511,0.00023841858,0.1807946,0.7591941
2019-08-18,MIEL1,Caldas,69.77,12098000.0,77890000.0,15.53216073950443,26.335297,-0.42178726,-0.25567245,1012.89594,20.799927,0.19,0.0,0.00035762787,0.0,0.18007216,0.49322703
2019-08-19,MIEL1,Caldas,69.72,11386000.0,77890000.0,14.618051097701889,25.826324,-0.326622,1.2513962,1011.7008,20.565063,0.19,0.0,0.00047683716,0.0,0.18000937,1.2933191
2019-08-20,MIEL1,Caldas,69.62,10829000.0,77890000.0,13.902940043651302,25.28122,-0.32104492,0.62314224,1013.10516,20.46753,0.19,0.0,0.00071525574,0.0,0.18065563,0.7009822
2019-08-21,MIEL1,Caldas,69.55,10447000.0,77890000.0,13.412504814481965,25.623016,-0.22168732,0.61502075,1012.558,20.485382,0.19,0.0,0.0005364418,0.0,0.18118209,0.6537552
2019-08-22,MIEL1,Caldas,69.49,10018000.0,77890000.0,12.8617280780588,24.976288,-0.19139099,0.25456238,1013.4363,20.652802,0.19,0.0,0.0006556511,0.0,0.18227102,0.31848472
2019-08-23,MIEL1,Caldas,69.51,9794000.0,77890000.0,12.57414302221081,25.63913,-0.1462326,0.42682648,1012.7406,20.700073,0.19,0.0,0.00059604645,0.0,0.18498985,0.45118156
2019-08-24,MIEL1,Caldas,69.37,9068000.0,77890000.0,11.642059314417768,26.277557,-0.19032288,0.8775635,1011.7498,20.615479,0.19,0.0,0.00047683716,0.0,0.18505664,0.8979646
2019-08-25,MIEL1,Caldas,69.25,8902000.0,77890000.0,11.428938246244703,26.218353,-0.5095329,0.82032394,1012.0711,20.60376,0.19,0.0,0.00047683716,0.0,0.18463638,0.965689
2019-08-26,MIEL1,Caldas,69.16,8821000.0,77890000.0,11.3249454358711,25.349823,-0.03755188,1.0183449,1011.72144,20.432678,0.19,0.0,0.0005364418,0.0,0.18550284,1.019037
2019-08-27,MIEL1,Caldas,68.86,8320000.0,77890000.0,10.681730645782514,26.582,-0.35931778,0.84101105,1010.2587,20.259735,0.19,0.0,0.00047683716,0.0,0.1855495,0.9145539
2019-08-28,MIEL1,Caldas,68.74,8131000.0,77890000.0,10.439080754910773,25.502167,0.03735733,0.7488861,1010.8203,20.012207,0.19,0.0,0.00035762787,0.0,0.18632641,0.7498173
2019-08-29,MIEL1,Caldas,68.56,7879000.0,77890000.0,10.115547567081782,25.52353,-0.24098587,0.71879196,1011.39954,19.740509,0.19,0.0,0.00047683716,0.0,0.18583202,0.7581135
2019-08-30,MIEL1,Caldas,68.42,6830000.0,77890000.0,8.768776479650791,25.046967,-0.26942444,0.14621735,1012.113,19.621979,0.19,0.0,0.00035762787,0.0,0.18608904,0.3065437
2019-08-31,MIEL1,Caldas,68.58,17927000.0,77890000.0,23.01579150083451,25.893402,-0.14987183,0.53847885,1011.89545,19.5141,0.19,0.0,0.00047683716,0.0,0.18690152,0.5589464
2019-09-01,MIEL1,Caldas,68.46,9346000.0,106930000.0,8.740297390816423,26.25003,-0.38132477,0.6496124,1011.6962,19.320465,0.23,0.0,0.0004172325,0.0,0.18822691,0.7532628
2019-09-02,MIEL1,Caldas,68.4,8606000.0,106930000.0,8.048255868325073,26.89505,-0.15708542,0.05211258,1011.2389,19.442902,0.23,0.0,0.0004172325,0.0,0.1867494,0.16550393
2019-09-03,MIEL1,Caldas,68.54,15066000.0,106930000.0,14.089591321425232,26.708405,-0.19900131,0.15742493,1010.14435,19.462097,0.23,0.022172928,0.0004172325,0.00011920929,0.18680686,0.25374028
2019-09-04,MIEL1,Caldas,68.61,24075000.0,106930000.0,22.514729262134107,26.704132,-0.5034065,0.49262238,1011.3105,19.362091,0.23,0.00023841858,0.0004172325,0.0,0.18594027,0.7043401
2019-09-05,MIEL1,Caldas,68.4,10523000.0,106930000.0,9.841017488076313,26.834442,-0.25187683,0.39997482,1012.90814,19.57727,0.23,0.0,0.00059604645,0.0,0.18532155,0.47267517
2019-09-06,MIEL1,Caldas,68.54,27173000.0,106930000.0,25.411951744131677,27.265167,-0.71019745,0.75096893,1013.0147,19.672852,0.23,0.0,0.0005364418,0.0,0.18501362,1.0336028
2019-09-07,MIEL1,Caldas,68.19,12664000.0,106930000.0,11.843261947068177,26.438873,-0.04157257,0.667099,1012.7994,19.77182,0.23,0.0,0.00047683716,0.0,0.18536614,0.6683931
2019-09-08,MIEL1,Caldas,67.89,9760000.0,106930000.0,9.127466566912934,25.92746,-0.03759384,0.5547981,1013.39575,19.727753,0.23,0.0,0.00047683716,0.0,0.18634734,0.5560703
2019-09-09,MIEL1,Caldas,67.78,8334000.0,106930000.0,7.793883849247171,25.38382,-0.33744812,0.6791687,1012.8116,19.378937,0.23,0.0,0.00035762787,0.0,0.18823421,0.7583808
2019-09-10,MIEL1,Caldas,67.58999999999999,10322000.0,106930000.0,9.653044047507716,26.059296,-0.29385376,0.17179108,1011.89624,19.189545,0.23,0.0,0.00059604645,0.0,0.18665744,0.34038538
2019-09-11,MIEL1,Caldas,67.73,40629000.0,106930000.0,37.99588515851492,27.152863,0.028953552,-0.015155792,1010.36206,18.979706,0.23,0.0,0.0004172325,0.0,0.185823,0.032680366
2019-09-12,MIEL1,Caldas,66.79,20766000.0,106930000.0,19.42018142710184,27.26004,-0.6650696,0.39824295,1009.947,18.844482,0.23,0.00047683716,0.00047683716,0.0,0.18553962,0.7751871
2019-09-13,MIEL1,Caldas,67.23,42490000.0,106930000.0,39.736276068456,26.387238,-0.014629364,0.6263046,1011.02795,18.78421,0.23,0.0,0.00035762787,0.0,0.18569437,0.62647545
2019-09-14,MIEL1,Caldas,67.29,27609000.0,106930000.0,25.819695127653603,26.512787,-0.14858627,0.48399734,1011.08563,18.682465,0.23,0.0,0.0005364418,0.0,0.18496762,0.50629175
2019-09-15,MIEL1,Caldas,67.29,15439000.0,106930000.0,14.438417656410737,27.03244,-0.12831879,0.73365784,1011.0389,18.735168,0.23,0.0,0.0004172325,0.0,0.18198565,0.74479496
2019-09-16,MIEL1,Caldas,66.53999999999999,14788000.0,106930000.0,13.829608154867673,25.966156,0.048908234,-0.076877594,1012.97314,18.85025,0.23,0.0,0.00029802322,0.0,0.18123242,0.0911163
2019-09-17,MIEL1,Caldas,66.11,14492000.0,106930000.0,13.552791545871132,25.935638,-0.10628128,-0.6421814,1012.4373,19.013153,0.23,0.020980835,0.0010728836,0.00047683716,0.18536189,0.65091676
2019-09-18,MIEL1,Caldas,67.23,58032000.0,106930000.0,54.27101842326756,22.67929,0.051757812,-0.40251923,1012.7548,19.218811,0.23,1.2778044,0.09059906,0.09047985,0.38068417,0.4058332
2019-09-19,MIEL1,Caldas,67.52,43242000.0,106930000.0,40.43953988590667,22.504791,0.3256111,-0.6732292,1012.1078,19.564423,0.23,2.001524,0.5387664,0.53828955,0.4356072,0.747837
2019-09-20,MIEL1,Caldas,67.73,33923000.0,106930000.0,31.72449265874872,21.991241,0.09620285,-0.3059616,1013.3061,19.854065,0.23,0.032901764,0.0019669533,0.0016093254,0.42921114,0.32072964
2019-09-21,MIEL1,Caldas,67.82000000000001,24557000.0,106930000.0,22.965491443000094,22.381317,-0.21619034,-0.18865585,1014.33453,20.210052,0.23,0.06020069,0.0059604645,0.0056624413,0.42991978,0.28693083
2019-09-22,MIEL1,Caldas,67.94,29243000.0,106930000.0,27.347797624614238,23.904938,-0.45800018,-0.31027603,1013.9408,20.42633,0.23,0.007033348,0.00071525574,0.0004172325,0.40064132,0.55320466
2019-09-23,MIEL1,Caldas,69.72,98952000.0,106930000.0,92.53904423454595,23.631561,-0.38849258,-0.11561203,1014.6114,20.917206,0.23,0.0023841858,0.00059604645,0.00029802322,0.38118267,0.40533027
2019-09-24,MIEL1,Caldas,70.0,46469000.0,106930000.0,43.45740203871692,23.408966,0.32061386,-0.6982689,1013.65375,21.249084,0.23,0.012397766,0.0013709068,0.001013279,0.36732996,0.76835716
2019-09-25,MIEL1,Caldas,69.62,48385000.0,106930000.0,45.24922846722155,24.451202,0.1750946,-0.16893387,1013.34375,21.520111,0.23,0.007390976,0.0012516975,0.0009536743,0.38946587,0.24330387
2019-09-26,MIEL1,Caldas,72.82,136930000.0,106930000.0,128.05573739829794,23.184418,-0.24510193,-0.637146,1013.8178,21.638153,0.23,0.17857552,0.010371208,0.010073185,0.3979696,0.68266386
2019-09-27,MIEL1,Caldas,73.72,60950000.0,106930000.0,56.99990648087534,23.880829,-0.07416916,-0.25512314,1012.77704,21.618103,0.23,0.00059604645,0.00047683716,5.9604645e-05,0.37820354,0.26568568
2019-09-28,MIEL1,Caldas,74.79,61615000.0,106930000.0,57.62180865987094,23.91153,-0.4965477,-0.99378204,1013.26874,21.973755,0.23,0.0834465,0.002682209,0.0022649765,0.3619901,1.1109285
2019-09-29,MIEL1,Caldas,76.21,63951000.0,106930000.0,59.80641541195174,22.54306,-0.16991425,-0.9086418,1012.622,22.219604,0.23,0.15175343,0.0049471855,0.0047683716,0.3671441,0.9243921
2019-09-30,MIEL1,Caldas,76.18,50040000.0,106930000.0,46.79696998036098,22.889801,0.20713425,-0.5059471,1011.04846,22.554504,0.23,0.19741058,0.007748604,0.007390976,0.39498097,0.54670566
2019-10-01,MIEL1,Caldas,76.25999999999999,58252000.0,152480000.0,38.20304302203568,23.094452,0.2636757,-0.4544525,1011.1264,22.365204,0.39,0.2168417,0.026106834,0.025749207,0.41228586,0.5254065
2019-10-02,MIEL1,Caldas,76.82,40370000.0,152480000.0,26.475603357817416,23.700592,-0.37018204,-0.62467957,1011.3525,21.694489,0.39,0.04041195,0.002682209,0.0022053719,0.3884589,0.7261262
2019-10-03,MIEL1,Caldas,77.49000000000001,40370000.0,152480000.0,26.475603357817416,22.098297,-0.20466995,0.6450958,1014.6814,21.466309,0.39,0.01180172,0.0010728836,0.00071525574,0.3856425,0.67678535
2019-10-04,MIEL1,Caldas,77.91,35503000.0,152480000.0,23.283709338929697,22.618439,-0.19576645,-0.07663727,1013.57733,21.321869,0.39,0.0,0.00023841858,0.0,0.36549404,0.21023266
2019-10-05,MIEL1,Caldas,78.34,33375000.0,152480000.0,21.88811647429171,24.225739,0.46087646,-0.5915413,1012.562,20.99759,0.39,0.0017881393,0.00023841858,0.00011920929,0.34896514,0.7498855
2019-10-06,MIEL1,Caldas,75.98,36933000.0,152480000.0,24.22153725078699,22.769379,-0.29167175,0.14753342,1012.137,20.77539,0.39,0.43439865,0.041902065,0.041902065,0.3839832,0.32686162
2019-10-07,MIEL1,Caldas,74.83,78523000.0,152480000.0,51.49724554039874,23.206818,-0.22951508,-0.5398865,1012.10846,20.615387,0.39,0.08535385,0.0031888485,0.002861023,0.38040143,0.5866469
2019-10-08,MIEL1,Caldas,75.01,41736000.0,152480000.0,27.371458551941235,23.240143,-0.304924,0.0875473,1010.91327,20.676117,0.39,0.0027418137,0.00047683716,0.00023841858,0.3596967,0.3172431
2019-10-09,MIEL1,Caldas,75.44999999999999,36145000.0,152480000.0,23.7047481636936,23.843842,-0.026485443,0.3945923,1010.46765,20.640656,0.39,0.00035762787,0.00035762787,0.0,0.34307903,0.39548013
2019-10-10,MIEL1,Caldas,76.01,45270000.0,152480000.0,29.689139559286463,23.386871,-0.45923233,-0.5395813,1010.9836,21.242859,0.39,0.009655952,0.0007748604,0.00047683716,0.3304873,0.70854944
2019-10-11,MIEL1,Caldas,77.19,56486000.0,152480000.0,37.04485834207765,24.678497,-0.25477982,-0.24005127,1009.91376,21.91272,0.39,0.038027763,0.002861023,0.002503395,0.32877946,0.35005337
2019-10-12,MIEL1,Caldas,78.73,71535000.0,152480000.0,46.91434942287513,23.500824,-0.06658554,-0.07410431,1010.7681,22.298737,0.39,0.071287155,0.00500679,0.0047683716,0.34087732,0.09962471
2019-10-13,MIEL1,Caldas,78.16,80241000.0,152480000.0,52.623950682056666,24.789825,-0.06321716,0.47869873,1011.2408,22.22116,0.39,0.046014786,0.0010728836,0.0008940697,0.33112454,0.48285493
2019-10-14,MIEL1,Caldas,76.53,52688000.0,152480000.0,34.55403987408185,23.753815,-0.5362625,-0.9620285,1012.9522,22.411407,0.39,0.014185905,0.00047683716,0.00023841858,0.31924045,1.1013974
2019-10-15,MIEL1,Caldas,77.07000000000001,47991000.0,152480000.0,31.473635886673662,23.614471,-0.31754684,-0.2706871,1012.8978,22.35373,0.39,0.03516674,0.0021457672,0.0017881393,0.3096833,0.41726193
2019-10-16,MIEL1,Caldas,78.11,88935000.0,152480000.0,58.32568205666316,23.313751,-0.17018509,-0.25765228,1013.22876,22.373993,0.39,0.78845024,0.021278858,0.02104044,0.33880624,0.30878416
2019-10-17,MIEL1,Caldas,79.36,68563000.0,152480000.0,44.96524134312697,23.074066,-0.33238983,0.5203705,1012.72675,22.238678,0.39,0.1180172,0.0019073486,0.0016093254,0.33374733,0.6174694
2019-10-18,MIEL1,Caldas,78.09,55226000.0,152480000.0,36.218520461699896,23.613312,0.18004227,-0.7454643,1013.02454,21.952393,0.39,0.13506413,0.0104904175,0.010430813,0.38537845,0.7668978
2019-10-19,MIEL1,Caldas,77.07000000000001,76555000.0,152480000.0,50.20658447009444,21.243256,-0.03125763,-0.04698181,1013.71716,21.6846,0.39,0.6096363,0.049173832,0.0487566,0.42819613,0.056429867
2019-10-20,MIEL1,Caldas,77.14,58329000.0,152480000.0,38.25354144805876,22.57309,-0.27070236,0.18367386,1013.73157,21.481964,0.39,0.09059906,0.007748604,0.0074505806,0.39958447,0.3271328
2019-10-21,MIEL1,Caldas,76.44999999999999,68158000.0,152480000.0,44.69963273871983,23.19278,0.07224274,-0.61541367,1013.83905,21.393463,0.39,0.12874603,0.008702278,0.00834465,0.38705727,0.6196394
2019-10-22,MIEL1,Caldas,75.42,86032000.0,152480000.0,56.4218258132214,22.259674,0.0993042,-0.3632202,1013.3272,21.186798,0.39,0.49769878,0.07021427,0.06979704,0.38920304,0.37655044
2019-10-23,MIEL1,Caldas,77.64,95310000.0,152480000.0,62.50655823714586,22.745941,-0.08547211,-0.6853218,1011.7272,20.934052,0.39,0.54478645,0.09572506,0.09530783,0.42181802,0.6906312
2019-10-24,MIEL1,Caldas,77.42,81749000.0,152480000.0,53.61293284365163,22.314484,0.24086761,-0.95993805,1011.53827,20.777496,0.39,1.1322498,0.19991398,0.19955635,0.43544853,0.989696
2019-10-25,MIEL1,Caldas,79.08,74415000.0,152480000.0,48.80312172088143,22.921051,-0.4662056,-0.2726593,1012.2061,20.909943,0.39,0.08523464,0.0030398369,0.0027418137,0.41917595,0.540084
2019-10-26,MIEL1,Caldas,80.74,79275000.0,152480000.0,51.99042497376705,23.136627,-0.523674,-0.063812256,1011.5511,21.147766,0.39,0.00023841858,0.00035762787,0.0,0.3972383,0.5275476
2019-10-27,MIEL1,Caldas,80.19,102456000.0,152480000.0,67.19307450157397,22.90683,-0.092536926,-0.5104675,1011.8331,21.498505,0.39,0.21612644,0.00590086,0.005543232,0.39128014,0.5187872
2019-10-28,MIEL1,Caldas,79.51,75400000.0,152480000.0,49.44910807974816,23.67575,0.08637619,0.068180084,1010.08905,21.925903,0.39,0.00035762787,0.00029802322,5.9604645e-05,0.37665546,0.11004258
2019-10-29,MIEL1,Caldas,83.1,168007000.0,152480000.0,110.18297481636937,24.710968,-0.37630844,-0.48443985,1010.2587,22.151459,0.39,0.00023841858,0.00023841858,0.0,0.36749882,0.61342484
2019-10-30,MIEL1,Caldas,83.41,112818000.0,152480000.0,73.98871983210913,22.709503,-0.13545609,-0.60227203,1011.46405,22.281006,0.39,0.17952919,0.0053048134,0.0050365925,0.3700407,0.6173167
2019-10-31,MIEL1,Caldas,84.76,86740000.0,152480000.0,56.88614900314796,23.381073,-0.15081406,-0.39084625,1011.4334,22.34671,0.39,0.08785725,0.002682209,0.0023841858,0.36556447,0.41893396
2019-11-01,MIEL1,Caldas,83.97,75281000.0,187030000.0,40.25076190985404,22.94345,0.2010498,-0.3126297,1012.3148,22.57248,0.58,0.15079975,0.0072717667,0.0070929527,0.3780138,0.3716966
2019-11-02,MIEL1,Caldas,82.74000000000001,77631000.0,187030000.0,41.5072448270331,22.282013,0.3846779,-0.8836899,1012.6145,22.608795,0.58,0.34177303,0.028312206,0.028133392,0.42282718,0.9637867
2019-11-03,MIEL1,Caldas,81.67999999999999,68294000.0,187030000.0,36.514997593968886,24.15683,-0.16685104,-0.5662842,1010.76794,22.403412,0.58,0.045657158,0.002861023,0.0026524067,0.3992879,0.5903533
2019-11-04,MIEL1,Caldas,80.89,113708000.0,187030000.0,60.7966636368497,23.82016,0.19035721,-0.42469406,1010.0636,22.175507,0.58,0.18286705,0.0078082085,0.0075101852,0.40070507,0.46540403
2019-11-05,MIEL1,Caldas,81.8,70923000.0,187030000.0,37.9206544404641,23.59909,-0.11061859,-0.50959396,1010.3809,22.118927,0.58,0.03838539,0.0014901161,0.0013411045,0.3923304,0.52146184
2019-11-06,MIEL1,Caldas,81.27,74944000.0,187030000.0,40.070576912794735,24.45694,-0.48116684,-0.39638138,1010.84814,22.034882,0.58,0.00333786,0.0005662441,0.00011920929,0.37177166,0.62340975
2019-11-07,MIEL1,Caldas,82.13000000000001,60282000.0,187030000.0,32.23119285676095,24.079803,0.014255524,-0.5590668,1009.79297,21.812927,0.58,0.074505806,0.0019967556,0.0017285347,0.35911494,0.5592485
2019-11-08,MIEL1,Caldas,82.97,54996000.0,187030000.0,29.404908303480724,25.125946,-0.34230423,-0.29320145,1007.96716,21.770874,0.58,0.0,0.0003874302,0.0,0.34515926,0.45070976
2019-11-09,MIEL1,Caldas,83.97,62991000.0,187030000.0,33.67962358979843,22.45279,0.57759094,-0.24705505,1009.9164,21.585815,0.58,0.76031685,0.07224083,0.072300434,0.406383,0.62820977
2019-11-10,MIEL1,Caldas,82.49,54291000.0,187030000.0,29.02796342832701,22.046722,0.40632248,-0.8063011,1011.21826,21.703156,0.58,0.59247017,0.08833408,0.08818507,0.43882287,0.90289503
2019-11-11,MIEL1,Caldas,83.74000000000001,79035000.0,187030000.0,42.25792653584987,22.571564,-0.46068954,-1.1178093,1011.85565,21.812195,0.58,0.24342537,0.0166893,0.01642108,0.43212122,1.2090213
2019-11-12,MIEL1,Caldas,84.1,100872000.0,187030000.0,53.93359354114313,22.21933,0.40497208,-0.41442108,1011.1972,22.126434,0.58,1.2588501,0.2990961,0.29873848,0.45210838,0.579437
2019-11-13,MIEL1,Caldas,86.05000000000001,112593000.0,187030000.0,60.20050259316688,20.727875,0.26349258,-0.3438797,1011.96216,22.292084,0.58,1.1475086,0.19961596,0.19931793,0.4533894,0.43322232
2019-11-14,MIEL1,Caldas,85.9,93035000.0,187030000.0,49.7433566807464,21.88388,0.34511948,-0.45417023,1013.7525,22.375824,0.58,1.9245148,0.6864071,0.6862879,0.45595363,0.5704192
2019-11-15,MIEL1,Caldas,88.7,114851000.0,187030000.0,61.40779554082233,21.772247,-0.06593704,-0.7071457,1013.22876,22.789307,0.58,0.18930435,0.02527237,0.02503395,0.4404629,0.7102131
2019-11-16,MIEL1,Caldas,89.12,91951000.0,187030000.0,49.1637705180987,22.37918,0.33197784,-0.5258751,1011.7272,22.833893,0.58,0.071525574,0.008940697,0.008583069,0.4363393,0.6218954
2019-11-17,MIEL1,Caldas,89.35,98659000.0,187030000.0,52.7503609046677,22.464996,0.3229637,-0.96157837,1010.7397,23.071869,0.58,0.08511543,0.012457371,0.01218915,0.4344172,1.014366
2019-11-18,MIEL1,Caldas,89.12,89858000.0,187030000.0,48.044698711436666,22.64444,0.28886795,-0.4799118,1010.9455,23.204102,0.58,0.74481964,0.21463633,0.2143979,0.43574753,0.5601429
2019-11-19,MIEL1,Caldas,92.07,229757000.0,187030000.0,122.84499812864247,22.415558,0.13560486,-0.6159859,1012.5712,23.285858,0.58,0.70512295,0.21767616,0.21755695,0.43459746,0.6307355
2019-11-20,MIEL1,Caldas,93.02,174738000.0,187030000.0,93.42779233278084,22.514679,0.05858612,-0.6959152,1013.5522,23.316559,0.58,0.123143196,0.020563602,0.020384789,0.4367348,0.6983769
2019-11-21,MIEL1,Caldas,93.1,127213000.0,187030000.0,68.01743035876598,22.521637,0.18022919,-0.9114342,1012.83093,23.444489,0.58,0.10609627,0.013589859,0.013411045,0.4220256,0.9290828
2019-11-22,MIEL1,Caldas,94.2,151065000.0,187030000.0,80.77046463134256,22.672882,0.087265015,-0.6200485,1013.0545,23.608124,0.58,0.07522106,0.019788742,0.019550323,0.42835006,0.6261592
2019-11-23,MIEL1,Caldas,94.51,125137000.0,187030000.0,66.90744800299417,22.309662,0.3883667,-0.58994293,1012.98737,23.648193,0.58,0.34797192,0.0744462,0.07414818,0.43144232,0.70630115
2019-11-24,MIEL1,Caldas,95.13,135125000.0,187030000.0,72.24776773779608,23.086945,-0.013679504,-0.86964417,1012.08716,23.709564,0.58,0.09119511,0.020563602,0.020444393,0.42220014,0.86975175
2019-11-25,MIEL1,Caldas,94.89,174851000.0,187030000.0,93.4882104475218,23.96402,-0.24913025,-0.39609146,1009.6898,23.628387,0.58,0.023722649,0.0041127205,0.003874302,0.4049154,0.46792555
2019-11-26,MIEL1,Caldas,94.27,96567000.0,187030000.0,51.63182377158745,23.70462,0.09323883,0.035873413,1008.8867,23.571564,0.58,0.0023841858,0.00059604645,0.0004172325,0.38986504,0.09990186
2019-11-27,MIEL1,Caldas,92.28,81749000.0,187030000.0,43.70903063679624,23.807648,0.08540726,0.12906647,1010.0175,23.55661,0.58,0.0,0.0002682209,0.0,0.37635958,0.15476613
2019-11-28,MIEL1,Caldas,90.12,73124000.0,187030000.0,39.09747099395819,23.080109,0.30466843,-0.42603302,1010.8759,23.361633,0.58,0.0,0.00023841858,0.0,0.3640468,0.52376235
2019-11-29,MIEL1,Caldas,89.49000000000001,78351000.0,187030000.0,41.89220980591349,23.364777,0.46647644,-0.6751251,1012.5712,23.420074,0.58,0.13947487,0.006556511,0.006109476,0.37274477,0.820606
2019-11-30,MIEL1,Caldas,89.85,105337000.0,187030000.0,56.32091108378335,22.558502,-0.22065353,-0.94574356,1011.6647,23.286102,0.58,0.10919571,0.011026859,0.010788441,0.38745895,0.97114307
2019-12-01,MIEL1,Caldas,91.99,110899000.0,165590000.0,66.97203937435835,24.141144,0.12703705,-0.46285248,1011.1428,23.350586,0.66,0.0072717667,0.0013411045,0.0010728836,0.37851283,0.4799696
2019-12-02,MIEL1,Caldas,93.37,78147000.0,165590000.0,47.19306721420375,24.267914,0.05135727,-0.32424164,1012.0581,23.358032,0.66,0.025629997,0.002861023,0.0027418137,0.36568934,0.32828373
2019-12-03,MIEL1,Caldas,92.23,78206000.0,165590000.0,47.2286973851078,23.250214,0.11972046,-0.5479698,1012.0552,23.404633,0.66,0.18382072,0.007748604,0.0073313713,0.37187082,0.5608956
2019-12-04,MIEL1,Caldas,91.59,71767000.0,165590000.0,43.34017754695332,23.262238,-0.052597046,-0.7962303,1011.4384,23.59134,0.66,0.034809113,0.0044107437,0.0043213367,0.36935812,0.79796565
2019-12-05,MIEL1,Caldas,90.03999999999999,88393000.0,165590000.0,53.380638927471466,23.016754,-0.16205215,-0.57883835,1012.21185,23.87149,0.66,0.14042854,0.0044107437,0.004082918,0.37755626,0.6010946
2019-12-06,MIEL1,Caldas,87.92,67960000.0,165590000.0,41.04112567184009,23.278168,-0.09624863,-0.66765594,1012.9203,23.976593,0.66,0.03027916,0.003516674,0.0031590462,0.36532962,0.6745578
2019-12-07,MIEL1,Caldas,87.58,83995000.0,165590000.0,50.72468144211607,21.894989,-0.1615181,-0.5178528,1014.192,23.937653,0.66,0.09691715,0.009715557,0.009596348,0.36298245,0.542457
2019-12-08,MIEL1,Caldas,86.9,76730000.0,165590000.0,46.33733921130503,21.555023,0.1880188,-0.77285004,1013.90063,24.02835,0.66,0.074863434,0.004172325,0.0036358833,0.37231863,0.79539186
2019-12-09,MIEL1,Caldas,88.73,69214000.0,165590000.0,41.79841777885138,22.73825,-0.26834488,-0.42771912,1011.46796,23.950256,0.66,0.0047683716,0.0007748604,0.00047683716,0.36626267,0.50492835
2019-12-10,MIEL1,Caldas,83.22,59995000.0,165590000.0,36.23105259979467,23.375763,-0.16976929,-0.6813698,1010.83984,23.958282,0.66,0.0047683716,0.0009536743,0.0005364418,0.35033873,0.7022011
2019-12-11,MIEL1,Caldas,84.69,114480000.0,165590000.0,69.13460957787306,23.459015,0.3058777,-0.8455734,1012.21094,23.893127,0.66,0.017046928,0.0021457672,0.0017285347,0.34226084,0.8991972
2019-12-12,MIEL1,Caldas,84.41,84954000.0,165590000.0,51.30382269460716,22.185028,-0.29753113,-0.9564514,1011.84705,23.685883,0.66,0.5892515,0.13011694,0.12981892,0.39080197,1.0016607
2019-12-13,MIEL1,Caldas,84.27,86555000.0,165590000.0,52.270668518630345,22.573334,0.18501282,-0.9568596,1010.84534,23.59793,0.66,0.16701221,0.037014484,0.036656857,0.38297457,0.97458196
2019-12-14,MIEL1,Caldas,85.78,102142000.0,165590000.0,61.68367655051633,21.946991,-0.17377472,-0.7207489,1012.52423,23.503143,0.66,0.6364584,0.16331673,0.1628995,0.41490707,0.7414018
2019-12-15,MIEL1,Caldas,87.5,81478000.0,165590000.0,49.204662117277614,22.284332,0.029327393,-0.7071037,1012.63654,23.448456,0.66,0.012874603,0.002682209,0.0023841858,0.4041078,0.7077117
2019-12-16,MIEL1,Caldas,88.78,77475000.0,165590000.0,46.787245606618754,24.176605,-0.025764465,-0.3520813,1010.8853,23.427917,0.66,0.005841255,0.0010728836,0.0006556511,0.3857072,0.35302272
2019-12-17,MIEL1,Caldas,88.35,74327000.0,165590000.0,44.8861646234676,23.130768,0.2890892,-0.5419769,1009.2536,23.389404,0.66,0.0038146973,0.001013279,0.00059604645,0.3770473,0.6142569
2019-12-18,MIEL1,Caldas,87.36,80279000.0,165590000.0,48.480584576363306,23.243622,0.11270523,-0.72626877,1009.90405,23.415405,0.66,0.20313263,0.016748905,0.01642108,0.39976263,0.73496175
2019-12-19,MIEL1,Caldas,86.96000000000001,111119000.0,165590000.0,67.1048976387463,23.546051,0.10393524,-0.29755402,1010.51654,23.435455,0.66,0.034213066,0.002861023,0.0025629997,0.3931213,0.31518397
2019-12-20,MIEL1,Caldas,88.83,100129000.0,165590000.0,60.46802343136663,23.857635,-0.10380554,-0.42069626,1010.7431,23.61911,0.66,0.0051259995,0.00071525574,0.00023841858,0.37614,0.4333139
2019-12-21,MIEL1,Caldas,90.66,85048000.0,165590000.0,51.36058940757293,23.96225,-0.12781143,0.0842247,1010.1697,23.692657,0.66,0.0121593475,0.0016391277,0.0011920929,0.36449438,0.15306719
2019-12-22,MIEL1,Caldas,90.4,68308000.0,165590000.0,41.25128329005375,24.374664,0.03251648,0.067848206,1010.35156,23.729675,0.66,0.00071525574,0.00035762787,5.9604645e-05,0.3528716,0.075237624
2019-12-23,MIEL1,Caldas,91.38,60163000.0,165590000.0,36.332508001690925,24.18753,0.08087158,-0.026168823,1011.15326,23.741425,0.66,0.010371208,0.0017285347,0.0013113022,0.34216222,0.08500012
2019-12-24,MIEL1,Caldas,89.14,53232000.0,165590000.0,32.14686877226885,24.129913,0.03931427,0.0681839,1010.09906,23.778412,0.66,0.0,0.00035762787,0.0,0.33426875,0.07870614
2019-12-25,MIEL1,Caldas,89.75,90871000.0,165590000.0,54.87710610544115,24.493866,-0.17084503,-0.29738235,1009.79346,23.807434,0.66,0.0009536743,0.00047683716,0.00011920929,0.32720804,0.342964
2019-12-26,MIEL1,Caldas,93.32,118349000.0,165590000.0,71.47110332749563,24.485687,0.023693085,-0.28346252,1009.84576,23.895264,0.66,0.10621548,0.0016093254,0.0011920929,0.32657582,0.28445098
2019-12-27,MIEL1,Caldas,92.51,71680000.0,165590000.0,43.28763814239991,24.646088,-0.10624695,-0.18600845,1010.5817,23.92575,0.66,0.004172325,0.000834465,0.00017881393,0.3226663,0.21421382
2019-12-28,MIEL1,Caldas,91.18,60749000.0,165590000.0,36.68639410592427,24.298798,-0.11936188,-0.044517517,1010.8628,24.01892,0.66,0.0,0.00023841858,0.0,0.32292297,0.12739335
2019-12-29,MIEL1,Caldas,92.1,54720000.0,165590000.0,33.04547376049278,24.847015,0.35380554,-0.39676285,1010.0047,24.1716,0.66,0.011444092,0.0015497208,0.0011920929,0.3190052,0.53160053
2019-12-30,MIEL1,Caldas,91.35,57083000.0,165590000.0,34.472492300259674,23.388275,0.3392868,-0.3208351,1010.28595,24.092834,0.66,0.24807453,0.017762184,0.017285347,0.34664088,0.466959
2019-12-31,MIEL1,Caldas,93.15,72584000.0,165590000.0,43.83356482879401,21.645538,-0.08344269,-0.7534065,1012.0566,24.079498,0.66,0.60355663,0.056922436,0.0564456,0.39886934,0.75801325
2020-01-01,MIEL1,Caldas,94.55,59923000.0,127020000.0,47.176035270036216,22.625824,0.059806824,-0.8924713,1012.6225,23.94107,0.64,0.25236607,0.051558018,0.051140785,0.42931598,0.89447296
2020-01-02,MIEL1,Caldas,93.76,66612000.0,127020000.0,52.44213509683514,23.649017,-0.44267273,-0.7413826,1012.2283,23.988739,0.64,0.014662743,0.0021457672,0.0017881393,0.4016499,0.8634856
2020-01-03,MIEL1,Caldas,94.43,47685000.0,127020000.0,37.54133207368918,23.578583,-0.3614273,-0.30374146,1014.1733,24.087158,0.64,0.0042915344,0.0008940697,0.0005364418,0.38208002,0.47211078
2020-01-04,MIEL1,Caldas,93.03,53254000.0,127020000.0,41.92568099511888,22.440948,-0.16268921,-0.50416565,1015.28955,24.208862,0.64,0.0029802322,0.000834465,0.00035762787,0.36725432,0.52976483
2020-01-05,MIEL1,Caldas,91.18,42069000.0,127020000.0,33.11998110533774,22.630585,-0.16238785,-0.6290245,1016.20233,24.318237,0.64,0.076532364,0.008761883,0.00834465,0.3600102,0.6496473
2020-01-06,MIEL1,Caldas,91.55,39039000.0,127020000.0,30.734529995276333,21.928925,-0.34607697,-0.6626396,1014.09076,24.45282,0.64,0.0,0.00059604645,0.0,0.35281947,0.74756974
2020-01-07,MIEL1,Caldas,89.35,36788000.0,127020000.0,28.96236813100299,22.01297,-0.1280098,-0.6445961,1013.52313,24.386139,0.64,0.0,0.00047683716,0.0,0.34091157,0.6571839
2020-01-08,MIEL1,Caldas,88.06,34445000.0,127020000.0,27.11777672807432,22.204498,-0.12262726,-0.40315247,1014.27844,24.322845,0.64,0.00059604645,0.0006556511,2.9802322e-05,0.32983083,0.4213898
2020-01-09,MIEL1,Caldas,86.14,32456000.0,127020000.0,25.55188159344985,22.191132,0.10612106,-0.13813019,1012.59283,24.247284,0.64,0.0,0.0005364418,0.0,0.32012635,0.17418848
2020-01-10,MIEL1,Caldas,83.1,30940000.0,127020000.0,24.358368760825066,23.328949,-0.022762299,0.026046753,1009.73486,24.148804,0.64,0.0,0.00035762787,0.0,0.31038883,0.034591265
2020-01-11,MIEL1,Caldas,79.80000000000001,29454000.0,127020000.0,23.188474256022676,22.708954,-0.100551605,-0.041332245,1010.34436,23.975098,0.64,0.0,0.0005364418,0.0,0.29991686,0.10871513
2020-01-12,MIEL1,Caldas,77.44,28359000.0,127020000.0,22.326405290505438,23.587982,0.055725098,0.17209244,1011.1967,23.960663,0.64,0.0,0.00047683716,0.0,0.28947693,0.18088973
2020-01-13,MIEL1,Caldas,74.86,27578000.0,127020000.0,21.711541489529207,23.334808,0.06399536,-0.092430115,1009.9575,23.870941,0.64,0.0,0.00035762787,0.0,0.2803331,0.112422116
2020-01-14,MIEL1,Caldas,72.11,33210000.0,127020000.0,26.14548889938592,23.66092,0.35873032,0.041332245,1010.15173,23.847046,0.64,0.0,0.00029802322,0.0,0.27042535,0.3611036
2020-01-15,MIEL1,Caldas,70.07,27081000.0,127020000.0,21.32026452527161,23.305084,0.08514404,-0.057941437,1009.0439,23.660889,0.64,0.0,0.0005364418,0.0,0.26331836,0.10298892
2020-01-16,MIEL1,Caldas,69.95,25971000.0,127020000.0,20.446386395843174,23.041656,-0.0075416565,0.1942482,1011.3764,23.574585,0.64,0.0,0.00035762787,0.0,0.25926098,0.19439454
2020-01-17,MIEL1,Caldas,69.92,25001000.0,127020000.0,19.68272712958589,24.01004,0.23448944,0.2263565,1010.33435,23.700562,0.64,0.0,0.00029802322,0.0,0.2531148,0.32591805
2020-01-18,MIEL1,Caldas,70.12,24252000.0,127020000.0,19.09305621162022,24.362335,0.21710587,0.19833755,1009.6174,23.76181,0.64,0.0,0.0004172325,0.0,0.24717498,0.29406247
2020-01-19,MIEL1,Caldas,68.15,23572000.0,127020000.0,18.55770744764604,24.30655,-0.011909485,0.2667961,1009.6809,23.98526,0.64,0.0,0.00047683716,0.0,0.24338698,0.2670618
2020-01-20,MIEL1,Caldas,66.79,23088000.0,127020000.0,18.17666509211148,24.34085,0.13129807,-0.40465927,1011.1122,24.328003,0.64,0.0,0.00047683716,0.0,0.2416615,0.4254272
2020-01-21,MIEL1,Caldas,65.06,27981000.0,127020000.0,22.028814359943315,22.995209,0.44008255,-0.9423218,1012.7991,24.79184,0.64,0.12791157,0.009179115,0.008404255,0.25860834,1.0400207
2020-01-22,MIEL1,Caldas,61.92999999999999,24974000.0,127020000.0,19.66147063454574,20.959076,0.1438713,-0.53894424,1014.15076,24.983673,0.64,2.2690296,0.4863739,0.43839216,0.43091905,0.55781704
2020-01-23,MIEL1,Caldas,60.760000000000005,23525000.0,127020000.0,18.520705400724296,22.41568,-0.085392,-1.1217575,1013.4299,25.079437,0.64,0.38683414,0.089883804,0.089645386,0.43768138,1.125003
2020-01-24,MIEL1,Caldas,61.31,40927000.0,127020000.0,32.220910092898755,23.34256,0.18271637,-0.78767776,1013.5114,25.441437,0.64,0.06496906,0.015676022,0.015199184,0.43343028,0.8085923
2020-01-25,MIEL1,Caldas,61.61,24323000.0,127020000.0,19.148952920799875,24.238983,-0.41323853,-0.728878,1013.642,25.631317,0.64,0.04887581,0.005185604,0.00500679,0.41487718,0.83787185
2020-01-26,MIEL1,Caldas,59.52,25123000.0,127020000.0,19.77877499606361,23.127045,-0.07862854,-0.77150345,1014.2556,25.515656,0.64,0.11086464,0.011563301,0.011086464,0.40704823,0.7754998
2020-01-27,MIEL1,Caldas,57.92,46463000.0,127020000.0,36.57927885372382,23.058014,0.2249031,-0.7715721,1014.59827,25.499268,0.64,0.017404556,0.003874302,0.00333786,0.401284,0.8036821
2020-01-28,MIEL1,Caldas,58.52,51197000.0,127020000.0,40.30625098409699,23.394745,-0.14841843,-0.5063553,1014.5545,25.534454,0.64,0.078201294,0.015079975,0.014781952,0.39851123,0.5276587
2020-01-29,MIEL1,Caldas,56.620000000000005,36452000.0,127020000.0,28.69784285939222,23.966766,-0.062553406,-1.187027,1013.77515,25.576904,0.64,0.021457672,0.0026226044,0.0022053719,0.38687548,1.1886741
2020-01-30,MIEL1,Caldas,54.46,30456000.0,127020000.0,23.977326405290505,23.99533,-0.19411731,-0.5512581,1013.3139,25.516663,0.64,0.0054836273,0.0011324883,0.00071525574,0.3717904,0.5844374
2020-01-31,MIEL1,Caldas,52.46,48988000.0,127020000.0,38.567154778775,24.392426,0.1325798,0.08404541,1012.7375,25.458893,0.64,0.0035762787,0.001013279,0.0004172325,0.3563569,0.15697463
2020-02-01,MIEL1,Caldas,52.84,31524000.0,124370000.0,25.34694862105009,24.495209,0.081840515,0.1597557,1012.0722,25.530426,0.63,0.00059604645,0.00059604645,5.9604645e-05,0.3418701,0.17949863
2020-02-02,MIEL1,Caldas,52.65,32371000.0,124370000.0,26.027981024362788,23.749908,0.27111816,-0.6396103,1012.9808,25.572266,0.63,0.07522106,0.0073313713,0.0071525574,0.33476117,0.6946988
2020-02-03,MIEL1,Caldas,49.99,27357000.0,124370000.0,21.99646216933344,23.983063,0.2538147,-0.17538452,1012.8206,25.774902,0.63,0.0014305115,0.0005364418,0.00011920929,0.33107987,0.3085152
2020-02-04,MIEL1,Caldas,49.97,28472000.0,124370000.0,22.892980622336577,24.20993,0.18683243,-0.16680908,1012.6436,25.79837,0.63,0.0,0.00062584877,0.0,0.31993,0.25046283
2020-02-05,MIEL1,Caldas,49.79,26078000.0,124370000.0,20.968079118758546,23.0831,0.1533699,-0.47499084,1012.15295,25.912323,0.63,0.0,0.0004172325,0.0,0.30985355,0.4991379
2020-02-06,MIEL1,Caldas,47.71,24457000.0,124370000.0,19.664710139101068,23.58133,0.13476562,-0.035297394,1010.9378,25.945038,0.63,0.0,0.00047683716,0.0,0.2986702,0.13931145
2020-02-07,MIEL1,Caldas,45.37,43462000.0,124370000.0,34.945726461365275,22.534271,0.51614,-0.36816025,1012.22125,25.982574,0.63,0.0,0.00047683716,0.0,0.28824127,0.63398933
2020-02-08,MIEL1,Caldas,42.66,29717000.0,124370000.0,23.89402589048806,24.262909,0.48034286,-0.91830826,1013.0486,25.916534,0.63,0.009894371,0.0013113022,0.0009536743,0.28181607,1.036349
2020-02-09,MIEL1,Caldas,40.150000000000006,25863000.0,124370000.0,20.795207847551666,23.536896,0.09337616,-0.73005676,1013.1381,25.959015,0.63,0.01680851,0.0017881393,0.0016093254,0.27937216,0.73600405
2020-02-10,MIEL1,Caldas,39.97,24193000.0,124370000.0,19.4524402991075,23.591461,-0.113861084,0.17456055,1011.92346,26.059967,0.63,0.0,0.00047683716,0.0,0.27341747,0.20841241
2020-02-11,MIEL1,Caldas,37.92,22094000.0,124370000.0,17.764734260673794,24.417084,0.05296707,0.23715591,1010.89154,25.924774,0.63,0.0,0.00035762787,0.0,0.26488385,0.24299885
2020-02-12,MIEL1,Caldas,36.05,21518000.0,124370000.0,17.301600064324195,24.041779,0.28338623,-0.1799469,1010.61017,25.72525,0.63,0.0,0.00029802322,0.0,0.25773394,0.33569127
2020-02-13,MIEL1,Caldas,36.07,42682000.0,124370000.0,34.318565570475194,24.581268,0.07045746,-0.038722992,1010.16595,25.612091,0.63,0.0,0.0004172325,0.0,0.25247815,0.080397286
2020-02-14,MIEL1,Caldas,36.02,31264000.0,124370000.0,25.137894990753395,24.908783,0.14842606,-0.090488434,1010.9498,25.56424,0.63,0.0038146973,0.00071525574,0.00029802322,0.24684766,0.17383455
2020-02-15,MIEL1,Caldas,34.73,93260000.0,124370000.0,74.98592908257619,25.419952,-0.20849991,-0.3652916,1011.2278,25.493164,0.63,0.002861023,0.00059604645,0.00023841858,0.24355415,0.4206069
2020-02-16,MIEL1,Caldas,35.099999999999994,44680000.0,124370000.0,35.92506231406288,25.09433,0.036064148,0.09473419,1009.66296,25.31369,0.63,0.0010728836,0.00029802322,5.9604645e-05,0.23810698,0.10136661
2020-02-17,MIEL1,Caldas,34.89,35550000.0,124370000.0,28.584063680952,26.112762,0.09498596,0.2178688,1008.6973,25.373566,0.63,0.0021457672,0.0006556511,0.00017881393,0.23304518,0.23767446
2020-02-18,MIEL1,Caldas,35.120000000000005,30483000.0,124370000.0,24.50993004743909,26.168549,-0.006996155,0.40023422,1008.92206,25.539642,0.63,0.0,0.00029802322,0.0,0.22546542,0.40029538
2020-02-19,MIEL1,Caldas,35.13,27555000.0,124370000.0,22.155664549328616,26.080841,-0.08575821,0.12945938,1009.15735,25.575714,0.63,0.0,0.00020861626,0.0,0.22182956,0.15528747
2020-02-20,MIEL1,Caldas,34.75,47274000.0,124370000.0,38.01077430248452,25.816132,-0.08815384,0.16090393,1009.6511,25.875458,0.63,0.0,0.00017881393,0.0,0.2188352,0.18346982
2020-02-21,MIEL1,Caldas,33.82,39548000.0,124370000.0,31.7986652729758,25.30545,0.19819641,-0.5764961,1012.29987,26.167206,0.63,0.010609627,0.0013113022,0.00047683716,0.22278927,0.6096143
2020-02-22,MIEL1,Caldas,35.38,92198000.0,124370000.0,74.1320254080566,22.902435,-0.012382507,-0.8813896,1013.96655,26.430328,0.63,0.6531477,0.056147575,0.055789948,0.30025867,0.8814766
2020-02-23,MIEL1,Caldas,36.26,56746000.0,124370000.0,45.62675886467797,23.353485,0.13914108,-1.0894852,1013.72577,26.496155,0.63,0.18525124,0.026762486,0.026404858,0.35207134,1.0983343
2020-02-24,MIEL1,Caldas,36.8,47021000.0,124370000.0,37.80734903915735,23.900482,-0.15899277,-1.0527611,1012.32513,26.652618,0.63,0.06854534,0.009536743,0.009000301,0.34050936,1.0646993
2020-02-25,MIEL1,Caldas,36.02,41626000.0,124370000.0,33.469486210500925,25.751373,-0.02218628,-0.93520355,1011.7494,26.929169,0.63,0.049233437,0.004529953,0.0041127205,0.32701832,0.93546665
2020-02-26,MIEL1,Caldas,35.15,57193000.0,124370000.0,45.98617029830345,24.674652,-0.45165634,-0.90496063,1013.71783,27.004242,0.63,0.14925003,0.013113022,0.012695789,0.3209891,1.0114086
2020-02-27,MIEL1,Caldas,34.82,47713000.0,124370000.0,38.36375331671625,25.062653,-0.20762253,-1.0615349,1013.95544,26.976135,0.63,0.04196167,0.00423193,0.0039339066,0.31003785,1.0816485
2020-02-28,MIEL1,Caldas,33.900000000000006,37105000.0,124370000.0,29.83436520061108,24.72403,0.05858612,-0.9008713,1013.76624,26.954254,0.63,0.01859665,0.001847744,0.0013709068,0.3051814,0.9027743
2020-02-29,MIEL1,Caldas,33.68,33455000.0,124370000.0,26.899573852215163,24.735565,-0.09913635,-0.6386986,1013.6163,26.911652,0.63,0.010728836,0.0012516975,0.0007748604,0.2959199,0.64634657
2020-03-01,MIEL1,Caldas,34.19,102701000.0,133970000.0,76.65969993282079,25.459808,-0.07839584,-0.70148087,1012.5425,26.787445,0.53,0.014185905,0.0016093254,0.0011920929,0.28714105,0.7058479
2020-03-02,MIEL1,Caldas,33.47,77297000.0,133970000.0,57.697245652011645,26.444427,-0.43979645,-0.23262787,1011.72125,26.804962,0.53,0.025868416,0.001013279,0.00071525574,0.27976912,0.49753055
2020-03-03,MIEL1,Caldas,32.6,83042000.0,133970000.0,61.985519146077486,26.272308,-0.0008659363,-0.40308762,1010.5786,26.799713,0.53,0.021219254,0.0021457672,0.001847744,0.27549496,0.40308854
2020-03-04,MIEL1,Caldas,33.97,185394000.0,133970000.0,138.38471299544673,25.90268,-0.18237305,-0.21875763,1011.1864,26.834808,0.53,0.01013279,0.0012516975,0.00071525574,0.27094907,0.28480664
2020-03-05,MIEL1,Caldas,35.33,101687000.0,133970000.0,75.90281406284988,25.88852,-0.07780838,0.0069084167,1011.62,26.738617,0.53,0.00047683716,0.00023841858,5.9604645e-05,0.2659614,0.078114465
2020-03-06,MIEL1,Caldas,36.75,92723000.0,133970000.0,69.21176382772262,25.32431,0.27499008,-0.53263474,1011.9178,26.536285,0.53,0.0,0.00029802322,0.0,0.25927824,0.59943247
2020-03-07,MIEL1,Caldas,37.18,90574000.0,133970000.0,67.6076733597074,26.313568,0.14596939,-0.81023026,1010.8931,26.320953,0.53,0.0009536743,0.00035762787,0.00011920929,0.2544451,0.823274
2020-03-08,MIEL1,Caldas,37.97,95389000.0,133970000.0,71.20176158841531,25.023346,-0.28515625,-0.48375702,1012.0997,26.36905,0.53,0.07998943,0.0066161156,0.0061392784,0.26109356,0.5615469
2020-03-09,MIEL1,Caldas,36.14,77132000.0,133970000.0,57.57408375009331,26.810455,-0.20471954,-0.6633301,1012.0595,26.267029,0.53,0.023126602,0.0021457672,0.0017285347,0.2596065,0.6942023
2020-03-10,MIEL1,Caldas,36.51,65403000.0,133970000.0,48.81913861312234,26.888336,-0.5370445,-0.8717346,1012.1841,26.255219,0.53,0.3402233,0.03159046,0.031471252,0.26325625,1.0238838
2020-03-11,MIEL1,Caldas,36.07,72941000.0,133970000.0,54.44577144136748,24.197968,0.10258865,-0.53560257,1011.3197,26.329712,0.53,0.9865761,0.18334389,0.18274784,0.35613498,0.5453389
2020-03-12,MIEL1,Caldas,37.41,74665000.0,133970000.0,55.73262670747182,25.865143,-0.10351181,-0.28795242,1009.83624,26.29535,0.53,0.39100647,0.0897944,0.08934736,0.3622228,0.3059923
2020-03-13,MIEL1,Caldas,38.75,98996000.0,133970000.0,73.89415540792714,24.970062,-0.006477356,-0.8299675,1012.0503,26.365631,0.53,0.11956692,0.015676022,0.015377998,0.36201918,0.8299928
2020-03-14,MIEL1,Caldas,37.61,71522000.0,133970000.0,53.386579084869744,24.00418,-0.023578644,-0.75899506,1013.84094,26.389862,0.53,0.16701221,0.026226044,0.025629997,0.37351796,0.7593612
2020-03-15,MIEL1,Caldas,35.33,69563000.0,133970000.0,51.92431141300291,24.471466,-0.04639435,-1.0921822,1013.6725,26.582764,0.53,0.04887581,0.006556511,0.006377697,0.36255842,1.0931671
2020-03-16,MIEL1,Caldas,33.7,59105000.0,133970000.0,44.118086138687765,25.256317,0.023071289,-1.0098686,1012.27313,26.711273,0.53,0.01001358,0.0014901161,0.0012516975,0.34577796,1.0101321
2020-03-17,MIEL1,Caldas,31.95,50565000.0,133970000.0,37.743524669702175,24.84433,-0.47478485,-0.85255814,1012.57935,26.90738,0.53,0.010251999,0.0015497208,0.0011920929,0.33449215,0.97584635
2020-03-18,MIEL1,Caldas,32.379999999999995,44833000.0,133970000.0,33.46495484063596,25.558014,-0.35766602,-0.9699745,1013.2,26.93814,0.53,0.0,0.00035762787,0.0,0.32320383,1.033816
2020-03-19,MIEL1,Caldas,32.89,42075000.0,133970000.0,31.40628498917668,26.208282,-0.079811096,-0.9254799,1012.90155,26.954681,0.53,0.0010728836,0.00023841858,0.0,0.30984643,0.9289149
2020-03-20,MIEL1,Caldas,31.27,51751000.0,133970000.0,38.62879749197582,24.741669,0.39775085,-0.9114227,1014.5006,26.819427,0.53,1.1022091,0.2207756,0.22059679,0.3334182,0.9944331
2020-03-21,MIEL1,Caldas,28.47,39569000.0,133970000.0,29.53571695155632,22.634857,0.38332748,-0.92985535,1014.6369,26.710693,0.53,0.28061867,0.044226646,0.044047832,0.39016306,1.0057688
2020-03-22,MIEL1,Caldas,25.62,36898000.0,133970000.0,27.54198701201761,23.3732,0.08483505,-0.7417679,1012.7736,26.649048,0.53,0.038266182,0.0064969063,0.0062584877,0.37860525,0.74660337
2020-03-23,MIEL1,Caldas,25.83,36980000.0,133970000.0,27.603194745092186,25.326447,0.24376059,-0.46445847,1013.8236,26.489075,0.53,0.01180172,0.0016093254,0.0014901161,0.3620308,0.52453876
2020-03-24,MIEL1,Caldas,24.97,39699000.0,133970000.0,29.632753601552587,24.68106,0.55426025,-0.52799225,1013.78516,26.344025,0.53,0.018835068,0.0025629997,0.0023245811,0.3514232,0.76549345
2020-03-25,MIEL1,Caldas,22.99,33701000.0,133970000.0,25.155631857878628,25.669342,0.081790924,-0.68740463,1011.52783,26.096527,0.53,0.004053116,0.00071525574,0.00047683716,0.33975264,0.6922535
2020-03-26,MIEL1,Caldas,23.6,50385000.0,133970000.0,37.6091662312458,26.45169,0.15904999,-0.72480774,1010.8119,25.60025,0.53,0.019431114,0.0023841858,0.0022649765,0.32828677,0.7420534
2020-03-27,MIEL1,Caldas,23.99,35664000.0,133970000.0,26.620885272822274,24.844513,0.07563019,-0.94675064,1009.8201,25.349854,0.53,0.027894974,0.0031590462,0.002861023,0.3216306,0.94976664
2020-03-28,MIEL1,Caldas,24.34,33184000.0,133970000.0,24.76972456520117,26.068512,-0.11111069,-0.34560776,1009.57623,25.014618,0.53,0.0026226044,0.00047683716,0.00023841858,0.30958548,0.36302936
2020-03-29,MIEL1,Caldas,22.2,31738000.0,133970000.0,23.690378442934986,26.054718,-0.1389389,-0.03753662,1010.28625,24.639008,0.53,0.009298325,0.0011920929,0.0009536743,0.3007763,0.14392017
2020-03-30,MIEL1,Caldas,22.48,43987000.0,133970000.0,32.83347017989102,25.119781,-0.552948,-0.62981033,1011.6106,24.513641,0.53,0.04053116,0.0030398369,0.0026226044,0.29969335,0.83810055
2020-03-31,MIEL1,Caldas,22.85,27092000.0,133970000.0,20.22243785922221,25.39389,0.10858917,0.019592285,1010.3164,24.34311,0.53,0.53429604,0.082314014,0.08201599,0.3209989,0.110342495
2020-04-01,MIEL1,Caldas,25.5,130302000.0,150220000.0,86.74078018905605,23.001434,-0.2905388,-0.8635864,1012.3052,24.180511,0.3,0.48422813,0.0936389,0.09334087,0.37818354,0.91115004
2020-04-02,MIEL1,Caldas,26.21,53265000.0,150220000.0,35.457994940753565,24.731354,0.07553482,-0.45464706,1012.71643,24.081024,0.3,0.022649765,0.0032186508,0.0030994415,0.37763417,0.460879
2020-04-03,MIEL1,Caldas,26.78,45475000.0,150220000.0,30.27226734123285,25.786041,-0.23778915,0.022548676,1010.90845,24.078094,0.3,0.03159046,0.0022053719,0.001937151,0.36198616,0.23885587
2020-04-04,MIEL1,Caldas,27.38,44664000.0,150220000.0,29.732392491013183,26.051666,-0.23738861,-0.18031693,1010.1622,24.120544,0.3,0.20098686,0.0023245811,0.002026558,0.35505813,0.2981066
2020-04-05,MIEL1,Caldas,25.4,39585000.0,150220000.0,26.351351351351347,26.1315,-0.08403778,-0.17235184,1010.425,24.082855,0.3,0.07748604,0.0008940697,0.00071525574,0.35684243,0.19174854
2020-04-06,MIEL1,Caldas,22.78,35014000.0,150220000.0,23.30848089468779,25.62973,-0.029842377,-0.5169182,1011.675,24.036652,0.3,0.0320673,0.0052452087,0.005185604,0.34384948,0.5177789
2020-04-07,MIEL1,Caldas,22.03,50025000.0,150220000.0,33.3011583011583,25.827667,-0.3190155,0.18097305,1012.48517,23.856201,0.3,0.04041195,0.0078082085,0.0075101852,0.3376468,0.3667726
2020-04-08,MIEL1,Caldas,22.44,35070000.0,150220000.0,23.345759552656105,26.018585,-0.30521774,0.30400467,1010.77124,23.950226,0.3,0.0,0.00029802322,0.0,0.32045344,0.43078616
2020-04-09,MIEL1,Caldas,22.43,35764000.0,150220000.0,23.807748635334843,26.13974,-0.17840958,0.014362335,1011.23206,23.694336,0.3,0.0,0.00023841858,0.0,0.30458164,0.17898674
2020-04-10,MIEL1,Caldas,22.79,36199000.0,150220000.0,24.09732392491013,25.641388,-0.30241013,-0.32323837,1010.9377,23.773193,0.3,0.00059604645,0.00035762787,0.0,0.29058808,0.44264537
2020-04-11,MIEL1,Caldas,23.14,34432000.0,150220000.0,22.92104912794568,25.205475,-0.61268616,-0.5563202,1012.3678,23.694733,0.3,0.024676323,0.0022649765,0.0020861626,0.28600162,0.82757264
2020-04-12,MIEL1,Caldas,23.32,40804000.0,150220000.0,27.162827852483023,24.6055,-0.08591843,-0.33838272,1013.47015,23.509674,0.3,0.5123615,0.09393692,0.093758106,0.3607712,0.3491201
2020-04-13,MIEL1,Caldas,23.57,31685000.0,150220000.0,21.092397816535748,23.750885,0.22099686,-0.68460083,1013.8819,23.433228,0.3,0.074744225,0.005364418,0.0051259995,0.3667465,0.7193872
2020-04-14,MIEL1,Caldas,24.05,36600000.0,150220000.0,24.364265743576087,23.988678,-0.32786942,-0.71782684,1014.122,23.555176,0.3,0.10514259,0.0056028366,0.0051259995,0.36308512,0.78916013
2020-04-15,MIEL1,Caldas,22.94,39054000.0,150220000.0,25.99786979097324,22.785736,-0.13867188,-0.66672134,1013.858,23.752289,0.3,0.09906292,0.0047683716,0.0045895576,0.37327778,0.6809899
2020-04-16,MIEL1,Caldas,20.49,30909000.0,150220000.0,20.575822127546264,23.954193,-0.22362137,-0.6017113,1013.60986,23.838806,0.3,0.05865097,0.006198883,0.00590086,0.36441195,0.64192134
2020-04-17,MIEL1,Caldas,21.63,65872000.0,150220000.0,43.85035281587006,24.231781,-0.10210037,-0.0052337646,1014.22284,23.832428,0.3,0.026464462,0.0017285347,0.0016093254,0.34766328,0.10223443
2020-04-18,MIEL1,Caldas,22.17,35632000.0,150220000.0,23.71987751298096,24.339386,-0.19582748,0.08621216,1013.33563,24.018951,0.3,0.002503395,0.00071525574,0.00023841858,0.33282614,0.2139648
2020-04-19,MIEL1,Caldas,22.52,34576000.0,150220000.0,23.016908534149916,23.98819,-0.48976517,-0.7807007,1014.1887,24.181793,0.3,0.012636185,0.0011324883,0.0009536743,0.3223992,0.92160916
2020-04-20,MIEL1,Caldas,22.92,33105000.0,150220000.0,22.03767807216083,25.726532,-0.15540314,0.14562607,1012.2369,24.199799,0.3,0.00035762787,0.00035762787,0.0,0.31017858,0.21297203
2020-04-21,MIEL1,Caldas,23.91,55134000.0,150220000.0,36.70217015044601,22.791718,0.08826828,-0.5482216,1014.72656,24.214325,0.3,0.24175644,0.009298325,0.008940697,0.3428653,0.55528206
2020-04-22,MIEL1,Caldas,22.16,37502000.0,150220000.0,24.964718412994277,23.539764,0.03974533,-0.43029404,1013.61096,24.107605,0.3,0.05567074,0.004351139,0.0041127205,0.34469068,0.43212575
2020-04-23,MIEL1,Caldas,22.67,49256000.0,150220000.0,32.78924244441485,24.633942,-0.12466431,-0.41046143,1012.8767,24.13388,0.3,0.34177303,0.027775764,0.027537346,0.39854047,0.42897525
2020-04-24,MIEL1,Caldas,23.09,35638000.0,150220000.0,23.723871654906137,24.238434,0.061077118,-0.83896637,1013.01764,24.126068,0.3,0.030875206,0.0028014183,0.0025629997,0.36729673,0.84118664
2020-04-25,MIEL1,Caldas,23.62,40188000.0,150220000.0,26.752762614831585,24.881683,-0.3886032,-1.0579033,1012.2339,24.111969,0.3,0.04386902,0.0033974648,0.0032782555,0.34854335,1.1270189
2020-04-26,MIEL1,Caldas,24.29,48464000.0,150220000.0,32.26201571029158,25.279755,-0.26522064,-0.2780609,1012.58875,24.014343,0.3,0.006914139,0.0009536743,0.00059604645,0.3320495,0.38426536
2020-04-27,MIEL1,Caldas,22.98,43071000.0,150220000.0,28.671947809878844,25.192535,-0.32244873,0.27706528,1012.42596,23.75705,0.3,0.0042915344,0.0005364418,0.00029802322,0.31617045,0.42513332
2020-04-28,MIEL1,Caldas,23.18,34991000.0,150220000.0,23.293170017307947,26.09616,-0.37553406,0.2598915,1012.1987,23.585236,0.3,0.0,0.00029802322,0.0,0.30017585,0.456694
2020-04-29,MIEL1,Caldas,23.86,47444000.0,150220000.0,31.583011583011583,24.449493,-0.018417358,-0.5883179,1012.89624,23.45044,0.3,0.30863285,0.0053048134,0.0049471855,0.3271349,0.58860606
2020-04-30,MIEL1,Caldas,24.34,49255000.0,150220000.0,32.788576754093995,24.98471,-0.029735565,-0.4242897,1012.52466,23.377838,0.3,0.002026558,0.00035762787,0.00011920929,0.32516724,0.4253304
2020-05-01,MIEL1,Caldas,26.15,89397000.0,166560000.0,53.67255043227666,25.053436,-0.28203583,-0.07492828,1013.88794,23.416687,0.01,0.28252602,0.003516674,0.0033974648,0.3273665,0.2918192
2020-05-02,MIEL1,Caldas,26.9,54392000.0,166560000.0,32.65609990393852,25.337494,-0.32881546,0.16669846,1012.97577,23.4953,0.01,0.00023841858,0.00029802322,0.0,0.31420836,0.368657
2020-05-03,MIEL1,Caldas,27.53,45569000.0,166560000.0,27.358909702209417,25.645416,-0.72509384,-0.22682571,1012.39484,23.644989,0.01,0.0054836273,0.00029802322,5.9604645e-05,0.29722986,0.759744
2020-05-04,MIEL1,Caldas,27.950000000000003,40096000.0,166560000.0,24.07300672430356,26.698883,-0.115665436,0.12291336,1010.52795,23.709381,0.01,0.0,0.00029802322,0.0,0.2786565,0.16877852
2020-05-05,MIEL1,Caldas,25.83,40017000.0,166560000.0,24.02557636887608,25.629486,-0.17191696,0.3003235,1010.61237,23.698303,0.01,0.017166138,0.00047683716,0.00023841858,0.2723837,0.3460486
2020-05-06,MIEL1,Caldas,25.99,34598000.0,166560000.0,20.77209414024976,26.522919,-0.3007202,-0.26243973,1011.21094,23.867462,0.01,0.0,0.00029802322,0.0,0.26154962,0.39913315
2020-05-07,MIEL1,Caldas,26.340000000000003,39500000.0,166560000.0,23.71517771373679,26.126678,-0.30376816,0.23690033,1012.29156,23.989227,0.01,0.003695488,0.0004172325,0.0,0.24915236,0.38522312
2020-05-08,MIEL1,Caldas,26.640000000000004,32285000.0,166560000.0,19.383405379442845,25.845306,-0.17226028,0.33755875,1012.3233,24.189728,0.01,0.00023841858,0.00017881393,0.0,0.23984893,0.37897164
2020-05-09,MIEL1,Caldas,26.87,30473000.0,166560000.0,18.295509125840532,26.33554,-0.17953491,0.6784744,1011.6323,24.19928,0.01,0.0,0.00011920929,0.0,0.23019525,0.7018264
2020-05-10,MIEL1,Caldas,27.13,29035000.0,166560000.0,17.432156580211338,27.63681,-0.12536621,0.647995,1011.7966,24.124725,0.01,0.0,0.00023841858,0.0,0.21866441,0.66001076
2020-05-11,MIEL1,Caldas,27.3,27772000.0,166560000.0,16.673871277617675,26.86789,-0.19439697,-0.94187164,1011.90955,24.314423,0.01,0.0,0.00035762787,0.0,0.20999528,0.9617237
2020-05-12,MIEL1,Caldas,27.58,30693000.0,166560000.0,18.427593659942364,24.567719,-0.330822,-0.36108017,1013.57654,24.491089,0.01,0.22470951,0.0052452087,0.0052452087,0.24970089,0.48971632
2020-05-13,MIEL1,Caldas,28.28,37166000.0,166560000.0,22.31388088376561,22.94754,-0.40323257,-0.24657822,1014.13794,24.406677,0.01,0.7811785,0.20384789,0.20360947,0.3205199,0.47264928
2020-05-14,MIEL1,Caldas,28.39,26950000.0,166560000.0,16.180355427473582,24.431976,-0.04597473,-0.52472305,1012.9888,24.340973,0.01,0.03874302,0.0021457672,0.0019669533,0.31126547,0.5267333
2020-05-15,MIEL1,Caldas,28.45,27256000.0,166560000.0,16.364073006724304,25.53946,-0.11661911,-0.23865485,1012.52014,24.251953,0.01,0.17380714,0.0023245811,0.0021457672,0.31052274,0.26562408
2020-05-16,MIEL1,Caldas,28.660000000000004,29229000.0,166560000.0,17.548631123919307,26.836273,-0.19782639,0.77103806,1010.8742,24.18872,0.01,0.00011920929,0.00035762787,0.0,0.29099804,0.7960119
2020-05-17,MIEL1,Caldas,28.79,24154000.0,166560000.0,14.50168107588857,26.245514,-0.30867767,-0.21190262,1011.2011,23.954254,0.01,0.0,0.00035762787,0.0,0.27249637,0.3744124
2020-05-18,MIEL1,Caldas,28.910000000000004,25405000.0,166560000.0,15.25276176753122,26.399384,-0.08941269,0.23795319,1012.15125,23.925873,0.01,0.00023841858,0.00023841858,0.0,0.2571661,0.25419748
2020-05-19,MIEL1,Caldas,30.1,61256000.0,166560000.0,36.777137367915465,25.56076,-0.21415329,0.28528595,1012.89954,23.758148,0.01,0.0,0.00011920929,0.0,0.24694064,0.35672078
2020-05-20,MIEL1,Caldas,30.35,29306000.0,166560000.0,17.59486071085495,25.988312,-0.20171356,0.31585312,1012.6266,23.66455,0.01,0.0,5.9604645e-05,0.0,0.23604217,0.37476867
2020-05-21,MIEL1,Caldas,30.56,25888000.0,166560000.0,15.542747358309317,26.77652,-0.06813431,0.673954,1011.77374,23.34256,0.01,0.000834465,0.00029802322,0.0,0.2234184,0.6773893
2020-05-22,MIEL1,Caldas,30.74,24355000.0,166560000.0,14.622358309317963,27.292877,-0.12085724,0.00724411,1012.08875,23.174805,0.01,0.0,0.00017881393,0.0,0.20856209,0.12107415
2020-05-23,MIEL1,Caldas,30.85,23374000.0,166560000.0,14.033381364073003,28.141998,-0.5434723,0.43114853,1012.40234,22.902924,0.01,0.0,0.00017881393,0.0,0.19620629,0.6937227
2020-05-24,MIEL1,Caldas,30.97,22753000.0,166560000.0,13.66054274735831,26.975922,-0.47377396,0.5347328,1011.5144,22.63916,0.01,0.0,0.00017881393,0.0,0.18951854,0.71442354
2020-05-25,MIEL1,Caldas,31.1,21437000.0,166560000.0,12.870437079731028,28.078156,-0.582283,0.5437393,1010.6174,22.411713,0.01,0.0,0.00029802322,0.0,0.18394896,0.7966843
2020-05-26,MIEL1,Caldas,31.230000000000004,21982000.0,166560000.0,13.197646493756004,27.420624,-0.46895218,0.5530739,1010.9886,22.223328,0.01,0.0,0.00029802322,0.0,0.1838819,0.7251254
2020-05-27,MIEL1,Caldas,31.33,20303000.0,166560000.0,12.18960134486071,26.431671,-0.2268486,0.6497421,1011.6036,22.155518,0.01,0.0,0.00023841858,0.0,0.1826194,0.6882043
2020-05-28,MIEL1,Caldas,31.61,28965000.0,166560000.0,17.39012968299712,22.89981,-0.18686295,-0.71907425,1014.46576,22.37149,0.01,0.26905537,0.004887581,0.0046491623,0.21634117,0.7429573
2020-05-29,MIEL1,Caldas,31.65,21448000.0,166560000.0,12.877041306436118,23.689667,0.07565689,-0.228199,1013.71814,22.6091,0.01,0.15544891,0.00923872,0.009059906,0.308584,0.24041371
2020-05-30,MIEL1,Caldas,32.37,28645000.0,166560000.0,17.198006724303553,21.659088,-0.12974167,-0.6670685,1015.3884,22.669037,0.01,2.804637,0.35464764,0.35429,0.44316795,0.6795684
2020-05-31,MIEL1,Caldas,32.66,30219000.0,166560000.0,18.143011527377524,22.434845,-0.099292755,-0.57130814,1016.0403,22.614044,0.01,0.6144047,0.14179945,0.14168024,0.44174886,0.5798724
2020-06-01,MIEL1,Caldas,33.11,44730000.0,112770000.0,39.66480446927375,23.587921,0.090724945,-0.48012924,1014.8098,22.609863,-0.23,0.050902367,0.004351139,0.004172325,0.42653456,0.48862574
2020-06-02,MIEL1,Caldas,33.32,26411000.0,112770000.0,23.42023587833644,23.575531,0.12296677,-0.5013428,1013.2775,22.45752,-0.23,0.0064373016,0.0007748604,0.00035762787,0.40510765,0.51620287
2020-06-03,MIEL1,Caldas,34.93,64198000.0,112770000.0,56.92826106233927,21.20102,0.014087677,-0.123168945,1014.28534,22.373352,-0.23,0.19168854,0.0078082085,0.0074505806,0.40854007,0.123971984
2020-06-04,MIEL1,Caldas,34.28,35967000.0,112770000.0,31.894120776802342,23.561615,0.03396225,-0.0332489,1012.3703,22.20346,-0.23,0.00035762787,0.00029802322,0.0,0.3947207,0.047528137
2020-06-05,MIEL1,Caldas,33.18,27353000.0,112770000.0,24.255564423162188,24.243439,-0.12018967,-0.10688019,1012.98267,21.999664,-0.23,0.00071525574,0.00023841858,5.9604645e-05,0.3721848,0.16083822
2020-06-06,MIEL1,Caldas,32.940000000000005,25191000.0,112770000.0,22.33838786911413,23.629547,-0.16529846,0.28857422,1014.39825,21.989471,-0.23,0.0,0.00029802322,0.0,0.3561293,0.33256376
2020-06-07,MIEL1,Caldas,30.87,23801000.0,112770000.0,21.105790547131328,23.961212,-0.20069504,0.013057709,1014.1206,21.927582,-0.23,0.0,0.00029802322,0.0,0.33996892,0.20111936
2020-06-08,MIEL1,Caldas,30.79,22750000.0,112770000.0,20.17380509000621,22.691132,-0.16151047,0.4169464,1012.8805,22.062134,-0.23,0.0,0.00035762787,0.0,0.32359883,0.44713527
2020-06-09,MIEL1,Caldas,30.94,21580000.0,112770000.0,19.136295113948744,24.720673,0.4937477,-0.024440765,1011.2283,21.720825,-0.23,0.0,0.00011920929,0.0,0.30812562,0.49435225
2020-06-10,MIEL1,Caldas,31.430000000000003,21580000.0,112770000.0,19.136295113948744,22.6268,0.09997177,-0.89888,1014.1825,21.531555,-0.23,0.87583065,0.12207031,0.1218915,0.3748453,0.9044222
2020-06-11,MIEL1,Caldas,32.12,50441000.0,112770000.0,44.729094617362776,22.722076,0.3109398,-0.7400055,1014.60596,21.30951,-0.23,0.05543232,0.0072717667,0.0071525574,0.40931118,0.8026778
2020-06-12,MIEL1,Caldas,33.61,76108000.0,112770000.0,67.48958056220627,22.83139,-0.12950134,0.20727539,1014.6303,21.31543,-0.23,0.20730495,0.027060509,0.02682209,0.40945,0.24440476
2020-06-13,MIEL1,Caldas,34.11,40885000.0,112770000.0,36.25520971889687,23.622711,0.13986206,-0.58011246,1011.9931,21.307648,-0.23,0.11861324,0.010848045,0.010669231,0.39240766,0.59673434
2020-06-14,MIEL1,Caldas,34.73,42043000.0,112770000.0,37.28207856699477,24.773834,-0.37096024,0.16363144,1012.14435,21.376343,-0.23,0.05340576,0.0013113022,0.0011324883,0.37075567,0.40544635
2020-06-15,MIEL1,Caldas,35.08,31809000.0,112770000.0,28.206969938813515,24.240448,-0.18037796,0.25333023,1012.46674,21.74762,-0.23,0.0,0.00047683716,0.0,0.34813958,0.3109862
2020-06-16,MIEL1,Caldas,35.31,28866000.0,112770000.0,25.59723330673052,25.034882,-0.5788002,-0.0765419,1012.6622,22.175262,-0.23,0.00011920929,0.00035762787,0.0,0.3278347,0.5838393
2020-06-17,MIEL1,Caldas,36.370000000000005,43332000.0,112770000.0,38.425113061984575,24.406586,-0.061214447,-0.034210205,1013.6764,22.382568,-0.23,0.20861626,0.005185604,0.0049471855,0.322377,0.07012522
2020-06-18,MIEL1,Caldas,36.8,33149000.0,112770000.0,29.395229227631464,23.999542,-0.20208359,0.037643433,1012.28394,22.491028,-0.23,0.00166893,0.00047683716,0.00011920929,0.3128946,0.20555973
2020-06-19,MIEL1,Caldas,37.09,29262000.0,112770000.0,25.948390529396114,25.940948,-0.3943138,0.36025238,1011.1884,22.471832,-0.23,0.003695488,0.00029802322,0.0,0.29966924,0.5341022
2020-06-20,MIEL1,Caldas,37.55,43102000.0,112770000.0,38.22115810942627,24.88565,-0.24961472,-0.0542984,1012.2405,22.406036,-0.23,0.014781952,0.00035762787,5.9604645e-05,0.2886398,0.2554522
2020-06-21,MIEL1,Caldas,37.95,36154000.0,112770000.0,32.059945020838875,25.247223,0.0329628,0.31751633,1012.15125,22.360016,-0.23,0.0,0.00029802322,0.0,0.27334172,0.31922275
2020-06-22,MIEL1,Caldas,38.26,31421000.0,112770000.0,27.86290680145429,25.449005,-0.25440216,0.56233597,1012.048,22.354126,-0.23,0.0,0.00035762787,0.0,0.25758874,0.61720514
2020-06-23,MIEL1,Caldas,38.52,28627000.0,112770000.0,25.385297508202537,26.173004,-0.2034874,0.36184692,1010.517,22.256622,-0.23,0.004529953,5.9604645e-05,0.0,0.24214019,0.4151389
2020-06-24,MIEL1,Caldas,38.83,31091000.0,112770000.0,27.570275782566284,25.579254,-0.41031647,-0.19421387,1010.6805,22.129425,-0.23,0.0,0.0,0.0,0.22561061,0.45395884
2020-06-25,MIEL1,Caldas,39.03,25762000.0,112770000.0,22.844728207856697,26.148102,-0.25204086,0.43386078,1010.6813,22.034882,-0.23,0.00047683716,5.9604645e-05,5.9604645e-05,0.21788095,0.50175667
2020-06-26,MIEL1,Caldas,39.89,36488000.0,112770000.0,32.356123082380066,26.731232,-0.60816956,-0.11752701,1011.52234,22.130371,-0.23,0.0026226044,0.00017881393,0.00011920929,0.21350738,0.61942136
2020-06-27,MIEL1,Caldas,40.23,25990000.0,112770000.0,23.04690963908841,25.815094,-0.23088455,-0.0542984,1010.3027,22.240631,-0.23,0.01335144,0.00011920929,5.9604645e-05,0.20917301,0.23718345
2020-06-28,MIEL1,Caldas,40.68,37491000.0,112770000.0,33.24554402766694,23.150665,-0.11013794,-0.19029236,1012.3847,22.2948,-0.23,0.8571148,0.00846386,0.008165836,0.26680562,0.21986711
2020-06-29,MIEL1,Caldas,40.96,27657000.0,112770000.0,24.525139664804467,25.178253,-0.20793533,0.35535812,1011.89734,22.309021,-0.23,0.089883804,0.0017881393,0.0017285347,0.26528436,0.41172382
2020-06-30,MIEL1,Caldas,41.15,28531000.0,112770000.0,25.300168484526026,25.921906,-0.5571556,0.012195587,1010.9334,22.344574,-0.23,0.0,0.0,0.0,0.24905619,0.55728906
2020-07-01,MIEL1,Caldas,41.47,31328000.0,77840000.0,40.24665981500514,24.165558,-0.43097687,-0.85894775,1011.91425,22.203186,-0.36,0.5463362,0.004827976,0.0046491623,0.27512845,0.96100587
2020-07-02,MIEL1,Caldas,42.79,85965000.0,77840000.0,110.4380781089414,24.57248,-0.03883362,-0.012042999,1011.6511,22.13504,-0.36,0.014781952,0.00035762787,0.0004172325,0.28375536,0.04065813
2020-07-03,MIEL1,Caldas,44.12,82578000.0,77840000.0,106.0868448098664,24.515167,-0.10309601,-0.70851517,1011.6191,22.106842,-0.36,0.4556179,0.0062584877,0.006020069,0.2917291,0.7159766
2020-07-04,MIEL1,Caldas,45.31,65401000.0,77840000.0,84.01978417266187,24.433197,-0.24623871,-0.69636154,1012.1301,21.976135,-0.36,0.041127205,0.001013279,0.0009536743,0.30634537,0.7386155
2020-07-05,MIEL1,Caldas,46.04,54705000.0,77840000.0,70.27877697841727,22.732025,-0.32254028,-0.49438477,1013.9906,21.94339,-0.36,0.33390522,0.010609627,0.010609627,0.34480813,0.59029526
2020-07-06,MIEL1,Caldas,46.47,44848000.0,77840000.0,57.61562178828365,23.942535,0.06667709,0.16481781,1012.76,21.848663,-0.36,0.000834465,0.0,0.0,0.3209339,0.17779411
2020-07-07,MIEL1,Caldas,46.99,41435000.0,77840000.0,53.23098663926002,25.198639,-0.25694275,0.13594055,1011.8819,21.894012,-0.36,0.0013113022,0.0,0.0,0.29581785,0.29068783
2020-07-08,MIEL1,Caldas,48.79,82503000.0,77840000.0,105.99049331963002,25.355133,-0.6027107,-0.6027641,1011.7625,21.902863,-0.36,0.0,0.0,0.0,0.27930415,0.8523994
2020-07-09,MIEL1,Caldas,52.48,171364000.0,77840000.0,220.14902363823228,24.501617,0.010803223,0.22505188,1012.118,21.479584,-0.36,0.16283989,0.0032186508,0.0032186508,0.30834466,0.22531103
2020-07-10,MIEL1,Caldas,53.63,73945000.0,77840000.0,94.99614594039056,25.13327,-0.2821579,-0.37535095,1011.76874,21.341248,-0.36,0.00023841858,0.0,0.0,0.28441668,0.4695758
2020-07-11,MIEL1,Caldas,54.58,65741000.0,77840000.0,84.4565775950668,24.00296,-0.22582626,-0.7676735,1013.5492,21.263458,-0.36,0.0038146973,0.00023841858,0.00017881393,0.26872867,0.8002
2020-07-12,MIEL1,Caldas,55.720000000000006,65939000.0,77840000.0,84.71094552929085,22.972137,-0.3352089,-0.55636597,1014.47266,21.309692,-0.36,0.49364567,0.012874603,0.012636185,0.3102844,0.64954454
2020-07-13,MIEL1,Caldas,56.41,52441000.0,77840000.0,67.37024665981501,24.996307,-0.089969635,0.32852554,1012.4003,21.185883,-0.36,0.00023841858,5.9604645e-05,0.0,0.29676056,0.34062234
2020-07-14,MIEL1,Caldas,56.93,45144000.0,77840000.0,57.99588900308324,25.412506,-0.28920364,-0.14495468,1012.4303,21.089203,-0.36,0.0,0.0,0.0,0.27224046,0.32349747
2020-07-15,MIEL1,Caldas,57.37,40679000.0,77840000.0,52.259763617677294,24.948395,0.11574936,0.28510284,1012.1252,21.228851,-0.36,0.00047683716,0.0,0.0,0.2539128,0.30770367
2020-07-16,MIEL1,Caldas,57.74,37895000.0,77840000.0,48.68319630010278,25.701385,-0.17430496,0.19346619,1010.90735,21.459839,-0.36,0.0,0.0,0.0,0.23867516,0.2604062
2020-07-17,MIEL1,Caldas,58.05,35044000.0,77840000.0,45.02055498458376,25.355988,-0.1317749,0.6568413,1011.29407,21.513641,-0.36,0.0,2.9802322e-05,0.0,0.22659278,0.66992915
2020-07-18,MIEL1,Caldas,58.36,32649000.0,77840000.0,41.94373072970195,26.261017,-0.2102356,0.372509,1010.28064,21.545319,-0.36,0.0,0.0,0.0,0.21329528,0.4277405
2020-07-19,MIEL1,Caldas,58.58,31065000.0,77840000.0,39.90878725590956,26.235016,-0.09754944,0.581398,1009.90674,21.458282,-0.36,0.0,0.0,0.0,0.20509313,0.5895248
2020-07-20,MIEL1,Caldas,58.87,29637000.0,77840000.0,38.07425488180884,26.550323,-0.3959732,0.118686676,1009.9453,21.200531,-0.36,0.0,0.0,0.0,0.19499636,0.41337794
2020-07-21,MIEL1,Caldas,59.18,32408000.0,77840000.0,41.63412127440904,26.380096,-0.6327629,-0.50305176,1011.6703,20.797882,-0.36,0.00500679,0.0,0.0,0.18320504,0.8083625
2020-07-22,MIEL1,Caldas,59.5,33950000.0,77840000.0,43.61510791366906,23.935883,-0.70905685,-0.30244064,1012.77795,20.471497,-0.36,0.24235249,0.002682209,0.002503395,0.23006207,0.7708644
2020-07-23,MIEL1,Caldas,59.9,33305000.0,77840000.0,42.78648509763618,22.509918,0.15341568,-0.28211594,1012.84375,20.115723,-0.36,0.46896935,0.012278557,0.012218952,0.28059173,0.321132
2020-07-24,MIEL1,Caldas,58.74,35253000.0,77840000.0,45.28905447070915,22.372894,-0.15012741,-0.5519409,1013.0814,19.792145,-0.36,0.37419796,0.016450882,0.016510487,0.37411124,0.5719939
2020-07-25,MIEL1,Caldas,59.18,35723000.0,77840000.0,45.89285714285714,23.033966,-0.018115997,0.08221817,1013.79095,19.595795,-0.36,0.13637543,0.0023841858,0.0023841858,0.36321124,0.08419036
2020-07-26,MIEL1,Caldas,59.45,28228000.0,77840000.0,36.264131551901336,24.679535,-0.05990982,0.0872612,1012.9136,19.529694,-0.36,0.00023841858,0.0,0.0,0.32553148,0.105847545
2020-07-27,MIEL1,Caldas,60.9,81495000.0,77840000.0,104.69552929085305,25.031586,-0.7317505,-0.28582764,1013.0087,19.610138,-0.36,0.009417534,0.00023841858,0.00017881393,0.30082318,0.7855929
2020-07-28,MIEL1,Caldas,61.58,41117000.0,77840000.0,52.82245632065776,25.558136,-0.18918228,-0.47712708,1012.368,19.68863,-0.36,0.3118515,0.003874302,0.0038146973,0.28930706,0.51326424
2020-07-29,MIEL1,Caldas,62.13,38264000.0,77840000.0,49.157245632065774,25.255096,-0.16895676,-0.25792313,1011.47595,19.805664,-0.36,0.2605915,0.0035762787,0.0035762787,0.31102318,0.30833542
2020-07-30,MIEL1,Caldas,62.55,33968000.0,77840000.0,43.63823227132579,25.530365,-0.19792938,0.34589767,1011.0058,20.186432,-0.36,0.00071525574,0.00011920929,0.0,0.28542155,0.39852384
2020-07-31,MIEL1,Caldas,62.78,30333000.0,77840000.0,38.96839671120247,25.87851,-0.54808044,0.33885956,1011.09814,20.457489,-0.36,0.0,5.9604645e-05,0.0,0.26478368,0.64437413
2020-08-01,MIEL1,Caldas,62.96000000000001,28278000.0,76830000.0,36.8059351815697,26.523834,-0.42504883,0.2915764,1011.89264,20.65036,-0.53,0.0,0.0,0.0,0.24437211,0.51544476
2020-08-02,MIEL1,Caldas,63.14999999999999,26356000.0,76830000.0,34.304308212937656,25.64737,-0.007408142,0.47554398,1011.26654,20.505829,-0.53,0.0,0.0,0.0,0.23176803,0.47560167
2020-08-03,MIEL1,Caldas,63.33,25305000.0,76830000.0,32.93635298711441,26.43161,-0.118953705,0.6738777,1012.6992,20.174377,-0.53,0.0,0.0,0.0,0.21772236,0.68429613
2020-08-04,MIEL1,Caldas,63.45,24221000.0,76830000.0,31.525445789405182,25.800323,-0.20911026,0.63703156,1013.2861,19.840607,-0.53,0.0,0.0,0.0,0.20989102,0.67047465
2020-08-05,MIEL1,Caldas,63.56,23399000.0,76830000.0,30.455551216972538,25.697723,-0.11538696,0.5194626,1012.4241,19.546753,-0.53,0.0,0.0,0.0,0.204732,0.5321236
2020-08-06,MIEL1,Caldas,63.68000000000001,22761000.0,76830000.0,29.625146427176887,25.052826,-0.30407715,-0.009578705,1011.70825,19.18695,-0.53,0.0,0.0,0.0,0.1999947,0.30422798
2020-08-07,MIEL1,Caldas,63.77,22084000.0,76830000.0,28.74398021606143,26.00119,-0.51841736,0.52098083,1012.9423,19.14035,-0.53,0.022768974,0.00011920929,0.00011920929,0.1961788,0.73496777
2020-08-08,MIEL1,Caldas,63.84,21329000.0,76830000.0,27.76129116230639,26.040863,-0.3556671,0.7618294,1011.9861,19.267914,-0.53,0.0,0.0,0.0,0.19308068,0.84076345
2020-08-09,MIEL1,Caldas,63.93,20586000.0,76830000.0,26.79422100741898,26.215973,-0.18988037,0.6643524,1011.5139,19.341583,-0.53,0.0,0.0,0.0,0.18820417,0.6909549
2020-08-10,MIEL1,Caldas,63.98,20164000.0,76830000.0,26.24495639724066,26.31839,-0.17816544,0.34067154,1010.79346,19.178009,-0.53,0.0,0.0,0.0,0.18342246,0.3844477
2020-08-11,MIEL1,Caldas,64.05,21532000.0,76830000.0,28.025510868150462,26.313202,-0.76195145,-0.49103546,1009.8638,19.27652,-0.53,0.08702278,0.00035762787,0.00035762787,0.18458371,0.90646887
2020-08-12,MIEL1,Caldas,64.33,33441000.0,76830000.0,43.52596641936744,25.964752,-0.45026398,-0.2013855,1009.65234,19.616669,-0.53,0.0042915344,5.9604645e-05,5.9604645e-05,0.20327622,0.49324816
2020-08-13,MIEL1,Caldas,64.4,20428000.0,76830000.0,26.58857217232852,27.189484,-0.4501648,-0.059467316,1008.6719,20.0448,-0.53,0.00834465,0.00011920929,0.0,0.21443552,0.45407566
2020-08-14,MIEL1,Caldas,64.57000000000001,20709000.0,76830000.0,26.954314720812185,25.99002,-0.49993896,-0.17255783,1009.6252,20.241547,-0.53,0.12099743,0.0039339066,0.0039339066,0.21671896,0.5288811
2020-08-15,MIEL1,Caldas,65.08,42695000.0,76830000.0,55.5707405961213,24.985321,-0.2869835,-0.7570534,1010.79407,20.342438,-0.53,0.31995773,0.0056028366,0.0054836273,0.24628636,0.80962294
2020-08-16,MIEL1,Caldas,65.51,26913000.0,76830000.0,35.029285435376806,24.762604,-0.5285568,-1.0089111,1012.0464,20.220367,-0.53,0.012636185,0.0005364418,0.00035762787,0.25851753,1.1389793
2020-08-17,MIEL1,Caldas,66.67,47766000.0,76830000.0,62.17102694260055,22.766998,-0.21756363,-0.66555023,1013.3953,20.042572,-0.53,0.08666515,0.001013279,0.0006556511,0.26494884,0.7002078
2020-08-18,MIEL1,Caldas,66.88,27381000.0,76830000.0,35.63842249121437,25.064484,-0.26236343,-0.8687248,1012.5172,19.861938,-0.53,0.047922134,0.00166893,0.0015497208,0.26557854,0.90747863
2020-08-19,MIEL1,Caldas,68.01,58962000.0,76830000.0,76.74345958609918,23.36734,0.018375397,-0.43541336,1012.3903,19.683167,-0.53,0.28300285,0.0094771385,0.009536743,0.31241477,0.43580094
2020-08-20,MIEL1,Caldas,69.73,88882000.0,76830000.0,115.68658076272288,23.35147,-0.28794098,-0.363163,1013.23016,19.755981,-0.53,0.21255016,0.008583069,0.008583069,0.36228454,0.46346238
2020-08-21,MIEL1,Caldas,71.78999999999999,96709000.0,76830000.0,125.87400754913445,24.144989,-0.56669235,-0.39582443,1013.3425,19.85611,-0.53,0.055789948,0.0032782555,0.0032782555,0.35057747,0.69124323
2020-08-22,MIEL1,Caldas,74.76,124045000.0,76830000.0,161.4538591695952,23.921661,-0.46106339,0.11458969,1013.192,19.774445,-0.53,0.10240078,0.0015497208,0.0014305115,0.3332252,0.47508973
2020-08-23,MIEL1,Caldas,76.24,78946000.0,76830000.0,102.7541325003254,23.637543,-0.65743256,-0.23440933,1013.1383,19.958618,-0.53,0.0064373016,0.0,0.0,0.3193091,0.6979723
2020-08-24,MIEL1,Caldas,78.73,82945000.0,76830000.0,107.95913054796304,23.889862,-0.37675476,-0.015220642,1011.90546,20.07315,-0.53,0.014185905,0.0007748604,0.00071525574,0.33494547,0.37706208
2020-08-25,MIEL1,Caldas,80.69,72974000.0,76830000.0,94.98112716386828,23.523895,0.09392929,-0.44812012,1011.3741,20.183807,-0.53,0.48220158,0.013947487,0.013947487,0.34976098,0.45785844
2020-08-26,MIEL1,Caldas,82.36,82269000.0,76830000.0,107.07926591175324,22.86435,-0.65444946,-0.6864891,1013.52435,20.161438,-0.53,0.11086464,0.0034570694,0.00333786,0.34014967,0.94845736
2020-08-27,MIEL1,Caldas,83.96000000000001,84474000.0,76830000.0,109.9492385786802,23.758514,-0.22195053,-0.63702774,1014.15356,20.31961,-0.53,0.033140182,0.0010728836,0.0009536743,0.32954818,0.67458606
2020-08-28,MIEL1,Caldas,84.97,57931000.0,76830000.0,75.40153585838864,24.587067,-0.39245987,-0.5265045,1013.47,20.410889,-0.53,0.020861626,0.0007748604,0.0007748604,0.32338178,0.6566824
2020-08-29,MIEL1,Caldas,83.69,84433000.0,76830000.0,109.89587400754914,24.472504,0.07126236,-0.57935715,1013.0119,20.432983,-0.53,0.18310547,0.0044107437,0.004053116,0.3261747,0.5837234
2020-08-30,MIEL1,Caldas,82.66,70155000.0,76830000.0,91.3119875048809,22.448029,-0.18618774,-0.40321732,1013.8569,20.4133,-0.53,0.14913082,0.005841255,0.005722046,0.33304173,0.44412842
2020-08-31,MIEL1,Caldas,80.88,58256000.0,76830000.0,75.8245477027203,23.014252,-0.11120224,-0.28996658,1012.58124,20.549591,-0.53,0.0032186508,0.0,0.0,0.33465603,0.31055847
2020-09-01,MIEL1,Caldas,82.14,57540000.0,105810000.0,54.38049333711369,24.436554,-0.26953125,0.49558258,1012.1892,20.642303,-0.85,0.07748604,0.0015497208,0.0015497208,0.3229024,0.5641358
2020-09-02,MIEL1,Caldas,83.88,64748000.0,105810000.0,61.19270390322276,21.91214,-0.36655426,-1.0646973,1013.46625,20.741364,-0.85,0.37050247,0.008940697,0.008821487,0.33977544,1.1260294
2020-09-03,MIEL1,Caldas,84.88,53746000.0,105810000.0,50.79482090539646,23.504364,0.038208008,-0.38733673,1010.5559,20.552612,-0.85,0.00059604645,0.0,0.0,0.32407928,0.38921666
2020-09-04,MIEL1,Caldas,88.01,100674000.0,105810000.0,95.14601644457046,23.990753,-0.4200859,-0.3986206,1011.40936,20.30017,-0.85,0.040650368,0.001013279,0.0009536743,0.3163244,0.5791119
2020-09-05,MIEL1,Caldas,87.02,63337000.0,105810000.0,59.859181551838205,24.71164,-0.14184952,-0.25302887,1012.1811,20.05838,-0.85,0.20301342,0.0032186508,0.0030994415,0.30781314,0.2900774
2020-09-06,MIEL1,Caldas,85.58,82155000.0,105810000.0,77.64388999149419,25.255402,-0.29315567,0.045635223,1011.64795,19.908173,-0.85,0.04851818,0.00047683716,0.0005364418,0.2911024,0.2966864
2020-09-07,MIEL1,Caldas,85.39,73429000.0,105810000.0,69.39703241659578,23.827057,-0.3128662,-0.68442917,1010.65796,20.142822,-0.85,0.056147575,0.0009536743,0.0009536743,0.28319404,0.75254804
2020-09-08,MIEL1,Caldas,88.55,165385000.0,105810000.0,156.3037520083168,21.483185,-0.12170029,-0.7545624,1012.753,20.274078,-0.85,0.9458065,0.078082085,0.077962875,0.38972116,0.76431364
2020-09-09,MIEL1,Caldas,89.03,90708000.0,105810000.0,85.72724695208393,22.296234,-0.14905167,-0.14396286,1013.017,20.365906,-0.85,0.00166893,0.00011920929,0.00011920929,0.36250633,0.2072238
2020-09-10,MIEL1,Caldas,88.35,95419000.0,105810000.0,90.1795671486627,24.598236,-0.3211403,0.033931732,1013.465,20.48645,-0.85,0.06985664,0.00059604645,0.00059604645,0.3321383,0.32292792
2020-09-11,MIEL1,Caldas,86.11999999999999,72774000.0,105810000.0,68.77799829883755,25.210297,-0.102500916,0.06498337,1010.9264,20.930939,-0.85,0.08046627,0.00059604645,0.00059604645,0.30930936,0.12136423
2020-09-12,MIEL1,Caldas,85.0,116738000.0,105810000.0,110.32794631887346,23.242523,-0.08037567,-0.6194153,1010.4375,20.951813,-0.85,0.46992302,0.02348423,0.02348423,0.29510778,0.62460834
2020-09-13,MIEL1,Caldas,83.8,82378000.0,105810000.0,77.85464511860883,24.908539,-0.16867828,0.05765915,1010.77435,20.989227,-0.85,0.00011920929,0.0,0.0,0.28188527,0.17826088
2020-09-14,MIEL1,Caldas,81.65,67953000.0,105810000.0,64.22171817408562,24.224274,-0.16411972,-0.08768463,1013.29987,21.1221,-0.85,0.0,0.0,0.0,0.2669997,0.18607493
2020-09-15,MIEL1,Caldas,79.93,61119000.0,105810000.0,57.76297136376524,24.4003,-0.008960724,-0.40764236,1013.4917,21.169434,-0.85,0.00071525574,0.0,0.0,0.25328016,0.40774083
2020-09-16,MIEL1,Caldas,79.05,85357000.0,105810000.0,80.67006899158869,22.689972,0.19709396,-0.57974625,1013.89453,21.144867,-0.85,0.06389618,0.001847744,0.0017285347,0.2542726,0.612333
2020-09-17,MIEL1,Caldas,80.07,67574000.0,105810000.0,63.86352896701635,23.215729,-0.34919357,-0.7559509,1013.14703,21.129578,-0.85,0.01859665,0.00047683716,0.0005364418,0.26123232,0.8327052
2020-09-18,MIEL1,Caldas,81.51,77350000.0,105810000.0,73.10273131084018,22.624725,0.09926224,-0.6770477,1013.09204,21.012756,-0.85,0.1436472,0.006854534,0.0066161156,0.34039968,0.6842855
2020-09-19,MIEL1,Caldas,83.91,110751000.0,105810000.0,104.66969095548625,22.674591,-0.09120941,0.23020172,1013.3328,21.049866,-0.85,0.0910759,0.0052452087,0.0052452087,0.3523994,0.24761258
2020-09-20,MIEL1,Caldas,85.47,81343000.0,105810000.0,76.87647670352519,23.948029,-0.3061943,-0.110939026,1011.79095,21.023315,-0.85,0.18501282,0.0033974648,0.00333786,0.3361557,0.32567227
2020-09-21,MIEL1,Caldas,86.65,68715000.0,105810000.0,64.94187694924865,24.874664,-0.68507004,0.27280426,1011.5167,20.968292,-0.85,0.0034570694,0.00011920929,0.00017881393,0.30991948,0.7373894
2020-09-22,MIEL1,Caldas,88.23,75332000.0,105810000.0,71.19553917399112,24.599335,0.019054413,-0.28700638,1011.8086,20.978699,-0.85,0.00059604645,0.0,0.0,0.28813058,0.2876382
2020-09-23,MIEL1,Caldas,88.03999999999999,61722000.0,105810000.0,58.33286078820528,24.960114,-0.30203247,0.37164688,1012.59344,21.029083,-0.85,0.0075101852,0.0,0.0,0.27097604,0.4788998
2020-09-24,MIEL1,Caldas,85.81,55353000.0,105810000.0,52.31358094698043,25.55014,-0.39383698,0.28521347,1013.4377,20.964844,-0.85,0.010251999,5.9604645e-05,5.9604645e-05,0.255705,0.48626566
2020-09-25,MIEL1,Caldas,83.33,49745000.0,105810000.0,47.013514790662505,24.881012,-0.09577942,-0.15101242,1013.427,20.909302,-0.85,0.0,0.0,0.0,0.24521396,0.1788252
2020-09-26,MIEL1,Caldas,83.99,53914000.0,105810000.0,50.95359606842453,24.30429,-0.1857109,-0.6718178,1014.09033,20.898956,-0.85,0.21779537,0.0020861626,0.0019669533,0.23674397,0.6970134
2020-09-27,MIEL1,Caldas,84.63000000000001,44433000.0,105810000.0,41.993195350155936,22.771454,0.38051605,-0.53326416,1012.2592,20.865997,-0.85,0.14221668,0.0022649765,0.002026558,0.30524638,0.6551054
2020-09-28,MIEL1,Caldas,82.96,41144000.0,105810000.0,38.88479349777904,22.841217,-0.034355164,-0.45296097,1010.6767,20.838898,-0.85,0.26357174,0.009536743,0.0094771385,0.3105022,0.45426196
2020-09-29,MIEL1,Caldas,81.56,54033000.0,105810000.0,51.06606180890275,24.279816,0.11147308,0.5981407,1009.63794,20.781769,-0.85,0.23424625,0.0033974648,0.00333786,0.29591584,0.60843945
2020-09-30,MIEL1,Caldas,80.66,52963000.0,105810000.0,50.054815234854935,24.50058,-0.12121582,0.15975189,1011.92236,21.015839,-0.85,0.00011920929,0.0,0.0,0.2782775,0.20053415
2020-10-01,MIEL1,Caldas,79.23,50364000.0,151290000.0,33.289708506841166,24.88565,-0.15882492,-0.30947113,1010.97375,21.018768,-1.12,0.009655952,0.00011920929,0.00011920929,0.26433828,0.34784728
2020-10-02,MIEL1,Caldas,77.68,47362000.0,151290000.0,31.30543988366713,24.395111,-0.3139534,-0.47927856,1010.4487,20.878632,-1.12,0.06270409,0.00035762787,0.00035762787,0.2596883,0.57295257
2020-10-03,MIEL1,Caldas,77.31,53398000.0,151290000.0,35.29512856104171,24.613312,-0.11501694,-0.60300446,1010.2519,20.917084,-1.12,0.0023841858,5.9604645e-05,5.9604645e-05,0.2558448,0.6138756
2020-10-04,MIEL1,Caldas,81.73,137899000.0,151290000.0,91.14878709762706,22.865875,-0.3006096,-0.226017,1012.8681,20.730011,-1.12,0.20587444,0.015079975,0.015079975,0.37010378,0.37609813
2020-10-05,MIEL1,Caldas,82.66,88522000.0,151290000.0,58.51146804150969,23.481964,-0.11938858,-0.09897232,1012.29626,20.600006,-1.12,0.04220009,0.0005364418,0.0005364418,0.347506,0.15507789
2020-10-06,MIEL1,Caldas,83.19,66131000.0,151290000.0,43.71141516293211,24.335052,-0.64452744,-0.6379776,1012.8183,20.62378,-1.12,0.0014305115,0.0,0.0,0.31897968,0.90687984
2020-10-07,MIEL1,Caldas,82.25,56827000.0,151290000.0,37.56163659197568,23.557281,0.13880157,0.594059,1012.0408,20.49002,-1.12,0.0009536743,5.9604645e-05,5.9604645e-05,0.29995784,0.61005896
2020-10-08,MIEL1,Caldas,81.51,52820000.0,151290000.0,34.91308083812545,24.276825,-0.48010254,-0.011829376,1013.66675,20.626556,-1.12,0.0051259995,5.9604645e-05,5.9604645e-05,0.28695935,0.48024824
2020-10-09,MIEL1,Caldas,80.17,42476000.0,151290000.0,28.075880758807585,24.7659,-0.5925865,0.39733887,1013.9828,20.923615,-1.12,0.005364418,0.00023841858,0.00017881393,0.27819884,0.71346825
2020-10-10,MIEL1,Caldas,77.29,44716000.0,151290000.0,29.556480930662964,24.41391,0.06960297,-0.054584503,1012.7402,21.171051,-1.12,0.0,0.0,0.0,0.26179814,0.088453606
2020-10-11,MIEL1,Caldas,74.31,45338000.0,151290000.0,29.967611871240663,25.193146,-0.14017105,0.42572808,1010.20685,21.46231,-1.12,0.0,0.0,0.0,0.2508475,0.44821015
2020-10-12,MIEL1,Caldas,71.54,44979000.0,151290000.0,29.73031925441206,25.858673,-0.16017914,-0.631649,1010.52795,21.42392,-1.12,0.015616417,0.00023841858,0.00023841858,0.24039215,0.6516424
2020-10-13,MIEL1,Caldas,71.22,74430000.0,151290000.0,49.196906603212376,23.490814,0.17307663,-0.618248,1011.8883,21.239075,-1.12,0.07367134,0.0026226044,0.002682209,0.24850237,0.6420172
2020-10-14,MIEL1,Caldas,71.59,45440000.0,151290000.0,30.03503205763765,23.969452,-0.19996262,-0.62633896,1011.6075,21.232147,-1.12,0.00071525574,0.0,0.0,0.24965099,0.65748423
2020-10-15,MIEL1,Caldas,72.39,41060000.0,151290000.0,27.139929935884727,24.74759,-0.18858337,-0.2382698,1010.66815,21.23703,-1.12,0.0009536743,0.0,0.0,0.25710353,0.3038687
2020-10-16,MIEL1,Caldas,72.86,34795000.0,151290000.0,22.99887633022672,25.023712,-0.3260765,-0.12802887,1010.55096,21.409424,-1.12,0.01180172,0.00047683716,0.0004172325,0.27958533,0.35031027
2020-10-17,MIEL1,Caldas,73.26,32260000.0,151290000.0,21.32328640359574,24.90744,-0.2613945,0.31289673,1009.82513,21.253693,-1.12,0.0,0.0,0.0,0.2608086,0.4077149
2020-10-18,MIEL1,Caldas,73.66,30733000.0,151290000.0,20.31396655429969,25.577606,-0.27604294,-0.22738647,1009.7658,21.34433,-1.12,0.00023841858,0.0,0.0,0.24878937,0.3576371
2020-10-19,MIEL1,Caldas,71.52,55546000.0,151290000.0,36.71491836869588,22.31723,-0.48960876,-0.44366837,1010.9366,21.29004,-1.12,0.56123734,0.042676926,0.042319298,0.34399927,0.66072565
2020-10-20,MIEL1,Caldas,71.92,54370000.0,151290000.0,35.937603278471805,22.924164,0.019054413,-0.60336304,1010.9981,21.109222,-1.12,0.094771385,0.0039339066,0.0039339066,0.3788959,0.60366386
2020-10-21,MIEL1,Caldas,70.76,45225000.0,151290000.0,29.892920880428317,24.194794,-0.34915924,0.3199768,1011.9272,21.139648,-1.12,0.0060796738,0.00023841858,0.00023841858,0.351975,0.4736004
2020-10-22,MIEL1,Caldas,69.56,32809000.0,151290000.0,21.686165642144225,25.027496,-0.47182083,-0.14329147,1011.7491,21.095673,-1.12,0.00166893,5.9604645e-05,0.0,0.325623,0.49309972
2020-10-23,MIEL1,Caldas,68.23,39750000.0,151290000.0,26.27404322823716,24.380096,-0.3041649,0.18289948,1011.6903,20.841278,-1.12,0.016093254,0.00047683716,0.00047683716,0.31344938,0.35492042
2020-10-24,MIEL1,Caldas,67.78999999999999,57274000.0,151290000.0,37.85709564412718,23.990875,-0.09101868,-0.71894073,1012.84326,20.776398,-1.12,0.004887581,0.00023841858,0.00023841858,0.30057287,0.72467935
2020-10-25,MIEL1,Caldas,67.89,71597000.0,151290000.0,47.32434397514707,22.805206,-0.1821022,-0.746521,1013.03516,20.93161,-1.12,0.13148785,0.007390976,0.0072717667,0.34166873,0.76841056
2020-10-26,MIEL1,Caldas,68.97999999999999,73769000.0,151290000.0,48.759997356071125,24.464386,-0.071201324,-0.6928139,1012.2658,20.993134,-1.12,0.04863739,0.0019073486,0.0019073486,0.33141527,0.696463
2020-10-27,MIEL1,Caldas,70.0,81847000.0,151290000.0,54.099411725824574,23.442474,-0.13813019,-0.5157242,1011.4945,21.336884,-1.12,0.12862682,0.0026226044,0.0026226044,0.34034532,0.53390205
2020-10-28,MIEL1,Caldas,72.68,141995000.0,151290000.0,93.85617026901976,22.603302,0.24476624,-0.7487831,1011.1177,21.526001,-1.12,0.12731552,0.00333786,0.00333786,0.35776892,0.78777325
2020-10-29,MIEL1,Caldas,76.53999999999999,174242000.0,151290000.0,115.170863903761,22.30362,-0.27340317,-1.0579567,1011.7656,21.517487,-1.12,0.4132986,0.021576881,0.021219254,0.36266524,1.092713
2020-10-30,MIEL1,Caldas,78.75,118503000.0,151290000.0,78.3283759666865,22.28952,0.06446457,-0.8428688,1012.3655,21.527191,-1.12,0.05567074,0.0051259995,0.0051259995,0.39899895,0.8453304
2020-10-31,MIEL1,Caldas,80.61,109155000.0,151290000.0,72.14951417806861,22.152435,0.11702347,-0.5251999,1013.1375,21.42398,-1.12,0.41675568,0.023543835,0.02348423,0.41612312,0.5380794
2020-11-01,MIEL1,Caldas,82.85,128892000.0,185780000.0,69.37883518139735,21.5607,0.19507599,-0.7624359,1013.46893,21.48285,-1.2,0.77712536,0.08124113,0.08109212,0.43928057,0.7869963
2020-11-02,MIEL1,Caldas,84.19,100656000.0,185780000.0,54.18021315534504,23.110443,0.32741928,-0.72065353,1011.3697,21.4487,-1.2,0.07665157,0.007390976,0.0073313713,0.41962856,0.79154587
2020-11-03,MIEL1,Caldas,86.50999999999999,115322000.0,185780000.0,62.074496716546456,23.318634,0.078876495,-0.5702019,1011.77045,21.594147,-1.2,0.4916191,0.08356571,0.08356571,0.43017852,0.57563156
2020-11-04,MIEL1,Caldas,89.75,121959000.0,185780000.0,65.64700183012165,23.036774,0.040584564,-0.4510994,1012.66284,21.556091,-1.2,0.1770258,0.026345253,0.026166439,0.42192683,0.45292136
2020-11-05,MIEL1,Caldas,89.60000000000001,135966000.0,185780000.0,73.18656475401012,22.924774,-0.132164,-0.36511993,1012.17,21.505096,-1.2,0.10025501,0.0039339066,0.003874302,0.40791047,0.38830385
2020-11-06,MIEL1,Caldas,91.73,187027000.0,185780000.0,100.67122402842072,21.981842,0.1666832,-0.9031372,1011.4458,21.361267,-1.2,0.33926964,0.05799532,0.05799532,0.4271419,0.91839
2020-11-07,MIEL1,Caldas,92.74,127842000.0,185780000.0,68.8136505544192,22.956573,0.18387985,-0.26485062,1011.75903,21.428986,-1.2,0.39863586,0.06759167,0.06747246,0.430008,0.32242465
2020-11-08,MIEL1,Caldas,92.74,106933000.0,185780000.0,57.55894068252773,22.855927,0.18450546,-0.5830841,1012.2511,21.369415,-1.2,0.049591064,0.00667572,0.00667572,0.41694298,0.61157936
2020-11-09,MIEL1,Caldas,94.46,147165000.0,185780000.0,79.21466250403704,22.568878,0.2776947,-0.41492462,1013.1678,21.342163,-1.2,0.11634827,0.009775162,0.009775162,0.40708068,0.49927625
2020-11-10,MIEL1,Caldas,96.55,175773000.0,185780000.0,94.6135213693616,22.295013,-0.23236465,-0.6343956,1013.47955,21.658295,-1.2,0.86057186,0.11456013,0.114530325,0.4438539,0.6756117
2020-11-11,MIEL1,Caldas,97.64,144601000.0,185780000.0,77.83453547206372,21.421967,0.11987686,-0.6457405,1014.6395,21.938965,-1.2,1.4638901,0.35607815,0.35613775,0.45413607,0.6567734
2020-11-12,MIEL1,Caldas,98.15,116881000.0,185780000.0,62.91366131984068,21.893036,0.06960297,-0.265419,1013.04266,22.296143,-1.2,0.22745132,0.043153763,0.04285574,0.43789697,0.27439356
2020-11-13,MIEL1,Caldas,100.2,154952000.0,185780000.0,83.40617935192162,21.612946,0.2157898,-0.38163376,1013.34235,22.424591,-1.2,0.52177906,0.07122755,0.07110834,0.451558,0.4384171
2020-11-14,MIEL1,Caldas,100.17,121051000.0,185780000.0,65.15825169555389,21.762299,0.3272972,-0.5269737,1012.65424,22.308441,-1.2,0.76675415,0.16307831,0.1629591,0.4512848,0.6203425
2020-11-15,MIEL1,Caldas,99.1,114306000.0,185780000.0,61.527613306060935,22.972748,0.6234207,-0.4092598,1011.78436,22.059479,-1.2,0.32401085,0.06496906,0.06496906,0.43816346,0.74575263
2020-11-16,MIEL1,Caldas,97.85,131047000.0,185780000.0,70.53880934438584,23.18576,0.11444092,-0.28723907,1012.3956,21.679932,-1.2,1.1453629,0.42057037,0.42057037,0.45251727,0.30919737
2020-11-17,MIEL1,Caldas,97.02,122706000.0,185780000.0,66.04909032188611,21.366669,-0.042625427,-0.7702904,1013.67,21.216064,-1.2,0.3197193,0.021100044,0.02104044,0.45238772,0.7714688
2020-11-18,MIEL1,Caldas,96.25,128492000.0,185780000.0,69.16352675207234,21.861176,0.06238556,-0.6224785,1013.9969,20.898224,-1.2,0.12278557,0.028729439,0.028669834,0.44201612,0.6255968
2020-11-19,MIEL1,Caldas,95.05,113174000.0,185780000.0,60.91829045107116,22.460052,-0.3733139,-0.5511551,1013.4906,20.78006,-1.2,0.21016598,0.026762486,0.026762486,0.43352816,0.665684
2020-11-20,MIEL1,Caldas,93.35,95979000.0,185780000.0,51.66271934546237,22.411102,-0.005088806,-0.7132759,1011.9252,20.618347,-1.2,0.10883808,0.014483929,0.014483929,0.42624056,0.713294
2020-11-21,MIEL1,Caldas,92.08,103972000.0,185780000.0,55.96512003444934,22.073944,-0.18988419,-0.46439362,1011.7511,20.537018,-1.2,0.19919872,0.042676926,0.042676926,0.43501416,0.5017145
2020-11-22,MIEL1,Caldas,91.04,89836000.0,185780000.0,48.35612014210356,22.806854,-0.35220337,-1.079876,1012.1188,20.764984,-1.2,0.20265579,0.040650368,0.040650368,0.4247422,1.1358606
2020-11-23,MIEL1,Caldas,90.32,81664000.0,185780000.0,43.95736893099365,23.358185,-0.1090889,-0.35267258,1012.4475,20.99533,-1.2,0.09918213,0.0056028366,0.0054836273,0.41469646,0.36915895
2020-11-24,MIEL1,Caldas,89.37,74856000.0,185780000.0,40.29281946388201,22.329803,-0.1221962,-0.2784691,1011.8038,21.084686,-1.2,0.20384789,0.015735626,0.015735626,0.4112243,0.30410022
2020-11-25,MIEL1,Caldas,90.63,104500000.0,185780000.0,56.24932716115836,23.231903,0.1531601,-0.30130768,1011.4952,21.117584,-1.2,0.059247017,0.0034570694,0.0033676624,0.41517624,0.33800048
2020-11-26,MIEL1,Caldas,90.63,167101000.0,185780000.0,89.94563462159545,22.84024,-0.37255096,-0.48126984,1011.70935,21.130981,-1.2,0.11539459,0.010311604,0.01013279,0.41185063,0.6086172
2020-11-27,MIEL1,Caldas,89.94,119949000.0,185780000.0,64.56507697276348,22.40451,-0.15788102,-0.71315384,1011.685,21.249817,-1.2,0.16105175,0.018119812,0.0179708,0.41244528,0.73042095
2020-11-28,MIEL1,Caldas,89.89,129164000.0,185780000.0,69.52524491333835,22.42862,-0.073905945,-0.03730774,1012.78796,21.442291,-1.2,0.30338764,0.04607439,0.045895576,0.4176868,0.082788624
2020-11-29,MIEL1,Caldas,89.72,103827000.0,185780000.0,55.88707072881903,23.092804,-0.15521622,0.36370087,1012.02875,21.573212,-1.2,0.015974045,0.0039339066,0.003874302,0.41512194,0.39543697
2020-11-30,MIEL1,Caldas,88.58,104488000.0,185780000.0,56.242867908278605,23.412628,-0.11073303,-0.43663025,1011.3616,21.639313,-1.2,0.17988682,0.01847744,0.018537045,0.39754844,0.45045286
2020-12-01,MIEL1,Caldas,87.33,104983000.0,164840000.0,63.68781849065761,22.740204,0.054164886,-0.8168831,1011.97675,21.813171,-1.08,0.056505203,0.0049471855,0.00500679,0.4042939,0.8186769
2020-12-02,MIEL1,Caldas,87.64,157694000.0,164840000.0,95.66488716330988,22.657257,-0.027145386,-0.25984573,1012.2039,22.021545,-1.08,0.124931335,0.006020069,0.005841255,0.4221812,0.2612598
2020-12-03,MIEL1,Caldas,88.29,152359000.0,164840000.0,92.4284154331473,22.480133,-0.26267242,-0.35601044,1012.4592,22.179504,-1.08,0.22876263,0.033318996,0.03322959,0.43996614,0.4424254
2020-12-04,MIEL1,Caldas,87.89,141508000.0,164840000.0,85.84566852705655,23.518524,-0.4841423,-0.44545364,1012.52423,22.246338,-1.08,0.020623207,0.0030398369,0.0029206276,0.41916245,0.65789264
2020-12-05,MIEL1,Caldas,87.75,121655000.0,164840000.0,73.80186847852464,23.149567,-0.12734985,-0.3777237,1013.14233,22.515137,-1.08,0.011205673,0.001013279,0.0010728836,0.40387243,0.39861405
2020-12-06,MIEL1,Caldas,86.96000000000001,123125000.0,164840000.0,74.69364231982529,23.56662,0.05973053,-0.3169632,1012.14734,22.637878,-1.08,0.0072717667,0.0008940697,0.0007748604,0.39063215,0.3225421
2020-12-07,MIEL1,Caldas,86.82,104657000.0,164840000.0,63.490050958505215,23.2388,0.3188095,-0.6433029,1012.17017,22.659943,-1.08,0.009417534,0.001013279,0.001013279,0.38084072,0.71796805
2020-12-08,MIEL1,Caldas,86.56,95231000.0,164840000.0,57.77177869449163,22.193085,0.09011459,-0.588604,1013.9442,22.60913,-1.08,0.068068504,0.007212162,0.0071525574,0.3803636,0.59546226
2020-12-09,MIEL1,Caldas,86.17,87699000.0,164840000.0,53.20249939335113,22.040436,-0.35638428,-0.82152176,1014.58344,22.799805,-1.08,0.1835823,0.033676624,0.03361702,0.40567476,0.89549303
2020-12-10,MIEL1,Caldas,86.65,91790000.0,164840000.0,55.68429992720213,22.657745,-0.21661758,-0.55451965,1012.8325,22.965698,-1.08,0.026345253,0.0032782555,0.0031590462,0.3964139,0.59532785
2020-12-11,MIEL1,Caldas,87.24,126716000.0,164840000.0,76.87211841785975,22.599274,-0.13483429,-0.46819687,1011.72546,22.902557,-1.08,0.1155138,0.014811754,0.014811754,0.39373338,0.4872254
2020-12-12,MIEL1,Caldas,89.05999999999999,94946000.0,164840000.0,57.59888376607619,23.666534,-0.34661102,-0.982666,1011.73596,22.763885,-1.08,0.037670135,0.0042915344,0.004172325,0.38238594,1.0420036
2020-12-13,MIEL1,Caldas,88.18,82319000.0,164840000.0,49.93872846396506,23.305939,-0.14494324,-0.3684311,1012.3811,22.53189,-1.08,0.0038146973,0.00029802322,0.00029802322,0.37204695,0.39591667
2020-12-14,MIEL1,Caldas,88.01,91182000.0,164840000.0,55.31545741324921,22.217377,0.32602692,-0.52108383,1012.21234,22.274628,-1.08,0.0010728836,0.00011920929,0.00011920929,0.36135295,0.6146722
2020-12-15,MIEL1,Caldas,88.72,107470000.0,164840000.0,65.19655423440912,22.408478,-0.1330986,-0.6148262,1011.8011,22.154907,-1.08,0.009179115,0.0011324883,0.0010728836,0.3538875,0.62906796
2020-12-16,MIEL1,Caldas,90.35,85589000.0,164840000.0,51.92247027420529,23.115753,-0.259964,-0.53129196,1011.3269,22.280487,-1.08,0.042676926,0.0042915344,0.004261732,0.3543078,0.59148324
2020-12-17,MIEL1,Caldas,90.72,91129000.0,164840000.0,55.283305023052655,23.08731,-0.0050621033,-0.61055374,1011.6489,22.407867,-1.08,0.091314316,0.01692772,0.01680851,0.36081743,0.6105747
2020-12-18,MIEL1,Caldas,91.79,94553000.0,164840000.0,57.36047075952438,22.697968,0.5051575,-0.17010117,1012.10455,22.457184,-1.08,0.040769577,0.00423193,0.00423193,0.3563435,0.53302765
2020-12-19,MIEL1,Caldas,93.93,150109000.0,164840000.0,91.06345547197282,22.604095,-0.19573212,-0.59887695,1011.1309,22.360962,-1.08,0.15437603,0.015377998,0.015318394,0.3639894,0.6300513
2020-12-20,MIEL1,Caldas,96.46,139993000.0,164840000.0,84.92659548653239,23.558807,0.26379776,-0.48162842,1010.613,22.205597,-1.08,0.044703484,0.0035762787,0.0035762787,0.35788146,0.5491404
2020-12-21,MIEL1,Caldas,97.02,116270000.0,164840000.0,70.53506430478039,23.037506,0.22235489,-0.6832695,1012.14453,22.091156,-1.08,0.19443035,0.004708767,0.004708767,0.36714494,0.7185394
2020-12-22,MIEL1,Caldas,97.29,129939000.0,164840000.0,78.82734773113323,23.4982,0.07810593,-0.6690178,1012.66656,22.089111,-1.08,0.11920929,0.012278557,0.0122487545,0.35759208,0.6735617
2020-12-23,MIEL1,Caldas,95.96,105853000.0,164840000.0,64.2156030089784,23.161713,0.10952759,-0.66200256,1011.5062,21.86673,-1.08,0.020980835,0.0024437904,0.0022649765,0.34607548,0.671002
2020-12-24,MIEL1,Caldas,96.25,183666000.0,164840000.0,111.42077165736472,23.111786,0.01807785,-0.815979,1010.5639,21.650238,-1.08,0.7058382,0.1270771,0.1270175,0.34247375,0.8161792
2020-12-25,MIEL1,Caldas,97.26,162368000.0,164840000.0,98.50036398932298,22.181793,0.037773132,-0.7263832,1011.6247,21.496002,-1.08,0.5120039,0.104784966,0.104665756,0.40828538,0.7273647
2020-12-26,MIEL1,Caldas,97.67,152988000.0,164840000.0,92.80999757340452,21.935333,0.1857872,-0.861187,1011.2714,21.275116,-1.08,0.10061264,0.018239021,0.018298626,0.4124156,0.8809994
2020-12-27,MIEL1,Caldas,97.91,139043000.0,164840000.0,84.35027905848095,20.75467,0.4891472,-0.8696861,1012.1234,21.287537,-1.08,0.9088516,0.2580285,0.2577901,0.43863428,0.9978071
2020-12-28,MIEL1,Caldas,97.58,142543000.0,164840000.0,86.4735501091968,21.591034,0.06560898,-0.89756393,1012.8716,21.349213,-1.08,0.09858608,0.018835068,0.018775463,0.4251444,0.89995867
2020-12-29,MIEL1,Caldas,96.72,125340000.0,164840000.0,76.0373695704926,22.162506,-0.16106796,-0.83940506,1012.3819,21.365509,-1.08,0.10573864,0.016212463,0.01603365,0.4035627,0.8547185
2020-12-30,MIEL1,Caldas,95.78,118765000.0,164840000.0,72.04865323950497,22.433258,0.4697075,-0.6341171,1012.21185,21.393646,-1.08,0.09775162,0.021517277,0.021517277,0.39627302,0.78913224
2020-12-31,MIEL1,Caldas,94.11,98070000.0,164840000.0,59.494054841058,22.432526,-0.2175293,-0.66519547,1012.2395,21.516815,-1.08,0.03695488,0.0045895576,0.0044107437,0.38972968,0.69986
2021-01-01,MIEL1,Caldas,94.72,171678000.0,125900000.0,136.3606036536934,22.877594,-0.013946533,-0.6401329,1012.67346,21.705109,-0.91,0.029325485,0.004172325,0.0041127205,0.38046,0.64028484
2021-01-02,MIEL1,Caldas,94.05,108789000.0,125900000.0,86.40905480540111,22.793915,-0.15042114,-0.23787308,1012.1267,21.955261,-0.91,0.0059604645,0.0007748604,0.0006854534,0.3699982,0.2814429
2021-01-03,MIEL1,Caldas,96.63,191866000.0,125900000.0,152.395552025417,22.655853,-0.0067710876,-0.81900406,1012.10315,22.04538,-0.91,0.015974045,0.0022053719,0.0021457672,0.36209464,0.8190321
2021-01-04,MIEL1,Caldas,95.63,125679000.0,125900000.0,99.82446386020652,22.63089,-0.21322632,-0.94348526,1011.7314,22.169739,-0.91,0.05042553,0.0052452087,0.0053048134,0.35909897,0.9672796
2021-01-05,MIEL1,Caldas,94.61,129112000.0,125900000.0,102.55123113582208,22.207977,-0.48719406,-0.9123764,1011.6094,22.54367,-0.91,0.083088875,0.010371208,0.01013279,0.35172594,1.0343059
2021-01-06,MIEL1,Caldas,93.15,113771000.0,125900000.0,90.36616362192215,22.670624,0.14626312,-0.820076,1012.258,22.965546,-0.91,0.009298325,0.0013113022,0.0009536743,0.3439166,0.8330171
2021-01-07,MIEL1,Caldas,92.05,131018000.0,125900000.0,104.06513105639397,22.966644,-0.07771301,-0.48888016,1012.8187,23.291656,-0.91,0.020861626,0.0027418137,0.002682209,0.3351493,0.4950183
2021-01-08,MIEL1,Caldas,92.31,179499000.0,125900000.0,142.57267672756154,22.715607,-0.29148102,-0.9120445,1013.3052,23.502167,-0.91,0.099897385,0.01168251,0.01168251,0.3293164,0.9574896
2021-01-09,MIEL1,Caldas,91.87,122402000.0,125900000.0,97.22160444797458,22.956573,-0.25862503,-0.11903,1012.5719,23.60379,-0.91,0.09846687,0.007987022,0.007987022,0.3385863,0.2847017
2021-01-10,MIEL1,Caldas,91.41,105130000.0,125900000.0,83.50277998411437,22.701324,0.17211151,-0.25240707,1012.1758,23.685242,-0.91,0.24366379,0.021398067,0.021219254,0.35958287,0.30550238
2021-01-11,MIEL1,Caldas,92.34,156230000.0,125900000.0,124.09054805401112,23.608978,-0.27937317,-0.23229599,1012.3741,23.757538,-0.91,0.004529953,0.00017881393,0.00011920929,0.35027438,0.3633329
2021-01-12,MIEL1,Caldas,91.41,103982000.0,125900000.0,82.59094519459889,23.602448,-0.08669281,-0.36912155,1011.35016,23.760956,-0.91,0.0072717667,0.0007748604,0.00071525574,0.33351207,0.37916535
2021-01-13,MIEL1,Caldas,89.86,113327000.0,125900000.0,90.01350277998411,23.889618,-0.0748291,-0.38793182,1010.96313,23.744293,-0.91,0.002503395,0.00011920929,0.00011920929,0.32044315,0.3950829
2021-01-14,MIEL1,Caldas,89.86,112159000.0,125900000.0,89.0857823669579,24.507233,-0.258358,-0.59194565,1010.5522,23.605652,-0.91,0.0034570694,0.00029802322,0.00023841858,0.30944577,0.6458703
2021-01-15,MIEL1,Caldas,92.77,137152000.0,125900000.0,108.93725178713264,24.67044,-0.45466995,-0.5684509,1010.9309,23.403412,-0.91,0.003695488,0.0005364418,0.00035762787,0.29909226,0.72791564
2021-01-16,MIEL1,Caldas,92.05,102419000.0,125900000.0,81.3494837172359,24.15628,-0.36933136,-0.95422363,1011.817,23.446564,-0.91,0.013589859,0.0013113022,0.0011920929,0.29157925,1.0232049
2021-01-17,MIEL1,Caldas,91.09,86592000.0,125900000.0,68.77839555202542,23.898834,-0.20025253,-0.87047195,1011.4272,23.657745,-0.91,0.0017881393,0.00029802322,0.00011920929,0.28413126,0.8932091
2021-01-18,MIEL1,Caldas,89.69,72931000.0,125900000.0,57.92772041302621,22.883026,-0.21163559,-0.95191574,1011.7416,23.73462,-0.91,0.0,0.0,0.0,0.27412242,0.97515804
2021-01-19,MIEL1,Caldas,88.12,65176000.0,125900000.0,51.768069896743455,23.182343,-0.21460724,-0.62919617,1011.2975,23.83487,-0.91,0.002503395,0.00023841858,0.00023841858,0.2652392,0.6647888
2021-01-20,MIEL1,Caldas,88.92,60107000.0,125900000.0,47.741858617950754,23.79123,-0.13947678,-0.37584305,1010.7761,24.034637,-0.91,0.0,0.0,0.0,0.25777912,0.4008887
2021-01-21,MIEL1,Caldas,88.55,58719000.0,125900000.0,46.6393963463066,23.261078,0.17499924,-0.51696396,1010.59375,24.295258,-0.91,0.00011920929,0.00014901161,0.0,0.24736288,0.5457806
2021-01-22,MIEL1,Caldas,89.53999999999999,64030000.0,125900000.0,50.85782366957903,23.849579,-0.029819489,-0.527462,1010.6969,24.554596,-0.91,0.00011920929,5.9604645e-05,0.0,0.24083973,0.5283042
2021-01-23,MIEL1,Caldas,95.6,218580000.0,125900000.0,173.61397934868944,24.301483,0.06576538,-0.6587105,1011.02924,24.759888,-0.91,0.00071525574,0.00011920929,5.9604645e-05,0.23542455,0.66198534
2021-01-24,MIEL1,Caldas,94.69,119136000.0,125900000.0,94.62748212867356,24.160309,-0.29779053,-0.054222107,1010.8086,24.980316,-0.91,0.004887581,0.0005364418,0.00035762787,0.23355702,0.3026867
2021-01-25,MIEL1,Caldas,94.37,107596000.0,125900000.0,85.4614773629865,25.200043,-0.14611053,-0.10400772,1009.8158,25.278595,-0.91,0.00071525574,0.00011920929,5.9604645e-05,0.23034677,0.17934853
2021-01-26,MIEL1,Caldas,93.24,88601000.0,125900000.0,70.37410643367753,23.56247,0.010696411,-0.13634872,1010.0825,25.57837,-0.91,0.0,0.0,0.0,0.22771415,0.13676764
2021-01-27,MIEL1,Caldas,91.35,77593000.0,125900000.0,61.6306592533757,24.184479,-0.120010376,-0.4761238,1010.048,25.629059,-0.91,0.0,0.0,0.0,0.22412038,0.49101567
2021-01-28,MIEL1,Caldas,90.12,90905000.0,125900000.0,72.20413026211278,23.77768,-0.0768013,-0.7971115,1011.2728,25.69989,-0.91,0.00047683716,0.00011920929,0.0,0.22202724,0.8008028
2021-01-29,MIEL1,Caldas,90.63,73544000.0,125900000.0,58.41461477362987,24.697906,-0.3695717,-0.71022797,1010.4392,25.937408,-0.91,0.0,5.9604645e-05,0.0,0.22153416,0.8006291
2021-01-30,MIEL1,Caldas,91.7,73447000.0,125900000.0,58.33756949960286,23.765778,0.025344849,-0.09747696,1010.2272,26.012268,-0.91,0.0,5.9604645e-05,0.0,0.21807262,0.10071802
2021-01-31,MIEL1,Caldas,89.49000000000001,62338000.0,125900000.0,49.51389992057188,23.2836,-0.004825592,0.2624092,1009.8027,25.95047,-0.91,0.0,0.0,0.0,0.21475963,0.26245356
2021-02-01,MIEL1,Caldas,86.58,56801000.0,123770000.0,45.8923810293286,24.226166,-0.042304993,0.19995499,1010.22546,25.798218,-0.79,0.0,0.0,0.0,0.21133058,0.20438129
2021-02-02,MIEL1,Caldas,86.7,59618000.0,123770000.0,48.1683768279874,25.665375,0.16528702,-0.32009888,1010.1911,25.814453,-0.79,0.00023841858,0.00011920929,0.0,0.20897222,0.3602542
2021-02-03,MIEL1,Caldas,84.26,76314000.0,123770000.0,61.65791387250545,24.655182,-0.43535233,-0.25705338,1010.53296,25.827301,-0.79,0.364542,0.004887581,0.004887581,0.23444673,0.50557697
2021-02-04,MIEL1,Caldas,85.06,83133000.0,123770000.0,67.16732649268805,24.171906,0.12770844,-0.2003479,1011.1337,25.660065,-0.79,0.007867813,0.0004172325,0.0004172325,0.23322774,0.2375894
2021-02-05,MIEL1,Caldas,86.87,115748000.0,123770000.0,93.51862325280764,24.300446,-0.12369537,0.08948517,1010.7567,25.700714,-0.79,0.0,5.9604645e-05,0.0,0.22776762,0.15267004
2021-02-06,MIEL1,Caldas,86.7,133546000.0,123770000.0,107.8985214510786,24.443146,-0.2272377,-0.52210236,1011.1881,25.553589,-0.79,0.014066696,0.0009536743,0.000834465,0.22576638,0.5694101
2021-02-07,MIEL1,Caldas,87.24,83714000.0,123770000.0,67.63674557647249,24.310883,-0.22290802,-0.07992554,1009.8666,25.45163,-0.79,0.0011920929,5.9604645e-05,5.9604645e-05,0.2226607,0.23680387
2021-02-08,MIEL1,Caldas,87.25,96032000.0,123770000.0,77.5890765128868,24.78659,-0.11214447,-1.1663628,1010.71313,25.24472,-0.79,0.06759167,0.0014901161,0.0014901161,0.22597258,1.1717416
2021-02-09,MIEL1,Caldas,86.83999999999999,108310000.0,123770000.0,87.50908944009049,24.282623,-0.08445358,-0.8084831,1011.16266,25.168121,-0.79,0.030517578,0.0019073486,0.0019073486,0.23724952,0.8128821
2021-02-10,MIEL1,Caldas,85.72,87940000.0,123770000.0,71.05114324957582,23.240387,0.34477997,-0.9651146,1011.6373,25.278656,-0.79,0.30755997,0.033080578,0.033020973,0.32350215,1.024851
2021-02-11,MIEL1,Caldas,84.49,79890000.0,123770000.0,64.54714389593602,23.50827,0.24736023,-0.9563408,1010.1231,25.337463,-0.79,0.018239021,0.0019073486,0.0017881393,0.33056426,0.9878131
2021-02-12,MIEL1,Caldas,81.76,67650000.0,123770000.0,54.65783307748243,23.768341,0.23576736,-1.0418816,1009.855,25.456818,-0.79,0.13554096,0.010728836,0.010669231,0.3214494,1.0682244
2021-02-13,MIEL1,Caldas,81.21000000000001,65130000.0,123770000.0,52.621798497212566,23.949005,0.12900543,-0.7821846,1010.8658,25.412079,-0.79,0.008583069,0.000834465,0.00071525574,0.3138195,0.7927516
2021-02-14,MIEL1,Caldas,78.49000000000001,59970000.0,123770000.0,48.452775309040966,24.282501,0.098789215,-1.2234612,1012.5578,25.613892,-0.79,0.043153763,0.0033974648,0.0032186508,0.29839522,1.2274431
2021-02-15,MIEL1,Caldas,75.82,61340000.0,123770000.0,49.55966712450513,24.063751,-0.04927063,-1.0657616,1012.8013,25.755463,-0.79,0.04208088,0.0011920929,0.0011324883,0.30148703,1.0668999
2021-02-16,MIEL1,Caldas,73.98,53770000.0,123770000.0,43.44348388139291,24.05777,-0.09513855,-1.0986862,1013.23346,25.684692,-0.79,0.071406364,0.004351139,0.00423193,0.30234542,1.1027976
2021-02-17,MIEL1,Caldas,72.89,89390000.0,123770000.0,72.22267108346125,22.799347,-0.1471138,-1.1876144,1013.27203,25.41388,-0.79,0.06520748,0.0060796738,0.0060796738,0.3234251,1.1966915
2021-02-18,MIEL1,Caldas,74.19,100160000.0,123770000.0,80.9242950634241,23.815277,0.4445305,-0.90250397,1012.85956,25.284424,-0.79,0.1988411,0.017166138,0.016987324,0.33881468,1.0060421
2021-02-19,MIEL1,Caldas,74.19,103150000.0,123770000.0,83.34006625191888,22.894928,0.07155609,-1.2929726,1013.20435,25.166199,-0.79,0.34797192,0.064492226,0.06446242,0.3791547,1.2949511
2021-02-20,MIEL1,Caldas,73.19,80760000.0,123770000.0,65.25006059626726,23.220062,0.050815582,-0.86331177,1012.7511,25.145172,-0.79,0.035762787,0.0039339066,0.003874302,0.36093125,0.864806
2021-02-21,MIEL1,Caldas,71.67,69740000.0,123770000.0,56.34644905873798,22.995392,-0.030418396,-0.83026505,1012.98315,24.947296,-0.79,0.3992319,0.07534027,0.07522106,0.37446707,0.8308221
2021-02-22,MIEL1,Caldas,72.17,67850000.0,123770000.0,54.81942312353559,23.66629,-0.025886536,-0.8809166,1011.22955,24.890778,-0.79,0.09214878,0.011444092,0.011444092,0.36668444,0.8812969
2021-02-23,MIEL1,Caldas,72.74000000000001,66630000.0,123770000.0,53.83372384261129,24.662994,-0.176445,-0.4159546,1011.40936,24.689087,-0.79,0.039219856,0.00423193,0.004351139,0.3481656,0.4518308
2021-02-24,MIEL1,Caldas,73.50999999999999,62450000.0,123770000.0,50.45649188010019,23.948822,0.0958519,0.2375946,1011.0086,24.59143,-0.79,0.00023841858,0.00011920929,0.0,0.33228865,0.25620067
2021-02-25,MIEL1,Caldas,72.16,51820000.0,123770000.0,41.86798093237456,24.699982,0.058631897,0.18283844,1009.845,24.540283,-0.79,0.0011920929,0.00017881393,0.00011920929,0.3162157,0.19200936
2021-02-26,MIEL1,Caldas,70.37,59310000.0,123770000.0,47.91952815706553,25.128326,-0.021614075,-0.32587814,1008.4922,24.39505,-0.79,0.0,5.9604645e-05,0.0,0.3047049,0.32659414
2021-02-27,MIEL1,Caldas,69.94,92510000.0,123770000.0,74.7434758018906,22.553375,0.15665054,-0.69745636,1010.65936,24.585144,-0.79,0.20372868,0.0053048134,0.0053048134,0.3235942,0.714832
2021-02-28,MIEL1,Caldas,67.85,80930000.0,123770000.0,65.38741213541246,23.006317,0.21397781,-0.7573395,1008.97534,24.726929,-0.79,0.024080276,0.0022053719,0.0022053719,0.32887325,0.78698766
2021-03-01,MIEL1,Caldas,66.64999999999999,82720000.0,133420000.0,61.99970019487333,23.537262,0.29348755,-0.8937149,1009.0528,25.08435,-0.71,0.091314316,0.00846386,0.00846386,0.3359937,0.9406706
2021-03-02,MIEL1,Caldas,67.82000000000001,83680000.0,133420000.0,62.71923249887573,22.75357,0.26987076,-0.6762657,1010.5025,25.636963,-0.71,0.2373457,0.02527237,0.025242567,0.3482203,0.7281247
2021-03-03,MIEL1,Caldas,66.99000000000001,73350000.0,133420000.0,54.97676510268326,24.207062,0.26956558,-0.53793716,1011.53564,26.247528,-0.71,0.00023841858,0.0,0.0,0.33563673,0.60169923
2021-03-04,MIEL1,Caldas,64.88000000000001,70410000.0,133420000.0,52.77319742167591,24.059784,-0.08371353,-0.6486511,1013.14923,26.642395,-0.71,0.035643578,0.0032186508,0.0032186508,0.32057285,0.6540308
2021-03-05,MIEL1,Caldas,64.3,61420000.0,133420000.0,46.03507719982012,23.443085,0.08925629,-0.79273987,1011.7311,26.922546,-0.71,0.019788742,0.0017285347,0.0017285347,0.31238165,0.79774886
2021-03-06,MIEL1,Caldas,64.45,69190000.0,133420000.0,51.858791785339534,24.705841,-0.2322731,-0.81235886,1010.79767,26.980713,-0.71,0.021338463,0.0017881393,0.0017881393,0.30676913,0.8449128
2021-03-07,MIEL1,Caldas,64.0,133840000.0,133420000.0,100.31479538300106,24.703156,-0.23896408,0.05141449,1011.54596,26.957092,-0.71,0.011205673,0.0008940697,0.0008940697,0.29829368,0.24443257
2021-03-08,MIEL1,Caldas,65.4,167410000.0,133420000.0,125.47594063858492,23.0372,-0.009479523,0.058807373,1012.7603,26.935272,-0.71,0.049352646,0.0029802322,0.0029802322,0.30497602,0.059566505
2021-03-09,MIEL1,Caldas,64.3,82960000.0,133420000.0,62.17958327087393,24.246246,0.17685318,-0.99380493,1012.3881,26.84018,-0.71,0.025749207,0.0021457672,0.0021457672,0.2965255,1.0094182
2021-03-10,MIEL1,Caldas,65.61,85530000.0,133420000.0,64.10583120971368,23.485992,0.28375244,-0.59778976,1012.045,26.848114,-0.71,0.025391579,0.0019073486,0.0019073486,0.29585606,0.661716
2021-03-11,MIEL1,Caldas,65.16999999999999,90350000.0,133420000.0,67.71848298605906,21.033783,0.37606812,-0.72327805,1013.9372,26.981812,-0.71,0.81920624,0.092446804,0.092327595,0.3916926,0.8152045
2021-03-12,MIEL1,Caldas,63.4,99440000.0,133420000.0,74.53155448958178,21.150482,0.4264679,-0.5401039,1015.2556,27.200195,-0.71,0.73063374,0.17154217,0.17130375,0.4222324,0.68817663
2021-03-13,MIEL1,Caldas,61.21,82240000.0,133420000.0,61.639934042872135,21.970978,0.4758644,-0.49089432,1014.4938,27.306396,-0.71,0.46861172,0.12242794,0.12242794,0.4263333,0.68368423
2021-03-14,MIEL1,Caldas,62.06,76040000.0,133420000.0,56.992954579523314,22.679901,0.25514603,-0.3731537,1013.84674,27.330719,-0.71,0.06592274,0.0045895576,0.0044703484,0.4087479,0.45204332
2021-03-15,MIEL1,Caldas,64.17,107510000.0,133420000.0,80.58012292010194,22.518341,-0.047885895,-0.43751907,1012.83264,27.378265,-0.71,0.07009506,0.01013279,0.01013279,0.3903774,0.4401318
2021-03-16,MIEL1,Caldas,62.8,112090000.0,133420000.0,84.01289162044671,22.865265,-0.085624695,0.4756279,1012.35425,27.216583,-0.71,0.007033348,0.0014901161,0.0014901161,0.37859964,0.48327374
2021-03-17,MIEL1,Caldas,61.86000000000001,101960000.0,133420000.0,76.42032678758807,22.32016,0.19098663,-0.79058456,1012.09576,26.68451,-0.71,0.8560419,0.14925003,0.14925003,0.3871325,0.8133264
2021-03-18,MIEL1,Caldas,61.01,109180000.0,133420000.0,81.83180932393944,22.455597,0.3818283,-0.33499908,1012.5689,26.299194,-0.71,0.35226345,0.024318695,0.02425909,0.40362674,0.507954
2021-03-19,MIEL1,Caldas,59.650000000000006,99210000.0,133420000.0,74.35916654174787,21.927948,-0.26741028,-0.7916794,1012.40436,25.790863,-0.71,0.1552105,0.00846386,0.00834465,0.41863865,0.8356222
2021-03-20,MIEL1,Caldas,60.39,94140000.0,133420000.0,70.55913656123519,21.42215,0.46214676,-0.44390488,1012.5764,25.305664,-0.71,0.48744678,0.119030476,0.11891127,0.42415792,0.6408051
2021-03-21,MIEL1,Caldas,58.86,104880000.0,133420000.0,78.60890421226203,22.290985,0.47275162,-0.4251938,1011.51953,24.975677,-0.71,0.06389618,0.009953976,0.009894371,0.4157535,0.6358332
2021-03-22,MIEL1,Caldas,58.720000000000006,120230000.0,133420000.0,90.11392594813373,21.23642,-0.012439728,-0.45531082,1012.6319,24.449127,-0.71,0.31256676,0.046789646,0.046610832,0.4366972,0.45548072
2021-03-23,MIEL1,Caldas,58.18,93890000.0,133420000.0,70.3717583570679,21.823456,0.04354477,-0.8947983,1013.03687,24.233124,-0.71,0.92566013,0.21618605,0.21612644,0.43154043,0.89585716
2021-03-24,MIEL1,Caldas,57.63,99450000.0,133420000.0,74.53904961774846,22.465302,-0.1417427,-0.5915108,1012.9395,23.943634,-0.71,0.4594326,0.12600422,0.12600422,0.44559112,0.6082565
2021-03-25,MIEL1,Caldas,56.27,88880000.0,133420000.0,66.61669914555539,22.71463,0.013824463,-0.3474884,1012.0878,23.638092,-0.71,0.027060509,0.0032186508,0.0031590462,0.41662496,0.3477633
2021-03-26,MIEL1,Caldas,55.09,91700000.0,133420000.0,68.73032528856243,23.246124,-0.00762558,-0.54776764,1011.2659,23.348724,-0.71,0.02002716,0.0028014183,0.002861023,0.39703804,0.54782075
2021-03-27,MIEL1,Caldas,56.37,84960000.0,133420000.0,63.67860890421226,21.77298,0.09756851,-0.3640976,1012.3183,23.187103,-0.71,0.46265125,0.027358532,0.027298927,0.4276044,0.3769439
2021-03-28,MIEL1,Caldas,57.57,74710000.0,133420000.0,55.99610253335332,23.336456,-0.1639595,-0.21377945,1010.5539,23.121063,-0.71,0.233531,0.06043911,0.0603199,0.4362121,0.26941487
2021-03-29,MIEL1,Caldas,57.9,73160000.0,133420000.0,54.83435766751611,23.81015,-0.21802521,0.18493271,1009.71515,23.064423,-0.71,0.008583069,0.0012516975,0.0012516975,0.40877867,0.2858935
2021-03-30,MIEL1,Caldas,56.24,79170000.0,133420000.0,59.33892969569779,24.391205,0.052978516,0.19358444,1009.8206,22.975952,-0.71,0.0,0.0,0.0,0.39041394,0.20070292
2021-03-31,MIEL1,Caldas,54.13,63600000.0,133420000.0,47.6690151401589,24.536774,-0.03035736,0.07843399,1008.7297,22.794067,-0.71,0.0,0.0,0.0,0.37537777,0.08410387
2021-04-01,MIEL1,Caldas,54.56999999999999,58610000.0,150600000.0,38.91766268260292,24.515167,0.111320496,-0.49220657,1008.0742,22.739746,-0.55,0.0,0.0,0.0,0.3649319,0.5046381
2021-04-02,MIEL1,Caldas,52.87,64680000.0,150600000.0,42.94820717131474,23.418793,0.16502762,-0.5024872,1009.16486,22.894073,-0.55,0.30112267,0.04285574,0.042676926,0.37210596,0.5288927
2021-04-03,MIEL1,Caldas,53.55,91560000.0,150600000.0,60.79681274900398,24.057098,-0.4903946,-0.22914505,1011.4288,23.095428,-0.55,0.20813942,0.04696846,0.04696846,0.37623733,0.5412895
2021-04-04,MIEL1,Caldas,55.17999999999999,91720000.0,150600000.0,60.90305444887119,23.728363,-0.08591843,0.070617676,1010.71704,23.091217,-0.55,0.35703182,0.00500679,0.00500679,0.3629224,0.11121525
2021-04-05,MIEL1,Caldas,55.63,76570000.0,150600000.0,50.843293492695885,24.643097,-0.2721367,-0.11559677,1010.23016,23.165314,-0.55,0.033974648,0.004053116,0.004053116,0.35461542,0.29567042
2021-04-06,MIEL1,Caldas,55.69,124160000.0,150600000.0,82.44355909694555,24.601105,-0.067379,0.11156082,1011.0041,23.36322,-0.55,0.004053116,0.00017881393,5.9604645e-05,0.34297845,0.13032937
2021-04-07,MIEL1,Caldas,55.17999999999999,81080000.0,150600000.0,53.83798140770253,23.62204,0.010536194,-0.004787445,1011.8064,23.48111,-0.55,0.00011920929,0.0,0.0,0.32946137,0.011572856
2021-04-08,MIEL1,Caldas,56.23,71570000.0,150600000.0,47.52324037184595,23.199005,0.1499176,-0.18233871,1011.02966,23.4917,-0.55,0.0,5.9604645e-05,0.0,0.3185889,0.23605655
2021-04-09,MIEL1,Caldas,59.31,149310000.0,150600000.0,99.14342629482071,23.610016,-0.13621902,-0.5030136,1013.05237,23.451324,-0.55,0.00166893,0.00017881393,0.00011920929,0.31084216,0.52113175
2021-04-10,MIEL1,Caldas,60.99,94860000.0,150600000.0,62.98804780876493,24.450287,-0.43827057,-0.42795563,1011.8811,23.45401,-0.55,0.028848648,0.0015497208,0.0014901161,0.30738997,0.6125578
2021-04-11,MIEL1,Caldas,61.41,95970000.0,150600000.0,63.72509960159363,25.707794,-0.19581604,0.17940903,1010.91626,23.337067,-0.55,0.02849102,0.00074505806,0.0005364418,0.30004448,0.2655777
2021-04-12,MIEL1,Caldas,62.57,73070000.0,150600000.0,48.51925630810093,24.364777,0.13541031,0.725399,1010.02966,23.202484,-0.55,0.00047683716,5.9604645e-05,5.9604645e-05,0.2987064,0.73792934
2021-04-13,MIEL1,Caldas,63.49,66750000.0,150600000.0,44.322709163346616,24.211823,0.016994476,0.4223976,1010.0145,22.967224,-0.55,0.0,5.9604645e-05,0.0,0.28869963,0.42273936
2021-04-14,MIEL1,Caldas,64.35,65850000.0,150600000.0,43.72509960159363,25.475677,0.14454651,0.11507034,1011.2994,22.930023,-0.55,0.0,5.9604645e-05,0.0,0.2726866,0.18475626
2021-04-15,MIEL1,Caldas,63.83,66010000.0,150600000.0,43.83134130146082,24.496735,-0.069065094,-0.18988037,1011.09186,22.92041,-0.55,0.13411045,0.0014305115,0.0014901161,0.28420132,0.20205085
2021-04-16,MIEL1,Caldas,64.46,60340000.0,150600000.0,40.066401062417,24.073944,0.027755737,-0.62966156,1011.1811,22.971039,-0.55,0.034093857,0.00166893,0.0017881393,0.28684145,0.630273
2021-04-17,MIEL1,Caldas,64.03999999999999,98680000.0,150600000.0,65.52456839309428,24.051056,0.20149612,0.5050545,1011.8688,22.980927,-0.55,0.20480156,0.0024437904,0.002413988,0.31537032,0.5437653
2021-04-18,MIEL1,Caldas,63.07000000000001,69940000.0,150600000.0,46.44090305444888,24.388947,-0.27880096,-0.6586113,1012.3931,23.058746,-0.55,0.071287155,0.0026226044,0.0025629997,0.29872447,0.7151914
2021-04-19,MIEL1,Caldas,63.82,110620000.0,150600000.0,73.45285524568393,23.279633,0.01543808,-0.424057,1013.3103,23.165985,-0.55,0.14805794,0.004708767,0.004529953,0.34584913,0.42433792
2021-04-20,MIEL1,Caldas,63.99,78200000.0,150600000.0,51.92563081009296,24.919952,-0.17271805,-0.45279694,1011.7981,23.196533,-0.55,0.01168251,0.00059604645,0.0005364418,0.3317755,0.48462003
2021-04-21,MIEL1,Caldas,63.38,78760000.0,150600000.0,52.29747675962816,24.457977,-0.054595947,-0.5756645,1012.36,23.209076,-0.55,0.18489361,0.0027418137,0.0026226044,0.33427322,0.57824767
2021-04-22,MIEL1,Caldas,63.370000000000005,65770000.0,150600000.0,43.67197875166003,23.911774,0.102508545,-0.63005066,1011.0261,23.130066,-0.55,0.02026558,0.0014901161,0.0014901161,0.3216893,0.6383352
2021-04-23,MIEL1,Caldas,63.91,76120000.0,150600000.0,50.54448871181939,23.530426,0.37436295,-0.58397293,1011.53046,23.091278,-0.55,0.27513504,0.005185604,0.0049471855,0.32249796,0.6936656
2021-04-24,MIEL1,Caldas,62.41,64210000.0,150600000.0,42.636122177954846,23.342499,-0.12042236,-0.8100128,1012.1261,23.126343,-0.55,0.076174736,0.0029206276,0.0028014183,0.31876397,0.81891537
2021-04-25,MIEL1,Caldas,60.48,64360000.0,150600000.0,42.735723771580346,24.563873,-0.10513687,-0.6992035,1011.72327,23.180603,-0.55,0.14424324,0.0037550926,0.003695488,0.32207733,0.70706385
2021-04-26,MIEL1,Caldas,58.51,62470000.0,150600000.0,41.48074369189907,24.257355,0.08662033,-0.6634636,1010.928,23.20346,-0.55,0.04196167,0.0020861626,0.001847744,0.31689727,0.6690942
2021-04-27,MIEL1,Caldas,58.26,87280000.0,150600000.0,57.95484727755644,22.080475,0.18231201,-0.1598587,1012.15356,23.179993,-0.55,0.59974194,0.037908554,0.037789345,0.36674678,0.24247159
2021-04-28,MIEL1,Caldas,59.29,100080000.0,150600000.0,66.45418326693228,21.56308,0.024642944,-0.5087929,1012.89264,23.219818,-0.55,0.3578663,0.052392483,0.052392483,0.4159068,0.5093893
2021-04-29,MIEL1,Caldas,61.18,111070000.0,150600000.0,73.75166002656043,20.642548,-0.16105652,-0.72707367,1014.5975,23.204529,-0.55,1.2869835,0.27370453,0.27358532,0.44436008,0.74469817
2021-04-30,MIEL1,Caldas,64.55,168490000.0,150600000.0,111.87915006640104,20.86728,-0.022304535,-0.19251633,1015.2753,23.253784,-0.55,1.7918348,0.57679415,0.57667494,0.45461693,0.1938041
2021-05-01,MIEL1,Caldas,64.57000000000001,122280000.0,166870000.0,73.2786001078684,21.276764,0.47382736,-0.31132507,1013.8864,23.500916,-0.39,0.15413761,0.028014183,0.028014183,0.4410353,0.56695294
2021-05-02,MIEL1,Caldas,67.17,137610000.0,166870000.0,82.4653922214898,21.756378,0.09176254,-0.3673973,1014.5131,23.602448,-0.39,1.1099577,0.38295984,0.38293004,0.45064744,0.37868345
2021-05-03,MIEL1,Caldas,68.5,95530000.0,166870000.0,57.24815724815725,21.377228,-0.40236282,-0.4224167,1015.78174,23.585663,-0.39,0.56016445,0.11897087,0.11873245,0.44876534,0.58337957
2021-05-04,MIEL1,Caldas,70.0,114990000.0,166870000.0,68.90992988553964,22.25943,-0.65996933,-0.4159813,1015.53937,23.493805,-0.39,0.5259514,0.14084578,0.14090538,0.44346318,0.7801282
2021-05-05,MIEL1,Caldas,100.07,121600000.0,166870000.0,72.87109726134116,23.49704,-0.02501297,-0.6625786,1014.6961,23.52539,-0.39,0.008583069,0.0015497208,0.0013709068,0.42306715,0.66305053
2021-05-06,MIEL1,Caldas,72.98,116920000.0,166870000.0,70.06651884700665,22.01596,0.099121094,-0.41688156,1014.0712,23.559357,-0.39,0.59247017,0.17851591,0.17851591,0.44479224,0.42850345
2021-05-07,MIEL1,Caldas,75.05,117210000.0,166870000.0,70.24030682567269,22.380585,-0.13044357,-0.444355,1013.7031,23.522186,-0.39,0.8845329,0.2824664,0.2821684,0.45825845,0.46310574
2021-05-08,MIEL1,Caldas,75.07000000000001,115990000.0,166870000.0,69.50919877749146,22.69693,-0.20639801,-0.11467743,1013.9387,23.39862,-0.39,0.40733814,0.10174513,0.101566315,0.4455464,0.2361166
2021-05-09,MIEL1,Caldas,76.66,108700000.0,166870000.0,65.1405285551627,23.538422,-0.40383148,-0.12836075,1012.71765,23.309387,-0.39,0.011563301,0.00071525574,0.00071525574,0.4265619,0.4237409
2021-05-10,MIEL1,Caldas,77.42999999999999,119490000.0,166870000.0,71.60663989932281,23.376556,0.08869934,0.5839195,1011.5069,23.237,-0.39,0.08106232,0.0057816505,0.0056624413,0.4164761,0.59061795
2021-05-11,MIEL1,Caldas,78.95,97910000.0,166870000.0,58.67441721100257,23.182648,0.02481842,0.23520279,1011.3117,23.108368,-0.39,0.00333786,0.00059604645,0.00059604645,0.40267134,0.23650858
2021-05-12,MIEL1,Caldas,78.75999999999999,92570000.0,166870000.0,55.47432132797987,23.646332,-0.10784912,0.14205933,1011.1425,23.08963,-0.39,0.0,5.9604645e-05,0.0,0.38355893,0.17835999
2021-05-13,MIEL1,Caldas,80.07,91480000.0,166870000.0,54.82111823575239,24.857025,-0.10160065,0.33713531,1011.3978,23.100464,-0.39,0.0,0.00029802322,0.0,0.36836696,0.35211208
2021-05-14,MIEL1,Caldas,81.42,87200000.0,166870000.0,52.256247378198594,23.59787,0.18614578,-0.13677597,1011.22455,23.126678,-0.39,0.0,0.00029802322,0.0,0.3545754,0.23099333
2021-05-15,MIEL1,Caldas,84.48,129020000.0,166870000.0,77.31767243962366,23.985321,0.29229355,-0.005130768,1011.40454,23.224823,-0.39,0.0,0.00047683716,0.0,0.34276548,0.29233858
2021-05-16,MIEL1,Caldas,83.42,134210000.0,166870000.0,80.4278779888536,23.730133,-0.04519272,-0.105831146,1011.9389,23.27121,-0.39,0.00035762787,0.00029802322,5.9604645e-05,0.33135217,0.11507656
2021-05-17,MIEL1,Caldas,82.45,132420000.0,166870000.0,79.35518667225985,22.850067,0.07831955,0.157444,1013.53705,23.15326,-0.39,0.29742718,0.021457672,0.021159649,0.38137856,0.17584813
2021-05-18,MIEL1,Caldas,81.39999999999999,132090000.0,166870000.0,79.15742793791574,23.247223,0.00920105,0.28162384,1014.04846,23.174408,-0.39,0.1835823,0.03927946,0.039100647,0.39199558,0.2817741
2021-05-19,MIEL1,Caldas,83.83,132090000.0,166870000.0,79.15742793791574,24.064606,-0.19908905,-0.14297867,1012.3645,23.241425,-0.39,0.008583069,0.0007748604,0.0005364418,0.3697955,0.2451109
2021-05-20,MIEL1,Caldas,85.68,91520000.0,166870000.0,54.84508899143046,24.362274,-0.021625519,0.23334503,1011.14264,23.232513,-0.39,0.00047683716,0.00023841858,5.9604645e-05,0.34685996,0.23434497
2021-05-21,MIEL1,Caldas,87.31,96820000.0,166870000.0,58.0212141187751,24.578583,0.10560608,-0.15156555,1010.2725,23.403992,-0.39,0.0,0.00035762787,0.0,0.3281999,0.18472889
2021-05-22,MIEL1,Caldas,88.03,121370000.0,166870000.0,72.73326541619225,24.530731,0.4170494,-0.36535263,1011.5364,23.38031,-0.39,0.62310696,0.01013279,0.010073185,0.33321124,0.5544481
2021-05-23,MIEL1,Caldas,88.05,112170000.0,166870000.0,67.21999161023551,24.111725,0.18222809,0.14332199,1011.4467,23.37387,-0.39,0.30004978,0.0054836273,0.005364418,0.35145438,0.23183674
2021-05-24,MIEL1,Caldas,88.12,92400000.0,166870000.0,55.37244561634805,24.04544,-0.10626221,-0.1395874,1011.41516,23.253113,-0.39,0.0,0.00035762787,0.0,0.3383258,0.17543176
2021-05-25,MIEL1,Caldas,87.41,90450000.0,166870000.0,54.203871277042005,24.778229,-0.13069916,-0.039577484,1012.3909,23.291779,-0.39,0.04005432,0.0007748604,0.00035762787,0.32871777,0.13656005
2021-05-26,MIEL1,Caldas,87.31,87190000.0,166870000.0,52.25025468927908,24.80423,-0.18986893,0.25948715,1012.45734,23.420166,-0.39,0.046491623,0.0007748604,0.0006556511,0.32011345,0.3215335
2021-05-27,MIEL1,Caldas,87.96000000000001,103610000.0,166870000.0,62.09024989512795,24.290558,-0.31947708,0.062675476,1013.4308,23.330933,-0.39,0.037670135,0.0023841858,0.0023841858,0.31065726,0.32556692
2021-05-28,MIEL1,Caldas,87.25,66820000.0,166870000.0,40.04314736022053,24.119598,-0.11060715,-0.8701439,1013.22327,23.450409,-0.39,0.019431114,0.0011324883,0.0008940697,0.30255082,0.8771455
2021-05-29,MIEL1,Caldas,89.23,146030000.0,166870000.0,87.51123629172409,22.291168,-0.10652161,-0.53627396,1013.5428,23.486145,-0.39,0.8070469,0.13393164,0.13405085,0.39927188,0.54675096
2021-05-30,MIEL1,Caldas,90.58,129550000.0,166870000.0,77.63528495235812,23.117096,0.0025367737,-0.6071396,1013.79626,23.64978,-0.39,0.063061714,0.0064373016,0.006198883,0.39694294,0.6071449
2021-05-31,MIEL1,Caldas,91.22,113000000.0,166870000.0,67.71738479055553,23.81607,-0.083351135,-0.044086456,1013.15344,23.770813,-0.39,0.09453297,0.008523464,0.008285046,0.38564676,0.094292246
2021-06-01,MIEL1,Caldas,95.54,160820000.0,112060000.0,143.51240406924862,23.69101,-0.028785706,-0.6114464,1012.28735,23.856934,-0.3,0.0017881393,0.00023841858,0.00023841858,0.3694479,0.6121236
2021-06-02,MIEL1,Caldas,96.75,134850000.0,112060000.0,120.33731929323577,23.778717,-0.46151733,-0.44732285,1011.7319,23.744507,-0.3,0.006556511,0.0007748604,0.0006556511,0.36400545,0.6427254
2021-06-03,MIEL1,Caldas,98.11,151280000.0,112060000.0,134.99910762091736,24.356415,0.33052444,-0.24629974,1011.243,23.54602,-0.3,0.0150203705,0.0020861626,0.0015497208,0.35404342,0.41220137
2021-06-04,MIEL1,Caldas,100.09,158350000.0,112060000.0,141.30822773514188,24.082367,-0.66960144,0.20609283,1012.3705,23.647095,-0.3,0.031232834,0.00059604645,0.00035762787,0.3374178,0.70059997
2021-06-05,MIEL1,Caldas,100.07,105050000.0,112060000.0,93.74442263073354,24.374237,-0.114494324,-0.14809036,1011.15314,23.469574,-0.3,0.0,0.0004172325,0.0,0.32372838,0.18718897
2021-06-06,MIEL1,Caldas,100.4,125520000.0,112060000.0,112.01142245225772,23.158417,0.022014618,-0.7583389,1012.21454,23.82312,-0.3,0.35703182,0.008225441,0.007867813,0.34289643,0.7586584
2021-06-07,MIEL1,Caldas,100.06,113480000.0,112060000.0,101.2671782973407,23.667572,0.11145401,-0.45746613,1011.9392,24.077118,-0.3,0.0042915344,0.00059604645,0.00035762787,0.33114737,0.47084737
2021-06-08,MIEL1,Caldas,101.96,212010000.0,112060000.0,189.1932893092986,22.668976,-0.3242073,0.02853775,1014.51013,24.20752,-0.3,0.6161928,0.037431717,0.0371933,0.36500785,0.32546088
2021-06-09,MIEL1,Caldas,101.78,144340000.0,112060000.0,128.8059967874353,21.791595,-0.17828369,-0.56599426,1015.41174,24.079102,-0.3,0.2963543,0.013113022,0.012755394,0.4113721,0.5934093
2021-06-10,MIEL1,Caldas,100.79,137700000.0,112060000.0,122.88059967874354,21.491913,-0.0016937256,-0.32703018,1015.28625,24.112946,-0.3,0.32007694,0.02783537,0.027537346,0.4214842,0.32703456
2021-06-11,MIEL1,Caldas,99.35,117720000.0,112060000.0,105.05086560771016,22.53891,0.30921555,-0.29756546,1013.07794,23.829224,-0.3,0.07033348,0.010967255,0.010669231,0.40541694,0.42913803
2021-06-12,MIEL1,Caldas,99.34,111370000.0,112060000.0,99.38425843298234,22.152863,0.586483,-0.35074234,1012.4747,23.559235,-0.3,0.44560432,0.07176399,0.07158518,0.4259302,0.6833612
2021-06-13,MIEL1,Caldas,98.92,101660000.0,112060000.0,90.71925754060324,21.265411,0.18328094,0.13375092,1013.72534,23.444855,-0.3,0.23424625,0.021219254,0.02092123,0.41279393,0.2268947
2021-06-14,MIEL1,Caldas,99.1,109850000.0,112060000.0,98.0278422273782,22.121796,0.034290314,-0.46352386,1014.935,23.317078,-0.3,0.46265125,0.09471178,0.09441376,0.41586405,0.4647905
2021-06-15,MIEL1,Caldas,99.44,132700000.0,112060000.0,118.41870426557202,21.729279,-0.4266472,-0.40486526,1015.7753,23.370728,-0.3,0.11241436,0.01335144,0.012993813,0.4220903,0.58816975
2021-06-16,MIEL1,Caldas,97.99,109660000.0,112060000.0,97.85829020167768,22.66037,0.041763306,0.013175964,1013.41797,23.48346,-0.3,0.00011920929,0.00035762787,0.0,0.40974733,0.04379246
2021-06-17,MIEL1,Caldas,95.93,81060000.0,112060000.0,72.3362484383366,24.274872,-0.06895065,0.24090958,1011.6664,23.233429,-0.3,0.00035762787,0.00029802322,0.00011920929,0.38914,0.25058255
2021-06-18,MIEL1,Caldas,95.06,79570000.0,112060000.0,71.0066036052115,23.526947,-0.036506653,0.035160065,1012.2484,23.158447,-0.3,0.0,0.00035762787,0.0,0.36311823,0.050684966
2021-06-19,MIEL1,Caldas,93.86,80720000.0,112060000.0,72.03283955024095,23.519806,-0.0356369,-0.051727295,1013.0511,23.29242,-0.3,0.0,0.00023841858,0.0,0.3495896,0.062814824
2021-06-20,MIEL1,Caldas,94.59,61030000.0,112060000.0,54.46189541317151,23.54184,-0.037765503,0.26446152,1013.39343,23.378021,-0.3,0.0,0.00035762787,0.0,0.33770543,0.2671444
2021-06-21,MIEL1,Caldas,95.66,63750000.0,112060000.0,56.889166517936815,23.583649,-0.04642105,0.11362839,1013.7431,23.350067,-0.3,0.0,0.00035762787,0.0,0.3238865,0.122744955
2021-06-22,MIEL1,Caldas,94.14,67660000.0,112060000.0,60.37836873103694,22.492523,-0.10626984,-0.31755066,1015.1472,23.41214,-0.3,0.0015497208,0.00023841858,0.0,0.31130636,0.3348607
2021-06-23,MIEL1,Caldas,96.42,81410000.0,112060000.0,72.64858111725862,23.407623,-0.046569824,-0.03435898,1014.42346,23.356598,-0.3,0.0076293945,0.00035762787,5.9604645e-05,0.30283907,0.057873033
2021-06-24,MIEL1,Caldas,98.55,92130000.0,112060000.0,82.21488488309834,23.273712,-0.49005127,-0.29948425,1013.47797,23.227142,-0.3,0.054836273,0.0009536743,0.0007748604,0.31103325,0.57431793
2021-06-25,MIEL1,Caldas,98.76,104730000.0,112060000.0,93.45886132429057,23.219452,-0.352314,-0.4153328,1013.28357,22.951874,-0.3,0.030875206,0.0026226044,0.0022649765,0.31146064,0.5446343
2021-06-26,MIEL1,Caldas,97.89,43140000.0,112060000.0,38.49723362484384,21.731964,-0.23059845,-0.55184174,1013.7383,22.89154,-0.3,0.2090931,0.007212162,0.0069737434,0.32793498,0.5980844
2021-06-27,MIEL1,Caldas,95.79,81650000.0,112060000.0,72.86275209709085,22.675385,0.15363693,-0.7496872,1013.53186,22.991425,-0.3,0.09953976,0.0064969063,0.006198883,0.32686672,0.7652681
2021-06-28,MIEL1,Caldas,93.62,70970000.0,112060000.0,63.33214349455649,22.80783,-0.1904068,0.18194962,1013.66064,23.07251,-0.3,0.0054836273,0.00032782555,0.00011920929,0.33194733,0.26336366
2021-06-29,MIEL1,Caldas,94.33,57090000.0,112060000.0,50.945921827592365,23.70578,-0.086452484,0.45915985,1012.6305,23.029968,-0.3,0.0,0.00029802322,0.0,0.31608832,0.4672278
2021-06-30,MIEL1,Caldas,95.35,58500000.0,112060000.0,52.204176334106734,23.519745,0.04893875,0.49768448,1012.03345,22.926208,-0.3,0.0,0.00035762787,0.0,0.29754364,0.5000848
2021-07-01,MIEL1,Caldas,92.82,53710000.0,77470000.0,69.33006325029044,22.86679,-0.25556183,0.53341675,1013.0549,22.933868,-0.35,0.0,0.00035762787,0.0,0.28513774,0.5914772
2021-07-02,MIEL1,Caldas,93.15,50120000.0,77470000.0,64.69601135923583,23.82669,-0.45339203,0.13256073,1013.97766,22.986176,-0.35,0.0071525574,0.00017881393,0.0,0.2726707,0.47237346
2021-07-03,MIEL1,Caldas,90.2,49920000.0,77470000.0,64.4378469084807,23.512115,-0.037548065,0.5629883,1013.6064,22.973297,-0.35,0.0,0.00029802322,0.0,0.2585464,0.564239
2021-07-04,MIEL1,Caldas,90.62,52860000.0,77470000.0,68.23286433458114,23.234528,-0.05791855,0.26755905,1014.3791,22.722656,-0.35,0.0,0.00029802322,0.0,0.2438348,0.2737561
2021-07-05,MIEL1,Caldas,91.36,48780000.0,77470000.0,62.96630953917646,24.675873,-0.20715332,0.0031700134,1014.505,22.565582,-0.35,0.0,0.00011920929,0.0,0.23247409,0.20717758
2021-07-06,MIEL1,Caldas,92.03,45100000.0,77470000.0,58.21608364528205,24.923737,-0.1346016,0.3345909,1013.76624,22.379059,-0.35,0.0034570694,0.00035762787,0.0,0.22220324,0.36065033
2021-07-07,MIEL1,Caldas,90.67,43490000.0,77470000.0,56.13785981670324,25.10556,-0.12479782,0.6318283,1010.66455,22.289886,-0.35,0.0,0.0004172325,0.0,0.21855922,0.64403534
2021-07-08,MIEL1,Caldas,91.23,41250000.0,77470000.0,53.24641796824577,25.66623,-0.24692154,0.34526443,1010.1369,22.245056,-0.35,0.0,0.00047683716,0.0,0.2112738,0.42447352
2021-07-09,MIEL1,Caldas,91.82,40450000.0,77470000.0,52.21376016522525,25.646454,-0.07891083,0.6759796,1011.22375,22.19989,-0.35,0.00166893,0.0004172325,5.9604645e-05,0.20373157,0.6805699
2021-07-10,MIEL1,Caldas,93.56,58120000.0,77470000.0,75.02258938944108,25.211212,-0.09340668,-0.11348724,1011.7642,22.135223,-0.35,0.0,0.00047683716,0.0,0.19978644,0.14698355
2021-07-11,MIEL1,Caldas,96.54,103680000.0,77470000.0,133.83245127145992,24.002594,-0.07883453,-0.38420486,1012.8714,22.118744,-0.35,0.26202202,0.0032782555,0.0029206276,0.23203775,0.39220947
2021-07-12,MIEL1,Caldas,93.71,45020000.0,77470000.0,58.11281786498,24.637054,0.12664413,0.46292877,1011.5708,22.229218,-0.35,0.0,0.00023841858,0.0,0.24285404,0.47993934
2021-07-13,MIEL1,Caldas,93.88,39130000.0,77470000.0,50.50987479024138,24.249664,-0.51390076,0.44834137,1012.5136,22.209473,-0.35,0.0,0.00029802322,0.0,0.23161563,0.6819853
2021-07-14,MIEL1,Caldas,94.38,34550000.0,77470000.0,44.59790886794888,25.211273,-0.13501358,0.27802277,1013.2686,22.250824,-0.35,0.0,0.00035762787,0.0,0.22003202,0.30907172
2021-07-15,MIEL1,Caldas,94.85,31810000.0,77470000.0,41.06105589260359,26.639252,-0.5349121,0.34809875,1011.8631,22.36731,-0.35,0.0,0.0004172325,0.0,0.21000725,0.6382035
2021-07-16,MIEL1,Caldas,95.44,40360000.0,77470000.0,52.09758616238543,26.36679,-0.141819,-0.2717209,1011.5723,22.380249,-0.35,0.0,0.00017881393,0.0,0.19818981,0.30650428
2021-07-17,MIEL1,Caldas,92.34,35890000.0,77470000.0,46.32761068800826,25.400055,-0.45019913,-0.549469,1012.2419,22.531067,-0.35,0.24294853,0.0021457672,0.0017881393,0.22659837,0.71034884
2021-07-18,MIEL1,Caldas,92.38,31320000.0,77470000.0,40.42855298825352,25.16684,-0.23978806,0.3078804,1012.4998,22.688171,-0.35,0.0014305115,0.0004172325,0.00011920929,0.22632444,0.39024177
2021-07-19,MIEL1,Caldas,92.72,28610000.0,77470000.0,36.93042468052149,25.520844,-0.28289795,0.8368988,1012.54987,22.79184,-0.35,0.002503395,0.00017881393,5.9604645e-05,0.21392253,0.88342
2021-07-20,MIEL1,Caldas,92.99,26860000.0,77470000.0,34.6714857364141,25.987152,-0.061691284,0.74990463,1010.41437,22.855652,-0.35,0.0,0.0004172325,0.0,0.20134346,0.7524379
2021-07-21,MIEL1,Caldas,93.25,25910000.0,77470000.0,33.44520459532722,25.821503,-0.17738724,0.7006111,1010.7664,22.759705,-0.35,0.0,0.00035762787,0.0,0.19228128,0.7227186
2021-07-22,MIEL1,Caldas,93.49,25470000.0,77470000.0,32.877242803665936,25.83841,-0.082157135,0.9400101,1011.84454,22.653473,-0.35,0.0,0.00029802322,0.0,0.18609998,0.94359356
2021-07-23,MIEL1,Caldas,93.7,24590000.0,77470000.0,31.74131922034336,26.516937,-0.22652435,0.5443344,1012.21545,22.45285,-0.35,0.0,0.0,0.0,0.1788455,0.58958733
2021-07-24,MIEL1,Caldas,93.93,23280000.0,77470000.0,30.05034206789725,24.625275,-0.21378708,0.023845673,1013.2078,22.407532,-0.35,0.0,0.0,0.0,0.1742265,0.21511284
2021-07-25,MIEL1,Caldas,94.71,46490000.0,77470000.0,60.0103265780302,22.927704,-0.64699554,-0.29309845,1014.84314,22.278046,-0.35,0.00059604645,0.00011920929,0.0,0.18201499,0.71028864
2021-07-26,MIEL1,Caldas,95.12,31400000.0,77470000.0,40.53181876855557,24.203339,-0.38397598,-0.5335045,1014.0717,22.324402,-0.35,0.048279762,0.00035762787,0.00023841858,0.18900964,0.6573162
2021-07-27,MIEL1,Caldas,92.98,39220000.0,77470000.0,50.62604879308119,23.213226,-0.78601074,-0.6578369,1015.02515,22.268433,-0.35,0.19204617,0.0030994415,0.0030398369,0.23048294,1.0249693
2021-07-28,MIEL1,Caldas,94.29,45930000.0,77470000.0,59.28746611591584,24.437286,-0.3422432,0.3155136,1013.1205,22.253326,-0.35,0.14066696,0.0014305115,0.0013113022,0.25058794,0.46548817
2021-07-29,MIEL1,Caldas,94.29,28910000.0,77470000.0,37.31767135665419,25.987152,-0.58462906,0.5061989,1010.45123,22.310577,-0.35,0.0,0.0,0.0,0.23524994,0.773323
2021-07-30,MIEL1,Caldas,92.02,26550000.0,77470000.0,34.27133083774364,26.12503,-0.892292,0.44387436,1013.10156,22.454742,-0.35,0.00011920929,0.00011920929,0.0,0.22489046,0.99659896
2021-07-31,MIEL1,Caldas,91.97,25030000.0,77470000.0,32.30928101200465,26.369598,-0.5341034,0.5703049,1012.53815,22.698364,-0.35,0.0,0.0,0.0,0.21147214,0.781354
2021-08-01,MIEL1,Caldas,92.15,23820000.0,76580000.0,31.10472708278924,26.078949,-0.186409,1.1687889,1011.90076,22.664337,-0.45,0.0,5.9604645e-05,0.0,0.19653095,1.1835606
2021-08-02,MIEL1,Caldas,92.07,22030000.0,76580000.0,28.7673021676678,25.36679,-0.32923126,0.8055382,1013.6761,22.584808,-0.45,0.0,5.9604645e-05,0.0,0.18960306,0.87022126
2021-08-03,MIEL1,Caldas,92.1,22050000.0,76580000.0,28.79341864716636,25.406097,-0.3208084,0.53717804,1014.0084,22.42685,-0.45,0.0,0.0,0.0,0.1852752,0.62568223
2021-08-04,MIEL1,Caldas,92.19,21160000.0,76580000.0,27.631235309480285,25.80252,-0.43258667,0.32484436,1014.608,22.374603,-0.45,0.0,5.9604645e-05,0.0,0.18308446,0.54097605
2021-08-05,MIEL1,Caldas,92.28,20700000.0,76580000.0,27.03055628101332,25.087372,-0.30815506,0.9311218,1013.7417,22.034576,-0.45,0.0,0.0,0.0,0.18101367,0.9807892
2021-08-06,MIEL1,Caldas,92.38,20120000.0,76580000.0,26.273178375554973,25.86612,-0.3240509,0.61193466,1013.1987,21.898987,-0.45,0.0,0.0,0.0,0.17947133,0.6924399
2021-08-07,MIEL1,Caldas,90.22,19530000.0,76580000.0,25.502742230347348,25.421234,-0.30196762,-0.012447357,1013.3862,21.589935,-0.45,0.0,5.9604645e-05,0.0,0.17911676,0.30222407
2021-08-08,MIEL1,Caldas,90.77,35590000.0,76580000.0,46.47427526769391,22.660797,-0.43598175,-0.7684517,1015.02374,21.367218,-0.45,0.9533167,0.0094771385,0.009179115,0.24460311,0.88351464
2021-08-09,MIEL1,Caldas,87.78,50890000.0,76580000.0,66.45338208409507,26.136627,-0.6009598,0.41897964,1012.97656,21.287537,-0.45,0.00047683716,0.0,0.0,0.23722029,0.7325958
2021-08-10,MIEL1,Caldas,87.71,29050000.0,76580000.0,37.93418647166362,25.770966,-0.54639053,0.3438568,1012.8655,21.260437,-0.45,0.22149086,0.002026558,0.0019669533,0.22679995,0.6455851
2021-08-11,MIEL1,Caldas,87.94,24470000.0,76580000.0,31.95351266649256,25.834198,-1.108284,-0.41714096,1013.6153,21.15445,-0.45,0.016450882,0.00023841858,0.00023841858,0.21867277,1.1841875
2021-08-12,MIEL1,Caldas,89.67,84460000.0,76580000.0,110.28989292243403,25.458527,-0.8794174,-0.391037,1013.9241,21.02353,-0.45,0.01180172,0.00035762787,0.00029802322,0.21433869,0.962437
2021-08-13,MIEL1,Caldas,91.14,79420000.0,76580000.0,103.708540088796,24.757782,-0.38239288,-0.59952545,1014.3123,21.224915,-0.45,0.4938841,0.00834465,0.00834465,0.2505774,0.71109426
2021-08-14,MIEL1,Caldas,94.09,141320000.0,76580000.0,184.53904413685035,23.036896,-0.2997284,-0.51423264,1015.49,21.467255,-0.45,0.39589405,0.012218952,0.012099743,0.27518582,0.5952078
2021-08-15,MIEL1,Caldas,92.49,105090000.0,76580000.0,137.2290415252024,23.578949,-0.2784996,0.12264633,1013.4611,21.4646,-0.45,0.0027418137,0.0,0.0,0.28091055,0.30430928
2021-08-16,MIEL1,Caldas,95.31,152370000.0,76580000.0,198.9683990598068,23.951263,-0.70487595,-0.70070267,1012.78674,21.50647,-0.45,0.27430058,0.0035762787,0.0033974648,0.29123855,0.9938986
2021-08-17,MIEL1,Caldas,95.69,125310000.0,76580000.0,163.6328022982502,22.757843,-0.56293106,-0.5594635,1013.84595,21.630219,-0.45,0.579834,0.031530857,0.031352043,0.3812322,0.7936566
2021-08-18,MIEL1,Caldas,94.08,110660000.0,76580000.0,144.50248106555236,24.064484,-0.6689606,-0.50759506,1013.8164,21.789154,-0.45,0.020623207,0.00035762787,0.00023841858,0.35599968,0.8397386
2021-08-19,MIEL1,Caldas,93.46,129030000.0,76580000.0,168.490467484983,23.356842,-0.40221786,-0.42137527,1013.5078,21.763489,-0.45,0.11253357,0.0023245811,0.0020861626,0.33210078,0.58252585
2021-08-20,MIEL1,Caldas,93.13,141840000.0,76580000.0,185.218072603813,21.554657,0.03801346,-0.58026123,1012.2431,21.789398,-0.45,0.18012524,0.008821487,0.0086426735,0.3553605,0.58150506
2021-08-21,MIEL1,Caldas,91.37,103580000.0,76580000.0,135.25724732306085,23.968231,-0.197155,-0.0395813,1010.97327,21.65982,-0.45,0.0021457672,0.00011920929,0.00011920929,0.34777403,0.20108896
2021-08-22,MIEL1,Caldas,89.11,81260000.0,76580000.0,106.11125620266388,25.224884,-0.38243866,-0.7329788,1010.6625,21.67334,-0.45,0.0009536743,0.00011920929,0.0,0.31731707,0.82675105
2021-08-23,MIEL1,Caldas,87.44,88440000.0,76580000.0,115.48707234264822,24.832855,-0.21803284,-0.767128,1009.8947,21.416656,-0.45,0.008702278,5.9604645e-05,5.9604645e-05,0.29887924,0.7975109
2021-08-24,MIEL1,Caldas,89.62,122420000.0,76580000.0,159.85897101070776,23.30661,0.7081871,-0.41957092,1010.1281,21.02652,-0.45,0.5711317,0.036537647,0.036358833,0.4105333,0.8231456
2021-08-25,MIEL1,Caldas,89.41,86650000.0,76580000.0,113.14964742752676,22.848236,-0.19758606,-0.57410073,1011.27905,20.767242,-0.45,0.66816807,0.11450052,0.027358532,0.40621507,0.6071506
2021-08-26,MIEL1,Caldas,87.94,112510000.0,76580000.0,146.9182554191695,23.17154,-0.17063904,-0.8028259,1012.41907,20.5195,-0.45,0.0436306,0.0021457672,0.0019669533,0.3886264,0.82076013
2021-08-27,MIEL1,Caldas,85.98,93830000.0,76580000.0,122.52546356751112,23.222504,-0.012996674,-0.6713104,1012.66205,20.518097,-0.45,0.29551983,0.009059906,0.008940697,0.38103038,0.67143625
2021-08-28,MIEL1,Caldas,88.87,141930000.0,76580000.0,185.33559676155653,23.832062,0.057540894,-0.740818,1013.03436,20.4458,-0.45,0.095009804,0.0013113022,0.0013113022,0.35495463,0.7430493
2021-08-29,MIEL1,Caldas,90.78,96780000.0,76580000.0,126.37764429354922,24.862396,-0.12320328,0.03347397,1011.803,20.725067,-0.45,0.0029802322,0.00023841858,0.00017881393,0.33381748,0.1276697
2021-08-30,MIEL1,Caldas,88.87,91960000.0,76580000.0,120.0835727343954,23.746552,-0.3764534,-0.21287918,1012.33484,21.018036,-0.45,0.012516975,0.00035762787,0.00035762787,0.31697896,0.4324751
2021-08-31,MIEL1,Caldas,90.29,168370000.0,76580000.0,219.8615826586576,22.309113,-0.3135643,-0.5270386,1013.9386,21.122284,-0.45,0.12624264,0.008821487,0.008702278,0.35073888,0.6132636
2021-09-01,MIEL1,Caldas,88.78,105630000.0,106950000.0,98.76577840112202,22.925018,-0.18053818,0.0064430237,1014.34674,21.538055,-0.63,0.111699104,0.0016093254,0.0015497208,0.34938443,0.1806531
2021-09-02,MIEL1,Caldas,88.92,88200000.0,106950000.0,82.46844319775596,24.714386,-0.34843826,-0.24296188,1013.34485,21.939056,-0.63,0.0,0.0,0.0,0.3249458,0.42478195
2021-09-03,MIEL1,Caldas,86.82,77440000.0,106950000.0,72.40766713417484,24.339691,-0.27031708,-0.33794785,1012.14014,22.349243,-0.63,0.0,5.9604645e-05,0.0,0.30012518,0.43275866
2021-09-04,MIEL1,Caldas,85.42,69940000.0,106950000.0,65.39504441327723,24.265717,-0.18832779,0.013557434,1011.3159,22.36853,-0.63,0.41627884,0.00500679,0.0051259995,0.3110553,0.18881515
2021-09-05,MIEL1,Caldas,82.89999999999999,69560000.0,106950000.0,65.03973819541842,22.905731,-0.22262192,-1.0279007,1012.6805,22.482147,-0.63,0.120162964,0.003516674,0.0034868717,0.37516958,1.0517321
2021-09-06,MIEL1,Caldas,81.3,80420000.0,106950000.0,75.19401589527817,23.296295,0.113666534,0.25165558,1012.8795,22.557129,-0.63,0.0034570694,0.00023841858,0.00017881393,0.34608188,0.27613515
2021-09-07,MIEL1,Caldas,80.25,68950000.0,106950000.0,64.46937821411875,23.374176,-0.53785324,-0.46453857,1013.0489,22.376465,-0.63,0.00667572,0.00035762787,0.00035762787,0.32644227,0.71069133
2021-09-08,MIEL1,Caldas,80.63,101970000.0,106950000.0,95.34361851332396,24.230743,-0.5998192,-0.4837761,1012.8281,22.123138,-0.63,0.018835068,0.0009536743,0.0009536743,0.3201155,0.7705987
2021-09-09,MIEL1,Caldas,79.7,68310000.0,106950000.0,63.87096774193548,24.553192,-0.3690796,-0.56451416,1012.5128,21.838196,-0.63,0.081419945,0.000834465,0.000834465,0.3107761,0.67445976
2021-09-10,MIEL1,Caldas,77.83,66440000.0,106950000.0,62.12248714352501,24.553253,-0.12342453,0.4983139,1011.70544,21.560059,-0.63,0.08523464,0.0010728836,0.0009536743,0.34368575,0.5133716
2021-09-11,MIEL1,Caldas,78.67,69060000.0,106950000.0,64.57223001402525,24.72696,-0.20567322,-0.47175217,1012.8592,21.431854,-0.63,0.0,0.0,0.0,0.31750944,0.5146373
2021-09-12,MIEL1,Caldas,79.72,65390000.0,106950000.0,61.14071996259934,23.96457,-0.43532944,-0.4930954,1014.4858,21.385712,-0.63,0.0063180923,0.00035762787,0.00023841858,0.3025882,0.65776503
2021-09-13,MIEL1,Caldas,78.45,53980000.0,106950000.0,50.47218326320711,24.089142,-0.4406128,-0.4230156,1014.39703,21.436005,-0.63,0.03159046,0.00035762787,0.00029802322,0.28827488,0.6108042
2021-09-14,MIEL1,Caldas,79.47,65940000.0,106950000.0,61.65497896213184,23.875397,0.1379242,-0.95869446,1014.0059,21.524384,-0.63,0.22029877,0.002503395,0.0024437904,0.30010456,0.968565
2021-09-15,MIEL1,Caldas,79.08,75280000.0,106950000.0,70.38803179055634,23.333221,-0.031448364,-0.19321823,1013.47266,21.60672,-0.63,0.0075101852,0.00035762787,0.00017881393,0.31634837,0.19576079
2021-09-16,MIEL1,Caldas,77.59,53740000.0,106950000.0,50.24777933613839,23.880707,-0.20495224,0.025718689,1013.9536,21.598206,-0.63,0.0034570694,0.00029802322,0.00023841858,0.32099295,0.20655961
2021-09-17,MIEL1,Caldas,75.47,47480000.0,106950000.0,44.39457690509584,24.321747,-0.15281296,0.21129227,1012.5541,22.044098,-0.63,0.0,0.00011920929,0.0,0.29426947,0.26076084
2021-09-18,MIEL1,Caldas,74.49,42950000.0,106950000.0,40.15895278167368,24.559113,-0.10383606,-0.13845825,1011.16675,22.243652,-0.63,0.0,0.0,0.0,0.27646193,0.17306824
2021-09-19,MIEL1,Caldas,71.88,39690000.0,106950000.0,37.110799438990185,23.897247,-0.17231369,-0.59795,1012.27783,22.476074,-0.63,0.24497509,0.0027418137,0.002682209,0.28348166,0.62228304
2021-09-20,MIEL1,Caldas,72.07000000000001,42020000.0,106950000.0,39.28938756428237,23.546906,-0.23483658,-0.6493225,1011.4075,22.050629,-0.63,0.034093857,0.00047683716,0.0004172325,0.28799558,0.6904838
2021-09-21,MIEL1,Caldas,72.05,107090000.0,106950000.0,100.13090229079008,23.685394,0.12595749,-0.42608643,1011.9747,21.826996,-0.63,0.2720356,0.0032186508,0.0032186508,0.30054733,0.444314
2021-09-22,MIEL1,Caldas,71.87,70650000.0,106950000.0,66.05890603085554,24.168915,-0.51184845,-0.4052391,1011.5667,21.632904,-0.63,0.00011920929,0.0,0.0,0.2814693,0.6528458
2021-09-23,MIEL1,Caldas,74.03,154220000.0,106950000.0,144.19822346891073,23.35196,-0.36582184,0.24575806,1012.3764,21.312073,-0.63,0.040888786,0.000834465,0.0007748604,0.27953947,0.44070697
2021-09-24,MIEL1,Caldas,75.26,79250000.0,106950000.0,74.10004675081814,24.855988,-0.51675797,-0.29534912,1012.8567,21.279572,-0.63,0.11277199,0.0017285347,0.0016093254,0.26999933,0.5952058
2021-09-25,MIEL1,Caldas,76.14,60600000.0,106950000.0,56.661991584852736,26.142487,-0.18147278,1.0744781,1012.17206,21.140106,-0.63,0.004529953,0.00011920929,5.9604645e-05,0.25365537,1.0896952
2021-09-26,MIEL1,Caldas,76.8,53650000.0,106950000.0,50.16362786348761,24.592499,-0.33567047,0.057361603,1012.262,21.181885,-0.63,0.0,0.0,0.0,0.23844425,0.3405364
2021-09-27,MIEL1,Caldas,77.35,48080000.0,106950000.0,44.95558672276765,25.444977,-0.18598175,-0.05675888,1012.53595,21.115814,-0.63,0.0009536743,0.0,0.0,0.22595328,0.19444995
2021-09-28,MIEL1,Caldas,77.72,43980000.0,106950000.0,41.12201963534362,24.322418,-0.22611237,-0.6235199,1012.1775,21.098358,-0.63,0.02193451,0.0010728836,0.000834465,0.21413457,0.66325253
2021-09-29,MIEL1,Caldas,77.27000000000001,56760000.0,106950000.0,53.07152875175316,24.777863,-0.12695694,-0.51200867,1012.90424,21.15689,-0.63,0.006198883,0.00035762787,5.9604645e-05,0.20944948,0.5275139
2021-09-30,MIEL1,Caldas,78.57,74100000.0,106950000.0,69.28471248246845,21.132782,-0.828331,-0.28749466,1013.8544,21.215546,-0.63,1.4358759,0.09769201,0.09763241,0.4140203,0.8768041
2021-10-01,MIEL1,Caldas,79.4,58940000.0,150640000.0,39.12639405204461,22.716888,-0.27134705,-0.3824501,1012.40015,21.485443,-0.76,0.004053116,0.00029802322,0.00017881393,0.36607876,0.4689321
2021-10-02,MIEL1,Caldas,81.81,95310000.0,150640000.0,63.2700477960701,24.584076,-0.23982239,-0.32008743,1011.15393,21.489136,-0.76,0.00333786,0.00017881393,0.00017881393,0.33373937,0.39996344
2021-10-03,MIEL1,Caldas,83.43,77900000.0,150640000.0,51.71269251194902,24.287323,0.04682541,-0.5557709,1009.15967,21.681946,-0.76,0.020503998,0.00023841858,0.00029802322,0.32498312,0.55774
2021-10-04,MIEL1,Caldas,84.71,69130000.0,150640000.0,45.89086563993627,24.086151,0.0016975403,-0.36270905,1009.9725,21.3721,-0.76,0.17535686,0.007867813,0.007778406,0.35581875,0.362713
2021-10-05,MIEL1,Caldas,86.96000000000001,90920000.0,150640000.0,60.355815188528936,24.319672,-0.34422684,-0.18597794,1010.52325,20.697144,-0.76,0.172019,0.004827976,0.004708767,0.3728631,0.39125428
2021-10-06,MIEL1,Caldas,88.2,65640000.0,150640000.0,43.5740839086564,23.488556,-0.30332947,-0.2934227,1011.3567,20.396698,-0.76,0.36263466,0.027418137,0.027418137,0.39768282,0.42202565
2021-10-07,MIEL1,Caldas,89.0,58330000.0,150640000.0,38.721455124800855,24.902618,-0.45667267,-0.43562698,1010.4492,20.076874,-0.76,0.0039339066,0.00017881393,0.00014901161,0.3567948,0.6311266
2021-10-08,MIEL1,Caldas,87.5,58360000.0,150640000.0,38.74137015400956,23.83841,-0.3754425,-0.80984116,1011.16565,19.71637,-0.76,0.00333786,0.0,0.0,0.33465546,0.8926364
2021-10-09,MIEL1,Caldas,86.81,78870000.0,150640000.0,52.3566117896973,23.732819,0.08412933,-0.51576996,1012.03015,19.530304,-0.76,0.059723854,0.0060796738,0.00590086,0.3686696,0.5225863
2021-10-10,MIEL1,Caldas,87.77000000000001,71760000.0,150640000.0,47.63674986723314,22.903961,-0.060691833,-0.56305313,1012.42456,19.303375,-0.76,0.19466877,0.017225742,0.017166138,0.3875837,0.5663147
2021-10-11,MIEL1,Caldas,88.7,113730000.0,150640000.0,75.49787573021773,21.785614,-0.051628113,-0.26588058,1013.3572,19.273102,-0.76,0.9737015,0.12743473,0.12737513,0.44440436,0.27084672
2021-10-12,MIEL1,Caldas,86.63,71000000.0,150640000.0,47.13223579394583,23.630157,-0.38785172,-0.37397766,1012.03845,19.34085,-0.76,0.01513958,0.0007748604,0.0006854534,0.41747883,0.538784
2021-10-13,MIEL1,Caldas,85.26,74310000.0,150640000.0,49.329527349973446,24.312286,-0.40076065,-0.38768768,1012.15533,19.661346,-0.76,0.38588047,0.042796135,0.042796135,0.39792863,0.55759376
2021-10-14,MIEL1,Caldas,84.71,82680000.0,150640000.0,54.8858204992034,24.529816,-0.102005005,-0.80887985,1011.2947,19.952728,-0.76,0.011205673,0.0012516975,0.001013279,0.41762054,0.8152862
2021-10-15,MIEL1,Caldas,86.14,72660000.0,150640000.0,48.234200743494426,24.029022,-0.49468994,-0.6418266,1011.22516,20.189697,-0.76,0.036478043,0.0028014183,0.002771616,0.40890548,0.81034535
2021-10-16,MIEL1,Caldas,84.69,73930000.0,150640000.0,49.07727031332979,22.784393,-0.17637253,-0.26135254,1013.5192,20.226776,-0.76,0.75411797,0.13917685,0.13905764,0.41063792,0.31529734
2021-10-17,MIEL1,Caldas,86.11999999999999,82850000.0,150640000.0,54.99867233138609,22.815094,-0.25526047,0.034217834,1014.9158,20.373352,-0.76,0.09703636,0.004351139,0.0042915344,0.4115975,0.2575437
2021-10-18,MIEL1,Caldas,87.51,72420000.0,150640000.0,48.07488050982474,23.107086,-0.18441391,-0.39232635,1013.3133,20.420807,-0.76,0.0046491623,0.0004172325,0.0004172325,0.3882463,0.43350714
2021-10-19,MIEL1,Caldas,86.9,78490000.0,150640000.0,52.10435475305364,22.861725,-0.28211594,-1.0411491,1013.1961,20.75528,-0.76,0.18084049,0.01424551,0.01424551,0.40661636,1.0786941
2021-10-20,MIEL1,Caldas,87.83999999999999,67540000.0,150640000.0,44.83536909187467,22.594208,-0.23751068,-0.5918808,1014.3181,20.981293,-0.76,0.29492378,0.013649464,0.013709068,0.40461433,0.6377572
2021-10-21,MIEL1,Caldas,88.63,64790000.0,150640000.0,43.00982474774296,21.868134,-0.2514,-0.6071167,1013.96515,21.397705,-0.76,0.24175644,0.00590086,0.005841255,0.39722198,0.6571093
2021-10-22,MIEL1,Caldas,88.27000000000001,81970000.0,150640000.0,54.41449814126395,22.42929,0.27392197,-0.36419296,1013.30237,21.635956,-0.76,0.44870377,0.028014183,0.028014183,0.43341938,0.45570797
2021-10-23,MIEL1,Caldas,88.21,75170000.0,150640000.0,49.90042485395645,22.44455,-0.07884216,-0.5361748,1012.8195,21.834137,-0.76,0.28061867,0.012218952,0.0123381615,0.423004,0.54194045
2021-10-24,MIEL1,Caldas,85.98,70510000.0,150640000.0,46.80695698353691,21.771881,0.051883698,-0.68434143,1013.945,22.111664,-0.76,0.25618076,0.013113022,0.012934208,0.4083831,0.6863054
2021-10-25,MIEL1,Caldas,84.73,66930000.0,150640000.0,44.430430164630906,22.244171,-0.066539764,-0.71162033,1014.1961,22.266693,-0.76,0.1360178,0.010073185,0.009894371,0.39941177,0.7147245
2021-10-26,MIEL1,Caldas,86.8,73830000.0,150640000.0,49.0108868826341,22.452972,0.057826996,-0.28860855,1013.20764,22.423615,-0.76,0.19919872,0.011861324,0.011861324,0.41269583,0.2943448
2021-10-27,MIEL1,Caldas,87.31,127660000.0,150640000.0,84.74508762612852,22.00418,-0.26852036,0.11814499,1013.0684,22.397125,-0.76,0.13267994,0.00423193,0.0041127205,0.4161426,0.29336226
2021-10-28,MIEL1,Caldas,87.99,93080000.0,150640000.0,61.78969729155602,23.362885,0.051498413,0.09072876,1012.7308,22.472168,-0.76,0.11968613,0.0025629997,0.0025331974,0.3975284,0.10432542
2021-10-29,MIEL1,Caldas,85.92999999999999,88410000.0,150640000.0,58.68959107806692,21.805817,-0.0545578,-0.84942627,1013.4451,22.45523,-0.76,0.844717,0.11754036,0.11754036,0.43115386,0.85117656
2021-10-30,MIEL1,Caldas,84.54,85270000.0,150640000.0,56.60515135422198,21.539825,0.15275955,-0.40475845,1013.15717,22.158447,-0.76,0.04553795,0.0044107437,0.0044107437,0.43034837,0.43262556
2021-10-31,MIEL1,Caldas,83.66,86010000.0,150640000.0,57.09638874137015,21.670929,0.19234085,-0.24427795,1014.20544,21.951721,-0.76,1.3217926,0.26011467,0.26011467,0.45721248,0.31091273
2021-11-01,MIEL1,Caldas,82.69999999999999,78790000.0,185330000.0,42.51335455673663,22.172333,0.0386734,-0.7720833,1014.3931,22.015564,-0.91,1.1347532,0.33342838,0.33330917,0.45362234,0.77305126
2021-11-02,MIEL1,Caldas,84.99,83970000.0,185330000.0,45.30836885555495,22.157684,0.3919983,-0.8085365,1013.3869,22.226624,-0.91,1.1523962,0.43970346,0.43970346,0.4444686,0.89855105
2021-11-03,MIEL1,Caldas,87.83999999999999,100320000.0,185330000.0,54.13046997248152,21.539093,-0.3463745,-0.88106155,1013.1361,22.051483,-0.91,1.1540651,0.29540062,0.2952218,0.45389983,0.94670206
2021-11-04,MIEL1,Caldas,90.99,153870000.0,185330000.0,83.02487454810338,21.411102,-0.4752884,-0.39831924,1013.48206,22.04535,-0.91,0.8672476,0.22694468,0.22694468,0.45461187,0.62012684
2021-11-05,MIEL1,Caldas,91.42,101550000.0,185330000.0,54.79415097393839,22.917206,-0.32683945,-0.7272148,1012.6322,22.067291,-0.91,0.06353855,0.01424551,0.014066696,0.43701255,0.7972863
2021-11-06,MIEL1,Caldas,90.45,79730000.0,185330000.0,43.02055792370366,23.795319,-0.27843857,-0.29730606,1012.51624,22.12857,-0.91,0.03540516,0.005543232,0.0054836273,0.4188899,0.40733147
2021-11-07,MIEL1,Caldas,90.18,82800000.0,185330000.0,44.67706253709599,23.71463,-0.19962692,-0.43038177,1012.19653,21.96045,-0.91,0.03170967,0.0014901161,0.0015497208,0.40515992,0.47442532
2021-11-08,MIEL1,Caldas,90.34,76730000.0,185330000.0,41.401823773808886,22.617096,-0.040153503,-0.79222107,1013.6769,21.6315,-0.91,0.15604496,0.04208088,0.042021275,0.41824955,0.793238
2021-11-09,MIEL1,Caldas,90.54,93950000.0,185330000.0,50.69335779420493,22.479523,-0.17020798,-0.22606277,1013.60126,21.58374,-0.91,0.060915947,0.010073185,0.009834766,0.41601253,0.2829755
2021-11-10,MIEL1,Caldas,91.72,120690000.0,185330000.0,65.12167485026708,22.107452,0.06242752,-0.6241455,1012.52155,21.251953,-0.91,0.0436306,0.00667572,0.0066161156,0.41251,0.62725973
2021-11-11,MIEL1,Caldas,92.51,102040000.0,185330000.0,55.05854421842119,22.899078,-0.6530533,-0.8823967,1012.47156,20.986359,-0.91,0.041604042,0.0071525574,0.0070929527,0.40647146,1.0977716
2021-11-12,MIEL1,Caldas,93.14,120470000.0,185330000.0,65.0029676792748,23.312836,-0.5709076,-0.7220955,1011.92847,20.669067,-0.91,0.034093857,0.005066395,0.004827976,0.39104608,0.9205202
2021-11-13,MIEL1,Caldas,92.02,95100000.0,185330000.0,51.3138725516646,22.984161,0.21739197,-0.34126282,1011.89764,20.375458,-0.91,0.08928776,0.012218952,0.012099743,0.3863113,0.40462276
2021-11-14,MIEL1,Caldas,91.26,85210000.0,185330000.0,45.977445637511465,23.058502,0.24354935,-0.9777832,1011.6861,20.12918,-0.91,0.05173683,0.009536743,0.009506941,0.4026611,1.0076588
2021-11-15,MIEL1,Caldas,91.55,108060000.0,185330000.0,58.30680407921006,21.58194,-0.43515396,-0.6476631,1012.2278,20.008392,-0.91,0.33056736,0.009894371,0.009953976,0.41838074,0.7802733
2021-11-16,MIEL1,Caldas,90.33,78100000.0,185330000.0,42.14104570226083,23.750824,-0.5356827,-1.0008469,1011.15216,19.96637,-0.91,0.01347065,0.002026558,0.0019073486,0.4004645,1.1351874
2021-11-17,MIEL1,Caldas,90.68,113500000.0,185330000.0,61.24210867101926,23.366669,-0.314682,-0.8049278,1011.5772,20.043457,-0.91,0.12302399,0.015854836,0.015735626,0.39630422,0.86425316
2021-11-18,MIEL1,Caldas,89.67,124700000.0,185330000.0,67.28538283062645,22.421173,-0.28118896,-0.6888046,1012.1384,20.099823,-0.91,0.06389618,0.004887581,0.004708767,0.39250094,0.7439886
2021-11-19,MIEL1,Caldas,90.88,144150000.0,185330000.0,77.7801759024443,21.867767,-0.082912445,-0.6371994,1012.1711,20.174988,-0.91,0.29337406,0.06902218,0.06878376,0.40438998,0.64257103
2021-11-20,MIEL1,Caldas,93.67,139130000.0,185330000.0,75.07149409162035,22.028717,0.0178833,-0.45438766,1011.7986,20.209167,-0.91,0.034332275,0.005066395,0.00500679,0.3959923,0.45473945
2021-11-21,MIEL1,Caldas,93.06,121570000.0,185330000.0,65.59650353423623,23.371796,-0.28756332,-0.4954338,1012.46063,20.528473,-0.91,0.21743774,0.009357929,0.00923872,0.40342388,0.57284147
2021-11-22,MIEL1,Caldas,94.1,137080000.0,185330000.0,73.96535908919225,21.88382,0.2543602,-0.68551636,1012.08905,20.794922,-0.91,0.24735928,0.0094771385,0.009417534,0.41459945,0.7311852
2021-11-23,MIEL1,Caldas,94.93,128880000.0,185330000.0,69.54081907947985,21.920746,0.028469086,-0.4062233,1012.8822,21.161987,-0.91,0.5404949,0.12814999,0.12803078,0.44021577,0.40721968
2021-11-24,MIEL1,Caldas,95.0,134980000.0,185330000.0,72.83224518426591,21.06961,-0.10543823,-0.70482254,1014.1711,21.5289,-0.91,0.50997734,0.06681681,0.0667572,0.4409553,0.7126655
2021-11-25,MIEL1,Caldas,96.84,170480000.0,185330000.0,91.98726595802084,22.533539,-0.114990234,-0.10188675,1013.28516,21.782623,-0.91,0.07522106,0.009596348,0.009417534,0.42058498,0.15363483
2021-11-26,MIEL1,Caldas,96.23,129490000.0,185330000.0,69.86996168995844,21.51651,-0.24157715,-0.42559052,1013.15814,21.78659,-0.91,0.31340122,0.022530556,0.022530556,0.4364866,0.4893739
2021-11-27,MIEL1,Caldas,94.87,110330000.0,185330000.0,59.531646252630445,22.856842,-0.42285538,-0.44249725,1012.9402,21.802795,-0.91,0.02193451,0.004351139,0.00423193,0.42520344,0.6120543
2021-11-28,MIEL1,Caldas,94.42,114550000.0,185330000.0,61.80866562348244,23.165192,-0.24024582,-0.7727394,1011.63873,21.788239,-0.91,0.02002716,0.0023841858,0.0023245811,0.40714976,0.8092245
2021-11-29,MIEL1,Caldas,95.24,129580000.0,185330000.0,69.91852371445529,23.478912,-0.27129364,-0.64331436,1010.79095,21.83902,-0.91,0.06330013,0.0073313713,0.007212162,0.3965198,0.69817877
2021-11-30,MIEL1,Caldas,96.96,145080000.0,185330000.0,78.28198348891166,22.20523,0.19911575,-0.451046,1012.20044,21.729065,-0.91,0.18894672,0.016450882,0.016212463,0.41026425,0.49304116
2021-12-01,MIEL1,Caldas,97.44,122520000.0,164500000.0,74.48024316109422,22.063324,-0.3310356,-0.61104965,1013.71545,21.602509,-0.87,0.2501011,0.011384487,0.011384487,0.42037022,0.69495773
2021-12-02,MIEL1,Caldas,98.87,155650000.0,164500000.0,94.62006079027356,23.222015,-0.26356888,-0.5115242,1012.34106,21.765808,-0.87,0.010609627,0.0011920929,0.0011324883,0.39754122,0.5754351
2021-12-03,MIEL1,Caldas,99.72,146050000.0,164500000.0,88.78419452887539,23.249237,-0.05624771,-0.58016205,1010.4934,21.882843,-0.87,0.06330013,0.0071525574,0.0069737434,0.38521963,0.58288234
2021-12-04,MIEL1,Caldas,99.06,123790000.0,164500000.0,75.25227963525836,22.752533,-0.08821106,-0.4775734,1011.16815,21.87796,-0.87,0.45490265,0.041782856,0.041782856,0.40860054,0.48565167
2021-12-05,MIEL1,Caldas,98.6,127310000.0,164500000.0,77.39209726443768,23.803925,-0.06731033,-0.38080215,1011.6408,21.893585,-0.87,0.032424927,0.002026558,0.002026558,0.39112118,0.38670525
2021-12-06,MIEL1,Caldas,99.22,132120000.0,164500000.0,80.3161094224924,23.47171,-0.23459244,-0.5386696,1012.33325,21.760406,-0.87,0.11241436,0.0072717667,0.0070929527,0.38649815,0.587536
2021-12-07,MIEL1,Caldas,98.5,120990000.0,164500000.0,73.55015197568389,23.94162,-0.15184021,-0.32216263,1011.3081,21.83255,-0.87,0.0064373016,0.0006556511,0.0006556511,0.3740808,0.35615194
2021-12-08,MIEL1,Caldas,97.54,108350000.0,164500000.0,65.86626139817629,22.963104,-0.010620117,-0.32793045,1011.2541,21.958038,-0.87,0.02026558,0.0006556511,0.00047683716,0.3617916,0.32810238
2021-12-09,MIEL1,Caldas,98.34,171320000.0,164500000.0,104.14589665653496,23.920624,-0.018115997,-0.7362633,1011.5275,21.86502,-0.87,0.029325485,0.0026226044,0.002503395,0.35550353,0.73648614
2021-12-10,MIEL1,Caldas,98.88,166920000.0,164500000.0,101.47112462006078,23.428802,-0.36256027,-0.38919067,1010.52405,21.873718,-0.87,0.064492226,0.003874302,0.003695488,0.3600376,0.53190166
2021-12-11,MIEL1,Caldas,102.84,219330000.0,164500000.0,133.33130699088144,22.472565,-0.18111038,-0.68288803,1010.7297,21.976562,-0.87,0.09214878,0.0072717667,0.0072717667,0.36246932,0.7064963
2021-12-12,MIEL1,Caldas,103.56,223040000.0,164500000.0,135.5866261398176,21.337067,0.40262222,-0.7616043,1012.7522,21.790497,-0.87,0.8292198,0.15360117,0.15336275,0.40929818,0.8614788
2021-12-13,MIEL1,Caldas,101.73,143580000.0,164500000.0,87.28267477203647,21.592926,-0.43219757,-0.30458832,1013.0002,21.748993,-0.87,0.07009506,0.014603138,0.014424324,0.40894154,0.5287427
2021-12-14,MIEL1,Caldas,100.37,116560000.0,164500000.0,70.85714285714285,22.86557,-0.23669052,-0.586998,1012.58954,21.704071,-0.87,0.009894371,0.0012516975,0.0012516975,0.3935203,0.63292104
2021-12-15,MIEL1,Caldas,98.84,95640000.0,164500000.0,58.13981762917933,23.611725,0.11350632,-0.9141731,1011.6355,21.633667,-0.87,0.05722046,0.007033348,0.007033348,0.38567016,0.92119277
2021-12-16,MIEL1,Caldas,99.04,141710000.0,164500000.0,86.14589665653496,23.939117,-0.0052490234,-0.9078293,1010.47736,21.701904,-0.87,0.16486645,0.009059906,0.009000301,0.38543835,0.9078445
2021-12-17,MIEL1,Caldas,98.27,115770000.0,164500000.0,70.37689969604864,22.764496,-0.30356598,-0.50392914,1011.2456,21.749084,-0.87,0.11539459,0.0035762787,0.003516674,0.3989674,0.5883
2021-12-18,MIEL1,Caldas,99.62,115770000.0,164500000.0,70.37689969604864,22.40268,0.047718048,-0.36696625,1012.17346,21.944977,-0.87,0.55885315,0.08416176,0.08404255,0.41745457,0.37005574
2021-12-19,MIEL1,Caldas,98.52,97480000.0,164500000.0,59.25835866261399,23.023712,-0.11685562,-0.74160767,1011.40784,22.134277,-0.87,0.23186207,0.05173683,0.051677227,0.41160136,0.75075775
2021-12-20,MIEL1,Caldas,98.29,139800000.0,164500000.0,84.98480243161094,23.448517,-0.13349152,-1.0117798,1011.72034,22.321472,-0.87,0.25260448,0.032246113,0.03194809,0.40398106,1.0205481
2021-12-21,MIEL1,Caldas,99.2,183780000.0,164500000.0,111.72036474164132,22.895172,-0.15028,-0.85308456,1012.23846,22.28946,-0.87,0.58567524,0.13029575,0.12996793,0.41601562,0.8662202
2021-12-22,MIEL1,Caldas,100.7,207600000.0,164500000.0,126.20060790273556,23.045685,-0.2916603,-0.8874817,1013.92206,22.287384,-0.87,0.18382072,0.04261732,0.042378902,0.41737217,0.93417853
2021-12-23,MIEL1,Caldas,100.31000000000002,158390000.0,164500000.0,96.28571428571428,23.361542,-0.20301437,-0.8448982,1014.16516,22.42691,-0.87,0.05221367,0.011265278,0.011265278,0.40510762,0.8689464
2021-12-24,MIEL1,Caldas,99.22,124740000.0,164500000.0,75.82978723404256,23.660492,-0.1596756,-0.7840309,1013.4363,22.555725,-0.87,0.08523464,0.010430813,0.010669231,0.39435762,0.8001255
2021-12-25,MIEL1,Caldas,97.97,120440000.0,164500000.0,73.21580547112461,24.074005,0.14650726,-0.8210068,1012.2584,22.556,-0.87,0.12552738,0.026524067,0.026583672,0.38960725,0.8339763
2021-12-26,MIEL1,Caldas,99.04,171890000.0,164500000.0,104.49240121580549,23.235199,-0.18032837,-0.2193222,1012.7889,22.552582,-0.87,0.12934208,0.008702278,0.008404255,0.39239565,0.28393757
2021-12-27,MIEL1,Caldas,99.55,122210000.0,164500000.0,74.2917933130699,22.966461,0.020965576,-0.85222626,1012.79736,22.842804,-0.87,0.029087067,0.004827976,0.0047683716,0.38820404,0.8524841
2021-12-28,MIEL1,Caldas,98.26,104940000.0,164500000.0,63.79331306990882,22.711761,-0.06029129,-0.709877,1012.14233,22.882904,-0.87,0.13053417,0.0218153,0.021636486,0.3929426,0.71243274
2021-12-29,MIEL1,Caldas,98.53,158860000.0,164500000.0,96.57142857142856,22.81015,-0.13890076,-0.5792885,1013.1228,22.678192,-0.87,0.14281273,0.014722347,0.014573336,0.39407623,0.59570843
2021-12-30,MIEL1,Caldas,98.02,134920000.0,164500000.0,82.01823708206688,22.920258,0.20343018,-0.54969406,1013.14935,22.49353,-0.87,0.068068504,0.0061392784,0.006020069,0.3973979,0.5861292
2021-12-31,MIEL1,Caldas,98.98,146050000.0,164500000.0,88.78419452887539,23.430695,-0.18776703,-0.39525604,1011.5644,22.382294,-0.87,0.0076293945,0.0009536743,0.001013279,0.3786444,0.4375886
2022-01-01,MIEL1,Caldas,100.2,150040000.0,124960000.0,120.07042253521128,24.127045,-0.39971542,-0.6858406,1011.762,22.331207,-0.82,0.047445297,0.006020069,0.0057816505,0.37034246,0.7938197
2022-01-02,MIEL1,Caldas,99.16,109180000.0,124960000.0,87.3719590268886,23.582611,0.08431244,-0.7809143,1012.85956,22.659973,-0.82,0.10371208,0.015318394,0.015199184,0.38033667,0.78545254
2022-01-03,MIEL1,Caldas,98.71,111440000.0,124960000.0,89.18053777208706,22.783173,-0.31430817,-0.18255234,1014.23126,22.838806,-0.82,0.28586388,0.017762184,0.017642975,0.39148414,0.36347625
2022-01-04,MIEL1,Caldas,98.02,102240000.0,124960000.0,81.81818181818183,22.782501,-0.46733856,-0.9932442,1012.5748,22.849915,-0.82,0.02026558,0.0024437904,0.0024437904,0.37400788,1.0976973
2022-01-05,MIEL1,Caldas,96.62,96060000.0,124960000.0,76.87259923175415,23.039764,-0.27471924,-0.60476685,1010.8044,22.920197,-0.82,0.000834465,0.00023841858,0.00011920929,0.358704,0.6642391
2022-01-06,MIEL1,Caldas,95.18,92520000.0,124960000.0,74.03969270166453,23.189972,-0.019355774,-0.23763275,1011.1791,23.21637,-0.82,0.017642975,0.0022053719,0.0021457672,0.34893578,0.23841974
2022-01-07,MIEL1,Caldas,93.41,85440000.0,124960000.0,68.37387964148527,21.15335,0.6604538,-0.14756775,1013.0544,23.524261,-0.82,0.7209778,0.17774105,0.17744303,0.38051802,0.67673886
2022-01-08,MIEL1,Caldas,92.48,72740000.0,124960000.0,58.210627400768246,21.345367,0.437088,-0.76023483,1014.4381,23.739746,-0.82,0.049710274,0.013530254,0.013589859,0.38847905,0.8769281
2022-01-09,MIEL1,Caldas,93.25,90910000.0,124960000.0,72.75128040973111,23.126678,0.16765213,-0.8625984,1014.4431,24.118835,-0.82,0.027894974,0.0035762787,0.0034570694,0.3768429,0.8787396
2022-01-10,MIEL1,Caldas,91.34,77820000.0,124960000.0,62.27592829705506,22.013397,-0.0053138733,-0.5652199,1013.70233,24.048248,-0.82,0.12457371,0.018119812,0.0179708,0.3800615,0.56524485
2022-01-11,MIEL1,Caldas,90.64,67940000.0,124960000.0,54.36939820742638,21.224457,0.11523819,-1.0354233,1014.1955,23.878357,-0.82,0.3607273,0.08147955,0.08133054,0.39390907,1.0418162
2022-01-12,MIEL1,Caldas,89.62,63040000.0,124960000.0,50.44814340588989,22.36435,0.01889801,-1.0398827,1013.8631,23.712585,-0.82,0.042796135,0.006556511,0.0064373016,0.38680762,1.0400543
2022-01-13,MIEL1,Caldas,88.62,68370000.0,124960000.0,54.71350832266325,21.225983,0.037261963,-0.66083527,1014.9397,23.598175,-0.82,0.977993,0.28157234,0.28151274,0.4019954,0.66188496
2022-01-14,MIEL1,Caldas,86.27,62030000.0,124960000.0,49.6398847631242,21.990692,-0.22346497,-0.8995056,1015.4294,23.494812,-0.82,0.3489256,0.1154542,0.1154542,0.40094587,0.9268479
2022-01-15,MIEL1,Caldas,86.88,54140000.0,124960000.0,43.3258642765685,22.901154,-0.4023323,-0.41620255,1014.4225,23.366302,-0.82,0.0075101852,0.0013709068,0.0012814999,0.37978232,0.5788746
2022-01-16,MIEL1,Caldas,84.72,59820000.0,124960000.0,47.87131882202304,22.364899,0.10985184,-0.3544693,1013.5222,23.262482,-0.82,0.0021457672,0.00032782555,0.00029802322,0.36508036,0.37110093
2022-01-17,MIEL1,Caldas,87.86,152120000.0,124960000.0,121.73495518565942,22.591095,0.010726929,-0.72057724,1013.5017,23.258087,-0.82,0.072956085,0.00846386,0.008374453,0.35818654,0.7206571
2022-01-18,MIEL1,Caldas,89.56,90220000.0,124960000.0,72.19910371318822,22.506866,0.15839005,-0.5344391,1013.22375,23.309174,-0.82,0.081181526,0.0070929527,0.006914139,0.3569578,0.55741596
2022-01-19,MIEL1,Caldas,87.14,71630000.0,124960000.0,57.32234314980794,23.93332,-0.037319183,-0.13622665,1011.8489,23.496613,-0.82,0.006556511,0.0011920929,0.0008940697,0.34812385,0.14124596
2022-01-20,MIEL1,Caldas,85.83,64080000.0,124960000.0,51.28040973111395,23.593842,0.28318787,0.050617218,1010.3244,23.43985,-0.82,0.0013113022,0.0004172325,0.00011920929,0.3347115,0.28767598
2022-01-21,MIEL1,Caldas,83.27,59970000.0,124960000.0,47.99135723431498,23.80899,0.24879837,-0.38801193,1011.0436,23.471619,-0.82,0.00047683716,0.00029802322,0.00011920929,0.32100868,0.46092722
2022-01-22,MIEL1,Caldas,87.8,145620000.0,124960000.0,116.53329065300898,23.481293,0.09761047,-0.67308426,1012.1831,23.561615,-0.82,0.04184246,0.00500679,0.004708767,0.31687695,0.6801252
2022-01-23,MIEL1,Caldas,92.37,179990000.0,124960000.0,144.03809218950065,24.25351,-0.018920898,-0.73156357,1011.0603,23.740082,-0.82,0.030398369,0.004172325,0.003874302,0.3175122,0.7318082
2022-01-24,MIEL1,Caldas,93.05,121990000.0,124960000.0,97.62323943661973,24.112701,-0.12138748,-1.0955696,1010.2592,23.861298,-0.82,0.039815903,0.003874302,0.0038146973,0.3096823,1.1022738
2022-01-25,MIEL1,Caldas,98.82,230530000.0,124960000.0,184.48303457106277,23.54538,-0.23680496,-0.65060425,1011.71893,23.992462,-0.82,0.046014786,0.007748604,0.0076293945,0.32348102,0.6923601
2022-01-26,MIEL1,Caldas,99.23,137270000.0,124960000.0,109.851152368758,22.90915,-0.07978058,-0.61720276,1012.5186,24.158295,-0.82,0.08916855,0.013530254,0.013291836,0.3544617,0.6223377
2022-01-27,MIEL1,Caldas,99.15,114900000.0,124960000.0,91.949423815621,23.373627,-0.5519409,-1.0649796,1012.78485,24.235016,-0.82,0.10895729,0.012278557,0.011980534,0.33651087,1.1995083
2022-01-28,MIEL1,Caldas,98.67,87130000.0,124960000.0,69.72631241997439,24.153168,-0.4297142,-1.1496582,1012.3033,24.587402,-0.82,0.026464462,0.0032186508,0.0030994415,0.3285601,1.2273419
2022-01-29,MIEL1,Caldas,96.69,78680000.0,124960000.0,62.964148527528806,23.58371,-0.2539749,-1.1688042,1013.29266,24.77597,-0.82,0.041604042,0.0047683716,0.0044107437,0.31742805,1.1960796
2022-01-30,MIEL1,Caldas,94.44,67110000.0,124960000.0,53.705185659411015,23.531647,-0.33790588,-0.8826599,1013.5989,24.850555,-0.82,0.012755394,0.0019073486,0.0015497208,0.31133807,0.94512904
2022-01-31,MIEL1,Caldas,91.96,58430000.0,124960000.0,46.7589628681178,22.483612,-0.32572556,-0.7271271,1013.21814,24.822052,-0.82,0.00047683716,0.00029802322,0.0,0.30055675,0.79675025
2022-02-01,MIEL1,Caldas,90.22,61310000.0,122220000.0,50.16363933889707,23.78183,-0.36205292,-0.9478493,1012.1658,24.969055,-0.79,0.00047683716,0.00035762787,5.9604645e-05,0.29389113,1.0146431
2022-02-02,MIEL1,Caldas,88.24,46360000.0,122220000.0,37.93159875634103,23.925262,0.17126083,-0.25626755,1011.4266,24.953278,-0.79,0.00834465,0.0011026859,0.0009536743,0.29189652,0.3082261
2022-02-03,MIEL1,Caldas,85.42999999999999,53240000.0,122220000.0,43.56079201440026,23.215485,0.18007278,-0.3169403,1011.3664,24.826813,-0.79,0.0011920929,0.00035762787,0.00017881393,0.28746828,0.36452347
2022-02-04,MIEL1,Caldas,86.37,81820000.0,122220000.0,66.94485354279168,23.91684,0.15909958,-0.950161,1012.84454,24.676025,-0.79,0.02861023,0.0035762787,0.0031590462,0.30253354,0.9633891
2022-02-05,MIEL1,Caldas,84.78999999999999,63630000.0,122220000.0,52.0618556701031,21.874847,-0.10992432,-0.4359169,1013.45233,24.462616,-0.79,0.4005432,0.07081032,0.070631504,0.35010818,0.449563
2022-02-06,MIEL1,Caldas,82.66,52640000.0,122220000.0,43.06987399770905,22.614655,0.2346878,-0.7093735,1012.64954,24.441315,-0.79,0.09787083,0.016510487,0.016510487,0.35701096,0.7471875
2022-02-07,MIEL1,Caldas,83.04,68970000.0,122220000.0,56.43102601865488,22.67984,-0.1617279,-0.8875427,1013.0586,24.32669,-0.79,0.032782555,0.0054836273,0.0053048134,0.3613268,0.90215737
2022-02-08,MIEL1,Caldas,84.97,120750000.0,122220000.0,98.79725085910653,22.944244,-0.2937088,-0.022377014,1013.2639,24.186676,-0.79,0.05567074,0.008046627,0.007838011,0.3519833,0.29456002
2022-02-09,MIEL1,Caldas,84.94,76520000.0,122220000.0,62.60841106201931,22.286163,0.010890961,-0.6526146,1012.4169,24.096222,-0.79,0.004053116,0.000834465,0.0006556511,0.34768617,0.65270543
2022-02-10,MIEL1,Caldas,82.78999999999999,66100000.0,122220000.0,54.08280150548192,23.265533,-0.17032623,-0.77757645,1011.4425,24.02597,-0.79,0.034213066,0.005066395,0.0047683716,0.33860615,0.79601264
2022-02-11,MIEL1,Caldas,80.22,59770000.0,122220000.0,48.90361642938962,24.291718,-0.34330368,-0.72389984,1010.2706,23.996979,-0.79,0.043153763,0.004172325,0.004053116,0.3312895,0.80117935
2022-02-12,MIEL1,Caldas,77.59,55140000.0,122220000.0,45.11536573392244,25.248077,-0.44892502,-0.8236084,1010.3694,23.904755,-0.79,0.018239021,0.0010728836,0.0009536743,0.32382232,0.93801093
2022-02-13,MIEL1,Caldas,79.36999999999999,105510000.0,122220000.0,86.32793323514973,24.528229,-0.2100296,-0.80077744,1010.8295,23.899231,-0.79,0.56040287,0.040113926,0.039935112,0.32090083,0.8278629
2022-02-14,MIEL1,Caldas,79.82000000000001,109910000.0,122220000.0,89.92799869088529,21.851044,-0.13714981,-0.5317879,1012.79126,23.840485,-0.79,0.13768673,0.011563301,0.011265278,0.3455144,0.54918885
2022-02-15,MIEL1,Caldas,81.15,84560000.0,122220000.0,69.18671248568155,23.617767,-0.0218544,-0.86224365,1012.7739,23.61856,-0.79,0.07498264,0.009179115,0.009059906,0.3421222,0.8625206
2022-02-16,MIEL1,Caldas,80.60000000000001,83510000.0,122220000.0,68.32760595647194,24.61966,-0.17768478,-0.19264603,1012.39594,23.507416,-0.79,0.02360344,0.0032186508,0.0029206276,0.33517176,0.26207703
2022-02-17,MIEL1,Caldas,81.51,80040000.0,122220000.0,65.48846342660775,24.73642,-0.08892441,-0.34692383,1011.91595,23.398224,-0.79,0.009417534,0.00071525574,0.00059604645,0.3252644,0.35813922
2022-02-18,MIEL1,Caldas,83.69,190440000.0,122220000.0,155.81737849779088,22.711945,-0.24161911,-0.6270561,1012.16986,23.45166,-0.79,0.0821352,0.013113022,0.012874603,0.3390257,0.6719964
2022-02-19,MIEL1,Caldas,82.8,190440000.0,122220000.0,155.81737849779088,22.401459,-0.19259644,-0.6719284,1012.3041,23.677612,-0.79,0.08261204,0.015974045,0.01591444,0.36926106,0.6989858
2022-02-20,MIEL1,Caldas,85.31,118800000.0,122220000.0,97.20176730486008,22.008087,0.3122673,-0.6308632,1013.04175,23.632599,-0.79,0.16617775,0.032544136,0.032246113,0.3852323,0.7039171
2022-02-21,MIEL1,Caldas,83.94,103990000.0,122220000.0,85.084274259532,22.80539,0.3009758,-0.542614,1012.4525,23.853577,-0.79,0.004172325,0.0008940697,0.0007748604,0.3724322,0.62049687
2022-02-22,MIEL1,Caldas,83.47,103920000.0,122220000.0,85.02700049091801,24.205658,-0.12364197,-0.4441452,1011.58575,24.102264,-0.79,0.0035762787,0.0008940697,0.00047683716,0.35955417,0.46103394
2022-02-23,MIEL1,Caldas,81.51,86540000.0,122220000.0,70.80674194076256,24.46579,0.035251617,-0.64580536,1011.6267,24.346008,-0.79,0.0,0.00029802322,0.0,0.3425791,0.6467667
2022-02-24,MIEL1,Caldas,82.58,95670000.0,122220000.0,78.27687776141384,23.900665,-0.07192993,-0.77266693,1011.34814,24.832733,-0.79,0.0026226044,0.00059604645,0.00035762787,0.33432892,0.77600783
2022-02-25,MIEL1,Caldas,81.85,105090000.0,122220000.0,85.98429062346588,24.43863,-0.08647919,-0.90364075,1011.90796,25.165802,-0.79,0.040888786,0.006020069,0.005722046,0.33403778,0.9077694
2022-02-26,MIEL1,Caldas,82.36,148560000.0,122220000.0,121.55130093274424,23.304474,-0.32802582,0.13578415,1013.4445,25.431244,-0.79,0.16725063,0.02861023,0.028252602,0.3421526,0.35501868
2022-02-27,MIEL1,Caldas,81.0,115230000.0,122220000.0,94.28080510554736,22.301483,-0.19983673,-0.68016815,1013.1853,25.712738,-0.79,0.34368038,0.02682209,0.02670288,0.34917355,0.7089171
2022-02-28,MIEL1,Caldas,83.5,138540000.0,122220000.0,113.35297005400098,22.278107,0.09692001,-0.2942314,1013.4172,25.807465,-0.79,0.18048286,0.020623207,0.02026558,0.38316435,0.3097832
2022-03-01,MIEL1,Caldas,82.64,90580000.0,132850000.0,68.1821603312006,23.871124,0.18426132,-0.33369446,1012.40094,25.96457,-0.86,0.11384487,0.010669231,0.010609627,0.38726777,0.38118792
2022-03-02,MIEL1,Caldas,85.47,115880000.0,132850000.0,87.2261949567181,22.26706,0.36919785,-0.62041855,1012.8773,25.915833,-0.86,0.15056133,0.024020672,0.023841858,0.39192545,0.72196
2022-03-03,MIEL1,Caldas,85.37,118270000.0,132850000.0,89.02521640948437,23.436554,-0.36120605,-0.34319305,1012.6895,26.0878,-0.86,0.364542,0.06335974,0.06312132,0.3974459,0.49824822
2022-03-04,MIEL1,Caldas,84.92,127370000.0,132850000.0,95.87504704554009,22.259552,0.017181396,-0.6338501,1013.1177,26.388824,-0.86,0.31518936,0.027954578,0.027775764,0.43159568,0.6340829
2022-03-05,MIEL1,Caldas,83.78,126890000.0,132850000.0,95.51373729770418,22.718292,-0.17550278,-0.727787,1012.5506,26.391327,-0.86,0.22113323,0.014781952,0.014483929,0.42101136,0.7486489
2022-03-06,MIEL1,Caldas,83.1,141320000.0,132850000.0,106.37561159202107,20.793488,0.20782852,-0.56763077,1013.4472,26.498749,-0.86,2.2604465,0.9675026,0.92053413,0.4519148,0.60448104
2022-03-07,MIEL1,Caldas,84.78999999999999,115810000.0,132850000.0,87.17350395182537,21.71164,0.53951645,-0.5754585,1013.1163,26.75177,-0.86,0.7625818,0.22679567,0.22655725,0.4361294,0.7888159
2022-03-08,MIEL1,Caldas,83.56,99990000.0,132850000.0,75.26533684606699,22.529144,0.16415024,-0.7162552,1012.02423,26.848206,-0.86,0.03671646,0.01257658,0.012278557,0.42103153,0.7348243
2022-03-09,MIEL1,Caldas,82.80999999999999,112520000.0,132850000.0,84.69702672186676,22.152008,0.00075531006,-0.6556015,1011.90906,26.8992,-0.86,0.067949295,0.017285347,0.017046928,0.41226366,0.6556019
2022-03-10,MIEL1,Caldas,84.00999999999999,135780000.0,132850000.0,102.20549491908166,22.71408,0.0185318,-0.7255211,1012.6891,26.901672,-0.86,0.18763542,0.068843365,0.068604946,0.41248554,0.7257577
2022-03-11,MIEL1,Caldas,82.41000000000001,102940000.0,132850000.0,77.48588633797516,22.845367,0.19247818,-0.6120682,1013.1414,27.332397,-0.86,0.06735325,0.012278557,0.012040138,0.40394366,0.64161927
2022-03-12,MIEL1,Caldas,81.0,102510000.0,132850000.0,77.16221302220549,23.226044,0.22349167,-0.7248459,1012.6061,27.31955,-0.86,0.6053448,0.20933151,0.20903349,0.3982954,0.75851834
2022-03-13,MIEL1,Caldas,78.91,88580000.0,132850000.0,66.676703048551,22.017181,0.22240448,-0.91334534,1014.2539,27.350067,-0.86,0.420928,0.11277199,0.11211634,0.4275604,0.94003373
2022-03-14,MIEL1,Caldas,77.10000000000001,81850000.0,132850000.0,61.61083929243508,23.454376,0.22107697,-0.4431076,1012.6108,27.580658,-0.86,0.4005432,0.1282692,0.12779236,0.4135185,0.4951963
2022-03-15,MIEL1,Caldas,77.68,79110000.0,132850000.0,59.54836281520512,22.734589,-0.11494827,-0.5511055,1012.84033,27.649872,-0.86,0.067949295,0.0094771385,0.009000301,0.42908973,0.5629657
2022-03-16,MIEL1,Caldas,75.89,94900000.0,132850000.0,71.43394806172375,24.040619,-0.27127075,-0.8190727,1012.253,27.653412,-0.86,0.048160553,0.01001358,0.009655952,0.41068012,0.8628256
2022-03-17,MIEL1,Caldas,74.65,117710000.0,132850000.0,88.6036883703425,24.352997,-0.29408646,-0.21149445,1012.35016,27.609436,-0.86,0.02670288,0.004827976,0.004261732,0.39269233,0.36223853
2022-03-18,MIEL1,Caldas,75.55,75410000.0,132850000.0,56.76326684230335,23.322968,-0.14455414,-0.48327637,1012.1467,27.304657,-0.86,0.056505203,0.009655952,0.009059906,0.38931113,0.50443226
2022-03-19,MIEL1,Caldas,78.2,170490000.0,132850000.0,128.33270605946555,24.056671,-0.22490692,-0.021896362,1011.6919,26.995178,-0.86,0.029683113,0.0044107437,0.004053116,0.38792,0.2259703
2022-03-20,MIEL1,Caldas,78.39,164110000.0,132850000.0,123.53029732781332,23.733856,0.029026031,-0.43167877,1012.01733,26.99472,-0.86,0.14615059,0.013649464,0.013113022,0.39065567,0.43265352
2022-03-21,MIEL1,Caldas,83.37,184650000.0,132850000.0,138.99134362062478,23.499603,0.13715744,-0.26924515,1011.133,26.851624,-0.86,0.08356571,0.009417534,0.008940697,0.39182082,0.30216736
2022-03-22,MIEL1,Caldas,87.31,231760000.0,132850000.0,174.4523899134362,23.812225,0.11795044,-0.14991379,1010.6386,26.801453,-0.86,0.08177757,0.00423193,0.0037550926,0.4001941,0.19075233
2022-03-23,MIEL1,Caldas,87.22,155310000.0,132850000.0,116.90628528415505,24.391388,0.19979858,-0.40341187,1010.71674,26.664948,-0.86,0.07939339,0.012010336,0.0113248825,0.3855126,0.45017844
2022-03-24,MIEL1,Caldas,86.5,136110000.0,132850000.0,102.45389537071884,24.001007,0.1740799,-0.1767807,1010.7592,26.463074,-0.86,0.03015995,0.004976988,0.004351139,0.3715828,0.24810326
2022-03-25,MIEL1,Caldas,87.19,149390000.0,132850000.0,112.45013172751224,23.696442,0.08710098,-0.5677223,1011.6503,26.284607,-0.86,0.096678734,0.009715557,0.009059906,0.36607522,0.574365
2022-03-26,MIEL1,Caldas,88.46000000000001,205680000.0,132850000.0,154.82122694768535,23.501617,0.38223267,0.00090026855,1011.0153,26.196594,-0.86,0.0641346,0.008761883,0.008106232,0.36435914,0.38223374
2022-03-27,MIEL1,Caldas,89.2,149730000.0,132850000.0,112.70605946556267,22.168182,0.090236664,-0.56264114,1011.9406,26.062042,-0.86,0.14686584,0.020802021,0.020116568,0.3670556,0.5698313
2022-03-28,MIEL1,Caldas,89.51,128890000.0,132850000.0,97.01919458035378,23.328522,-0.2884636,0.5225792,1012.1353,26.28543,-0.86,0.050783157,0.0019073486,0.0012516975,0.3557044,0.5969089
2022-03-29,MIEL1,Caldas,89.16,126370000.0,132850000.0,95.12231840421528,23.959381,-0.06991196,0.08771515,1012.29,26.146881,-0.86,0.007033348,0.0011920929,0.00059604645,0.33704647,0.112167865
2022-03-30,MIEL1,Caldas,89.16,119820000.0,132850000.0,90.19194580353782,23.527618,-0.027744293,-0.78987503,1011.5044,25.760834,-0.86,0.54085255,0.10561943,0.104784966,0.35235357,0.7903621
2022-03-31,MIEL1,Caldas,89.7,145410000.0,132850000.0,109.45427173503953,22.888214,0.13092804,-0.33486938,1010.9338,25.798126,-0.86,0.15699863,0.010311604,0.009596348,0.3817474,0.3595548
2022-04-01,MIEL1,Caldas,90.62,154240000.0,148430000.0,103.91430303846931,22.860199,-0.014923096,-0.34958267,1011.9289,25.53357,-0.95,0.40137768,0.028967857,0.028073788,0.41932806,0.34990105
2022-04-02,MIEL1,Caldas,92.99,230280000.0,148430000.0,155.14383884659435,23.668854,-0.08193588,-0.128376,1012.59717,25.401459,-0.95,0.5252361,0.04339218,0.04261732,0.42835224,0.1522954
2022-04-03,MIEL1,Caldas,93.43,148240000.0,148430000.0,99.8719935323048,23.930328,-0.22846222,-0.15443039,1010.78284,25.197937,-0.95,0.00035762787,0.0007748604,0.0,0.39871553,0.2757603
2022-04-04,MIEL1,Caldas,94.82,165190000.0,148430000.0,111.29151788721956,23.234955,-0.00045394897,-0.47581482,1012.0592,25.051453,-0.95,0.8292198,0.092089176,0.091433525,0.42247304,0.47581506
2022-04-05,MIEL1,Caldas,96.51,186610000.0,148430000.0,125.72256282422693,23.304657,-0.7530823,-0.17124939,1011.82513,24.814941,-0.95,0.3374815,0.055730343,0.055015087,0.42822993,0.77230775
2022-04-06,MIEL1,Caldas,98.23,205700000.0,148430000.0,138.58384423634035,25.056122,-0.12827301,0.5711746,1010.0264,24.625763,-0.95,0.0,0.0005364418,0.0,0.39926296,0.58540106
2022-04-07,MIEL1,Caldas,98.85,175480000.0,148430000.0,118.22407869029172,23.670074,-0.18074417,-0.87973785,1011.6819,24.371552,-0.95,0.09727478,0.007927418,0.0069737434,0.39208907,0.89811313
2022-04-08,MIEL1,Caldas,98.4,148310000.0,148430000.0,99.9191538098767,23.459259,-0.3988304,-0.78090286,1012.02423,24.161896,-0.95,0.3683567,0.06610155,0.065624714,0.40337119,0.8768552
2022-04-09,MIEL1,Caldas,98.07,138990000.0,148430000.0,93.64009971030114,24.083344,-0.06604767,-0.78245926,1012.02094,23.983185,-0.95,0.057697296,0.01180172,0.010967255,0.40654612,0.7852419
2022-04-10,MIEL1,Caldas,97.54,127000000.0,148430000.0,85.56221788048238,22.768585,0.065410614,-0.6644554,1011.65265,23.943298,-0.95,0.11706352,0.006020069,0.005066395,0.41607827,0.6676672
2022-04-11,MIEL1,Caldas,95.98,104260000.0,148430000.0,70.24186485211884,23.836212,0.015224457,-0.44284058,1010.9327,23.766205,-0.95,0.04684925,0.0046491623,0.003874302,0.40913206,0.4431022
2022-04-12,MIEL1,Caldas,94.63,99550000.0,148430000.0,67.0686518897797,23.75241,-0.046016693,-0.2673149,1009.9334,23.491455,-0.95,0.06651878,0.002503395,0.0016093254,0.40704033,0.27124673
2022-04-13,MIEL1,Caldas,92.6,86400000.0,148430000.0,58.20925688876911,24.158844,-0.23216629,-0.14799881,1009.8317,23.094757,-0.95,0.06866455,0.001847744,0.0010728836,0.3888358,0.2753268
2022-04-14,MIEL1,Caldas,90.36,79060000.0,148430000.0,53.26416492622785,23.90628,-0.13794327,-0.5714302,1010.0577,22.993744,-0.95,0.18239021,0.00423193,0.0034570694,0.38638854,0.5878442
2022-04-15,MIEL1,Caldas,88.75,87300000.0,148430000.0,58.8156033146938,24.796051,0.15429306,-0.70746994,1010.5611,22.63623,-0.95,0.15318394,0.0044107437,0.0035762787,0.3839026,0.72409946
2022-04-16,MIEL1,Caldas,87.81,103380000.0,148430000.0,69.64899279121471,23.809845,-0.02004242,-0.6547661,1010.8297,22.369781,-0.95,0.17678738,0.016331673,0.015676022,0.37820977,0.65507275
2022-04-17,MIEL1,Caldas,88.11,114580000.0,148430000.0,77.19463720272182,21.978058,-0.31479263,-0.25678635,1012.1322,22.259094,-0.95,1.6869307,0.5340576,0.51510334,0.4426947,0.4062433
2022-04-18,MIEL1,Caldas,88.11,114580000.0,148430000.0,77.19463720272182,21.12613,0.46409607,-0.27615356,1013.1286,22.28543,-0.95,0.61810017,0.16438961,0.16355515,0.4514875,0.5400425
2022-04-19,MIEL1,Caldas,85.14,99680000.0,148430000.0,67.15623526241326,21.159943,0.020305634,-0.5449829,1014.4136,22.457031,-0.95,1.6293526,0.53560734,0.5300045,0.46004677,0.54536104
2022-04-20,MIEL1,Caldas,84.88,102080000.0,148430000.0,68.77315906487907,21.569366,0.1356926,-0.79476166,1014.84937,22.55368,-0.95,0.35607815,0.110805035,0.10973215,0.44226646,0.8062621
2022-04-21,MIEL1,Caldas,84.95,102910000.0,148430000.0,69.33234521323183,21.850372,-0.18114853,-0.652401,1015.4978,22.78421,-0.95,0.57685375,0.24425983,0.24330616,0.45339325,0.6770833
2022-04-22,MIEL1,Caldas,84.55,109340000.0,148430000.0,73.66435356733814,21.198456,-0.292202,-0.9366112,1014.5439,23.045105,-0.95,1.0385513,0.43720007,0.4261732,0.4442257,0.9811333
2022-04-23,MIEL1,Caldas,83.06,99680000.0,148430000.0,67.15623526241326,22.402008,-0.32175446,-1.0909767,1013.285,23.083344,-0.95,0.40781498,0.1527667,0.151515,0.44399983,1.137434
2022-04-24,MIEL1,Caldas,81.44,103430000.0,148430000.0,69.68267870376609,23.439423,-0.41065598,-0.64362335,1011.28845,23.117462,-0.95,0.15950203,0.036895275,0.035464764,0.4274485,0.7634719
2022-04-25,MIEL1,Caldas,79.93,101530000.0,148430000.0,68.40261402681399,21.354095,-0.238945,0.80171585,1012.9328,23.471771,-0.95,0.22399426,0.056803226,0.055104494,0.44253975,0.8365662
2022-04-26,MIEL1,Caldas,81.17,85700000.0,148430000.0,57.73765411304992,22.474213,-0.28857803,-0.26696777,1012.34656,23.724274,-0.95,0.003695488,0.0025629997,0.00071525574,0.4208214,0.3931273
2022-04-27,MIEL1,Caldas,80.56,86040000.0,148430000.0,57.966718318399245,22.772858,-0.03630829,-0.03492737,1011.4941,23.697052,-0.95,0.012755394,0.004351139,0.0024437904,0.40750444,0.05038068
2022-04-28,MIEL1,Caldas,82.35,94690000.0,148430000.0,63.79438118978643,21.66452,-0.0038833618,-0.2180214,1012.2603,23.4599,-0.95,0.12409687,0.022768974,0.020861626,0.41749838,0.21805598
2022-04-29,MIEL1,Caldas,81.08999999999999,76440000.0,148430000.0,51.499023108536015,23.410004,-0.30709076,0.46170044,1011.65234,23.325317,-0.95,0.020384789,0.0054240227,0.0033974648,0.41428393,0.5545016
2022-04-30,MIEL1,Caldas,78.59,69610000.0,148430000.0,46.89752745401873,23.686432,0.29237747,0.5551338,1010.3756,23.07669,-0.95,0.0,0.0023245811,0.0,0.39458537,0.62742186
2022-05-01,MIEL1,Caldas,76.68,62040000.0,164550000.0,37.7028258887876,23.926727,-0.12524414,-0.1078949,1011.5036,22.816772,-0.9,0.0,0.0023841858,0.0,0.37866363,0.16531003
2022-05-02,MIEL1,Caldas,77.63,60690000.0,164550000.0,36.8824065633546,23.929596,-0.09011841,-0.15426254,1012.3833,22.755432,-0.9,0.006198883,0.0025629997,0.00017881393,0.36527514,0.17865683
2022-05-03,MIEL1,Caldas,78.4,55870000.0,164550000.0,33.95320571254938,24.901764,0.007637024,0.1468811,1011.6859,22.564148,-0.9,0.0,0.0024437904,0.0,0.34982693,0.14707951
2022-05-04,MIEL1,Caldas,75.61,51180000.0,164550000.0,31.10300820419325,24.569244,-0.1502266,0.44265366,1010.4522,22.470367,-0.9,0.0,0.0023841858,0.0,0.33383554,0.46745083
2022-05-05,MIEL1,Caldas,76.29,60530000.0,164550000.0,36.785171680340326,23.487335,0.19997787,-0.3589592,1013.15393,22.539703,-0.9,0.069737434,0.0075101852,0.00500679,0.33482406,0.41090494
2022-05-06,MIEL1,Caldas,77.52,71280000.0,164550000.0,43.31814038286235,22.614716,-0.27121735,-0.5335579,1014.66797,22.389984,-0.9,0.03385544,0.006914139,0.004172325,0.34624803,0.5985339
2022-05-07,MIEL1,Caldas,79.81,104400000.0,164550000.0,63.44576116681859,22.719818,-0.33779144,0.1211853,1015.2453,22.312958,-0.9,0.022292137,0.0044703484,0.0019669533,0.3400356,0.35887176
2022-05-08,MIEL1,Caldas,77.53,76480000.0,164550000.0,46.478274080826495,24.161896,0.10618591,0.28629303,1012.0033,22.207062,-0.9,0.0,0.002682209,0.0,0.32788807,0.30535084
2022-05-09,MIEL1,Caldas,78.45,74170000.0,164550000.0,45.07444545730781,24.20578,0.07277298,0.24459839,1011.08563,22.100922,-0.9,0.00071525574,0.002682209,5.9604645e-05,0.31296566,0.2551946
2022-05-10,MIEL1,Caldas,76.31,82010000.0,164550000.0,49.8389547250076,23.15158,0.21100998,-0.6621399,1011.78156,22.14148,-0.9,0.0032186508,0.002682209,0.00029802322,0.30882195,0.6949492
2022-05-11,MIEL1,Caldas,78.63,120500000.0,164550000.0,73.23002127013066,22.450836,0.016269684,-0.58169556,1012.27094,22.244537,-0.9,1.3513565,0.18900633,0.18644333,0.42068774,0.58192307
2022-05-12,MIEL1,Caldas,79.75999999999999,115670000.0,164550000.0,70.29474323913703,22.907501,-0.012413025,-0.30290604,1011.965,22.36377,-0.9,0.48911572,0.08523464,0.08273125,0.44373932,0.30316028
2022-05-13,MIEL1,Caldas,78.33,94710000.0,164550000.0,57.55697356426618,24.041534,-0.1960411,-0.3074417,1010.8003,22.778229,-0.9,0.019907951,0.005066395,0.0024437904,0.42255008,0.36462656
2022-05-14,MIEL1,Caldas,80.32000000000001,101270000.0,164550000.0,61.54360376785172,23.200653,-0.069664,-0.4532013,1012.08264,22.939453,-0.9,0.25510788,0.039994717,0.03749132,0.41324428,0.45852423
2022-05-15,MIEL1,Caldas,78.32000000000001,83030000.0,164550000.0,50.45882710422364,24.580902,-0.10671997,-0.40447235,1011.67206,23.116333,-0.9,0.032901764,0.0035762787,0.001013279,0.4115553,0.41831452
2022-05-16,MIEL1,Caldas,79.38,77500000.0,164550000.0,47.09814646004254,24.299042,-0.10084152,0.16116714,1012.01935,22.904877,-0.9,0.018835068,0.0030994415,0.00035762787,0.38955754,0.19011539
2022-05-17,MIEL1,Caldas,80.57,73200000.0,164550000.0,44.48495897903373,23.758087,0.0012512207,-0.070430756,1014.0097,23.272797,-0.9,0.002861023,0.002682209,0.0,0.37574595,0.07044187
2022-05-18,MIEL1,Caldas,82.17,81410000.0,164550000.0,49.47432391370404,22.477814,0.023101807,-0.029968262,1015.85016,23.433228,-0.9,0.1783371,0.009775162,0.0071525574,0.38458902,0.037839003
2022-05-19,MIEL1,Caldas,79.84,70830000.0,164550000.0,43.044667274384686,23.538849,-0.3156433,0.62735367,1014.21436,23.46341,-0.9,0.00500679,0.0037550926,0.0011920929,0.39344978,0.7022844
2022-05-20,MIEL1,Caldas,80.89,74850000.0,164550000.0,45.487693710118506,23.730988,-0.0663414,-0.24479675,1014.72485,23.510223,-0.9,0.00071525574,0.0028014183,5.9604645e-05,0.37003714,0.25362697
2022-05-21,MIEL1,Caldas,83.8,103190000.0,164550000.0,62.71042236402309,23.373505,0.08387756,-0.4255829,1016.0675,23.47818,-0.9,0.08738041,0.007212162,0.0045895576,0.37794003,0.43376982
2022-05-22,MIEL1,Caldas,85.16,71480000.0,164550000.0,43.4396839866302,23.667572,0.09189987,-0.055858612,1014.27673,23.526794,-0.9,0.000834465,0.0027418137,5.9604645e-05,0.3693401,0.10754427
2022-05-23,MIEL1,Caldas,87.44,92990000.0,164550000.0,56.51169857186266,23.49411,0.44664,-0.47397614,1012.568,23.209656,-0.9,0.19991398,0.008821487,0.0061392784,0.35952243,0.65126085
2022-05-24,MIEL1,Caldas,85.2,73530000.0,164550000.0,44.68550592525069,23.043488,0.09710312,-0.40888977,1011.6747,23.151947,-0.9,0.2272129,0.0073313713,0.0045895576,0.38142753,0.42026168
2022-05-25,MIEL1,Caldas,84.09,79050000.0,164550000.0,48.04010938924339,23.508453,-0.03312683,-0.22416306,1012.83923,22.927826,-0.9,0.074744225,0.016629696,0.014126301,0.38420197,0.22659758
2022-05-26,MIEL1,Caldas,82.27,70770000.0,164550000.0,43.00820419325433,24.296295,-0.024150848,-0.25811386,1013.3017,23.141632,-0.9,0.012040138,0.002682209,0.00023841858,0.3657848,0.25924125
2022-05-27,MIEL1,Caldas,80.06,77100000.0,164550000.0,46.855059252506834,23.7258,-0.012042999,0.20563889,1013.0228,23.121948,-0.9,0.015497208,0.002682209,0.00029802322,0.3493367,0.20599122
2022-05-28,MIEL1,Caldas,80.81,66450000.0,164550000.0,40.38286235186873,24.245392,-0.11702347,0.13145828,1011.53125,22.839142,-0.9,0.0,0.0023841858,0.0,0.33067727,0.17599936
2022-05-29,MIEL1,Caldas,81.82000000000001,63480000.0,164550000.0,38.57793983591613,23.89328,0.12980652,-0.45614624,1011.4311,22.504547,-0.9,0.009655952,0.0026226044,0.00020861626,0.32093927,0.4742564
2022-05-30,MIEL1,Caldas,80.9,70530000.0,164550000.0,42.86235186873291,23.05832,0.09861755,-0.10710907,1011.125,22.382904,-0.9,0.08738041,0.004053116,0.0015497208,0.31837285,0.14559455
2022-05-31,MIEL1,Caldas,81.66,63780000.0,164550000.0,38.76025524156791,22.787872,0.02286911,-0.7765808,1012.3525,22.405365,-0.9,0.11920929,0.0131726265,0.010788441,0.3174286,0.77691746
2022-06-01,MIEL1,Caldas,80.34,62420000.0,110910000.0,56.27986655847084,22.849823,0.5185585,-0.43282318,1011.7528,22.151764,-0.78,0.0013113022,0.0023841858,0.0,0.31987822,0.67545456
2022-06-02,MIEL1,Caldas,80.32000000000001,63030000.0,110910000.0,56.82986205031106,21.589813,0.11671066,-0.34058762,1013.53357,21.830719,-0.78,1.0496378,0.11873245,0.11625886,0.4233051,0.36002958
2022-06-03,MIEL1,Caldas,81.46,68030000.0,110910000.0,61.338021819493285,21.406403,-0.2595291,-0.30931854,1014.9916,21.702087,-0.78,0.6762743,0.069618225,0.06741285,0.44514367,0.40377387
2022-06-04,MIEL1,Caldas,82.54,66070000.0,110910000.0,59.57082318997385,22.027313,0.1544838,-0.09194946,1013.493,21.81308,-0.78,0.031232834,0.0032186508,0.000834465,0.4155978,0.1797775
2022-06-05,MIEL1,Caldas,83.61,67660000.0,110910000.0,61.0044179965738,22.740082,-0.113220215,-0.039188385,1012.8389,21.798706,-0.78,0.02515316,0.002682209,0.00029802322,0.4082702,0.11981046
2022-06-06,MIEL1,Caldas,82.76,63620000.0,110910000.0,57.36182490307456,23.213654,-0.31136322,-0.597641,1012.295,21.917633,-0.78,0.017404556,0.0042915344,0.0020861626,0.39553946,0.6738856
2022-06-07,MIEL1,Caldas,82.09,106140000.0,110910000.0,95.69921558020016,21.976837,0.31664276,-0.33140945,1013.5422,22.095703,-0.78,0.22232533,0.022292137,0.019907951,0.408843,0.45836106
2022-06-08,MIEL1,Caldas,82.86,78450000.0,110910000.0,70.73302677846904,21.542145,-0.2137146,-0.53499603,1013.4855,22.37677,-0.78,0.20062923,0.02849102,0.026196241,0.42239293,0.57610303
2022-06-09,MIEL1,Caldas,82.76,107040000.0,110910000.0,96.51068433865296,21.769806,-0.23727417,-0.6486435,1013.4408,22.555695,-0.78,0.39839745,0.06633997,0.063955784,0.41356105,0.69067895
2022-06-10,MIEL1,Caldas,84.67,93430000.0,110910000.0,84.23947344693896,22.660492,-0.2694893,-0.102371216,1012.2086,22.649109,-0.78,0.030398369,0.0042915344,0.0019669533,0.40770736,0.28827825
2022-06-11,MIEL1,Caldas,85.28999999999999,113850000.0,110910000.0,102.65079794427912,22.047455,0.18677521,-0.16930771,1013.28735,22.7836,-0.78,0.82063675,0.111460686,0.109136105,0.42817917,0.2520914
2022-06-12,MIEL1,Caldas,84.96000000000001,86280000.0,110910000.0,77.79280497700839,22.550323,-0.12614822,-0.091480255,1013.6928,22.700684,-0.78,0.0027418137,0.0028014183,0.00035762787,0.40285522,0.15582687
2022-06-13,MIEL1,Caldas,85.59,97300000.0,110910000.0,87.728789108286,23.470612,-0.28556442,0.19156265,1013.33716,22.61383,-0.78,0.0150203705,0.0029802322,0.00059604645,0.38792822,0.34386522
2022-06-14,MIEL1,Caldas,84.83000000000001,77160000.0,110910000.0,69.56992155802001,22.83725,-0.31505203,-0.4012413,1012.7598,22.43991,-0.78,0.007867813,0.0029802322,0.0006556511,0.37324286,0.51014936
2022-06-15,MIEL1,Caldas,85.22999999999999,122530000.0,110910000.0,110.47696330357948,23.267487,-0.24216843,-0.35894012,1012.8889,22.052734,-0.78,0.011205673,0.0028014183,0.0006556511,0.36428946,0.4329937
2022-06-16,MIEL1,Caldas,86.61,162860000.0,110910000.0,146.83978000180326,24.191559,-0.4141159,-0.083919525,1013.0128,21.747772,-0.78,0.011920929,0.0023841858,0.00023841858,0.35475326,0.4225334
2022-06-17,MIEL1,Caldas,85.07000000000001,109310000.0,110910000.0,98.55738887386168,22.396027,-0.36717606,-0.60772324,1013.39905,21.496552,-0.78,0.05698204,0.0042915344,0.0021457672,0.34727225,0.7100322
2022-06-18,MIEL1,Caldas,83.37,87400000.0,110910000.0,78.8026327653052,21.995026,0.21346664,-0.37953186,1012.65216,21.392517,-0.78,0.03170967,0.005066395,0.0030398369,0.34145272,0.4354451
2022-06-19,MIEL1,Caldas,84.73,92010000.0,110910000.0,82.95915607249121,22.202972,-0.27969742,-0.61470795,1014.0591,21.513947,-0.78,0.49316883,0.024318695,0.022172928,0.39969552,0.6753492
2022-06-20,MIEL1,Caldas,86.89,90490000.0,110910000.0,81.58867550265981,22.25357,-0.18514633,-0.0011901855,1014.47955,21.429077,-0.78,0.06592274,0.005066395,0.00295043,0.39136827,0.18515016
2022-06-21,MIEL1,Caldas,86.47,98980000.0,110910000.0,89.24353079073121,23.308014,-0.13869476,0.23084259,1012.9178,21.253906,-0.78,0.016570091,0.0033974648,0.0012516975,0.3708356,0.2693038
2022-06-22,MIEL1,Caldas,85.14,128210000.0,110910000.0,115.59823280137049,24.0466,-0.16124725,-0.40103912,1011.3594,21.363708,-0.78,0.0054836273,0.0025629997,0.0005364418,0.35490793,0.4322419
2022-06-23,MIEL1,Caldas,83.93,124100000.0,110910000.0,111.89252547110269,23.132843,0.027561188,0.45401764,1010.6989,21.401398,-0.78,0.13792515,0.003695488,0.0016093254,0.3381802,0.45485342
2022-06-24,MIEL1,Caldas,82.13000000000001,103480000.0,110910000.0,93.30087458299522,22.183624,0.26937866,-0.1475563,1011.6945,21.450592,-0.78,0.0,0.0019073486,0.0,0.31940648,0.30714446
2022-06-25,MIEL1,Caldas,83.8,103550000.0,110910000.0,93.36398881976378,22.779205,-0.21740341,0.14701843,1013.45703,21.591156,-0.78,0.17619133,0.005185604,0.0030994415,0.3155539,0.26244745
2022-06-26,MIEL1,Caldas,85.25,93970000.0,110910000.0,84.72635470201064,21.844513,-0.82531357,0.4697075,1014.3833,21.698395,-0.78,0.018715858,0.0022053719,0.00023841858,0.3092347,0.94961447
2022-06-27,MIEL1,Caldas,83.63000000000001,94200000.0,110910000.0,84.93373005139301,21.884003,-0.09239197,-0.5111275,1014.3903,21.753662,-0.78,0.00059604645,0.0019669533,0.0,0.3001204,0.5194108
2022-06-28,MIEL1,Caldas,83.39999999999999,130740000.0,110910000.0,117.87936164457668,21.573822,0.031181335,-0.12908554,1014.85846,21.75534,-0.78,0.09417534,0.008821487,0.0070929527,0.32592657,0.13279817
2022-06-29,MIEL1,Caldas,85.35000000000001,118460000.0,110910000.0,106.80732125146515,22.275055,0.0677681,-0.11349487,1014.7017,21.812042,-0.78,0.28789043,0.010550022,0.00846386,0.38208142,0.13218775
2022-06-30,MIEL1,Caldas,83.47,95080000.0,110910000.0,85.72716617076908,23.01175,0.016773224,-0.1974678,1012.10706,21.727325,-0.78,0.0019073486,0.0020861626,0.00011920929,0.364039,0.1981789
2022-07-01,MIEL1,Caldas,85.63,101430000.0,77640000.0,130.64142194744977,23.089142,-0.10817337,-0.38507462,1011.5575,21.737488,-0.76,0.015854836,0.0028014183,0.000834465,0.34951517,0.39997992
2022-07-02,MIEL1,Caldas,88.53999999999999,134150000.0,77640000.0,172.7846470891293,23.25241,-0.39578247,-0.2180748,1011.7981,21.871246,-0.76,0.024080276,0.0027418137,0.0007748604,0.3413079,0.45188537
2022-07-03,MIEL1,Caldas,86.7,90320000.0,77640000.0,116.33178773827925,23.592316,-0.042808533,0.0729332,1012.2347,21.874329,-0.76,0.00035762787,0.0019073486,0.0,0.3249071,0.08456844
2022-07-04,MIEL1,Caldas,88.51,85680000.0,77640000.0,110.35548686244204,23.523468,-0.1397171,0.11694336,1012.4917,21.857697,-0.76,0.0,0.0019073486,0.0,0.30884984,0.1821994
2022-07-05,MIEL1,Caldas,87.49,74400000.0,77640000.0,95.82689335394129,23.217987,0.082099915,0.20136642,1012.483,21.860321,-0.76,0.0,0.0019073486,0.0,0.29606795,0.21745995
2022-07-06,MIEL1,Caldas,86.79,68190000.0,77640000.0,87.82843894899537,23.454315,-0.2349968,0.09642029,1011.85706,21.684784,-0.76,0.0,0.0019073486,0.0,0.2827976,0.2540086
2022-07-07,MIEL1,Caldas,87.66000000000001,62700000.0,77640000.0,80.75734157650696,23.944489,0.033302307,0.20550919,1010.98846,21.586823,-0.76,0.00059604645,0.0019669533,5.9604645e-05,0.26893446,0.20819
2022-07-08,MIEL1,Caldas,86.32,58270000.0,77640000.0,75.05151983513653,23.873505,0.1422615,0.5881882,1012.8522,21.537262,-0.76,0.009298325,0.0023841858,0.00059604645,0.2653164,0.60514766
2022-07-09,MIEL1,Caldas,86.85000000000001,54130000.0,77640000.0,69.71921689850592,23.899323,-0.16442871,0.50538254,1013.08954,21.485535,-0.76,0.0,0.0019073486,0.0,0.25706172,0.5314586
2022-07-10,MIEL1,Caldas,87.53999999999999,50280000.0,77640000.0,64.76043276661515,24.758331,-0.53876495,0.098926544,1012.8769,21.479279,-0.76,0.0,0.0019073486,0.0,0.2472353,0.547772
2022-07-11,MIEL1,Caldas,86.03,51830000.0,77640000.0,66.75682637815558,22.248505,-0.036006927,-0.22823334,1012.85065,21.475067,-0.76,0.11205673,0.006556511,0.004708767,0.26103526,0.23105617
2022-07-12,MIEL1,Caldas,86.59,54620000.0,77640000.0,70.3503348789284,23.980255,-0.14748764,-0.36444473,1012.6866,21.498535,-0.76,0.0009536743,0.0019073486,0.00011920929,0.25557193,0.39315718
2022-07-13,MIEL1,Caldas,88.47,79920000.0,77640000.0,102.93663060278206,24.16867,-0.16111755,0.014263153,1012.96826,21.646576,-0.76,0.0029802322,0.0021457672,0.00011920929,0.24853766,0.16174765
2022-07-14,MIEL1,Caldas,89.24,57150000.0,77640000.0,73.60896445131375,23.907135,-0.050014496,-0.60762405,1013.7473,21.422394,-0.76,0.0487566,0.0038146973,0.0020861626,0.2449103,0.609679
2022-07-15,MIEL1,Caldas,87.91,54480000.0,77640000.0,70.17001545595053,23.440643,-0.4929657,-0.6277847,1014.0408,21.423157,-0.76,0.11253357,0.0069737434,0.0053346157,0.25785527,0.7982035
2022-07-16,MIEL1,Caldas,88.74,54650000.0,77640000.0,70.38897475528078,23.66446,-0.12639618,-0.39309692,1012.3652,21.300934,-0.76,0.042557716,0.003516674,0.0019669533,0.25966257,0.41291788
2022-07-17,MIEL1,Caldas,89.63,60210000.0,77640000.0,77.55023183925812,23.775177,-0.25664902,0.11765671,1011.9373,21.21994,-0.76,0.38862228,0.005841255,0.0044107437,0.31612274,0.28233284
2022-07-18,MIEL1,Caldas,86.53,45070000.0,77640000.0,58.04997424008244,23.301117,-0.25756073,0.30478287,1012.9455,21.317383,-0.76,0.0,0.0013113022,0.0,0.2869255,0.3990365
2022-07-19,MIEL1,Caldas,86.67,45670000.0,77640000.0,58.82277176713034,24.425934,-0.26830292,0.40169144,1011.9514,21.325348,-0.76,0.0,0.0014305115,0.0,0.26805615,0.48305535
2022-07-20,MIEL1,Caldas,87.21,42780000.0,77640000.0,55.10046367851624,23.591278,-0.16876602,0.8283844,1010.8738,21.421326,-0.76,0.0,0.0014305115,0.0,0.2519838,0.84540087
2022-07-21,MIEL1,Caldas,85.66,38430000.0,77640000.0,49.49768160741886,23.706879,-0.17456436,0.07305527,1011.65436,21.31482,-0.76,0.0,0.0014305115,0.0,0.24031875,0.18923475
2022-07-22,MIEL1,Caldas,83.88,37310000.0,77640000.0,48.05512622359608,24.190887,-0.23500824,-0.38163376,1012.21857,21.229126,-0.76,0.00035762787,0.0014305115,0.0,0.23062752,0.44818878
2022-07-23,MIEL1,Caldas,84.31,48440000.0,77640000.0,62.39052035033488,22.295258,0.27945328,-0.33436966,1012.96967,21.374176,-0.76,0.351429,0.0067949295,0.005066395,0.29160526,0.43577197
2022-07-24,MIEL1,Caldas,85.06,48490000.0,77640000.0,62.454920144255546,21.801422,0.14966583,-0.5775795,1012.798,21.416168,-0.76,0.49352646,0.011086464,0.009715557,0.32936546,0.59665567
2022-07-25,MIEL1,Caldas,86.96000000000001,94100000.0,77640000.0,121.20041215868108,22.094635,-0.0301857,0.2681923,1013.2606,21.323242,-0.76,0.15115738,0.006020069,0.004708767,0.34060985,0.2698857
2022-07-26,MIEL1,Caldas,85.42,50010000.0,77640000.0,64.41267387944359,22.336456,0.12377548,-0.62244034,1013.77905,21.38211,-0.76,0.04529953,0.0029802322,0.0016093254,0.32204404,0.6346277
2022-07-27,MIEL1,Caldas,83.8,47330000.0,77640000.0,60.96084492529624,22.528534,0.12245178,-0.034740448,1013.60065,21.531952,-0.76,0.11062622,0.0032186508,0.0017285347,0.3317429,0.12728448
2022-07-28,MIEL1,Caldas,82.25,55470000.0,77640000.0,71.44513137557959,22.567535,-0.4286003,-0.42959213,1014.53265,21.741058,-0.76,0.2914667,0.010967255,0.009715557,0.36719978,0.6068341
2022-07-29,MIEL1,Caldas,83.19,70180000.0,77640000.0,90.3915507470376,24.148285,-0.48362732,0.008724213,1013.4531,21.748138,-0.76,0.00011920929,0.0014305115,0.0,0.33414248,0.483706
2022-07-30,MIEL1,Caldas,83.98,53840000.0,77640000.0,69.34569809376609,24.064545,0.039222717,-0.02544403,1011.32874,21.628906,-0.76,0.0,0.0014305115,0.0,0.30773056,0.046752755
2022-07-31,MIEL1,Caldas,86.09,83740000.0,77640000.0,107.85677485832046,24.158783,-0.07815552,-0.12781906,1011.58685,21.706512,-0.76,0.0035762787,0.0014901161,0.00011920929,0.28993756,0.1498199
2022-08-01,MIEL1,Caldas,84.28999999999999,79060000.0,76760000.0,102.99635226680564,24.220917,-0.2558937,-0.6687851,1012.08453,21.582275,-0.87,0.03361702,0.0021457672,0.000834465,0.2863592,0.7160692
2022-08-02,MIEL1,Caldas,84.31,117850000.0,76760000.0,153.5304846274101,22.700958,-0.3324318,0.29013062,1012.4556,21.446747,-0.87,0.310421,0.0062584877,0.00500679,0.3039845,0.44123313
2022-08-03,MIEL1,Caldas,83.98,69550000.0,76760000.0,90.60708702449192,24.33957,-0.69018936,-0.6749191,1011.3702,21.471222,-0.87,0.00011920929,0.0013113022,0.0,0.28821123,0.9653379
2022-08-04,MIEL1,Caldas,82.92,77460000.0,76760000.0,100.91193329859304,23.798492,-0.16896439,-0.35422134,1011.46936,21.360992,-0.87,0.027894974,0.0026226044,0.0011920929,0.2732095,0.392456
2022-08-05,MIEL1,Caldas,81.94,62140000.0,76760000.0,80.95362167795727,23.302765,-0.25082016,-0.6081009,1010.9625,21.500458,-0.87,0.009655952,0.0014901161,0.00017881393,0.27039063,0.6577974
2022-08-06,MIEL1,Caldas,84.96000000000001,150600000.0,76760000.0,196.195935383012,22.431,-0.2321434,-0.030761719,1012.20374,21.553955,-0.87,0.36668777,0.00846386,0.007212162,0.35198754,0.23417267
2022-08-07,MIEL1,Caldas,86.21,82380000.0,76760000.0,107.3215216258468,23.901031,-0.29056168,-0.7436409,1011.8769,21.520538,-0.87,0.00047683716,0.0013709068,0.0,0.32302997,0.7983908
2022-08-08,MIEL1,Caldas,85.83,79770000.0,76760000.0,103.92131318394998,24.396637,0.05485916,0.08293533,1010.4316,21.443634,-0.87,0.01168251,0.0016093254,0.00029802322,0.3033103,0.0994374
2022-08-09,MIEL1,Caldas,84.6,71800000.0,76760000.0,93.5383011985409,24.801178,-0.35714722,0.47671127,1011.29877,21.30777,-0.87,0.005722046,0.0013709068,5.9604645e-05,0.28081688,0.5956574
2022-08-10,MIEL1,Caldas,83.44,61100000.0,76760000.0,79.59874934861907,24.659332,-0.31194305,0.08558273,1012.6525,21.308289,-0.87,0.0,0.0012516975,0.0,0.26593953,0.32347006
2022-08-11,MIEL1,Caldas,81.97,53480000.0,76760000.0,69.67170401250652,24.111298,-0.15590286,0.34531403,1012.65765,21.51593,-0.87,0.0,0.0013709068,0.0,0.25223714,0.3788766
2022-08-12,MIEL1,Caldas,82.84,56760000.0,76760000.0,73.94476289734236,25.050323,-0.20526123,-0.18347168,1013.9252,21.526123,-0.87,0.018239021,0.0013709068,5.9604645e-05,0.23603094,0.27530715
2022-08-13,MIEL1,Caldas,82.39999999999999,60810000.0,76760000.0,79.22094841063053,22.761444,-0.12111282,-0.3528061,1015.5728,21.400452,-0.87,0.23698807,0.004887581,0.0036358833,0.2741269,0.37301534
2022-08-14,MIEL1,Caldas,82.91,48170000.0,76760000.0,62.75403856175091,23.286774,-0.06075287,0.46347427,1013.7402,21.484283,-0.87,0.28645992,0.008046627,0.006854534,0.32383636,0.46743912
2022-08-15,MIEL1,Caldas,83.53,45800000.0,76760000.0,59.66649296508598,23.860321,-0.29159927,0.37787628,1012.90063,21.468048,-0.87,0.007033348,0.0014305115,5.9604645e-05,0.30149856,0.4773056
2022-08-16,MIEL1,Caldas,84.36,45800000.0,76760000.0,59.66649296508598,23.887482,-0.28206253,-0.6672249,1014.85,21.249237,-0.87,0.104665756,0.0024437904,0.0012516975,0.29719576,0.72439516
2022-08-17,MIEL1,Caldas,83.89999999999999,40750000.0,76760000.0,53.08754559666493,25.127655,-0.050117493,-0.5299187,1012.66064,21.140045,-0.87,0.00023841858,0.0010728836,0.0,0.28107497,0.53228337
2022-08-18,MIEL1,Caldas,84.19,38460000.0,76760000.0,50.10422094841063,25.416656,-0.15261841,-0.52645874,1011.29565,20.938782,-0.87,0.11384487,0.0019669533,0.0008940697,0.274211,0.54813427
2022-08-19,MIEL1,Caldas,81.74,39650000.0,76760000.0,51.65450755601876,26.394623,-0.1268959,-0.16137695,1010.695,20.903778,-0.87,0.0029802322,0.0011324883,5.9604645e-05,0.262612,0.2052927
2022-08-20,MIEL1,Caldas,82.12,38390000.0,76760000.0,50.01302761855133,24.707794,-0.2176094,0.73345184,1012.16846,20.854889,-0.87,0.00023841858,0.0010728836,0.0,0.2516474,0.76505256
2022-08-21,MIEL1,Caldas,82.44,36850000.0,76760000.0,48.00677436164669,24.966461,-1.0489426,-0.484169,1012.6359,20.809052,-0.87,0.00023841858,0.0009536743,0.0,0.24686554,1.1552923
2022-08-22,MIEL1,Caldas,79.19,37510000.0,76760000.0,48.8665971860344,24.573944,-0.58283615,-0.29253387,1012.4955,21.112762,-0.87,0.01013279,0.0011920929,0.0,0.23762837,0.65213037
2022-08-23,MIEL1,Caldas,79.12,33900000.0,76760000.0,44.16362688900469,24.47696,-0.6322975,-0.45542908,1012.17,21.310486,-0.87,0.002503395,0.0010728836,0.0,0.22879681,0.7792405
2022-08-24,MIEL1,Caldas,78.93,32210000.0,76760000.0,41.96195935383012,24.581207,-0.30185318,0.21411514,1012.1295,21.292664,-0.87,0.00023841858,0.0011920929,0.0,0.2213174,0.37008193
2022-08-25,MIEL1,Caldas,79.17,30400000.0,76760000.0,39.6039603960396,24.79007,-0.49227142,-0.14568329,1013.40283,21.399933,-0.87,0.0042915344,0.0010728836,0.0,0.21551874,0.5133759
2022-08-26,MIEL1,Caldas,77.98,30740000.0,76760000.0,40.04689942678478,24.968903,-0.40231323,-0.76192474,1013.60095,21.714447,-0.87,0.00011920929,0.000834465,0.0,0.20862891,0.8616178
2022-08-27,MIEL1,Caldas,77.71000000000001,30270000.0,76760000.0,39.43460135487233,24.17099,-0.43408585,-0.14580154,1011.97455,21.569733,-0.87,0.00023841858,0.0009536743,0.0,0.2055589,0.4579177
2022-08-28,MIEL1,Caldas,78.64999999999999,54280000.0,76760000.0,70.71391349661282,23.940582,-0.6293602,-0.6797638,1012.9472,21.617218,-0.87,0.2501011,0.004529953,0.003695488,0.22519168,0.9263763
2022-08-29,MIEL1,Caldas,76.9,33830000.0,76760000.0,44.07243355914539,23.56308,-0.5868187,-0.06435013,1013.97174,21.493439,-0.87,0.123381615,0.0025629997,0.0016093254,0.23304799,0.59033644
2022-08-30,MIEL1,Caldas,75.12,32250000.0,76760000.0,42.01406982803543,25.024445,-0.31913757,0.5048218,1012.6105,21.591522,-0.87,0.00035762787,0.000834465,0.0,0.224479,0.5972385
2022-08-31,MIEL1,Caldas,72.89,29830000.0,76760000.0,38.86138613861386,25.834747,-0.62373734,0.027500153,1012.6636,21.361572,-0.87,0.0030994415,0.00071525574,0.0,0.21521132,0.6243433
2022-09-01,MIEL1,Caldas,71.58,49310000.0,107070000.0,46.05398337536191,23.826996,-0.28544998,-0.52544403,1012.33374,21.020844,-0.97,0.04196167,0.0022649765,0.0014901161,0.23614283,0.5979742
2022-09-02,MIEL1,Caldas,73.15,78610000.0,107070000.0,73.4192584290651,23.422028,-0.31227493,0.0032577515,1011.84015,20.846588,-0.97,0.036597252,0.0017881393,0.0008940697,0.3098247,0.31229192
2022-09-03,MIEL1,Caldas,73.49,39280000.0,107070000.0,36.686280003735874,25.121552,-0.2858734,0.5477524,1011.3745,20.754944,-0.97,0.00023841858,0.0009536743,0.0,0.29027823,0.6178643
2022-09-04,MIEL1,Caldas,73.7,35330000.0,107070000.0,32.99710469786121,24.916595,-0.46657944,0.3662262,1011.28705,20.798798,-0.97,0.011086464,0.0011920929,0.00035762787,0.27029467,0.59314245
2022-09-05,MIEL1,Caldas,72.95,32370000.0,107070000.0,30.23255813953488,24.543,-0.22008133,0.3182335,1012.92596,20.634583,-0.97,0.0,0.0008940697,0.0,0.2530372,0.3869216
2022-09-06,MIEL1,Caldas,71.44,31220000.0,107070000.0,29.15849444288783,25.141388,-0.12908936,0.3418312,1014.15607,20.677765,-0.97,0.0,0.0006556511,0.0,0.24159235,0.36539382
2022-09-07,MIEL1,Caldas,69.44,30250000.0,107070000.0,28.25254506397684,25.852997,-0.23392868,0.18006134,1013.03784,20.712463,-0.97,0.00011920929,0.0007748604,0.0,0.2303909,0.29520285
2022-09-08,MIEL1,Caldas,67.73,83740000.0,107070000.0,78.21051648454282,26.046051,-0.42081833,-0.80607986,1011.92487,20.619446,-0.97,0.009059906,0.00059604645,0.0,0.22112608,0.9093145
2022-09-09,MIEL1,Caldas,66.88,36070000.0,107070000.0,33.68824133744279,24.14389,-0.28271484,-0.091415405,1012.14923,20.365265,-0.97,0.24306774,0.0034570694,0.0027418137,0.24612808,0.297127
2022-09-10,MIEL1,Caldas,65.88000000000001,29780000.0,107070000.0,27.813579900999347,24.811798,-0.31082535,0.60089874,1012.8647,20.200989,-0.97,0.0,0.0005364418,0.0,0.24269493,0.67652917
2022-09-11,MIEL1,Caldas,66.03999999999999,28300000.0,107070000.0,26.431306621836185,25.313873,-0.3043251,-0.023853302,1013.4886,19.924286,-0.97,0.0,0.0005364418,0.0,0.23385191,0.30525848
2022-09-12,MIEL1,Caldas,65.03,34520000.0,107070000.0,32.24059026804894,23.502594,-0.29618454,-0.78505325,1013.85315,19.592499,-0.97,0.035643578,0.0017881393,0.0011920929,0.23503774,0.8390673
2022-09-13,MIEL1,Caldas,66.42,82100000.0,107070000.0,76.67880825628094,23.489838,-0.120471954,0.081661224,1012.78406,19.066193,-0.97,0.27310848,0.0072717667,0.006735325,0.30096078,0.14554054
2022-09-14,MIEL1,Caldas,66.63,80040000.0,107070000.0,74.75483328663492,22.879547,-0.070201874,-0.37509918,1012.96606,18.877472,-0.97,0.91433525,0.070631504,0.06985664,0.36693785,0.38161197
2022-09-15,MIEL1,Caldas,66.91,95010000.0,107070000.0,88.73634071168395,25.199005,-0.2779312,-0.19727325,1012.42377,18.900879,-0.97,0.011086464,0.0011920929,0.00059604645,0.34000075,0.34082618
2022-09-16,MIEL1,Caldas,66.01,109090000.0,107070000.0,101.88661623237134,23.11502,-0.26613617,0.60146713,1013.11017,19.143097,-0.97,0.01347065,0.0010728836,0.00047683716,0.3328321,0.65771663
2022-09-17,MIEL1,Caldas,66.12,65230000.0,107070000.0,60.92276081068459,24.213898,0.02160263,-0.2796173,1012.40515,19.47699,-0.97,0.0,0.00047683716,0.0,0.30319825,0.28045055
2022-09-18,MIEL1,Caldas,67.51,74170000.0,107070000.0,69.27243859157561,23.88327,-0.3128662,-0.81346893,1012.8628,19.77182,-0.97,0.12087822,0.0019073486,0.0013113022,0.2978959,0.8715601
2022-09-19,MIEL1,Caldas,69.03,120920000.0,107070000.0,112.935462781358,22.094452,-0.24051285,-0.81331253,1014.27295,19.943573,-0.97,0.3991127,0.017940998,0.017285347,0.3522523,0.8481295
2022-09-20,MIEL1,Caldas,68.66,80310000.0,107070000.0,75.00700476323901,23.080536,0.05429077,-0.45674133,1013.55096,20.286285,-0.97,0.045657158,0.003516674,0.0028014183,0.371208,0.45995668
2022-09-21,MIEL1,Caldas,69.48,68970000.0,107070000.0,64.4158027458672,23.437958,-0.49402618,-0.12825394,1013.4425,20.261353,-0.97,0.054717064,0.0056624413,0.005066395,0.36688992,0.51040274
2022-09-22,MIEL1,Caldas,70.43,65040000.0,107070000.0,60.74530680862987,22.224823,-0.5842438,-0.7234268,1013.8826,20.245392,-0.97,0.23019314,0.010251999,0.009775162,0.35126916,0.92988557
2022-09-23,MIEL1,Caldas,68.77,55840000.0,107070000.0,52.15279723545344,23.991364,-0.05259323,-0.4238472,1013.1133,20.437561,-0.97,0.030994415,0.0026226044,0.0019073486,0.34449598,0.42709774
2022-09-24,MIEL1,Caldas,68.32000000000001,72970000.0,107070000.0,68.1516764733352,23.847809,-0.035060883,0.65174866,1012.52124,20.252594,-0.97,0.13434887,0.015199184,0.014424324,0.37780815,0.652691
2022-09-25,MIEL1,Caldas,69.28999999999999,57400000.0,107070000.0,53.609787989165966,24.088348,-0.27834702,-0.5433731,1011.6058,20.046295,-0.97,0.0,0.00059604645,0.0,0.3401195,0.6105173
2022-09-26,MIEL1,Caldas,69.06,49480000.0,107070000.0,46.2127580087793,24.464447,-0.14514542,-0.28180313,1011.3066,19.792328,-0.97,0.0021457672,0.0006556511,0.00017881393,0.31654942,0.3169861
2022-09-27,MIEL1,Caldas,68.24,73940000.0,107070000.0,69.05762585224619,24.602997,-0.33333206,-0.6518326,1012.54956,19.543121,-0.97,0.015735626,0.00071525574,0.00023841858,0.30188704,0.7321175
2022-09-28,MIEL1,Caldas,67.07,64260000.0,107070000.0,60.01681143177361,23.203278,0.15399933,-0.6961899,1013.3862,19.425446,-0.97,0.09274483,0.0039339066,0.00333786,0.31129414,0.713019
2022-09-29,MIEL1,Caldas,66.73,78280000.0,107070000.0,73.11104884654898,22.795197,0.020179749,-0.56425476,1012.77155,19.710083,-0.97,0.58853626,0.025451183,0.024914742,0.3666994,0.5646155
2022-09-30,MIEL1,Caldas,65.12,66490000.0,107070000.0,62.09956103483702,22.374054,-0.27910995,-0.62096405,1011.66736,19.713043,-0.97,0.9100437,0.0936985,0.093102455,0.42918283,0.6808074
2022-10-01,MIEL1,Caldas,65.73,91450000.0,149970000.0,60.9788624391545,22.795807,-0.12582397,0.27631378,1013.57935,19.77475,-0.94,0.19478798,0.021338463,0.020802021,0.4319705,0.3036132
2022-10-02,MIEL1,Caldas,64.81,66300000.0,149970000.0,44.20884176835367,23.510406,-0.48722076,0.0010375977,1014.4517,20.034882,-0.94,0.00166893,0.0006556511,0.00017881393,0.39889637,0.48722187
2022-10-03,MIEL1,Caldas,63.49,58600000.0,149970000.0,39.07448156297927,24.102692,-0.34300995,0.13097763,1012.6192,20.411652,-0.94,0.0,0.000834465,0.0,0.36848918,0.36716613
2022-10-04,MIEL1,Caldas,62.98,70850000.0,149970000.0,47.24278188971128,24.724335,-0.14484024,-0.31964493,1011.21686,20.425507,-0.94,0.0011920929,0.0006556511,0.00011920929,0.34794813,0.3509296
2022-10-05,MIEL1,Caldas,61.5,76580000.0,149970000.0,51.06354604254184,22.30722,-0.009082794,-0.6079941,1012.29407,20.184479,-0.94,0.024676323,0.0019669533,0.0012218952,0.34904787,0.6080619
2022-10-06,MIEL1,Caldas,59.92,83940000.0,149970000.0,55.971194238847765,22.755524,0.32515335,-0.5742645,1012.6883,19.972473,-0.94,0.21588802,0.022411346,0.021785498,0.38941854,0.6599276
2022-10-07,MIEL1,Caldas,60.02,86000000.0,149970000.0,57.3448022937921,23.554596,-0.026351929,-0.20203781,1010.9289,19.812653,-0.94,1.609087,0.41663647,0.41615963,0.42793518,0.2037491
2022-10-08,MIEL1,Caldas,62.78,125750000.0,149970000.0,83.85010335400413,22.9133,0.24213791,0.4150238,1011.41406,19.652283,-0.94,0.11742115,0.021398067,0.020861626,0.4230493,0.48049507
2022-10-09,MIEL1,Caldas,64.48,107520000.0,149970000.0,71.69433886777355,23.28714,-0.5318756,-0.5003967,1012.3567,19.413513,-0.94,0.026106834,0.00333786,0.002861023,0.40367317,0.7302661
2022-10-10,MIEL1,Caldas,65.71000000000001,173260000.0,149970000.0,115.5297726211909,23.505707,-0.19241333,-0.14593887,1012.7944,19.365112,-0.94,0.09930134,0.016152859,0.015497208,0.39733043,0.2414975
2022-10-11,MIEL1,Caldas,64.3,115540000.0,149970000.0,77.04207508168301,24.522675,-0.09721756,0.1781044,1013.2111,19.421906,-0.94,0.00834465,0.0006556511,5.9604645e-05,0.36919057,0.20290992
2022-10-12,MIEL1,Caldas,63.09,88300000.0,149970000.0,58.87844235513769,23.993073,0.069812775,0.38539886,1012.0586,19.529022,-0.94,0.009298325,0.00059604645,0.0,0.3506642,0.3916709
2022-10-13,MIEL1,Caldas,61.39,96700000.0,149970000.0,64.4795625791825,22.637726,0.1339302,-0.9507637,1013.0589,19.476898,-0.94,0.3323555,0.026464462,0.02592802,0.36082295,0.9601505
2022-10-14,MIEL1,Caldas,59.69,96030000.0,149970000.0,64.03280656131226,22.82254,-0.5651741,-0.7521057,1013.3248,19.446808,-0.94,0.14960766,0.020742416,0.02014637,0.42076883,0.9407894
2022-10-15,MIEL1,Caldas,58.040000000000006,83950000.0,149970000.0,55.977862239114486,23.55252,-0.03440857,-0.47750092,1013.26764,19.715363,-0.94,0.054717064,0.005185604,0.004827976,0.39267442,0.47873905
2022-10-16,MIEL1,Caldas,58.5,117290000.0,149970000.0,78.208975128359,23.106537,-0.32595062,-0.42132187,1011.7445,19.951447,-0.94,0.0029802322,0.00071525574,0.00029802322,0.40098718,0.5326875
2022-10-17,MIEL1,Caldas,58.7,135880000.0,149970000.0,90.6047876241915,22.682892,-0.027824402,-0.30926895,1011.7495,20.048859,-0.94,0.16152859,0.0067949295,0.006556511,0.38349083,0.3105181
2022-10-18,MIEL1,Caldas,58.23,120790000.0,149970000.0,80.54277522171101,22.250885,-0.4977913,-0.5969925,1012.79956,20.211853,-0.94,0.31256676,0.03194809,0.031411648,0.41566607,0.7773006
2022-10-19,MIEL1,Caldas,57.60999999999999,121070000.0,149970000.0,80.72947922917916,22.783722,-0.0055351257,-0.68997574,1013.22705,20.468414,-0.94,0.046253204,0.0038146973,0.0034570694,0.39528978,0.689998
2022-10-20,MIEL1,Caldas,58.79,174080000.0,149970000.0,116.07654864306194,21.020294,0.5024643,0.23277664,1013.8883,20.373047,-0.94,1.0566711,0.17791986,0.17750263,0.45046502,0.5537647
2022-10-21,MIEL1,Caldas,60.62,150590000.0,149970000.0,100.41341601653664,21.529144,0.40511703,-0.57144547,1012.7581,20.280823,-0.94,0.5428791,0.09137392,0.09101629,0.44134158,0.7004782
2022-10-22,MIEL1,Caldas,61.83,120290000.0,149970000.0,80.20937520837501,22.704071,-0.42218018,-0.6158867,1012.1386,20.35785,-0.94,0.45728683,0.08505583,0.0846982,0.4467972,0.7466944
2022-10-23,MIEL1,Caldas,66.24,175870000.0,149970000.0,117.27012069080484,21.95285,-0.39512634,-0.54247284,1012.5605,20.348572,-0.94,0.45382977,0.08714199,0.086545944,0.43756005,0.6711197
2022-10-24,MIEL1,Caldas,67.49000000000001,146700000.0,149970000.0,97.81956391278256,22.262909,0.13301468,-0.27152252,1012.77423,20.45755,-0.94,0.04553795,0.007748604,0.0072717667,0.4202859,0.30235308
2022-10-25,MIEL1,Caldas,68.11,136880000.0,149970000.0,91.27158765086352,23.268036,0.0009918213,-0.70033646,1013.0472,20.454285,-0.94,0.3556013,0.04184246,0.04145503,0.42454064,0.7003372
2022-10-26,MIEL1,Caldas,68.55,136070000.0,149970000.0,90.73147962925918,21.895477,0.17985535,-0.80550766,1012.53076,20.4646,-0.94,0.9958744,0.17827749,0.17780066,0.45517153,0.82534266
2022-10-27,MIEL1,Caldas,69.23,144500000.0,149970000.0,96.35260385410416,22.242767,0.2066803,-0.73716736,1011.91455,20.418182,-0.94,0.35071373,0.048577785,0.048041344,0.44459313,0.7655929
2022-10-28,MIEL1,Caldas,73.38,236260000.0,149970000.0,157.53817430152696,21.73227,0.078941345,-0.5594902,1013.45013,20.254883,-0.94,2.1111965,0.87177753,0.86313486,0.46131977,0.5650319
2022-10-29,MIEL1,Caldas,75.12,182060000.0,149970000.0,121.39761285590453,21.350983,-0.3307953,-0.6705322,1014.1981,20.225769,-0.94,4.854679,2.9443502,2.7198195,0.46162683,0.7476891
2022-10-30,MIEL1,Caldas,77.9,146170000.0,149970000.0,97.4661598986464,22.353241,0.022434235,-0.9550781,1012.3873,20.131622,-0.94,0.13768673,0.060021877,0.059127808,0.43541908,0.9553416
2022-10-31,MIEL1,Caldas,77.77,83740000.0,149970000.0,55.83783423351337,21.867767,-0.30553818,-0.80213547,1011.5792,20.110199,-0.94,0.026345253,0.0073313713,0.006377697,0.41348734,0.8583559
2022-11-01,MIEL1,Caldas,76.87,118050000.0,184840000.0,63.866046310322446,23.008148,-0.1257286,-0.75457,1012.5558,20.18631,-0.85,0.000834465,0.0011026859,0.00011920929,0.3951551,0.7649729
2022-11-02,MIEL1,Caldas,75.37,104270000.0,184840000.0,56.41095001082017,23.455536,-0.054496765,0.33483124,1013.0161,20.580627,-0.85,0.0011920929,0.0012516975,0.00023841858,0.3801507,0.33923715
2022-11-03,MIEL1,Caldas,73.94,97110000.0,184840000.0,52.537329582341485,22.744843,-0.022342682,0.5939026,1011.66797,20.644318,-0.85,0.006914139,0.0023245811,0.0010728836,0.37317127,0.5943227
2022-11-04,MIEL1,Caldas,74.27,93690000.0,184840000.0,50.68708071845921,24.279694,0.5297775,-0.41635513,1012.53937,20.641876,-0.85,0.015854836,0.0036358833,0.0022053719,0.3598896,0.67380697
2022-11-05,MIEL1,Caldas,74.94,91510000.0,184840000.0,49.507682319844186,22.303375,-0.0033493042,-0.4870262,1012.5067,20.456818,-0.85,0.2875328,0.04339218,0.042319298,0.39394042,0.48703775
2022-11-06,MIEL1,Caldas,76.49000000000001,89540000.0,184840000.0,48.44189569357282,22.020538,0.09422684,-0.32297134,1013.0447,20.322845,-0.85,1.0342598,0.16635656,0.16516447,0.42139632,0.336436
2022-11-07,MIEL1,Caldas,76.46,85670000.0,184840000.0,46.3481930318113,22.098969,0.53258896,-0.34358978,1012.8233,20.423492,-0.85,0.8839369,0.24926662,0.24807453,0.43784603,0.633802
2022-11-08,MIEL1,Caldas,76.73,98630000.0,184840000.0,53.35966241073361,21.856476,0.06797838,-0.6350899,1014.34094,20.464783,-0.85,0.7685423,0.22274256,0.20456314,0.45357773,0.63871765
2022-11-09,MIEL1,Caldas,76.28,122640000.0,184840000.0,66.34927504869076,21.310638,-0.05181122,-0.7501793,1014.1342,20.715271,-0.85,1.0998249,0.5298257,0.5236864,0.44733977,0.75196636
2022-11-10,MIEL1,Caldas,75.49,114450000.0,184840000.0,61.918415927288464,21.552643,-0.8107567,-0.5074005,1014.6686,21.072144,-0.85,1.1600256,0.55265427,0.51629543,0.45166627,0.9564422
2022-11-11,MIEL1,Caldas,75.33999999999999,89770000.0,184840000.0,48.5663276347111,22.18869,-0.13637543,-0.6312599,1013.6912,21.209595,-0.85,0.03707409,0.008046627,0.0062286854,0.42678663,0.645823
2022-11-12,MIEL1,Caldas,76.74,119940000.0,184840000.0,64.88855226141527,21.881927,-0.42536926,-0.91696167,1013.0161,21.188202,-0.85,0.29706955,0.09673834,0.09471178,0.42975572,1.0108203
2022-11-13,MIEL1,Caldas,76.92,107180000.0,184840000.0,57.9852845704393,22.101288,-0.0019416809,-0.94867706,1012.40375,21.494507,-0.85,1.7980337,1.034379,0.93615055,0.4479931,0.94867903
2022-11-14,MIEL1,Caldas,78.28,97280000.0,184840000.0,52.62930101709586,22.964752,0.02923584,-0.8549118,1012.21985,21.611237,-0.85,0.15747547,0.04541874,0.042378902,0.44411728,0.8554115
2022-11-15,MIEL1,Caldas,81.12,168840000.0,184840000.0,91.34386496429345,22.684723,0.07266617,-0.26398087,1012.6905,21.244904,-0.85,0.20551682,0.009179115,0.00590086,0.43695626,0.2737997
2022-11-16,MIEL1,Caldas,82.6,127250000.0,184840000.0,68.8433239558537,23.387665,-0.049873352,0.0066108704,1012.2553,20.97409,-0.85,0.000834465,0.0036358833,5.9604645e-05,0.4216251,0.05030959
2022-11-17,MIEL1,Caldas,84.61999999999999,151340000.0,184840000.0,81.8762172689894,23.588226,0.08452225,0.040813446,1011.47876,20.554901,-0.85,0.14126301,0.02783537,0.024139881,0.40850937,0.09386025
2022-11-18,MIEL1,Caldas,89.03,168720000.0,184840000.0,91.27894395152563,21.563507,-0.69299316,-0.48846436,1012.9169,20.24405,-0.85,0.3620386,0.061511993,0.057518482,0.42594135,0.8478425
2022-11-19,MIEL1,Caldas,89.27000000000001,130040000.0,184840000.0,70.35273750270504,22.995209,-0.13079071,-0.06601715,1011.0625,19.961304,-0.85,0.007867813,0.0052452087,0.0014305115,0.4157089,0.14650759
2022-11-20,MIEL1,Caldas,88.21,126150000.0,184840000.0,68.24821467214889,23.54892,-0.17238998,-0.2531891,1010.6983,19.631378,-0.85,0.079870224,0.020086765,0.015974045,0.4284741,0.30630544
2022-11-21,MIEL1,Caldas,88.21,126150000.0,184840000.0,68.24821467214889,22.12204,0.22411346,-0.3956108,1011.2473,19.591003,-0.85,0.5354881,0.2180934,0.21392107,0.4402889,0.45468092
2022-11-22,MIEL1,Caldas,93.94,205430000.0,184840000.0,111.13936377407488,22.220428,-0.104637146,-0.8670883,1011.95435,19.837036,-0.85,0.60272217,0.1487732,0.14460087,0.44954124,0.8733791
2022-11-23,MIEL1,Caldas,95.0,169320000.0,184840000.0,91.60354901536464,22.098114,0.08585739,-0.7163887,1012.52185,19.888153,-0.85,0.37920475,0.09506941,0.09059906,0.4452087,0.7215153
2022-11-24,MIEL1,Caldas,95.53,143530000.0,184840000.0,77.65094135468513,21.712555,-0.13043213,-0.5208664,1012.25,19.958527,-0.85,0.45907497,0.18689036,0.18253922,0.4471766,0.5369491
2022-11-25,MIEL1,Caldas,95.52,133710000.0,184840000.0,72.33823847652023,22.454498,-0.19355011,-0.20465088,1012.64966,20.341583,-0.85,0.10681152,0.030726194,0.025600195,0.43591905,0.28168002
2022-11-26,MIEL1,Caldas,94.98,129830000.0,184840000.0,70.2391257303614,21.658112,0.121536255,-0.62579346,1014.10034,20.952148,-0.85,0.27179718,0.06055832,0.054955482,0.4408697,0.6374861
2022-11-27,MIEL1,Caldas,93.46,107730000.0,184840000.0,58.28283921229171,21.25357,0.37351227,-0.14152908,1013.4405,21.336884,-0.85,0.46348572,0.14853477,0.14287233,0.44642973,0.39942697
2022-11-28,MIEL1,Caldas,94.27,139910000.0,184840000.0,75.69249080285653,21.675323,0.2505951,-0.51696014,1012.6138,21.821228,-0.85,0.29194355,0.0770092,0.07075071,0.44642463,0.57449603
2022-11-29,MIEL1,Caldas,97.98,188470000.0,184840000.0,101.96386063622592,21.782928,0.25929642,-0.61489487,1011.9417,22.031647,-0.85,0.75495243,0.40498376,0.39830804,0.44715622,0.66733074
2022-11-30,MIEL1,Caldas,101.45,193530000.0,184840000.0,104.70136334126812,21.827484,-0.24858475,-0.86860275,1012.1852,21.963104,-0.85,0.42665005,0.2015233,0.19413233,0.44457775,0.9034739
2022-12-01,MIEL1,Caldas,101.92000000000002,132600000.0,166110000.0,79.82662091385227,22.404144,-0.24214935,-0.89753723,1011.34375,21.826569,-0.71,0.003695488,0.009298325,0.00059604645,0.422544,0.9296287
2022-12-02,MIEL1,Caldas,102.0,132900000.0,166110000.0,80.0072241285895,22.095612,-0.29278183,-1.061985,1011.15,21.879547,-0.71,0.13887882,0.035881996,0.026226044,0.41209358,1.1016049
2022-12-03,MIEL1,Caldas,100.81,105690000.0,166110000.0,63.62651255192342,22.193573,0.09486771,-0.71849823,1012.0086,21.767487,-0.71,0.054717064,0.019907951,0.0094771385,0.39917326,0.7247341
2022-12-04,MIEL1,Caldas,100.46,113900000.0,166110000.0,68.5690205285654,21.876617,0.6357796,-0.49744034,1011.7953,21.814362,-0.71,0.5930662,0.18882751,0.17791986,0.41895267,0.8072562
2022-12-05,MIEL1,Caldas,100.47,96920000.0,166110000.0,58.34687857443862,21.272675,0.2300682,-0.75504684,1011.8047,21.783966,-0.71,0.34356117,0.1206398,0.109016895,0.45093668,0.78932065
2022-12-06,MIEL1,Caldas,100.42,93280000.0,166110000.0,56.15555956896032,21.237396,0.04181671,-0.57925415,1013.0061,21.816498,-0.71,0.21994114,0.08314848,0.06985664,0.43573648,0.5807616
2022-12-07,MIEL1,Caldas,99.84,122260000.0,166110000.0,73.60183011257601,22.12857,-0.43411255,-0.69690704,1013.52515,21.966888,-0.71,0.09036064,0.032424927,0.017553568,0.415752,0.8210561
2022-12-08,MIEL1,Caldas,100.75,336000000.0,166110000.0,202.27560050568897,22.032928,-0.27386856,-0.628891,1012.79236,21.977509,-0.71,0.023007393,0.021755695,0.005528331,0.41162765,0.68593574
2022-12-09,MIEL1,Caldas,100.01,150440000.0,166110000.0,90.5664920835591,22.115082,-0.17192459,-0.7011795,1011.8848,22.00351,-0.71,0.0385046,0.023752451,0.0066161156,0.39942232,0.7219493
2022-12-10,MIEL1,Caldas,98.61,119320000.0,166110000.0,71.83191860815123,22.399872,-0.23628235,-0.7936096,1012.72577,21.967499,-0.71,0.041246414,0.026524067,0.008672476,0.39419794,0.8280372
2022-12-11,MIEL1,Caldas,97.34,124710000.0,166110000.0,75.07675636626333,23.123383,0.10264206,-0.30949783,1012.7603,21.98883,-0.71,0.057935715,0.027775764,0.009715557,0.39156598,0.32607406
2022-12-12,MIEL1,Caldas,97.24,126350000.0,166110000.0,76.06405394016014,22.092377,0.26036072,-0.49266815,1012.64484,22.084564,-0.71,0.08392334,0.025629997,0.007033348,0.38933688,0.5572339
2022-12-13,MIEL1,Caldas,100.75,138450000.0,166110000.0,83.34838360122811,21.700653,0.14476395,-0.37138748,1012.073,22.014557,-0.71,0.33521652,0.04941225,0.030577183,0.40522408,0.39860415
2022-12-14,MIEL1,Caldas,101.83,99740000.0,166110000.0,60.04454879296851,23.042084,0.07180023,-0.048122406,1011.41907,22.249939,-0.71,0.057816505,0.020563602,0.0014901161,0.39481658,0.08643517
2022-12-15,MIEL1,Caldas,102.32,88350000.0,166110000.0,53.18764674011197,22.609955,0.27614212,-0.05152893,1011.04626,22.30722,-0.71,0.0,0.019073486,0.0,0.37870964,0.2809087
2022-12-16,MIEL1,Caldas,101.73,84550000.0,166110000.0,50.90000602010716,22.432648,-0.014629364,-0.3471222,1010.4636,22.324158,-0.71,0.000834465,0.019192696,0.00011920929,0.36515,0.34743032
2022-12-17,MIEL1,Caldas,99.86,98840000.0,166110000.0,59.502739148756845,22.901031,0.33813858,-0.49791718,1009.53033,22.328339,-0.71,0.01347065,0.021129847,0.001937151,0.3584973,0.6018797
2022-12-18,MIEL1,Caldas,99.0,112050000.0,166110000.0,67.45530070435254,21.905182,-0.31412506,-0.5557785,1011.40985,22.426361,-0.71,0.118255615,0.024557114,0.005364418,0.36080408,0.6384076
2022-12-19,MIEL1,Caldas,97.47,105750000.0,166110000.0,63.662633194870864,22.566193,-0.07310867,-0.42755508,1012.6816,22.530182,-0.71,0.0121593475,0.019967556,0.0008940697,0.35687953,0.43376055
2022-12-20,MIEL1,Caldas,96.06,111190000.0,166110000.0,66.93757148877249,23.054352,0.11275482,-0.08211899,1011.9433,22.590485,-0.71,0.00035762787,0.018954277,5.9604645e-05,0.34428594,0.139489
2022-12-21,MIEL1,Caldas,97.1,136690000.0,166110000.0,82.28884474143639,22.555573,0.34599686,-0.8297882,1012.2461,22.658417,-0.71,0.06842613,0.024139881,0.0053048134,0.34228337,0.8990341
2022-12-22,MIEL1,Caldas,98.75,116000000.0,166110000.0,69.83324303172597,22.999176,0.057357788,-0.4375496,1010.8706,22.620453,-0.71,0.03492832,0.022470951,0.003695488,0.34225377,0.44129306
2022-12-23,MIEL1,Caldas,100.38,137430000.0,166110000.0,82.73433267112155,22.946014,0.082221985,-0.6487465,1011.6802,22.73288,-0.71,0.07510185,0.025689602,0.007033348,0.33456883,0.65393615
2022-12-24,MIEL1,Caldas,100.39,117510000.0,166110000.0,70.74227921256998,23.22226,-0.19559479,-0.34331512,1011.6141,22.81018,-0.71,0.14436245,0.022649765,0.0044703484,0.33729213,0.3951235
2022-12-25,MIEL1,Caldas,99.45,107400000.0,166110000.0,64.6559508759256,23.089996,-0.42567825,-1.1632576,1011.16766,22.910034,-0.71,0.01180172,0.019192696,0.0009536743,0.3331261,1.2386969
2022-12-26,MIEL1,Caldas,97.68,95030000.0,166110000.0,57.20907832159412,22.801544,-0.50011444,-0.11658859,1012.1408,23.076752,-0.71,0.002503395,0.018537045,0.00029802322,0.32476106,0.5135244
2022-12-27,MIEL1,Caldas,96.99,103130000.0,166110000.0,62.08536511949912,21.705292,0.31792068,-0.5927582,1013.42017,23.138763,-0.71,0.029921532,0.020682812,0.0026226044,0.31821012,0.67263347
2022-12-28,MIEL1,Caldas,95.86,89490000.0,166110000.0,53.87393895611342,22.523773,0.48373795,-0.643013,1014.1853,23.098785,-0.71,0.17869473,0.04017353,0.022172928,0.33501104,0.804654
2022-12-29,MIEL1,Caldas,95.71,107810000.0,166110000.0,64.9027752693998,22.92807,-0.27980042,-0.761776,1014.3214,23.151398,-0.71,0.08940697,0.026643276,0.008702278,0.3335444,0.81153613
2022-12-30,MIEL1,Caldas,94.89,85330000.0,166110000.0,51.369574378423934,22.757843,0.05599594,-0.58878326,1012.1997,23.108032,-0.71,0.015497208,0.019311905,0.0017881393,0.32381597,0.59144
2022-12-31,MIEL1,Caldas,96.09,132400000.0,166110000.0,79.70621877069412,22.6268,0.018291473,-0.7050705,1013.20654,23.065216,-0.71,0.31268597,0.046372414,0.029027462,0.32440788,0.7053077
2023-01-01,MIEL1,Caldas,95.99,102590000.0,124600000.0,82.3354735152488,22.818695,-0.19940948,-0.8569031,1013.8674,22.870361,-0.54,0.06830692,0.024080276,0.00667572,0.32922554,0.8797994
2023-01-02,MIEL1,Caldas,96.02,109220000.0,124600000.0,87.65650080256822,23.398834,-0.48343277,-0.7181244,1014.053,22.628632,-0.54,0.040650368,0.019907951,0.0027418137,0.33193773,0.8656846
2023-01-03,MIEL1,Caldas,97.73,172420000.0,124600000.0,138.37881219903693,21.588593,0.4600067,-0.6823654,1014.8942,22.575531,-0.54,0.18811226,0.057458878,0.04029274,0.37658376,0.8229391
2023-01-04,MIEL1,Caldas,97.42,112980000.0,124600000.0,90.67415730337078,22.29837,0.21762466,-0.84508514,1014.45825,22.53946,-0.54,0.18692017,0.06389618,0.047028065,0.37842846,0.8726565
2023-01-05,MIEL1,Caldas,96.77,98260000.0,124600000.0,78.86035313001605,23.052826,0.25286865,-0.886467,1013.4444,22.471191,-0.54,0.028729439,0.021249056,0.0044107437,0.36333466,0.9218277
2023-01-06,MIEL1,Caldas,97.73,114080000.0,124600000.0,91.5569823434992,23.26352,-0.06320953,-0.44849777,1013.84326,22.626495,-0.54,0.027298927,0.020682812,0.0038146973,0.36045885,0.45293012
2023-01-07,MIEL1,Caldas,97.3,114710000.0,124600000.0,92.06260032102728,21.92276,0.28292847,-0.12714767,1014.8681,22.83957,-0.54,0.6827116,0.1155138,0.09891391,0.42440397,0.3101855
2023-01-08,MIEL1,Caldas,95.74,102870000.0,124600000.0,82.56019261637239,20.605804,0.3450241,0.17886353,1014.96576,23.036133,-0.54,0.26583672,0.074625015,0.057786703,0.423813,0.38863066
2023-01-09,MIEL1,Caldas,94.68,97850000.0,124600000.0,78.53130016051364,21.954498,0.17887878,-0.14237595,1014.29565,23.251892,-0.54,0.07522106,0.028908253,0.0123381615,0.40621412,0.22862312
2023-01-10,MIEL1,Caldas,94.86,128870000.0,124600000.0,103.42696629213484,21.427887,-0.3763733,-0.95598984,1015.1262,23.590271,-0.54,0.8356571,0.29110909,0.2744496,0.43268764,1.0274111
2023-01-11,MIEL1,Caldas,96.05,124410000.0,124600000.0,99.84751203852328,21.913116,-0.065006256,-0.8625374,1014.29346,23.93637,-0.54,0.0756979,0.032782555,0.016093254,0.42146045,0.86498356
2023-01-12,MIEL1,Caldas,96.4,182820000.0,124600000.0,146.7255216693419,22.022064,-0.0032730103,-0.0076293945,1014.0695,24.075409,-0.54,0.06198883,0.027179718,0.010550022,0.41982895,0.0083018225
2023-01-13,MIEL1,Caldas,95.3,131280000.0,124600000.0,105.36115569823434,23.372284,-0.03475952,-0.402874,1013.1262,24.084015,-0.54,0.21576881,0.029742718,0.013023615,0.40452075,0.40437073
2023-01-14,MIEL1,Caldas,96.11,138320000.0,124600000.0,111.01123595505618,22.209076,-0.15537643,-0.59996414,1013.7534,24.124329,-0.54,0.28920174,0.027894974,0.011205673,0.41613406,0.61975706
2023-01-15,MIEL1,Caldas,96.66,129710000.0,124600000.0,104.1011235955056,22.792877,-0.32614136,-0.628849,1014.28845,24.118988,-0.54,0.17428398,0.05340576,0.03671646,0.4236066,0.708392
2023-01-16,MIEL1,Caldas,96.37,141820000.0,124600000.0,113.82022471910112,22.19638,-0.059215546,-0.38285065,1013.5375,24.079742,-0.54,0.045895576,0.022053719,0.0054836273,0.40848652,0.387403
2023-01-17,MIEL1,Caldas,97.44,150070000.0,124600000.0,120.4414125200642,22.535187,-0.14555359,-0.5817566,1012.3056,24.068909,-0.54,0.20217896,0.04297495,0.026494265,0.40223578,0.59968877
2023-01-18,MIEL1,Caldas,100.45,213810000.0,124600000.0,171.59711075441413,22.029144,0.3075943,-0.5594406,1012.84314,24.089417,-0.54,0.054359436,0.025451183,0.009000301,0.40555686,0.63842624
2023-01-19,MIEL1,Caldas,99.82,135300000.0,124600000.0,108.58747993579452,21.948273,-0.23223877,-0.54621124,1013.4425,24.206512,-0.54,0.054836273,0.02425909,0.008046627,0.39182812,0.5935331
2023-01-20,MIEL1,Caldas,99.8,128360000.0,124600000.0,103.01765650080256,22.060394,0.035331726,-0.4555931,1013.2553,24.330627,-0.54,0.061631203,0.023424625,0.0072717667,0.38702196,0.45696107
2023-01-21,MIEL1,Caldas,98.46,100100000.0,124600000.0,80.33707865168539,22.284637,-0.076057434,-0.32144928,1012.1395,24.33136,-0.54,0.05567074,0.020742416,0.004827976,0.38568902,0.33032465
2023-01-22,MIEL1,Caldas,97.25,106740000.0,124600000.0,85.6661316211878,22.132416,-0.073848724,-0.41801453,1011.3578,24.318695,-0.54,0.25975704,0.02759695,0.011563301,0.4042696,0.42448765
2023-01-23,MIEL1,Caldas,95.97,106740000.0,124600000.0,85.6661316211878,22.103912,0.22958374,-0.2221489,1012.5167,24.518524,-0.54,0.007390976,0.01692772,0.0010728836,0.39140812,0.31946647
2023-01-24,MIEL1,Caldas,94.77,87900000.0,124600000.0,70.54574638844302,23.028778,0.04811859,0.11843109,1011.3661,24.564667,-0.54,0.0,0.015735626,0.0,0.37332457,0.12783319
2023-01-25,MIEL1,Caldas,92.53,79560000.0,124600000.0,63.85232744783307,22.760895,-0.054008484,-0.3092003,1010.71826,24.66745,-0.54,0.0,0.015377998,0.0,0.35868305,0.31388173
2023-01-26,MIEL1,Caldas,91.09,71850000.0,124600000.0,57.6645264847512,22.555573,0.011745453,-0.5679016,1010.6195,24.845764,-0.54,0.007867813,0.016212463,0.0009536743,0.34581247,0.5680231
2023-01-27,MIEL1,Caldas,89.71000000000001,74950000.0,124600000.0,60.15248796147673,22.969025,-0.16250229,-0.504673,1010.9986,25.135101,-0.54,0.0035762787,0.015437603,0.00035762787,0.33427942,0.5301904
2023-01-28,MIEL1,Caldas,89.91,63180000.0,124600000.0,50.706260032102726,22.178375,-0.13236618,-0.5697479,1011.0103,25.138214,-0.54,0.00023841858,0.0150203705,0.0,0.32326156,0.58492184
2023-01-29,MIEL1,Caldas,90.12,59170000.0,124600000.0,47.48796147672552,21.813507,-0.009727478,-0.16569519,1010.14264,25.277771,-0.54,0.0,0.014781952,0.0,0.31460586,0.16598049
2023-01-30,MIEL1,Caldas,87.75,56470000.0,124600000.0,45.321027287319424,21.880524,-0.019985199,-0.8424339,1011.53094,25.629303,-0.54,0.0,0.014662743,0.0,0.30799043,0.842671
2023-01-31,MIEL1,Caldas,84.94,52720000.0,124600000.0,42.31139646869984,22.272797,-0.19851685,-0.83258057,1011.84534,25.888458,-0.54,0.0,0.014364719,0.0,0.30018783,0.85592014
2023-02-01,MIEL1,Caldas,81.98,49020000.0,122490000.0,40.01959343619888,22.125763,-0.05001068,-0.7329979,1012.08673,26.031921,-0.29,0.0,0.014305115,0.0,0.29064652,0.734702
2023-02-02,MIEL1,Caldas,81.44,46100000.0,122490000.0,37.63572536533595,22.6232,-0.051403046,-0.28656006,1011.9422,26.067108,-0.29,0.0,0.01424551,0.0,0.28269333,0.29113388
2023-02-03,MIEL1,Caldas,79.44,43830000.0,122490000.0,35.782512858192504,23.183502,0.35960388,-0.428936,1011.5644,26.229492,-0.29,0.0,0.0140070915,0.0,0.27648386,0.55973303
2023-02-04,MIEL1,Caldas,77.56,80920000.0,122490000.0,66.06253571720141,23.181122,0.092063904,-0.51732635,1013.8284,26.486725,-0.29,0.0023841858,0.013947487,0.00023841858,0.2729301,0.5254544
2023-02-05,MIEL1,Caldas,75.71,59650000.0,122490000.0,48.69785288594987,23.37436,-0.14266586,0.04889679,1012.65454,26.692352,-0.29,0.005722046,0.014066696,0.0005066395,0.26634187,0.15081261
2023-02-06,MIEL1,Caldas,76.51,51930000.0,122490000.0,42.39529757531227,23.631012,0.043785095,0.22235107,1011.6225,26.76883,-0.29,0.00011920929,0.01335144,0.0,0.26304317,0.22662112
2023-02-07,MIEL1,Caldas,77.47,61950000.0,122490000.0,50.575557188341904,24.340118,-0.04795456,0.46901703,1010.61346,26.872559,-0.29,0.00035762787,0.013232231,0.0,0.26063287,0.47146222
2023-02-08,MIEL1,Caldas,76.64999999999999,88420000.0,122490000.0,72.18548452934932,24.551056,0.14710236,0.29972458,1010.34656,26.896454,-0.29,0.0,0.0131726265,0.0,0.25718576,0.33387712
2023-02-09,MIEL1,Caldas,74.15,67640000.0,122490000.0,55.2208343538248,23.596222,0.19239426,-0.58386993,1011.2506,26.892975,-0.29,0.016093254,0.014364719,0.0014901161,0.25307262,0.6147517
2023-02-10,MIEL1,Caldas,72.08,62320000.0,122490000.0,50.87762266307454,23.936127,0.07972336,-0.09153366,1009.97565,26.770294,-0.29,0.008225441,0.013530254,0.0007748604,0.25048617,0.12138461
2023-02-11,MIEL1,Caldas,70.07,65470000.0,122490000.0,53.44926116417666,24.60263,-0.14584732,-0.5365524,1009.8097,26.641357,-0.29,0.002503395,0.01257658,0.00011920929,0.25004742,0.5560215
2023-02-12,MIEL1,Caldas,70.5,65620000.0,122490000.0,53.57172014041962,24.572052,-0.30481339,-0.29314423,1009.3245,26.563812,-0.29,0.02503395,0.013947487,0.0015497208,0.25206137,0.42290038
2023-02-13,MIEL1,Caldas,69.56,90660000.0,122490000.0,74.01420524124418,24.137848,-0.12743759,-0.70077896,1010.0664,26.557007,-0.29,0.034570694,0.015079975,0.0027418137,0.256397,0.71227205
2023-02-14,MIEL1,Caldas,70.23,63700000.0,122490000.0,52.00424524450976,24.412506,-0.07590866,-0.42144394,1010.6078,26.52652,-0.29,0.013709068,0.01347065,0.0013113022,0.25448,0.42822555
2023-02-15,MIEL1,Caldas,68.89,80470000.0,122490000.0,65.69515878847253,23.12619,0.066589355,-0.7159004,1011.9969,26.604614,-0.29,0.20086765,0.019550323,0.0076293945,0.3366916,0.7189907
2023-02-16,MIEL1,Caldas,66.97999999999999,81660000.0,122490000.0,66.66666666666666,22.59195,0.17058563,-0.5057945,1011.01544,26.896057,-0.29,0.16784668,0.015854836,0.0039339066,0.35540146,0.53378606
2023-02-17,MIEL1,Caldas,64.95,73500000.0,122490000.0,60.00489835904972,22.750214,-0.07272339,-0.73638535,1010.5002,27.2706,-0.29,0.47123432,0.07599592,0.063836575,0.36151645,0.73996764
2023-02-18,MIEL1,Caldas,64.95,73500000.0,122490000.0,60.00489835904972,23.462189,-0.46141434,-0.62656784,1011.7308,27.127228,-0.29,0.28300285,0.042021275,0.030338764,0.4013691,0.7781327
2023-02-19,MIEL1,Caldas,61.86000000000001,71940000.0,122490000.0,58.731325006122944,24.19815,-0.09410477,-0.29415894,1011.1378,26.953003,-0.29,0.006556511,0.012636185,0.0008940697,0.38284087,0.30884492
2023-02-20,MIEL1,Caldas,62.89,143830000.0,122490000.0,117.42183035349824,22.419525,-0.32157135,-0.2642212,1011.67346,26.60846,-0.29,0.12743473,0.030815601,0.01937151,0.38887942,0.41619822
2023-02-21,MIEL1,Caldas,64.41,93210000.0,122490000.0,76.09600783737449,21.64267,0.50414276,-0.24905777,1012.20294,26.688446,-0.29,0.17952919,0.035226345,0.02360344,0.38336137,0.5623075
2023-02-22,MIEL1,Caldas,64.77000000000001,87420000.0,122490000.0,71.36909135439628,21.795013,0.39828873,-0.017456055,1014.83936,26.698639,-0.29,0.10848045,0.040352345,0.028848648,0.3852021,0.39867106
2023-02-23,MIEL1,Caldas,62.27,71860000.0,122490000.0,58.66601355212671,23.12503,-0.15567398,-0.26868057,1013.8386,26.787292,-0.29,0.0,0.011384487,0.0,0.3663192,0.31052157
2023-02-24,MIEL1,Caldas,59.68,63080000.0,122490000.0,51.49808147603886,22.710358,0.120903015,-0.6454239,1013.3817,26.964111,-0.29,0.0,0.011086464,0.0,0.3498301,0.65665025
2023-02-25,MIEL1,Caldas,56.93,58410000.0,122490000.0,47.68552534900808,23.970367,-0.0923996,-0.24705887,1012.59674,26.9581,-0.29,0.004053116,0.011503696,0.00047683716,0.3348422,0.2637722
2023-02-26,MIEL1,Caldas,54.14,56110000.0,122490000.0,45.80782104661605,23.885345,-0.030025482,-0.32274628,1011.9506,26.92035,-0.29,0.0009536743,0.010848045,0.00011920929,0.32440704,0.32413992
2023-02-27,MIEL1,Caldas,51.46,58880000.0,122490000.0,48.06923014123602,24.323334,-0.013469696,-0.37736893,1011.6367,26.983124,-0.29,0.0013113022,0.011086464,0.00011920929,0.3161286,0.37760925
2023-02-28,MIEL1,Caldas,48.88,63240000.0,122490000.0,51.62870438403135,25.424652,-0.10057449,-0.20224762,1011.8002,27.140045,-0.29,0.008583069,0.011086464,0.00035762787,0.30755845,0.22587459
2023-03-01,MIEL1,Caldas,47.39,70850000.0,136200000.0,52.01908957415565,24.819366,-0.19249344,-0.10607529,1011.5736,27.313751,-0.02,0.02348423,0.010550022,0.00017881393,0.29953605,0.21978556
2023-03-02,MIEL1,Caldas,48.02,115520000.0,136200000.0,84.81644640234948,25.278168,-0.09194946,-0.05072403,1009.86487,27.182983,-0.02,0.004053116,0.0104904175,0.00023841858,0.29023066,0.10501253
2023-03-03,MIEL1,Caldas,47.4,69740000.0,136200000.0,51.204111600587375,25.861237,-0.18111801,0.26185226,1008.18,27.08548,-0.02,0.0017881393,0.010073185,0.0,0.27960348,0.3183871
2023-03-04,MIEL1,Caldas,45.28,69260000.0,136200000.0,50.85168869309838,25.871552,-0.30142593,-0.79549026,1009.65265,27.111328,-0.02,0.010967255,0.011086464,0.001013279,0.276018,0.85068345
2023-03-05,MIEL1,Caldas,44.68,129480000.0,136200000.0,95.06607929515418,23.89096,-0.094078064,0.16677094,1011.57874,27.349792,-0.02,0.23984909,0.033915043,0.024020672,0.37661687,0.19147643
2023-03-06,MIEL1,Caldas,44.05,105870000.0,136200000.0,77.73127753303964,24.155304,0.3423233,-0.72608185,1012.1747,27.34665,-0.02,0.15616417,0.025093555,0.015377998,0.37170917,0.8027329
2023-03-07,MIEL1,Caldas,45.6,95070000.0,136200000.0,69.80176211453745,23.360504,-0.08974838,-0.5601845,1012.0808,27.227295,-0.02,0.22339821,0.047147274,0.037550926,0.3897305,0.56732833
2023-03-08,MIEL1,Caldas,46.86,101150000.0,136200000.0,74.26578560939795,21.03952,0.15024567,-0.704628,1013.4975,27.255066,-0.02,1.753211,0.5387068,0.5290508,0.44759324,0.72046816
2023-03-09,MIEL1,Caldas,45.84,114910000.0,136200000.0,84.36857562408223,20.406647,-0.06718445,-0.56409836,1014.82153,27.241425,-0.02,2.2121668,0.86665154,0.856936,0.45504558,0.56808513
2023-03-10,MIEL1,Caldas,44.58,86460000.0,136200000.0,63.48017621145375,22.569672,0.1690445,-0.6473427,1014.15186,27.306366,-0.02,0.16975403,0.061810017,0.05197525,0.4393913,0.6690505
2023-03-11,MIEL1,Caldas,43.88,109390000.0,136200000.0,80.3157121879589,21.257843,0.2607422,-0.4406662,1014.28125,27.113464,-0.02,0.45681,0.17875433,0.16885996,0.43335724,0.5120285
2023-03-12,MIEL1,Caldas,42.08,99830000.0,136200000.0,73.29662261380324,20.970917,-0.039402008,-0.29872894,1015.493,27.060577,-0.02,0.6610155,0.18155575,0.17142296,0.43375185,0.30131626
2023-03-13,MIEL1,Caldas,41.7,120280000.0,136200000.0,88.31130690161527,21.296844,0.08412933,0.18228912,1015.7053,27.473602,-0.02,0.41639805,0.16343594,0.15294552,0.43409836,0.2007662
2023-03-14,MIEL1,Caldas,41.31,120280000.0,136200000.0,88.31130690161527,22.65738,-0.14477158,-0.756855,1014.7875,27.61966,-0.02,0.026583672,0.015854836,0.004887581,0.41651523,0.7705766
2023-03-15,MIEL1,Caldas,41.46,121600000.0,136200000.0,89.28046989721,21.962616,0.044540405,-0.22649765,1014.40314,27.982727,-0.02,0.04220009,0.020563602,0.009119511,0.42789796,0.23083551
2023-03-16,MIEL1,Caldas,41.19,98510000.0,136200000.0,72.32745961820851,21.237701,0.25626755,-0.40100098,1013.90063,27.958954,-0.02,0.6637573,0.1129508,0.10114908,0.4446916,0.47589374
2023-03-17,MIEL1,Caldas,40.17,95830000.0,136200000.0,70.359765051395,22.922394,-0.20611572,-0.5656128,1013.72546,27.991333,-0.02,0.90265274,0.3656149,0.35262108,0.44601214,0.6019979
2023-03-18,MIEL1,Caldas,43.41,195930000.0,136200000.0,143.85462555066078,22.775604,0.13640213,-0.57958984,1014.05096,28.174072,-0.02,0.4569292,0.15228987,0.13783574,0.44447026,0.5954242
2023-03-19,MIEL1,Caldas,42.38,127940000.0,136200000.0,93.93538913362704,23.327545,-0.06890488,-0.611763,1014.02423,28.463165,-0.02,0.052690506,0.03325939,0.016182661,0.4270636,0.6156312
2023-03-20,MIEL1,Caldas,41.46,104130000.0,136200000.0,76.45374449339208,22.293,0.1750679,-0.5553131,1014.063,28.669983,-0.02,0.08571148,0.03761053,0.017344952,0.42623964,0.5822555
2023-03-21,MIEL1,Caldas,39.35,88930000.0,136200000.0,65.29368575624083,23.742035,-0.28072357,-0.63655853,1012.84796,28.59494,-0.02,0.044107437,0.029921532,0.007390976,0.40811023,0.69571006
2023-03-22,MIEL1,Caldas,38.15,86070000.0,136200000.0,63.19383259911893,23.817413,-0.10810852,-0.4306717,1011.6278,28.471588,-0.02,0.0059604645,0.025093555,0.0010728836,0.39149502,0.4440333
2023-03-23,MIEL1,Caldas,38.59,132390000.0,136200000.0,97.20264317180616,23.177094,0.133564,-0.5690117,1012.47766,28.583221,-0.02,0.21898746,0.057011843,0.031918287,0.3981043,0.58447725
2023-03-24,MIEL1,Caldas,38.62,100030000.0,136200000.0,73.44346549192365,23.267365,0.28902054,-0.3191986,1012.34454,28.484497,-0.02,0.10037422,0.056684017,0.03093481,0.40474558,0.43060496
2023-03-25,MIEL1,Caldas,38.22,111190000.0,136200000.0,81.63729809104258,23.065277,0.11488342,-0.6064682,1012.7064,28.653412,-0.02,0.039458275,0.033438206,0.006854534,0.3953098,0.6172535
2023-03-26,MIEL1,Caldas,39.57,88420000.0,136200000.0,64.91923641703377,22.876007,0.18978119,0.15427017,1012.57513,28.752472,-0.02,0.051021576,0.030994415,0.003516674,0.39313537,0.24457347
2023-03-27,MIEL1,Caldas,39.2,89860000.0,136200000.0,65.97650513950073,23.584381,0.15538406,0.5103607,1011.8762,28.649078,-0.02,0.0013113022,0.028729439,0.00023841858,0.3778788,0.53349066
2023-03-28,MIEL1,Caldas,38.88,98350000.0,136200000.0,72.20998531571219,23.452728,-0.37250137,0.30646896,1011.9842,28.623596,-0.02,0.035643578,0.03874302,0.009596348,0.3744473,0.48236966
2023-03-29,MIEL1,Caldas,39.05,94620000.0,136200000.0,69.47136563876653,22.689667,0.40905762,-0.689518,1011.99,28.550446,-0.02,0.24604797,0.07605553,0.046670437,0.3817823,0.80172515
2023-03-30,MIEL1,Caldas,38.33,88090000.0,136200000.0,64.6769456681351,23.289581,-0.051246643,-0.03282547,1011.45734,28.484344,-0.02,0.0038146973,0.030457973,0.00017881393,0.3713324,0.060858276
2023-03-31,MIEL1,Caldas,38.78,99540000.0,136200000.0,73.08370044052863,23.66861,-0.0017967224,-0.09936905,1011.8803,28.303986,-0.02,0.0692606,0.034570694,0.003516674,0.3572808,0.09938529
2023-04-01,MIEL1,Caldas,39.47,90600000.0,151310000.0,59.87707355759698,24.396454,0.3592415,-0.26490784,1012.0513,28.482758,0.27,0.047326088,0.03218651,0.0007748604,0.34819752,0.44635257
2023-04-02,MIEL1,Caldas,41.09,102000000.0,151310000.0,67.4112748661688,23.589203,0.22210693,0.24744415,1011.9614,28.62088,0.27,0.13685226,0.034213066,0.002682209,0.35908255,0.3325058
2023-04-03,MIEL1,Caldas,42.76,96980000.0,151310000.0,64.09358271099069,24.34134,-0.092422485,0.5156059,1009.66406,28.722443,0.27,0.0,0.031411648,0.0,0.35090214,0.5238238
2023-04-04,MIEL1,Caldas,43.97,98300000.0,151310000.0,64.9659639151411,24.118988,0.3401413,-0.15134048,1009.3586,28.736877,0.27,0.0,0.03105402,0.0,0.33782753,0.37229028
2023-04-05,MIEL1,Caldas,42.83,83180000.0,151310000.0,54.97323375850903,23.841095,0.20788193,-0.7816849,1009.66516,28.636017,0.27,0.09894371,0.043570995,0.012725592,0.3384591,0.8088548
2023-04-06,MIEL1,Caldas,45.43,98430000.0,151310000.0,65.05188024585289,22.419525,0.42323303,-0.008491516,1010.6353,28.49228,0.27,0.29110909,0.06514788,0.0346303,0.37465566,0.4233182
2023-04-07,MIEL1,Caldas,46.24,104520000.0,151310000.0,69.07672989227413,22.066132,0.16052628,-0.9245529,1012.2424,28.588959,0.27,2.8736591,1.0329485,1.0022223,0.43771088,0.9383852
2023-04-08,MIEL1,Caldas,45.89,90770000.0,151310000.0,59.989425682373934,22.674591,-0.2701149,-0.4795761,1013.15594,28.779297,0.27,1.0819435,0.3466606,0.31149387,0.43610197,0.5504137
2023-04-09,MIEL1,Caldas,46.96,84010000.0,151310000.0,55.52177648536117,23.573639,0.17393875,-0.20414352,1012.28876,28.712372,0.27,0.017642975,0.037550926,0.007033348,0.40994942,0.2681963
2023-04-10,MIEL1,Caldas,48.71,82160000.0,151310000.0,54.299121009847326,24.18509,-0.010341644,-0.3605652,1012.2567,28.772186,0.27,0.0042915344,0.031888485,0.000834465,0.39603615,0.36071345
2023-04-11,MIEL1,Caldas,49.95,80870000.0,151310000.0,53.44656665124579,24.683075,0.21152496,-0.22406769,1011.5619,28.801086,0.27,0.0029802322,0.031769276,0.00023841858,0.38694736,0.3081382
2023-04-12,MIEL1,Caldas,54.190000000000005,153560000.0,151310000.0,101.48701341616548,24.342316,-0.0038986206,-0.13522339,1011.3061,28.67453,0.27,0.013113022,0.03361702,0.001847744,0.38495776,0.13527958
2023-04-13,MIEL1,Caldas,55.50000000000001,92520000.0,151310000.0,61.14599167272486,23.862457,0.03215027,-0.18385696,1009.66565,28.618896,0.27,0.0,0.031769276,0.0,0.37248683,0.18664679
2023-04-14,MIEL1,Caldas,56.38999999999999,86830000.0,151310000.0,57.38549996695526,23.300262,0.56287766,-0.3555565,1009.9625,28.671844,0.27,0.3851652,0.04863739,0.01680851,0.37614918,0.6657715
2023-04-15,MIEL1,Caldas,57.46,74660000.0,151310000.0,49.34240962262904,24.16452,0.14093018,-0.48933792,1010.9906,28.4758,0.27,0.026464462,0.035226345,0.00333786,0.38278306,0.50922775
2023-04-16,MIEL1,Caldas,56.21000000000001,89740000.0,151310000.0,59.30870398519596,20.99765,0.620121,-0.43978882,1013.48096,28.182892,0.27,0.8262396,0.10532141,0.07361174,0.43839523,0.76023966
2023-04-17,MIEL1,Caldas,54.91,87620000.0,151310000.0,57.90760689974225,21.414825,0.18003464,-0.1837883,1013.49,28.235504,0.27,0.6351471,0.21779537,0.18590689,0.45445862,0.25727534
2023-04-18,MIEL1,Caldas,54.17999999999999,85000000.0,151310000.0,56.176062388474,22.459503,0.11713028,-0.95614624,1012.3786,28.378204,0.27,1.1085272,0.49954653,0.46604872,0.4541109,0.9632939
2023-04-19,MIEL1,Caldas,53.55,72620000.0,151310000.0,47.99418412530566,23.24765,0.35995865,-0.56375885,1011.045,28.166168,0.27,0.035643578,0.04351139,0.007390976,0.4292233,0.66887534
2023-04-20,MIEL1,Caldas,52.190000000000005,97940000.0,151310000.0,64.72804176855462,23.353546,-0.19572449,-0.65114975,1012.23267,27.92456,0.27,0.2850294,0.059604645,0.021219254,0.4229106,0.6799295
2023-04-21,MIEL1,Caldas,51.71,87530000.0,151310000.0,57.84812636309563,21.464752,-0.08711624,-0.44075394,1013.53546,27.996185,0.27,0.2732277,0.10561943,0.06580353,0.45239633,0.44928083
2023-04-22,MIEL1,Caldas,51.04,87530000.0,151310000.0,57.84812636309563,21.431122,-0.016227722,-0.8356743,1012.8547,27.92215,0.27,0.9185076,0.36114454,0.3182292,0.45164594,0.8358318
2023-04-23,MIEL1,Caldas,49.04,70580000.0,151310000.0,46.64595862798229,22.659393,0.10235596,-0.60534286,1012.2586,27.568085,0.27,0.17035007,0.116825104,0.068843365,0.4388842,0.6139355
2023-04-24,MIEL1,Caldas,49.55,61290000.0,151310000.0,40.5062454563479,21.492706,-0.13741684,-0.83392715,1013.5628,28.028381,0.27,3.7455559,2.0707846,1.7852485,0.45225495,0.8451733
2023-04-25,MIEL1,Caldas,50.5,66980000.0,151310000.0,44.26673716211751,22.927765,-0.19444656,-0.64894867,1013.08844,28.186157,0.27,0.19669533,0.12290478,0.055372715,0.4336599,0.67745394
2023-04-26,MIEL1,Caldas,51.46,66330000.0,151310000.0,43.83715550855859,22.12088,-0.22406769,-0.22005844,1013.17596,28.277802,0.27,0.09334087,0.0872612,0.011503696,0.4305214,0.3140574
2023-04-27,MIEL1,Caldas,52.42,64550000.0,151310000.0,42.660762672658784,22.706635,0.07403183,-0.32528305,1012.7431,28.296936,0.27,0.33676624,0.107228756,0.023275614,0.43755263,0.33360124
2023-04-28,MIEL1,Caldas,54.36,102430000.0,151310000.0,67.69545965236931,23.745514,-0.07518387,-0.111385345,1012.45374,28.210754,0.27,0.0013113022,0.091552734,0.00029802322,0.42082736,0.13438493
2023-04-29,MIEL1,Caldas,57.57,167640000.0,151310000.0,110.79241292710329,24.515778,-0.18391418,-0.07728958,1012.8303,28.223999,0.27,0.015377998,0.09286404,0.0007748604,0.40515676,0.19949463
2023-04-30,MIEL1,Caldas,59.12,82720000.0,151310000.0,54.66922212675963,23.998993,-0.21061325,-0.3431816,1013.46533,28.357422,0.27,0.0054836273,0.09179115,0.00074505806,0.39327693,0.40265563
2023-05-01,MIEL1,Caldas,60.25,83100000.0,165620000.0,50.17509962564908,24.307465,-0.07959747,0.06254578,1012.6678,28.480347,0.57,0.00011920929,0.089645386,0.0,0.38226208,0.10123108
2023-05-02,MIEL1,Caldas,57.9,74090000.0,165620000.0,44.73493539427606,24.940948,0.1092186,0.3014412,1011.2875,28.316498,0.57,0.0,0.08773804,0.0,0.3643969,0.32061735
2023-05-03,MIEL1,Caldas,58.19,67330000.0,165620000.0,40.65330274121483,23.761017,0.09957123,0.19963074,1008.5806,28.07782,0.57,0.0,0.085651875,0.0,0.34845918,0.22308487
2023-05-04,MIEL1,Caldas,55.61000000000001,62500000.0,165620000.0,37.73698828643884,24.243988,0.1481018,0.13089752,1009.9169,27.85025,0.57,0.0,0.08356571,0.0,0.3349893,0.19765703
2023-05-05,MIEL1,Caldas,54.17,58430000.0,165620000.0,35.27955560922594,24.688873,0.22598267,0.22472763,1009.4222,27.620697,0.57,0.0,0.08112192,0.0,0.322195,0.31870154
2023-05-06,MIEL1,Caldas,52.62,54910000.0,165620000.0,33.1542084289337,25.003082,0.022468567,0.34698868,1010.29407,27.439789,0.57,0.0,0.07843971,0.0,0.31149393,0.34771538
2023-05-07,MIEL1,Caldas,50.1,51980000.0,165620000.0,31.38509841806545,24.961517,-0.020938873,0.02709198,1010.41675,27.556274,0.57,0.0,0.07599592,0.0,0.297821,0.0342405
2023-05-08,MIEL1,Caldas,48.14,49230000.0,165620000.0,29.724670933462143,24.96402,0.008014679,0.30368423,1010.2392,27.48825,0.57,0.0,0.07337332,0.0,0.28743434,0.30378997
2023-05-09,MIEL1,Caldas,48.370000000000005,46870000.0,165620000.0,28.299722255766213,26.014801,-0.05290222,0.43582916,1010.64764,27.310638,0.57,0.0,0.07092953,0.0,0.27530378,0.43902814
2023-05-10,MIEL1,Caldas,48.870000000000005,45050000.0,165620000.0,27.200821156865118,24.115143,-0.48578644,-0.34096146,1012.7494,27.15805,0.57,0.074744225,0.075519085,0.006914139,0.2678398,0.5935008
2023-05-11,MIEL1,Caldas,49.55,57150000.0,165620000.0,34.50670208911967,25.141205,-0.42790604,0.12178421,1012.20404,27.054352,0.57,0.008940697,0.06687641,0.00047683716,0.2677652,0.44489884
2023-05-12,MIEL1,Caldas,50.16,46140000.0,165620000.0,27.858954232580608,25.246185,-0.105358124,-0.056842804,1011.4316,27.012573,0.57,0.002861023,0.06437302,0.00029802322,0.2601831,0.119713984
2023-05-13,MIEL1,Caldas,50.7,45330000.0,165620000.0,27.369882864388355,25.792267,-0.0023765564,0.106472015,1010.448,26.79425,0.57,0.0,0.061631203,0.0,0.2540401,0.10649854
2023-05-14,MIEL1,Caldas,51.13999999999999,40230000.0,165620000.0,24.29054462021495,26.891998,-0.14718246,-0.044158936,1012.22156,26.53128,0.57,0.002503395,0.05942583,0.00029802322,0.24768221,0.15366422
2023-05-15,MIEL1,Caldas,51.7,40820000.0,165620000.0,24.646781789638933,24.115082,-0.0055122375,0.517128,1014.70544,26.4906,0.57,0.03695488,0.06043911,0.003695488,0.25448075,0.5171574
2023-05-16,MIEL1,Caldas,53.63,53300000.0,165620000.0,32.18210361067504,25.102875,0.066921234,-0.31274033,1013.7503,26.425842,0.57,0.0072717667,0.05531311,0.00047683716,0.2655705,0.31982023
2023-05-17,MIEL1,Caldas,55.71,91250000.0,165620000.0,55.0960028982007,23.589447,-0.27869415,0.22520828,1014.20654,26.207855,0.57,0.33259392,0.09006262,0.03683567,0.31986922,0.3583144
2023-05-18,MIEL1,Caldas,56.28,46000000.0,165620000.0,27.774423378818984,25.372223,0.05644989,-0.08363724,1010.6166,26.044067,0.57,0.0,0.051617622,0.0,0.31092736,0.10090479
2023-05-19,MIEL1,Caldas,56.95,54010000.0,165620000.0,32.61079579760898,26.269745,-0.014736176,-0.5292511,1010.4625,25.84433,0.57,0.060081482,0.051677227,0.001847744,0.29342377,0.5294562
2023-05-20,MIEL1,Caldas,57.54,52910000.0,165620000.0,31.94662480376766,24.547028,-0.044395447,-0.189991,1011.1144,25.865662,0.57,0.29730797,0.055611134,0.0076293945,0.32891238,0.19510904
2023-05-21,MIEL1,Caldas,58.23,42150000.0,165620000.0,25.449824900374352,22.412079,0.3265686,-0.7310333,1011.5731,25.75058,0.57,0.87440014,0.1090765,0.06222725,0.36109608,0.8006602
2023-05-22,MIEL1,Caldas,58.81,50640000.0,165620000.0,30.576017389204203,23.072296,0.13415527,-0.6818466,1012.5986,25.635254,0.57,0.988245,0.2219677,0.12928247,0.40386462,0.694919
2023-05-23,MIEL1,Caldas,59.43000000000001,48580000.0,165620000.0,29.33220625528318,23.103973,-0.36177444,-0.8013153,1013.3886,25.698944,0.57,1.127243,0.24843216,0.20375848,0.44298476,0.8791968
2023-05-24,MIEL1,Caldas,60.12,54150000.0,165620000.0,32.69532665137061,22.14035,-0.21455002,-0.41898727,1011.63403,25.79898,0.57,0.5377531,0.15568733,0.11229515,0.44370177,0.47072503
2023-05-25,MIEL1,Caldas,60.64000000000001,45950000.0,165620000.0,27.74423378818983,22.948334,-0.090473175,-0.13272476,1010.8088,25.945068,0.57,0.37765503,0.12528896,0.082850456,0.4395674,0.1606277
2023-05-26,MIEL1,Caldas,61.77,48420000.0,165620000.0,29.235599565269894,22.951752,0.17647934,0.3461647,1013.16406,26.033295,0.57,0.061035156,0.052809715,0.011146069,0.43735594,0.38855496
2023-05-27,MIEL1,Caldas,62.28,38650000.0,165620000.0,23.336553556333776,24.128387,0.038856506,-0.13814926,1013.40924,26.047913,0.57,0.0166893,0.042140484,0.0011324883,0.4150544,0.14350975
2023-05-28,MIEL1,Caldas,63.260000000000005,63020000.0,165620000.0,38.050960028982,24.370575,0.124248505,-0.07702255,1013.41406,26.03659,0.57,0.22113323,0.044465065,0.004529953,0.4038892,0.14618538
2023-05-29,MIEL1,Caldas,64.09,50850000.0,165620000.0,30.702813669846638,23.891571,-0.081718445,-0.22158813,1012.4428,26.12619,0.57,0.0021457672,0.039100647,0.00023841858,0.38846773,0.23617621
2023-05-30,MIEL1,Caldas,65.96,90750000.0,165620000.0,54.79410699190919,23.679108,-0.029884338,-0.076732635,1013.02313,26.115875,0.57,0.01347065,0.039339066,0.0013709068,0.38106564,0.08234665
2023-05-31,MIEL1,Caldas,66.75,60690000.0,165620000.0,36.64412510566357,25.149933,-0.670681,-0.4818344,1012.64764,26.009613,0.57,0.07212162,0.03838539,0.0012814999,0.37293178,0.82581925
2023-06-01,MIEL1,Caldas,68.83,124360000.0,112050000.0,110.98616688978136,23.434235,-0.5319481,-0.36179352,1014.11597,25.937164,0.84,0.19311905,0.04428625,0.007748604,0.38303095,0.6433221
2023-06-02,MIEL1,Caldas,69.24,64740000.0,112050000.0,57.77777777777777,24.314178,0.39432526,0.29364777,1012.41565,26.095612,0.84,0.00035762787,0.035583973,0.0,0.3723554,0.4916517
2023-06-03,MIEL1,Caldas,69.8,60700000.0,112050000.0,54.17224453369032,24.256561,0.355484,0.30747986,1010.6911,26.160797,0.84,0.0,0.034570694,0.0,0.35325888,0.47001356
2023-06-04,MIEL1,Caldas,70.88,58350000.0,112050000.0,52.07496653279786,24.595184,-0.19048691,-0.06609726,1011.9575,26.11502,0.84,0.00071525574,0.03349781,0.0,0.33701134,0.20162866
2023-06-05,MIEL1,Caldas,71.83,63700000.0,112050000.0,56.84962070504239,23.714691,-0.14497757,-0.1642685,1013.3214,26.206573,0.84,0.00047683716,0.032782555,0.0,0.32175004,0.21909504
2023-06-06,MIEL1,Caldas,73.91,113640000.0,112050000.0,101.4190093708166,24.661957,-0.14411163,0.024673462,1013.28326,26.186432,0.84,0.0032186508,0.03194809,0.00035762787,0.31003913,0.14620855
2023-06-07,MIEL1,Caldas,74.75,65580000.0,112050000.0,58.52744310575636,24.250885,-0.07925415,0.26875305,1012.0564,26.163208,0.84,0.00071525574,0.030755997,0.00011920929,0.30017453,0.28019533
2023-06-08,MIEL1,Caldas,75.3,61370000.0,112050000.0,54.77019187862562,24.91867,-0.14025879,-0.15535355,1013.33685,26.22348,0.84,0.00035762787,0.029742718,0.0,0.28775358,0.20930183
2023-06-09,MIEL1,Caldas,76.35,73930000.0,112050000.0,65.97947344935297,24.394745,0.064762115,0.038578033,1014.03186,26.302704,0.84,0.059366226,0.030994415,0.0019669533,0.29700828,0.075381674
2023-06-10,MIEL1,Caldas,77.83,66430000.0,112050000.0,59.28603302097278,23.997772,-0.029514313,-0.56217575,1013.9258,26.264618,0.84,0.08928776,0.034213066,0.006198883,0.29518956,0.56294996
2023-06-11,MIEL1,Caldas,78.86999999999999,66570000.0,112050000.0,59.41097724230254,24.624481,-0.12134552,0.10993576,1013.7634,26.23996,0.84,0.0436306,0.027954578,0.00071525574,0.29210728,0.16373944
2023-06-12,MIEL1,Caldas,76.13,54330000.0,112050000.0,48.48728246318608,24.55606,0.26538086,0.8955345,1011.5037,26.133484,0.84,0.00011920929,0.026524067,0.0,0.27884138,0.9340284
2023-06-13,MIEL1,Caldas,76.36,49460000.0,112050000.0,44.14100847835788,26.472565,-0.2768402,0.39319992,1010.1767,25.941254,0.84,0.0,0.025570393,0.0,0.26159796,0.48088115
2023-06-14,MIEL1,Caldas,76.92999999999999,46690000.0,112050000.0,41.66889781347612,24.664703,0.123680115,0.43340683,1010.9348,25.806244,0.84,0.00023841858,0.024855137,0.0,0.24730869,0.4507086
2023-06-15,MIEL1,Caldas,77.42999999999999,42880000.0,112050000.0,38.26863007585899,25.33432,-0.02758789,0.4080963,1011.0611,25.810638,0.84,0.010371208,0.024557114,0.00047683716,0.2336376,0.40902776
2023-06-16,MIEL1,Caldas,77.83,40280000.0,112050000.0,35.94823739402052,25.556122,-0.12703323,0.7009163,1011.698,25.9617,0.84,0.0,0.023126602,0.0,0.22625759,0.71233493
2023-06-17,MIEL1,Caldas,78.24,39060000.0,112050000.0,34.859437751004016,25.613495,-0.16110611,0.55410767,1012.2506,26.027283,0.84,0.0,0.022470951,0.0,0.21636255,0.57705325
2023-06-18,MIEL1,Caldas,78.53999999999999,37320000.0,112050000.0,33.306559571619815,25.831024,-0.4524231,0.54369354,1012.6184,25.986633,0.84,0.0009536743,0.02169609,0.0,0.21129712,0.70731133
2023-06-19,MIEL1,Caldas,78.86,35860000.0,112050000.0,32.00356983489513,25.087494,0.146698,0.94569397,1010.7463,25.840332,0.84,0.0,0.020623207,0.0,0.2066897,0.95700437
2023-06-20,MIEL1,Caldas,79.05,34450000.0,112050000.0,30.74520303435966,25.628448,-0.0988884,0.6100426,1010.02563,25.73767,0.84,0.0,0.019907951,0.0,0.20288919,0.6180056
2023-06-21,MIEL1,Caldas,77.73,33330000.0,112050000.0,29.745649263721557,26.057648,0.037326813,0.45041275,1009.33,25.623291,0.84,0.0,0.019013882,0.0,0.19761859,0.45195678
2023-06-22,MIEL1,Caldas,76.4,32420000.0,112050000.0,28.93351182507809,26.522675,-0.20966339,0.36309052,1010.6184,25.545807,0.84,0.0,0.01847744,0.0,0.19445212,0.4192773
2023-06-23,MIEL1,Caldas,76.95,41440000.0,112050000.0,36.98348951361,26.171478,-0.36359406,-0.3161316,1012.1358,25.526245,0.84,0.121593475,0.018179417,0.00047683716,0.18973856,0.4818089
2023-06-24,MIEL1,Caldas,77.88000000000001,58480000.0,112050000.0,52.190986166889786,24.311493,0.16902542,-0.4164734,1012.64374,25.473328,0.84,0.17225742,0.019848347,0.0027418137,0.21899799,0.449466
2023-06-25,MIEL1,Caldas,78.68,55360000.0,112050000.0,49.40651494868362,24.27005,-0.4487648,-0.100883484,1012.28564,25.504486,0.84,0.10359287,0.018835068,0.0024437904,0.2323817,0.45996448
2023-06-26,MIEL1,Caldas,82.01,85660000.0,112050000.0,76.44801427933959,25.037018,-0.3495636,-0.6626282,1013.59845,25.726074,0.84,0.01013279,0.016570091,0.00011920929,0.2484014,0.7491801
2023-06-27,MIEL1,Caldas,82.89999999999999,52540000.0,112050000.0,46.88978134761268,25.910004,-0.29457855,-0.28050232,1012.8281,25.919952,0.84,0.0015497208,0.015556812,0.0,0.23656788,0.4067654
2023-06-28,MIEL1,Caldas,83.61,44810000.0,112050000.0,39.99107541276216,26.876862,-0.25487518,0.3943329,1011.6119,25.915009,0.84,0.0,0.01513958,0.0,0.22398193,0.46953145
2023-06-29,MIEL1,Caldas,84.1,39170000.0,112050000.0,34.957608210620265,26.955414,0.16188812,0.7695236,1010.16,25.88147,0.84,0.0,0.014662743,0.0,0.21405856,0.78636783
2023-06-30,MIEL1,Caldas,84.48,35900000.0,112050000.0,32.039268183846495,27.423553,-0.024856567,0.6894531,1011.0661,25.915009,0.84,0.0,0.014066696,0.0,0.20174494,0.68990105
2023-07-01,MIEL1,Caldas,84.78999999999999,32920000.0,77800000.0,42.31362467866324,26.943085,-0.16264725,0.6534462,1010.4817,25.895569,1.12,0.0,0.01347065,0.0,0.19563246,0.673384
2023-07-02,MIEL1,Caldas,85.76,42680000.0,77800000.0,54.8586118251928,26.630402,-0.2922516,-0.18309021,1011.97516,25.958618,1.12,0.0,0.012874603,0.0,0.18963997,0.34486666
2023-07-03,MIEL1,Caldas,86.53,46530000.0,77800000.0,59.807197943444734,25.902191,-0.6874466,-0.72143936,1013.2606,26.073517,1.12,0.007033348,0.012516975,0.0,0.18585527,0.9965227
2023-07-04,MIEL1,Caldas,88.1,77400000.0,77800000.0,99.48586118251929,24.17984,-0.047519684,0.02142334,1014.128,26.145752,1.12,0.20456314,0.016331673,0.004351139,0.28546885,0.052125614
2023-07-05,MIEL1,Caldas,88.74,45510000.0,77800000.0,58.4961439588689,25.020721,-0.23451996,-0.11648941,1013.3614,26.069122,1.12,0.00071525574,0.01168251,0.0,0.26092574,0.26185757
2023-07-06,MIEL1,Caldas,89.23,44220000.0,77800000.0,56.83804627249357,25.313751,-0.36963654,0.1724472,1012.1914,25.96814,1.12,0.00047683716,0.011384487,0.0,0.24510746,0.40788382
2023-07-07,MIEL1,Caldas,90.12,65670000.0,77800000.0,84.40874035989717,23.809174,-0.27749634,-0.8461189,1012.8153,25.948303,1.12,0.13029575,0.013232231,0.0022649765,0.25262105,0.8904613
2023-07-08,MIEL1,Caldas,90.9,58490000.0,77800000.0,75.17994858611826,24.2164,-0.116744995,0.35411453,1013.1183,26.242218,1.12,0.10740757,0.012218952,0.0016093254,0.28592008,0.37286258
2023-07-09,MIEL1,Caldas,91.32,40270000.0,77800000.0,51.760925449871465,25.737701,-0.33081436,0.22454453,1012.52423,26.251648,1.12,0.058054924,0.011920929,0.0015497208,0.2661526,0.39982295
2023-07-10,MIEL1,Caldas,89.31,37220000.0,77800000.0,47.84061696658098,25.110748,0.09615326,0.50318146,1011.02325,26.364288,1.12,0.0,0.009834766,0.0,0.24289805,0.5122861
2023-07-11,MIEL1,Caldas,89.60000000000001,35210000.0,77800000.0,45.25706940874036,26.007965,-0.03830719,0.089229584,1011.14374,26.29303,1.12,0.0,0.009655952,0.0,0.23009793,0.09710489
2023-07-12,MIEL1,Caldas,89.48,35530000.0,77800000.0,45.66838046272493,25.990936,-0.17461014,0.30257034,1011.6467,26.257202,1.12,0.008821487,0.009119511,0.0,0.21946166,0.34933868
2023-07-13,MIEL1,Caldas,89.64,32690000.0,77800000.0,42.01799485861182,27.23056,-0.044136047,0.44747925,1009.0084,26.121368,1.12,0.0,0.009059906,0.0,0.20716713,0.4496506
2023-07-14,MIEL1,Caldas,89.98,33810000.0,77800000.0,43.457583547557846,26.485199,-0.1566925,-0.14484787,1010.1511,26.056213,1.12,0.0,0.008583069,0.0,0.1991874,0.21338569
2023-07-15,MIEL1,Caldas,90.16,31900000.0,77800000.0,41.0025706940874,26.342499,-0.33271027,0.91527176,1010.7994,26.033722,1.12,0.02515316,0.00834465,0.00011920929,0.19271462,0.97386783
2023-07-16,MIEL1,Caldas,90.36,29730000.0,77800000.0,38.2133676092545,27.325592,-0.07978058,0.51769257,1010.4475,26.160309,1.12,0.0,0.008106232,0.0,0.18470788,0.5238039
2023-07-17,MIEL1,Caldas,90.58,31500000.0,77800000.0,40.48843187660668,26.976044,-0.5741806,0.51137924,1012.0861,26.16455,1.12,0.0,0.0076293945,0.0,0.18048735,0.7688902
2023-07-18,MIEL1,Caldas,90.74,28760000.0,77800000.0,36.96658097686375,27.327972,-0.0013809204,0.802433,1012.7739,26.150665,1.12,0.0,0.0074505806,0.0,0.17926161,0.8024342
2023-07-19,MIEL1,Caldas,90.59,27800000.0,77800000.0,35.732647814910024,25.554413,-0.2438736,1.2099762,1012.97577,26.146576,1.12,0.0,0.0072717667,0.0,0.17785443,1.2343082
2023-07-20,MIEL1,Caldas,90.7,26780000.0,77800000.0,34.42159383033419,26.851715,0.14601517,1.2560043,1011.21045,25.945923,1.12,0.0,0.0069737434,0.0,0.17842957,1.2644632
2023-07-21,MIEL1,Caldas,90.76,26160000.0,77800000.0,33.624678663239074,26.602875,0.18296814,0.87244415,1010.66406,25.743835,1.12,0.0,0.00667572,0.0,0.17848106,0.8914237
2023-07-22,MIEL1,Caldas,90.85,25410000.0,77800000.0,32.660668380462724,25.519745,-0.071502686,0.629364,1011.3322,25.558197,1.12,0.00011920929,0.0064969063,0.0,0.17747237,0.6334127
2023-07-23,MIEL1,Caldas,90.93,24750000.0,77800000.0,31.812339331619537,26.29892,-0.21570206,0.49843597,1013.14294,25.294403,1.12,0.0,0.0062584877,0.0,0.17365924,0.54310757
2023-07-24,MIEL1,Caldas,90.99,24050000.0,77800000.0,30.912596401028274,26.610504,-0.006298065,0.65896225,1012.7367,24.916962,1.12,0.0,0.006198883,0.0,0.1741637,0.65899235
2023-07-25,MIEL1,Caldas,91.09,23430000.0,77800000.0,30.115681233933163,26.191559,-0.12785721,0.56492233,1011.70123,24.679108,1.12,0.0,0.0059604645,0.0,0.17518732,0.5792104
2023-07-26,MIEL1,Caldas,91.34,25750000.0,77800000.0,33.09768637532134,25.214752,-0.5685463,-0.77262115,1012.2736,24.551788,1.12,0.09679794,0.0067949295,0.0009536743,0.20010075,0.95926446
2023-07-27,MIEL1,Caldas,92.16,30710000.0,77800000.0,39.47300771208226,25.637787,-0.46891403,0.08255768,1011.5986,24.453522,1.12,0.0047683716,0.005722046,0.00017881393,0.20948151,0.4761262
2023-07-28,MIEL1,Caldas,92.96,47060000.0,77800000.0,60.48843187660668,26.096039,-1.006031,-0.05823517,1012.66656,24.381012,1.12,0.009536743,0.0056624413,0.00017881393,0.20316558,1.0077151
2023-07-29,MIEL1,Caldas,93.12,26470000.0,77800000.0,34.023136246786635,26.834564,-0.2363472,0.65001297,1012.26904,24.43396,1.12,0.014781952,0.005722046,0.00035762787,0.19870242,0.69164795
2023-07-30,MIEL1,Caldas,93.16,23380000.0,77800000.0,30.051413881748072,26.374908,-0.33980942,0.8018112,1011.695,24.497711,1.12,0.0,0.0051259995,0.0,0.19353312,0.8708454
2023-07-31,MIEL1,Caldas,93.23,22220000.0,77800000.0,28.560411311053983,26.197845,-0.19108582,0.836689,1012.577,24.380371,1.12,0.0,0.0049471855,0.0,0.190842,0.858232
2023-08-01,MIEL1,Caldas,93.25,21550000.0,77690000.0,27.738447676663665,25.452545,-0.21423721,0.7985611,1013.9495,24.319397,1.37,0.0,0.0047683716,0.0,0.18853295,0.8267995
2023-08-02,MIEL1,Caldas,93.07,20730000.0,77690000.0,26.68297078131033,25.172333,-0.17761993,0.46277237,1014.04517,24.615234,1.37,0.0,0.004827976,0.0,0.18611366,0.49568853
2023-08-03,MIEL1,Caldas,92.67,20160000.0,77690000.0,25.94928562234522,26.644806,-0.042118073,0.39357376,1013.27795,24.665863,1.37,0.0,0.004529953,0.0,0.18372107,0.39582098
2023-08-04,MIEL1,Caldas,92.67,19360000.0,77690000.0,24.91955206590295,27.020111,-0.28326416,0.4514389,1012.02625,24.808197,1.37,0.0,0.004529953,0.0,0.18252829,0.53295
2023-08-05,MIEL1,Caldas,92.71,19340000.0,77690000.0,24.89380872699189,27.720123,-0.51857376,0.62225723,1011.5478,24.81659,1.37,0.0,0.0042915344,0.0,0.18057567,0.81001407
2023-08-06,MIEL1,Caldas,92.71,18400000.0,77690000.0,23.683871798172223,26.982086,-0.1445427,0.5364647,1011.4228,24.765411,1.37,0.0,0.0042915344,0.0,0.17956178,0.55559605
2023-08-07,MIEL1,Caldas,92.72,18130000.0,77690000.0,23.33633672287296,26.954193,-0.34267044,0.14297867,1012.9611,24.625702,1.37,0.0,0.0038146973,0.0,0.17919755,0.37130302
2023-08-08,MIEL1,Caldas,92.7,17570000.0,77690000.0,22.61552323336337,27.309662,-0.43927002,0.34210587,1013.3292,24.457825,1.37,0.0,0.0039339066,0.0,0.17884095,0.5567716
2023-08-09,MIEL1,Caldas,92.28,21930000.0,77690000.0,28.227571115973745,26.036835,0.050956726,0.8002968,1012.91077,24.34375,1.37,0.0,0.0039339066,0.0,0.18139166,0.80191743
2023-08-10,MIEL1,Caldas,92.19,18250000.0,77690000.0,23.490796756339297,26.392609,-0.3219719,0.025241852,1012.41705,24.279938,1.37,0.0,0.0038146973,0.0,0.181798,0.32295984
2023-08-11,MIEL1,Caldas,92.09,35320000.0,77690000.0,45.46273651692624,27.308441,-0.3058052,0.3407097,1011.5009,24.173737,1.37,0.000834465,0.0038146973,0.0,0.17781061,0.45782083
2023-08-12,MIEL1,Caldas,91.17,19370000.0,77690000.0,24.93242373535848,27.62259,-0.39017487,-0.37501907,1011.28015,24.083282,1.37,0.017046928,0.0038146973,0.00011920929,0.17692707,0.54117996
2023-08-13,MIEL1,Caldas,91.21,23670000.0,77690000.0,30.46724160123568,27.03537,-0.40945435,0.5094986,1010.8208,24.26007,1.37,0.0011920929,0.0035762787,5.9604645e-05,0.17533655,0.6536373
2023-08-14,MIEL1,Caldas,91.17,18250000.0,77690000.0,23.490796756339297,27.409698,-0.63142395,-0.30415344,1011.17847,24.358643,1.37,0.0026226044,0.00333786,0.0,0.17381456,0.70086056
2023-08-15,MIEL1,Caldas,92.12,62350000.0,77690000.0,80.25485905521947,25.929474,-0.67941666,0.3454399,1011.613,24.539764,1.37,0.46110153,0.0069737434,0.003874302,0.1926181,0.7621914
2023-08-16,MIEL1,Caldas,92.83,42120000.0,77690000.0,54.21547174668554,26.2482,-0.7106781,-0.73166656,1011.4347,24.88382,1.37,0.008821487,0.00333786,0.00011920929,0.18915436,1.0199996
2023-08-17,MIEL1,Caldas,92.83,29120000.0,77690000.0,37.48230145449865,26.518097,-1.1369095,-0.80892944,1011.32764,24.7742,1.37,0.05567074,0.003516674,0.00044703484,0.18801221,1.3953243
2023-08-18,MIEL1,Caldas,94.04,87340000.0,77690000.0,112.42116102458488,25.080963,-0.5963783,-1.0624084,1011.35016,24.660248,1.37,0.29432774,0.0061392784,0.0030398369,0.21379906,1.2183509
2023-08-19,MIEL1,Caldas,94.15,37800000.0,77690000.0,48.65491054189729,24.836456,-0.272789,-1.157959,1010.4886,24.537231,1.37,0.57673454,0.03516674,0.0320673,0.2616124,1.1896566
2023-08-20,MIEL1,Caldas,95.01,62390000.0,77690000.0,80.30634573304157,24.63797,-0.21178436,-0.90600204,1009.8033,24.452301,1.37,0.21910667,0.0121593475,0.009119511,0.28243476,0.9304259
2023-08-21,MIEL1,Caldas,96.4,47670000.0,77690000.0,61.3592482945038,23.829254,0.23102188,-0.4920082,1009.7634,24.477875,1.37,2.114892,0.2014041,0.19842386,0.410726,0.54354686
2023-08-22,MIEL1,Caldas,99.03,117430000.0,77690000.0,151.1520144162698,22.9841,-0.33755493,-0.05044937,1010.4472,24.494415,1.37,0.5800724,0.03194809,0.029146671,0.42026737,0.34130406
2023-08-23,MIEL1,Caldas,97.25,62350000.0,77690000.0,80.25485905521947,24.673248,-0.060897827,-0.33668137,1011.3164,24.425537,1.37,0.14066696,0.003993511,0.0010728836,0.3956622,0.34214455
2023-08-24,MIEL1,Caldas,95.56,103970000.0,77690000.0,133.82674732912858,24.127472,-0.27449036,-0.2942543,1013.1947,24.590698,1.37,0.07927418,0.0041127205,0.0012516975,0.36776692,0.40240598
2023-08-25,MIEL1,Caldas,92.76,64700000.0,77690000.0,83.27970137726864,25.129242,-0.15823746,-0.13264084,1012.8042,24.805206,1.37,0.0,0.002861023,0.0,0.34379214,0.20647684
2023-08-26,MIEL1,Caldas,90.38,49070000.0,77690000.0,63.161282018277774,25.204254,-0.05066681,0.20562363,1010.892,24.841034,1.37,0.0,0.002861023,0.0,0.32271284,0.21177395
2023-08-27,MIEL1,Caldas,90.59,54580000.0,77690000.0,70.25357188827391,25.173004,-0.20349121,0.26235962,1011.2467,24.805267,1.37,0.00047683716,0.002861023,0.0,0.30171743,0.33202597
2023-08-28,MIEL1,Caldas,88.33,42870000.0,77690000.0,55.18084695585017,25.81192,0.21590424,0.44258118,1012.14484,24.8508,1.37,0.00023841858,0.0026226044,0.0,0.2842796,0.49243551
2023-08-29,MIEL1,Caldas,87.19,39010000.0,77690000.0,50.21238254601622,25.563446,-0.20044327,-0.39990616,1013.27954,24.761261,1.37,0.0030994415,0.0026226044,0.0,0.27290654,0.44732812
2023-08-30,MIEL1,Caldas,87.42999999999999,35990000.0,77690000.0,46.325138370446645,25.27304,0.012580872,0.6350174,1011.4386,24.715332,1.37,0.0,0.0023841858,0.0,0.26365992,0.635142
2023-08-31,MIEL1,Caldas,87.62,33580000.0,77690000.0,43.22306603166431,25.248749,0.034389496,0.27071762,1010.2562,24.631775,1.37,0.0,0.0023841858,0.0,0.25402075,0.27289316
2023-09-01,MIEL1,Caldas,87.79,55545000.0,138140000.0,40.20920804980455,25.418304,0.00059890747,0.09041977,1011.0728,24.45755,1.6,0.0,0.0023841858,0.0,0.24574062,0.09042175
2023-09-02,MIEL1,Caldas,88.03,60290000.0,138140000.0,43.64412914434632,25.224457,0.15383911,-0.6390648,1011.1036,24.046509,1.6,0.0011920929,0.0023841858,5.9604645e-05,0.23572218,0.65732056
2023-09-03,MIEL1,Caldas,88.22,55340000.0,138140000.0,40.06080787606776,23.504547,0.14447403,-0.4151802,1012.3678,23.676361,1.6,0.7714033,0.01257658,0.010371208,0.30171195,0.43959907
2023-09-04,MIEL1,Caldas,88.83,79059000.0,138140000.0,57.23106992905748,24.16977,-0.21009064,-0.4509468,1012.78845,23.504639,1.6,0.2323389,0.0052452087,0.0029206276,0.31223947,0.49748477
2023-09-05,MIEL1,Caldas,88.94,54270000.0,138140000.0,39.28623135949037,25.603973,-0.21205139,0.35708237,1012.27454,23.482483,1.6,0.002026558,0.0023841858,5.9604645e-05,0.2923433,0.41529942
2023-09-06,MIEL1,Caldas,88.7,49768000.0,138140000.0,36.02721876357319,25.89206,-0.009086609,0.347126,1011.04517,23.438324,1.6,0.0,0.0023841858,0.0,0.2789611,0.34724492
2023-09-07,MIEL1,Caldas,88.79,46581000.0,138140000.0,33.720138989431014,25.739227,0.06315613,0.0031280518,1010.16675,23.342865,1.6,0.0,0.0023245811,0.0,0.26446956,0.06323354
2023-09-08,MIEL1,Caldas,86.26,47632000.0,138140000.0,34.480961343564495,26.30954,-0.22181702,-0.44814682,1010.7583,23.403381,1.6,0.00011920929,0.0023245811,0.0,0.251514,0.5000383
2023-09-09,MIEL1,Caldas,82.87,67154000.0,138140000.0,48.61300130302592,26.554047,-0.29371262,0.4953003,1010.3816,23.525177,1.6,0.00011920929,0.0021457672,0.0,0.23638724,0.575838
2023-09-10,MIEL1,Caldas,82.57,54875000.0,138140000.0,39.724192847835525,25.771515,-0.417881,-0.8709831,1012.2675,23.665619,1.6,0.0032186508,0.002026558,0.0,0.22520739,0.9660415
2023-09-11,MIEL1,Caldas,80.54,58387000.0,138140000.0,42.266541190097,26.26065,-0.16557312,0.13496399,1012.08203,23.800812,1.6,0.004887581,0.0022053719,0.00017881393,0.21923804,0.21361119
2023-09-12,MIEL1,Caldas,80.44,62969000.0,138140000.0,45.58346604893586,26.264984,-0.11182022,-0.47885895,1011.21857,23.815796,1.6,0.20456314,0.0041127205,0.0022053719,0.24760148,0.49174145
2023-09-13,MIEL1,Caldas,80.47999999999999,48085000.0,138140000.0,34.80888953235848,25.685211,-0.1101799,-0.5866928,1011.14935,23.662872,1.6,0.00071525574,0.0019073486,0.0,0.2437953,0.596949
2023-09-14,MIEL1,Caldas,80.67,55659000.0,138140000.0,40.29173302446793,25.367706,-0.4247322,0.11613083,1010.6464,23.470001,1.6,0.00011920929,0.0019073486,0.0,0.2455957,0.4403224
2023-09-15,MIEL1,Caldas,80.75,50082000.0,138140000.0,36.25452439554076,26.264679,0.024551392,0.2784233,1011.035,23.395905,1.6,0.0,0.0019073486,0.0,0.23643222,0.27950367
2023-09-16,MIEL1,Caldas,80.86,56021000.0,138140000.0,40.5537860141885,26.261566,-0.32868195,-0.17674637,1011.427,23.470276,1.6,0.0038146973,0.001847744,0.0,0.22808984,0.37319046
2023-09-17,MIEL1,Caldas,81.53,77915000.0,138140000.0,56.402924569277545,26.54068,-0.4565239,0.29660416,1011.7028,23.322357,1.6,0.000834465,0.001847744,0.0,0.22250155,0.54441535
2023-09-18,MIEL1,Caldas,81.63,63098000.0,138140000.0,45.67684957289706,25.931732,-0.058216095,-0.018203735,1010.3647,23.299988,1.6,0.0,0.0017881393,0.0,0.21464837,0.060995817
2023-09-19,MIEL1,Caldas,81.82000000000001,54092000.0,138140000.0,39.157376574489646,26.505035,0.07875824,0.36263657,1011.0386,23.383362,1.6,0.003695488,0.00166893,0.0,0.20863092,0.37109047
2023-09-20,MIEL1,Caldas,81.73,46559000.0,138140000.0,33.70421311712755,25.345184,-0.046482086,0.23617554,1010.77795,23.545715,1.6,0.00011920929,0.0015497208,0.0,0.20756611,0.24070618
2023-09-21,MIEL1,Caldas,81.39999999999999,44160000.0,138140000.0,31.967569132763863,26.133331,-0.008369446,0.06418991,1010.4247,23.809052,1.6,0.00023841858,0.0014305115,0.0,0.20218697,0.06473324
2023-09-22,MIEL1,Caldas,80.80000000000001,53814000.0,138140000.0,38.95613146083684,26.77066,-0.2038765,0.039604187,1009.27466,23.819489,1.6,0.00071525574,0.0015497208,0.0,0.19704065,0.20768756
2023-09-23,MIEL1,Caldas,80.08,58745000.0,138140000.0,42.52569856667149,27.500946,-0.30937958,0.011104584,1009.16516,23.806763,1.6,0.0,0.0013113022,0.0,0.1860386,0.3095788
2023-09-24,MIEL1,Caldas,81.28,84971000.0,138140000.0,61.51078615896917,25.958588,-0.4589157,-0.038066864,1010.60626,23.84616,1.6,0.037670135,0.0019073486,0.00035762787,0.20443493,0.46049184
2023-09-25,MIEL1,Caldas,80.83,57448000.0,138140000.0,41.58679600405386,27.102936,-0.7535248,-0.019897461,1010.65985,23.771332,1.6,0.0,0.0014305115,0.0,0.20741983,0.7537874
2023-09-26,MIEL1,Caldas,80.93,55110000.0,138140000.0,39.89431012016794,25.486542,-0.4311943,-1.1285286,1012.952,23.796906,1.6,0.058293343,0.0036358833,0.0020861626,0.20590834,1.2080998
2023-09-27,MIEL1,Caldas,80.87,49443000.0,138140000.0,35.791950195453886,25.340057,0.26078033,-1.1621094,1011.67126,23.507172,1.6,0.02837181,0.00166893,0.00020861626,0.22216807,1.1910099
2023-09-28,MIEL1,Caldas,80.11,74520000.0,138140000.0,53.94527291153902,24.772491,0.27251053,-0.68027496,1010.2703,23.29834,1.6,0.22423267,0.0047683716,0.0034570694,0.23816182,0.7328274
2023-09-29,MIEL1,Caldas,79.35,59610000.0,138140000.0,43.15187490951209,25.081757,-0.18260193,-0.4223442,1010.5481,23.21283,1.6,0.42665005,0.011205673,0.009775162,0.27159894,0.46012834
2023-09-30,MIEL1,Caldas,78.51,57563000.0,138140000.0,41.670044882003765,26.313873,-0.30776596,-0.4419899,1010.65906,23.055542,1.6,0.031232834,0.003516674,0.0020861626,0.26959085,0.5385861
2023-10-01,MIEL1,Caldas,77.71000000000001,70360000.0,194620000.0,36.15250231219813,27.031403,-0.1604271,0.49422073,1010.4225,22.823303,1.83,0.041246414,0.0017285347,0.00035762787,0.2756693,0.5196066
2023-10-02,MIEL1,Caldas,77.25999999999999,57503000.0,194620000.0,29.546295344774432,25.050873,-0.21545029,-0.859478,1010.29236,22.764038,1.83,0.37491322,0.007212162,0.00590086,0.28909603,0.88607067
2023-10-03,MIEL1,Caldas,76.83,63932000.0,194620000.0,32.849655739389576,24.960602,0.34581757,-0.5566826,1010.1345,22.764038,1.83,0.28264523,0.008285046,0.0070929527,0.3364969,0.6553513
2023-10-04,MIEL1,Caldas,77.52,102129000.0,194620000.0,52.47610728599321,22.585297,-0.7131729,-0.48012543,1012.82904,22.753082,1.83,1.5107393,0.17225742,0.17088652,0.41292423,0.8597302
2023-10-05,MIEL1,Caldas,77.84,75261000.0,194620000.0,38.67074298633234,23.615509,-0.14617538,-0.49883652,1013.47266,22.818573,1.83,0.09560585,0.0060796738,0.0047683716,0.3737203,0.5198126
2023-10-06,MIEL1,Caldas,79.58,189853000.0,194620000.0,97.55061144794983,22.700531,-0.23843765,-0.4607315,1014.02704,23.132812,1.83,0.032305717,0.0033974648,0.0022649765,0.35023612,0.51877356
2023-10-07,MIEL1,Caldas,77.07000000000001,95796000.0,194620000.0,49.22207378481143,24.658417,-0.09592819,-0.5703621,1012.6294,23.1586,1.83,0.002861023,0.0013709068,0.00011920929,0.3313168,0.57837284
2023-10-08,MIEL1,Caldas,78.57,154483000.0,194620000.0,79.37673414859727,24.240387,-0.5812111,-0.72084427,1012.27454,23.065674,1.83,0.37240982,0.005841255,0.004887581,0.32735735,0.92597127
2023-10-09,MIEL1,Caldas,79.42,108174000.0,194620000.0,55.58216010687494,25.409454,-0.20423508,-0.61571884,1012.1211,23.09372,1.83,0.0054836273,0.0015497208,0.00023841858,0.31403083,0.6487077
2023-10-10,MIEL1,Caldas,80.89,134769000.0,194620000.0,69.24725105333471,25.59372,-0.19387436,0.3926506,1011.86346,23.201569,1.83,0.23806095,0.009953976,0.008702278,0.33067644,0.43790612
2023-10-11,MIEL1,Caldas,80.97,138152000.0,194620000.0,70.98551022505394,25.815643,-0.09062195,-0.7485428,1011.363,23.300629,1.83,0.020623207,0.0014305115,0.00035762787,0.32613117,0.7540084
2023-10-12,MIEL1,Caldas,80.77,86320000.0,194620000.0,44.35309834549378,25.223541,0.16640091,-0.45197678,1010.2402,23.31607,1.83,0.0,0.0013709068,0.0,0.30233464,0.48163497
2023-10-13,MIEL1,Caldas,80.53,82854000.0,194620000.0,42.57219196382695,26.047516,-0.11672211,-0.5166855,1010.6358,23.264618,1.83,0.0009536743,0.0013113022,2.9802322e-05,0.28544354,0.5297055
2023-10-14,MIEL1,Caldas,80.03,94427000.0,194620000.0,48.51865173157949,23.937225,-0.22378159,-0.6776428,1013.2697,23.19226,1.83,0.2092123,0.0033974648,0.0019669533,0.2988298,0.7136372
2023-10-15,MIEL1,Caldas,80.30000000000001,74467000.0,194620000.0,38.26276847189395,25.410614,-0.13256073,-0.37451935,1013.0842,23.470795,1.83,0.0,0.0011920929,0.0,0.29491293,0.39728716
2023-10-16,MIEL1,Caldas,80.81,91210000.0,194620000.0,46.865686979755424,24.474396,-0.64388657,-0.7026825,1013.45,23.60553,1.83,0.059485435,0.002026558,0.0009536743,0.2838195,0.95307535
2023-10-17,MIEL1,Caldas,81.07,75272000.0,194620000.0,38.67639502620492,24.431,0.22595596,-0.4301567,1012.09015,23.776886,1.83,0.0009536743,0.0013709068,2.9802322e-05,0.2784622,0.48589185
2023-10-18,MIEL1,Caldas,81.46,74650000.0,194620000.0,38.35679786250129,27.00174,-0.49200058,0.023880005,1010.4534,23.71051,1.83,0.0022649765,0.0011920929,0.00011920929,0.26531106,0.49257976
2023-10-19,MIEL1,Caldas,81.34,68880000.0,194620000.0,35.392046038433875,26.878937,-0.47358322,0.016155243,1010.2403,23.514648,1.83,0.0064373016,0.0013709068,0.00035762787,0.24579969,0.47385868
2023-10-20,MIEL1,Caldas,78.57,75140000.0,194620000.0,38.60857054773405,25.592926,-0.14696884,-0.52433014,1011.58905,23.60315,1.83,0.0038146973,0.0011920929,0.0,0.2332261,0.54453826
2023-10-21,MIEL1,Caldas,76.47,81161000.0,194620000.0,41.70229164525743,23.9169,0.013195038,-0.7572899,1013.0758,23.888458,1.83,0.14197826,0.0067949295,0.005722046,0.26406378,0.75740486
2023-10-22,MIEL1,Caldas,76.29,71504000.0,194620000.0,36.74031445894564,23.662506,-0.10179901,-0.378788,1013.27435,24.031342,1.83,0.045776367,0.0035762787,0.0025629997,0.2917546,0.39222875
2023-10-23,MIEL1,Caldas,75.51,70261000.0,194620000.0,36.10163395334498,25.484161,0.017650604,-0.3087349,1011.34094,23.979797,1.83,0.0072717667,0.0010728836,0.00011920929,0.30201417,0.30923903
2023-10-24,MIEL1,Caldas,76.75999999999999,118898000.0,194620000.0,61.09238516082623,22.859772,-0.12224579,-0.7763634,1012.29877,23.871246,1.83,1.1746883,0.0744462,0.07337332,0.35332316,0.78592885
2023-10-25,MIEL1,Caldas,77.42,103160000.0,194620000.0,53.00585756859522,22.779205,0.19530106,-0.7594261,1011.4639,23.879608,1.83,0.06818771,0.005185604,0.0041127205,0.3656544,0.78413683
2023-10-26,MIEL1,Caldas,79.63,174606000.0,194620000.0,89.7163703627582,22.143768,0.14622116,-0.6201172,1011.4384,23.893433,1.83,0.803113,0.079751015,0.07876754,0.40096533,0.63712317
2023-10-27,MIEL1,Caldas,82.28,189614000.0,194620000.0,97.42780803617306,22.436127,0.16548157,-0.8367729,1011.8645,23.94513,1.83,0.18775463,0.010311604,0.009208918,0.41336316,0.85297894
2023-10-28,MIEL1,Caldas,83.50999999999999,147337000.0,194620000.0,75.70496351865174,23.922882,-0.080596924,-1.0554237,1011.91705,23.833496,1.83,0.06830692,0.005841255,0.004827976,0.38774496,1.0584966
2023-10-29,MIEL1,Caldas,84.39999999999999,114031000.0,194620000.0,58.59161442811634,23.533905,-0.34592056,-0.8321762,1011.34546,24.184296,1.83,0.15318394,0.014305115,0.013232231,0.3859918,0.90120935
2023-10-30,MIEL1,Caldas,83.0,129200000.0,194620000.0,66.38577741239338,23.587372,-0.2859993,-0.99183655,1012.15,24.305267,1.83,0.18310547,0.023543835,0.022649765,0.41766614,1.0322477
2023-10-31,MIEL1,Caldas,82.98,262252000.0,194620000.0,134.75079642380024,23.28653,0.016132355,-0.5832405,1012.52563,24.454834,1.83,0.39827824,0.037550926,0.036537647,0.41672462,0.5834636
2023-11-01,MIEL1,Caldas,82.1,193021000.0,237840000.0,81.15581903800874,22.930145,-0.16213226,-0.64982986,1012.16425,24.205109,1.99,0.48911572,0.037312508,0.036358833,0.39882177,0.6697505
2023-11-02,MIEL1,Caldas,82.83,181714000.0,237840000.0,76.40178271106628,22.746002,0.021816254,-0.43450546,1011.77515,24.064636,1.99,1.5047789,0.21636486,0.20480156,0.45235404,0.4350528
2023-11-03,MIEL1,Caldas,83.17,236446000.0,237840000.0,99.41389169189372,22.829132,-0.4087448,-0.8667755,1010.7689,24.394806,1.99,1.159668,0.31411648,0.3131628,0.45040935,0.95831734
2023-11-04,MIEL1,Caldas,83.63000000000001,233989000.0,237840000.0,98.38084426505212,22.954193,-0.05589676,-0.16282654,1011.2341,24.382294,1.99,1.7340183,0.51116943,0.51027536,0.4570522,0.1721538
2023-11-05,MIEL1,Caldas,82.59,161339000.0,237840000.0,67.83509922637066,23.649078,0.12515259,0.036777496,1010.7341,24.441772,1.99,0.042796135,0.0057816505,0.004827976,0.42378154,0.13044445
2023-11-06,MIEL1,Caldas,81.72,222709000.0,237840000.0,93.6381601076354,22.92221,-0.24347687,-0.62700653,1011.9995,24.62024,1.99,0.24175644,0.04273653,0.041782856,0.43060285,0.67262036
2023-11-07,MIEL1,Caldas,80.47999999999999,159355000.0,237840000.0,67.00092499159098,23.442108,-0.4283867,-0.21077347,1012.33716,24.512817,1.99,0.024199486,0.0035762787,0.0025629997,0.42571592,0.47743127
2023-11-08,MIEL1,Caldas,79.03,122280000.0,237840000.0,51.41271442986882,25.092682,-0.18739319,-0.10390854,1010.5572,24.524902,1.99,0.000834465,0.001013279,8.940697e-05,0.40147048,0.21427363
2023-11-09,MIEL1,Caldas,77.84,110188000.0,237840000.0,46.32862428523377,26.39914,-0.12652206,0.14796066,1009.3122,24.387543,1.99,0.002026558,0.0009536743,0.0,0.38297054,0.1946797
2023-11-10,MIEL1,Caldas,78.57,103883000.0,237840000.0,43.67768247561386,25.769684,-0.05134964,0.20032883,1009.2598,24.37967,1.99,0.0013113022,0.000834465,0.00017881393,0.36559927,0.20680529
2023-11-11,MIEL1,Caldas,78.22,96115000.0,237840000.0,40.41162125798856,25.430328,0.22969818,-0.2076912,1009.2175,24.252167,1.99,0.00059604645,0.000834465,5.9604645e-05,0.352508,0.30967224
2023-11-12,MIEL1,Caldas,78.97,137666000.0,237840000.0,57.881769256643125,25.739471,0.19781876,-0.32684326,1009.9869,24.100372,1.99,0.15592575,0.0037550926,0.002861023,0.36210406,0.38204554
2023-11-13,MIEL1,Caldas,79.84,105130000.0,237840000.0,44.20198452741339,24.889435,0.29103088,-0.47190857,1009.83685,24.129456,1.99,0.08332729,0.0027418137,0.0017881393,0.36183393,0.55443364
2023-11-14,MIEL1,Caldas,81.08,118996000.0,237840000.0,50.03195425496132,24.366425,0.09328842,-0.21240616,1009.3853,24.164825,1.99,0.01180172,0.0014901161,0.0005364418,0.3658147,0.23198944
2023-11-15,MIEL1,Caldas,82.5,133752000.0,237840000.0,56.236125126135214,23.187592,0.14993286,-0.6524315,1010.1178,24.133942,1.99,0.0064373016,0.0011920929,0.0004172325,0.3496014,0.6694376
2023-11-16,MIEL1,Caldas,83.69,134702000.0,237840000.0,56.635553313151696,24.305023,0.18133545,0.2907982,1010.03076,24.09665,1.99,0.00166893,0.0009536743,0.00011920929,0.33863795,0.34270415
2023-11-17,MIEL1,Caldas,84.69,151264000.0,237840000.0,63.59905819038008,24.361176,0.55020523,-0.7161293,1011.0372,23.913025,1.99,0.18191338,0.014722347,0.013887882,0.33274147,0.90308744
2023-11-18,MIEL1,Caldas,84.69,182026000.0,237840000.0,76.53296333669694,22.033417,-0.22942734,-0.48563385,1014.02686,23.820007,1.99,4.422784,1.4650226,1.4644265,0.4468905,0.5371007
2023-11-19,MIEL1,Caldas,85.99,171254000.0,237840000.0,72.00386814665322,22.617401,0.17608261,-0.7293701,1014.6731,23.978912,1.99,0.1718998,0.03528595,0.034332275,0.4388814,0.75032383
2023-11-20,MIEL1,Caldas,85.45,159781000.0,237840000.0,67.18003699966364,22.781769,-0.32683182,-0.9242096,1013.8967,24.120392,1.99,0.40733814,0.07033348,0.06955862,0.44717532,0.9802971
2023-11-21,MIEL1,Caldas,83.32000000000001,143586000.0,237840000.0,60.37083753784056,23.070038,-0.20456314,-0.76807404,1012.3123,24.381256,1.99,0.09548664,0.014841557,0.013947487,0.43384975,0.7948483
2023-11-22,MIEL1,Caldas,81.15,115068000.0,237840000.0,48.38042381432896,23.68692,-0.22216415,-0.9367409,1012.0087,24.578278,1.99,0.08428097,0.0073313713,0.0064373016,0.4180427,0.9627255
2023-11-23,MIEL1,Caldas,80.47,111376000.0,237840000.0,46.82811974436596,23.747345,-0.18540955,-0.7117157,1012.36237,24.722076,1.99,0.044345856,0.0060796738,0.00500679,0.4070522,0.7354699
2023-11-24,MIEL1,Caldas,82.15,170229000.0,237840000.0,71.57290615539858,23.786407,-0.045200348,-0.72164917,1012.9533,24.662994,1.99,0.19228458,0.022411346,0.021517277,0.39894474,0.72306335
2023-11-25,MIEL1,Caldas,83.44,164237000.0,237840000.0,69.05356542213252,22.574493,0.15279388,-0.57113266,1013.34814,24.43158,1.99,0.10931492,0.007212162,0.006377697,0.40821493,0.5912178
2023-11-26,MIEL1,Caldas,84.28,124338000.0,237840000.0,52.27800201816347,23.406403,-0.10509491,-0.15093994,1011.9425,24.144989,1.99,0.038146973,0.001847744,0.0011324883,0.40125367,0.18392336
2023-11-27,MIEL1,Caldas,85.25,102856000.0,237840000.0,43.245879582912885,23.542938,0.08226395,0.2281723,1010.0683,23.971771,1.99,0.0,0.000834465,0.0,0.38311186,0.24254887
2023-11-28,MIEL1,Caldas,85.31,92380000.0,237840000.0,38.84123780692903,24.068573,0.008491516,0.09616089,1010.27875,23.72876,1.99,0.0,0.000834465,0.0,0.36977926,0.09653509
2023-11-29,MIEL1,Caldas,85.39,89200000.0,237840000.0,37.50420450723176,23.36728,0.19108963,-0.27095032,1010.84607,23.621063,1.99,0.0,0.0007748604,0.0,0.3585252,0.3315559
2023-11-30,MIEL1,Caldas,84.28,87294000.0,237840000.0,36.70282542885974,23.006989,-0.029678345,-0.6884041,1011.3669,23.589447,1.99,0.006556511,0.0011920929,0.00044703484,0.35063347,0.6890435
2023-12-01,MIEL1,Caldas,84.56,77855000.0,210800000.0,36.9331119544592,23.76712,-0.14409256,-0.074287415,1010.8989,23.568756,2.06,0.007390976,0.001013279,0.00029802322,0.34252822,0.16211504
2023-12-02,MIEL1,Caldas,85.07000000000001,72843000.0,210800000.0,34.55550284629981,23.07956,0.17707443,-0.12805557,1010.608,23.367188,2.06,0.0009536743,0.001013279,0.00011920929,0.33244738,0.21852595
2023-12-03,MIEL1,Caldas,85.66,72938000.0,210800000.0,34.60056925996205,23.34378,-0.089904785,-0.39663315,1010.7653,23.376068,2.06,0.00011920929,0.00071525574,5.9604645e-05,0.32241866,0.40669486
2023-12-04,MIEL1,Caldas,86.05000000000001,88216000.0,210800000.0,41.84819734345351,23.941315,0.117733,-0.10284042,1010.40076,23.505157,2.06,0.0015497208,0.000834465,0.00017881393,0.3133518,0.15632406
2023-12-05,MIEL1,Caldas,84.59,75594000.0,210800000.0,35.86053130929791,24.082367,0.013710022,-0.005592346,1010.3925,23.845612,2.06,0.00047683716,0.000834465,0.0,0.3081727,0.014806722
2023-12-06,MIEL1,Caldas,86.61,105181000.0,210800000.0,49.896110056926,23.529022,0.0493927,-0.043582916,1010.35126,24.007202,2.06,0.0021457672,0.0008940697,0.00023841858,0.3023172,0.06587192
2023-12-07,MIEL1,Caldas,87.02,90768000.0,210800000.0,43.05882352941177,23.607208,-0.17052078,-0.6762314,1011.26373,24.170807,2.06,0.06747246,0.004827976,0.004172325,0.3049277,0.6973996
2023-12-08,MIEL1,Caldas,87.69,81654000.0,210800000.0,38.73529411764706,24.58902,-0.12995529,-0.1654892,1010.4989,24.333862,2.06,0.006556511,0.0013113022,0.0006556511,0.3091634,0.21041638
2023-12-09,MIEL1,Caldas,86.06,71317000.0,210800000.0,33.831593927893735,23.955048,0.02186203,0.26226425,1009.52594,24.341492,2.06,0.0,0.00071525574,0.0,0.30149794,0.26317388
2023-12-10,MIEL1,Caldas,86.42999999999999,69185000.0,210800000.0,32.82020872865275,24.407318,-0.0073661804,0.18884659,1008.89374,24.400787,2.06,0.0,0.00071525574,0.0,0.2934921,0.18899019
2023-12-11,MIEL1,Caldas,86.83,65643000.0,210800000.0,31.1399430740038,24.8732,0.06455994,0.070007324,1008.4333,24.360443,2.06,0.0,0.0007748604,0.0,0.2863379,0.095231354
2023-12-12,MIEL1,Caldas,87.19,63181000.0,210800000.0,29.97201138519924,25.334503,0.16762543,-0.050094604,1008.6661,24.341125,2.06,0.002503395,0.0009536743,0.00017881393,0.27935454,0.17495072
2023-12-13,MIEL1,Caldas,87.62,62688000.0,210800000.0,29.738140417457306,24.720673,0.10926056,-0.14730835,1008.14844,24.240082,2.06,0.0019073486,0.0008940697,0.00017881393,0.27296752,0.18340562
2023-12-14,MIEL1,Caldas,88.56,64371000.0,210800000.0,30.536527514231494,24.01358,0.19056702,-0.5913811,1007.96594,24.049316,2.06,0.012874603,0.0019073486,0.001013279,0.27033755,0.6213271
2023-12-15,MIEL1,Caldas,89.67,91053000.0,210800000.0,43.19402277039848,22.928314,0.40657425,0.1480217,1009.46533,24.100464,2.06,0.47445297,0.029623508,0.029087067,0.3743026,0.43268123
2023-12-16,MIEL1,Caldas,90.14,82824000.0,210800000.0,39.29032258064516,22.182526,0.41775298,-0.4490242,1011.59344,24.158722,2.06,1.4079809,0.24658442,0.24580956,0.4114337,0.61330277
2023-12-17,MIEL1,Caldas,90.77,90384000.0,210800000.0,42.876660341555976,22.694061,-0.36068726,-0.12790298,1012.6283,24.136932,2.06,0.82051754,0.1167655,0.11599064,0.4523862,0.3826937
2023-12-18,MIEL1,Caldas,91.19,73820000.0,210800000.0,35.018975332068315,23.42392,-0.08433151,-0.8160248,1011.2278,24.170471,2.06,0.059843063,0.008106232,0.0072717667,0.42744818,0.8203708
2023-12-19,MIEL1,Caldas,91.59,75127000.0,210800000.0,35.63899430740038,23.713654,-0.2999611,-1.1588593,1011.2406,24.195496,2.06,0.094652176,0.01347065,0.012755394,0.41634095,1.1970512
2023-12-20,MIEL1,Caldas,92.01,70063000.0,210800000.0,33.23671726755219,23.705292,-0.13621902,-0.8061638,1010.8647,24.164948,2.06,0.094652176,0.019431114,0.018715858,0.41816676,0.8175914
2023-12-21,MIEL1,Caldas,90.54,82465000.0,210800000.0,39.12001897533207,24.853607,0.124240875,-0.48563004,1011.02454,24.213257,2.06,0.40841103,0.112473965,0.11181831,0.41810936,0.5012707
2023-12-22,MIEL1,Caldas,90.56,71853000.0,210800000.0,34.08586337760911,24.733124,-0.13446426,-0.16248703,1010.53015,24.297546,2.06,0.00166893,0.00071525574,0.00023841858,0.39668024,0.21090916
2023-12-23,MIEL1,Caldas,91.78,74344000.0,210800000.0,35.267552182163186,24.551483,-0.13147736,-0.6604233,1011.3947,24.43927,2.06,0.08499622,0.008106232,0.0075101852,0.38637215,0.6733834
2023-12-24,MIEL1,Caldas,92.94,78594000.0,210800000.0,37.28368121442126,24.190094,-0.09576416,-0.30664062,1011.9269,24.529022,2.06,0.02348423,0.0033974648,0.0027418137,0.38400513,0.3212464
2023-12-25,MIEL1,Caldas,94.33,76062000.0,210800000.0,36.08254269449716,24.13034,0.26945877,-0.13652039,1012.53467,24.621307,2.06,0.06747246,0.0022649765,0.0015199184,0.382177,0.30206928
2023-12-26,MIEL1,Caldas,95.95,42044000.0,210800000.0,19.944971537001894,23.399872,0.4522667,-0.13701248,1013.4959,24.79248,2.06,0.12636185,0.008583069,0.008225441,0.416749,0.4725649
2023-12-27,MIEL1,Caldas,94.3,71658000.0,210800000.0,33.99335863377609,22.544647,0.31993103,-0.49744797,1013.253,24.717194,2.06,0.18250942,0.026464462,0.025808811,0.4173341,0.5914477
2023-12-28,MIEL1,Caldas,91.72,71217000.0,210800000.0,33.78415559772296,23.357758,0.025722504,-0.29034042,1013.3825,24.804688,2.06,0.17404556,0.009655952,0.008821487,0.40494907,0.29147762
2023-12-29,MIEL1,Caldas,92.96,80320000.0,210800000.0,38.10246679316888,22.98172,-0.40130234,-0.63640213,1014.6653,24.667847,2.06,0.03838539,0.005722046,0.005066395,0.40884325,0.7523638
2023-12-30,MIEL1,Caldas,95.25,145842000.0,210800000.0,69.18500948766604,22.735077,-0.45289993,-0.8157196,1015.6753,24.812073,2.06,0.289917,0.066280365,0.065624714,0.43243802,0.9330149
2023-12-31,MIEL1,Caldas,93.09,98523000.0,210800000.0,46.7376660341556,23.356842,-0.044891357,-0.7381706,1014.7609,24.782928,2.06,0.03194809,0.004708767,0.0041127205,0.4095264,0.7395344
2024-01-01,MIEL1,Caldas,93.07,83044000.0,159960000.0,51.91547886971743,24.118256,-0.1672554,-0.81297684,1013.66565,24.931946,1.92,0.022053719,0.0030398369,0.0021755695,0.39517194,0.83000344
2024-01-02,MIEL1,Caldas,90.52,93331000.0,159960000.0,58.346461615403854,24.965363,-0.47592163,-0.7031174,1012.78094,25.216858,1.92,0.022411346,0.0029802322,0.0024437904,0.38370228,0.84904385
2024-01-03,MIEL1,Caldas,90.97,77168000.0,159960000.0,48.242060515128784,24.112885,-0.49806595,-0.99246216,1012.985,25.272644,1.92,0.061154366,0.007927418,0.007212162,0.3779214,1.1104282
2024-01-04,MIEL1,Caldas,91.92,85559000.0,159960000.0,53.48774693673418,24.118195,-0.28487015,-0.7492142,1013.3694,25.31723,1.92,0.0023841858,0.000834465,0.00023841858,0.364077,0.8015441
2024-01-05,MIEL1,Caldas,92.63,75952000.0,159960000.0,47.48187046761691,22.641632,-0.17513657,-0.73091507,1013.4322,25.382904,1.92,0.010251999,0.0009536743,0.00023841858,0.3537265,0.75160474
2024-01-06,MIEL1,Caldas,90.8,69396000.0,159960000.0,43.38334583645912,23.21109,0.18206406,-0.2950592,1011.702,25.490692,1.92,0.0,0.00059604645,0.0,0.3449162,0.3467092
2024-01-07,MIEL1,Caldas,88.79,66494000.0,159960000.0,41.5691422855714,22.89566,0.13010406,-0.100128174,1011.28577,25.445587,1.92,0.0,0.0005364418,0.0,0.335116,0.16417283
2024-01-08,MIEL1,Caldas,85.57000000000001,63912000.0,159960000.0,39.9549887471868,23.721588,0.16757584,-0.07926941,1010.0669,25.508636,1.92,0.0,0.0007748604,0.0,0.32827517,0.1853788
2024-01-09,MIEL1,Caldas,82.39,66687000.0,159960000.0,41.689797449362345,23.542816,0.16709518,-0.18021011,1011.10986,25.307465,1.92,0.0,0.0006556511,0.0,0.3222738,0.24575697
2024-01-10,MIEL1,Caldas,82.73,73502000.0,159960000.0,45.95023755938985,22.754486,0.3792076,-0.5908737,1012.63763,25.185638,1.92,0.0,0.0006556511,0.0,0.31341413,0.70208985
2024-01-11,MIEL1,Caldas,83.67999999999999,88666000.0,159960000.0,55.43010752688172,23.705963,-0.059005737,-0.5995445,1012.53687,25.072266,1.92,0.016093254,0.0023245811,0.00166893,0.30690217,0.60244113
2024-01-12,MIEL1,Caldas,84.93,91628000.0,159960000.0,57.281820455113774,23.863373,0.26735306,-0.6238861,1012.0439,25.073273,1.92,0.005364418,0.0013113022,0.00059604645,0.30090913,0.67875737
2024-01-13,MIEL1,Caldas,83.38,92515000.0,159960000.0,57.83633408352088,23.73758,-0.031902313,-0.6959648,1013.2559,25.0755,1.92,0.06234646,0.0074505806,0.0066161156,0.30349895,0.6966956
2024-01-14,MIEL1,Caldas,83.85000000000001,75827000.0,159960000.0,47.40372593148287,23.982391,0.041851044,-0.6797066,1012.885,25.059998,1.92,0.008940697,0.0014901161,0.0008940697,0.30184272,0.6809938
2024-01-15,MIEL1,Caldas,81.53,73296000.0,159960000.0,45.82145536384096,25.271942,-0.011253357,0.13853455,1011.325,25.171967,1.92,0.00166893,0.00071525574,0.00017881393,0.29168016,0.13899085
2024-01-16,MIEL1,Caldas,81.58,66230000.0,159960000.0,41.40410102525631,24.965546,0.14858627,0.1577568,1010.118,25.326447,1.92,0.0,0.000834465,0.0,0.2818201,0.21671431
2024-01-17,MIEL1,Caldas,78.64,63583000.0,159960000.0,39.74931232808202,24.953339,0.09113312,-0.06333923,1010.96185,25.576233,1.92,0.0,0.00071525574,0.0,0.27083838,0.11098245
2024-01-18,MIEL1,Caldas,79.03,64740000.0,159960000.0,40.47261815453864,24.94693,0.10731506,0.21316147,1011.1439,25.601318,1.92,0.0,0.0006556511,0.0,0.26071575,0.23865108
2024-01-19,MIEL1,Caldas,79.36999999999999,60604000.0,159960000.0,37.886971742935735,24.735504,0.13633347,-0.016059875,1010.5064,25.574768,1.92,0.0,0.00059604645,0.0,0.24887542,0.13727613
2024-01-20,MIEL1,Caldas,79.75,63212000.0,159960000.0,39.51737934483621,24.595245,0.2794838,-0.044895172,1010.90607,25.596527,1.92,0.006198883,0.0011324883,0.00047683716,0.24577367,0.28306672
2024-01-21,MIEL1,Caldas,80.08999999999999,58299000.0,159960000.0,36.44598649662416,25.042389,0.11362076,0.095378876,1011.79047,25.62555,1.92,0.0,0.00059604645,0.0,0.24263279,0.14834692
2024-01-22,MIEL1,Caldas,80.35,56235000.0,159960000.0,35.155663915979,25.377289,-0.017482758,0.34496307,1011.0569,25.719727,1.92,0.0,0.0005364418,0.0,0.23938191,0.34540582
2024-01-23,MIEL1,Caldas,78.59,54249000.0,159960000.0,33.91410352588147,25.547577,0.02891159,0.35697937,1010.3105,25.60617,1.92,0.0,0.00047683716,0.0,0.23537625,0.35814822
2024-01-24,MIEL1,Caldas,76.25,52842000.0,159960000.0,33.03450862715679,25.333466,0.04322815,0.11307144,1010.21814,25.554657,1.92,0.0,0.0005364418,0.0,0.2319821,0.12105298
2024-01-25,MIEL1,Caldas,73.97,51574000.0,159960000.0,32.24181045261315,24.691925,-0.05210495,-0.19680786,1010.39374,25.633484,1.92,0.0,0.0007748604,0.0,0.22859791,0.20358846
2024-01-26,MIEL1,Caldas,70.61,50442000.0,159960000.0,31.534133533383347,24.157013,-0.12748337,-0.11346054,1011.36017,25.6987,1.92,0.00071525574,0.000834465,5.9604645e-05,0.22625142,0.17066137
2024-01-27,MIEL1,Caldas,70.6,61089000.0,159960000.0,38.19017254313579,25.044647,0.028995514,-0.62905884,1012.65576,25.76416,1.92,0.002861023,0.000834465,0.00023841858,0.2244432,0.62972677
2024-01-28,MIEL1,Caldas,70.07,52202000.0,159960000.0,32.634408602150536,25.359894,0.015422821,-0.61180496,1012.4886,25.897675,1.92,0.00071525574,0.0006556511,5.9604645e-05,0.22422165,0.61199933
2024-01-29,MIEL1,Caldas,68.86,50799000.0,159960000.0,31.757314328582147,25.506378,-0.060409546,-0.478405,1011.72095,26.062286,1.92,0.00059604645,0.0006556511,5.9604645e-05,0.22469506,0.48220396
2024-01-30,MIEL1,Caldas,68.95,50834000.0,159960000.0,31.779194798699677,25.267914,-0.71461487,-0.8065071,1012.3086,26.176788,1.92,0.02002716,0.0020861626,0.0015497208,0.22682783,1.0775566
2024-01-31,MIEL1,Caldas,69.12,55491000.0,159960000.0,34.69054763690922,25.601349,0.14932632,-0.7816696,1012.66565,26.128418,1.92,0.0044107437,0.001013279,0.00035762787,0.22857039,0.7958051
2024-02-01,MIEL1,Caldas,69.66,76519000.0,155000000.0,49.36709677419355,24.17099,-0.20276642,-0.736145,1012.9447,26.312683,1.62,0.16593933,0.0063180923,0.005722046,0.23411158,0.7635599
2024-02-02,MIEL1,Caldas,67.46,65784000.0,155000000.0,42.44129032258064,24.301056,0.015483856,-0.61548233,1012.4997,26.650116,1.62,0.2399683,0.0051259995,0.004351139,0.247984,0.61567706
2024-02-03,MIEL1,Caldas,68.14,94821000.0,155000000.0,61.17483870967742,22.160492,-0.24565887,-0.8958893,1012.71594,26.968872,1.62,1.6673803,0.17023087,0.16963482,0.41244757,0.92895955
2024-02-04,MIEL1,Caldas,68.39,95546000.0,155000000.0,61.642580645161296,23.136871,-0.049453735,-0.23653793,1011.28174,27.237854,1.62,0.2758503,0.04708767,0.046759844,0.41478086,0.24165237
2024-02-05,MIEL1,Caldas,68.81,82750000.0,155000000.0,53.38709677419354,22.40268,0.36933136,0.4450798,1011.4938,27.465881,1.62,0.19419193,0.02014637,0.019609928,0.42595115,0.5783612
2024-02-06,MIEL1,Caldas,68.97999999999999,72829000.0,155000000.0,46.98645161290322,22.369171,0.558918,-0.04774475,1012.6247,27.477905,1.62,0.48983097,0.08803606,0.08738041,0.4411926,0.56095356
2024-02-07,MIEL1,Caldas,67.01,68781000.0,155000000.0,44.37483870967742,23.140778,-0.016735077,-0.8708954,1013.8652,27.428375,1.62,0.24092197,0.049501657,0.048846006,0.44019234,0.8710562
2024-02-08,MIEL1,Caldas,66.18,84411000.0,155000000.0,54.45870967741936,21.923676,-0.73669815,-0.5037117,1014.6367,27.35736,1.62,0.2760887,0.0371933,0.036358833,0.4342108,0.89244026
2024-02-09,MIEL1,Caldas,64.11,71021000.0,155000000.0,45.82,23.665375,-0.39475632,-0.80327606,1013.09204,27.451721,1.62,0.027298927,0.003874302,0.0031590462,0.41411975,0.8950335
2024-02-10,MIEL1,Caldas,64.11,71159000.0,155000000.0,45.909032258064514,24.716827,-0.25048065,-0.17893219,1011.54407,27.549774,1.62,0.0052452087,0.0013113022,0.00071525574,0.39419898,0.30782673
2024-02-11,MIEL1,Caldas,61.95,61785000.0,155000000.0,39.86129032258064,24.85086,0.09648895,-0.14002609,1010.8699,27.472137,1.62,0.00059604645,0.0007748604,0.0,0.37780017,0.17005125
2024-02-12,MIEL1,Caldas,59.13,73470000.0,155000000.0,47.4,24.801422,-0.018573761,-0.22979736,1010.7475,27.5094,1.62,0.00071525574,0.0006556511,0.00011920929,0.36346248,0.23054677
2024-02-13,MIEL1,Caldas,57.08,68700000.0,155000000.0,44.32258064516129,24.522247,-0.13258362,-0.3129921,1011.6902,27.528717,1.62,0.0051259995,0.0011920929,0.0005364418,0.35137373,0.3399154
2024-02-14,MIEL1,Caldas,60.73,185290000.0,155000000.0,119.54193548387096,24.553192,0.079940796,0.18237686,1012.2103,27.573761,1.62,0.03325939,0.0030994415,0.002503395,0.34339243,0.19912773
2024-02-15,MIEL1,Caldas,61.71,95976000.0,155000000.0,61.92,24.140167,0.060710907,0.40849304,1010.46075,27.477509,1.62,0.0,0.0005364418,0.0,0.33347005,0.4129799
2024-02-16,MIEL1,Caldas,60.68,77217000.0,155000000.0,49.81741935483871,24.639008,0.2051773,-0.02854538,1010.4986,27.40628,1.62,0.0,0.0006556511,0.0,0.32365313,0.20715348
2024-02-17,MIEL1,Caldas,59.34,70519000.0,155000000.0,45.49612903225807,25.625885,0.10726547,0.011104584,1009.84546,27.34311,1.62,0.0,0.00059604645,0.0,0.31517446,0.107838735
2024-02-18,MIEL1,Caldas,57.18,65819000.0,155000000.0,42.46387096774193,25.275665,-0.0489769,-0.00074768066,1010.9469,27.371185,1.62,0.0,0.00047683716,0.0,0.30822304,0.048982605
2024-02-19,MIEL1,Caldas,57.36,64293000.0,155000000.0,41.47935483870968,24.914581,0.18209839,-0.7122612,1013.45544,27.314789,1.62,0.036358833,0.00166893,0.0011920929,0.30362895,0.7351706
2024-02-20,MIEL1,Caldas,54.52,59933000.0,155000000.0,38.66645161290322,24.889069,-0.021884918,-0.85204697,1013.52374,27.161163,1.62,0.0,0.00059604645,0.0,0.29923198,0.85232794
2024-02-21,MIEL1,Caldas,54.510000000000005,69756000.0,155000000.0,45.00387096774194,24.217194,-0.4398384,-1.2893715,1013.95953,27.27826,1.62,0.1193285,0.010609627,0.009983778,0.29359493,1.3623277
2024-02-22,MIEL1,Caldas,53.790000000000006,132730000.0,155000000.0,85.63225806451614,22.626678,-0.60918427,-0.96852875,1013.76404,27.36258,1.62,0.9381771,0.18447638,0.18399954,0.3717317,1.1441824
2024-02-23,MIEL1,Caldas,54.22,78203000.0,155000000.0,50.45354838709677,23.563751,-0.38477707,-0.8612633,1012.52014,27.358429,1.62,0.0269413,0.0038146973,0.0031590462,0.35959685,0.94330686
2024-02-24,MIEL1,Caldas,54.65,69126000.0,155000000.0,44.59741935483871,24.019928,-0.0752449,-0.79973984,1012.8239,27.34851,1.62,0.00023841858,0.0005364418,0.0,0.33844107,0.80327183
2024-02-25,MIEL1,Caldas,51.88,68065000.0,155000000.0,43.912903225806446,23.695587,-0.052204132,-0.7969017,1015.1328,27.37204,1.62,0.039815903,0.0046491623,0.004172325,0.32758796,0.7986098
2024-02-26,MIEL1,Caldas,51.93,64960000.0,155000000.0,41.90967741935484,23.569916,0.051631927,-0.7390251,1014.1069,27.406555,1.62,0.0011920929,0.00071525574,0.00011920929,0.31896228,0.74082655
2024-02-27,MIEL1,Caldas,50.35,76942000.0,155000000.0,49.64,24.273346,0.061710358,-0.5587044,1012.4306,27.478394,1.62,0.02193451,0.002682209,0.0022649765,0.31234968,0.5621021
2024-02-28,MIEL1,Caldas,49.54,77504000.0,155000000.0,50.00258064516129,25.184845,0.066036224,-0.528183,1011.2697,27.427704,1.62,0.0039339066,0.0009536743,0.00035762787,0.3027323,0.5322951
2024-02-29,MIEL1,Caldas,46.42,64468000.0,155000000.0,41.59225806451613,25.202972,-0.03360367,-0.45051956,1011.29736,27.337708,1.62,0.01347065,0.0017881393,0.0013709068,0.2973863,0.45177105
2024-03-01,MIEL1,Caldas,46.41,63603000.0,174060000.0,36.54084798345399,25.498444,0.008773804,-0.63625336,1012.475,27.468811,1.26,0.003695488,0.000834465,0.00035762787,0.28825653,0.63631386
2024-03-02,MIEL1,Caldas,44.24,59782000.0,174060000.0,34.34562794438699,25.320526,-0.22489929,-0.62509155,1012.6795,27.592224,1.26,0.0,0.0006556511,0.0,0.28371233,0.66431856
2024-03-03,MIEL1,Caldas,42.07,66085000.0,174060000.0,37.966793059864415,25.245453,-0.31242752,-0.50645447,1012.373,27.815094,1.26,0.0,0.0005364418,0.0,0.2766307,0.595069
2024-03-04,MIEL1,Caldas,42.42,76988000.0,174060000.0,44.23072503734345,26.261688,-0.4275322,-0.6297722,1012.2356,27.848846,1.26,0.026226044,0.002861023,0.0023841858,0.27424827,0.7611812
2024-03-05,MIEL1,Caldas,42.6,61449000.0,174060000.0,35.30334367459497,25.803497,-0.38911057,-0.20064163,1010.9011,27.944366,1.26,0.019431114,0.0017285347,0.0007748604,0.27222025,0.4377946
2024-03-06,MIEL1,Caldas,43.48,104620000.0,174060000.0,60.10571067448007,25.812958,-0.042324066,-0.54746246,1010.2614,27.929474,1.26,0.016450882,0.002026558,0.0014305115,0.26843625,0.54909605
2024-03-07,MIEL1,Caldas,44.0,73147000.0,174060000.0,42.0240147075721,25.180939,-0.07305527,-0.094070435,1010.54047,27.91565,1.26,0.00035762787,0.0005364418,5.9604645e-05,0.2654,0.11910634
2024-03-08,MIEL1,Caldas,44.61,85582000.0,174060000.0,49.16810295300471,25.81662,0.10451126,-0.42479706,1011.2569,27.804413,1.26,0.0030994415,0.000834465,0.00035762787,0.2606231,0.43746445
2024-03-09,MIEL1,Caldas,44.5,73327000.0,174060000.0,42.12742732391129,24.904755,0.13008118,-0.469944,1011.96954,27.64029,1.26,0.014662743,0.00166893,0.000834465,0.2684258,0.4876151
2024-03-10,MIEL1,Caldas,42.81,64688000.0,174060000.0,37.16419625416523,26.822968,0.082099915,-0.037094116,1011.34033,27.468994,1.26,0.005722046,0.0011324883,0.00047683716,0.27052203,0.09009089
2024-03-11,MIEL1,Caldas,41.59,90027000.0,174060000.0,51.72182006204758,25.808502,0.11647797,0.052139282,1011.4328,27.017609,1.26,0.0013113022,0.00059604645,0.00011920929,0.26627386,0.12761514
2024-03-12,MIEL1,Caldas,39.32,69359000.0,174060000.0,39.8477536481673,26.599335,-0.13290405,0.20484161,1011.5197,26.54538,1.26,0.0,0.00035762787,0.0,0.25883785,0.24417938
2024-03-13,MIEL1,Caldas,36.86,66665000.0,174060000.0,38.3000114902907,26.07022,0.29382324,0.27958298,1009.9578,26.311737,1.26,0.0,0.00059604645,0.0,0.2504777,0.40558445
2024-03-14,MIEL1,Caldas,35.93,125330000.0,174060000.0,72.00390669883949,26.049408,-0.14268875,0.18055344,1009.9383,25.943176,1.26,0.0,0.00047683716,0.0,0.24797618,0.23012957
2024-03-15,MIEL1,Caldas,34.53,82338000.0,174060000.0,47.30437780075836,26.005646,0.07775116,-0.08192825,1009.5541,25.635529,1.26,0.00035762787,0.00047683716,0.0,0.24674413,0.11294902
2024-03-16,MIEL1,Caldas,32.39,73727000.0,174060000.0,42.35723313799839,27.482819,-0.45113754,-0.09981918,1009.03046,25.320984,1.26,0.00071525574,0.00059604645,0.00011920929,0.24295358,0.46204865
2024-03-17,MIEL1,Caldas,30.21,86450000.0,174060000.0,49.66678156957371,24.940521,0.15773392,0.04499817,1009.1853,25.006409,1.26,0.213027,0.002503395,0.0021457672,0.27949476,0.1640269
2024-03-18,MIEL1,Caldas,29.95,77761000.0,174060000.0,44.67482477306676,26.639679,-0.07808685,-0.015625,1008.7417,24.774506,1.26,0.0,0.0005364418,0.0,0.27740192,0.07963477
2024-03-19,MIEL1,Caldas,29.160000000000004,78384000.0,174060000.0,45.03274732850741,26.174225,0.27230835,-0.648201,1010.7612,24.703308,1.26,0.0121593475,0.0006556511,0.0,0.26387227,0.70307636
2024-03-20,MIEL1,Caldas,29.520000000000003,70932000.0,174060000.0,40.751465012064806,24.333893,-0.065647125,-0.71248245,1012.1428,24.657196,1.26,0.08034706,0.002682209,0.0021457672,0.26575798,0.71550035
2024-03-21,MIEL1,Caldas,29.42,79500000.0,174060000.0,45.673905549810414,24.221039,-0.32372284,-0.8931465,1012.77423,24.52707,1.26,0.1424551,0.008165836,0.0076293945,0.29149503,0.9500038
2024-03-22,MIEL1,Caldas,29.69,67919000.0,174060000.0,39.02045271745375,25.77121,-0.123291016,-0.41461945,1011.02954,24.470001,1.26,0.00011920929,0.0004172325,0.0,0.28162986,0.43256208
2024-03-23,MIEL1,Caldas,30.380000000000003,99739000.0,174060000.0,57.30150522808227,25.982391,-0.02173996,-0.45851135,1011.8094,24.377472,1.26,0.08499622,0.0044107437,0.004053116,0.27659303,0.45902646
2024-03-24,MIEL1,Caldas,30.83,82540000.0,174060000.0,47.42042973687234,25.422577,-0.28974533,-1.0600777,1011.4425,24.307404,1.26,0.053048134,0.0033974648,0.002682209,0.280815,1.0989617
2024-03-25,MIEL1,Caldas,31.07,98553000.0,174060000.0,56.62013098931404,24.793182,-0.31598282,-1.0422935,1011.9778,24.269073,1.26,0.20456314,0.0113248825,0.010967255,0.29459077,1.0891378
2024-03-26,MIEL1,Caldas,31.21,72224000.0,174060000.0,41.493737791566126,24.572601,0.21269226,-0.7746544,1012.53424,24.041962,1.26,0.07712841,0.0051259995,0.0047683716,0.32921845,0.80332273
2024-03-27,MIEL1,Caldas,30.42,76999000.0,174060000.0,44.23704469723084,24.193146,0.533226,-0.9731903,1013.08203,23.920807,1.26,0.17929077,0.017762184,0.01746416,0.33963317,1.1096978
2024-03-28,MIEL1,Caldas,30.380000000000003,69216000.0,174060000.0,39.76559806963117,24.95108,-0.01007843,-0.8733406,1013.77014,23.91037,1.26,0.35011768,0.054478645,0.054121017,0.37581256,0.8733987
2024-03-29,MIEL1,Caldas,30.680000000000003,60320000.0,174060000.0,34.65471676433414,25.082672,-0.17823577,-0.47539902,1013.26483,23.930206,1.26,0.048160553,0.004172325,0.0038146973,0.34309363,0.5077127
2024-03-30,MIEL1,Caldas,30.83,73241000.0,174060000.0,42.078019073882565,24.076141,-0.024223328,-0.06188965,1012.60565,23.808289,1.26,0.0046491623,0.001013279,0.0004172325,0.32390228,0.06646125
2024-03-31,MIEL1,Caldas,33.03,149136000.0,174060000.0,85.68079972423303,23.663177,0.21886826,-0.5275688,1012.7989,23.740326,1.26,0.015258789,0.0016093254,0.0011920929,0.31112933,0.5711674
2024-04-01,MIEL1,Caldas,34.39,118477000.0,197440000.0,60.00658427876824,24.45279,0.39193344,-0.43566513,1013.0783,23.804382,0.82,0.04339218,0.003874302,0.0033676624,0.31519318,0.586017
2024-04-02,MIEL1,Caldas,33.06,110410000.0,197440000.0,55.92078606158834,23.923248,0.09564209,-0.08080673,1012.5419,23.877289,0.82,0.12612343,0.003516674,0.002861023,0.31658286,0.12520838
2024-04-03,MIEL1,Caldas,31.57,116036000.0,197440000.0,58.77025931928688,23.613495,0.02494049,-0.106292725,1012.305,23.957092,0.82,0.048995018,0.0051259995,0.0045895576,0.34684718,0.10917954
2024-04-04,MIEL1,Caldas,32.4,124949000.0,197440000.0,63.28454213938412,22.611664,-0.18451309,-0.40922546,1013.5047,23.957092,0.82,0.18286705,0.01692772,0.016391277,0.38422865,0.44889927
2024-04-05,MIEL1,Caldas,30.55,100289000.0,197440000.0,50.794671799027554,24.984222,0.058452606,-0.45375443,1012.9533,23.957092,0.82,0.0021457672,0.00059604645,0.00011920929,0.3630197,0.45750386
2024-04-06,MIEL1,Caldas,31.07,93795000.0,197440000.0,47.50557131280389,25.730865,-0.21414185,-0.022201538,1012.59186,23.957092,0.82,0.03373623,0.0029802322,0.0022649765,0.33728135,0.21528965
2024-04-07,MIEL1,Caldas,31.57,82865000.0,197440000.0,41.96971231766612,25.047089,0.054344177,0.20653152,1009.8614,23.910065,0.82,0.0,0.0005364418,0.0,0.31824532,0.21356161
2024-04-08,MIEL1,Caldas,32.07,82317000.0,197440000.0,41.69215964343599,25.830963,0.044052124,0.36471558,1010.2728,23.74939,0.82,0.0,0.0005364418,0.0,0.3027699,0.36736637
2024-04-09,MIEL1,Caldas,30.35,73870000.0,197440000.0,37.41389789303079,25.280365,-0.1965332,-0.15811157,1010.6664,23.705353,0.82,0.0,0.0004172325,0.0,0.29205003,0.2522391
2024-04-10,MIEL1,Caldas,30.66,69012000.0,197440000.0,34.953403565640194,25.871735,-0.0084114075,-0.29286957,1009.65375,23.75528,0.82,0.0,0.00035762787,0.0,0.28016955,0.29299033
2024-04-11,MIEL1,Caldas,28.610000000000003,75156000.0,197440000.0,38.06523500810373,25.3154,0.055103302,-0.64292145,1011.4192,23.71109,0.82,0.00333786,0.00071525574,0.00023841858,0.27277112,0.6452785
2024-04-12,MIEL1,Caldas,28.85,68848000.0,197440000.0,34.870340356564014,26.176239,-0.08874512,-0.100040436,1011.3058,23.519257,0.82,0.0022649765,0.00059604645,0.00017881393,0.26567256,0.13373026
2024-04-13,MIEL1,Caldas,29.85,95136000.0,197440000.0,48.18476499189627,26.043304,-0.04763031,-0.20761108,1010.5631,23.370514,0.82,0.0021457672,0.00059604645,0.00011920929,0.25729805,0.21300471
2024-04-14,MIEL1,Caldas,31.66,136656000.0,197440000.0,69.21393841166937,25.696991,0.023025513,-0.351429,1009.59827,22.936249,0.82,0.00035762787,0.00035762787,0.0,0.252549,0.35218248
2024-04-15,MIEL1,Caldas,33.56,139561000.0,197440000.0,70.68527147487845,25.660065,0.04494095,-0.53632355,1009.46375,22.818634,0.82,0.022053719,0.0012516975,0.000834465,0.25242007,0.5382032
2024-04-16,MIEL1,Caldas,34.910000000000004,126313000.0,197440000.0,63.97538492706645,26.487946,0.25238037,-0.50242615,1009.9011,22.870667,0.82,0.039935112,0.002026558,0.0017881393,0.25525436,0.5622525
2024-04-17,MIEL1,Caldas,38.71,193960000.0,197440000.0,98.23743922204214,25.092682,-0.088134766,-0.71033096,1011.1189,23.07602,0.82,0.06651878,0.004172325,0.003695488,0.26009238,0.71577775
2024-04-18,MIEL1,Caldas,38.86,183112000.0,197440000.0,92.74311183144246,24.040619,0.30012894,-0.57164,1011.6692,23.410095,0.82,0.28157234,0.004053116,0.003874302,0.31544992,0.64563894
2024-04-19,MIEL1,Caldas,38.04,184962000.0,197440000.0,93.6801053484603,22.658844,0.17232513,-0.027511597,1012.97955,23.836823,0.82,0.9813309,0.1001358,0.099897385,0.3932933,0.17450742
2024-04-20,MIEL1,Caldas,36.720000000000006,155855000.0,197440000.0,78.93790518638573,23.261688,-0.19736862,-0.25405502,1012.8803,24.283508,0.82,1.0941029,0.1887083,0.18835068,0.44033208,0.32171157
2024-04-21,MIEL1,Caldas,37.57,182913000.0,197440000.0,92.64232171799028,22.694,0.36401367,-0.298275,1012.64185,24.48294,0.82,0.62322617,0.09572506,0.09524822,0.44909227,0.47061017
2024-04-22,MIEL1,Caldas,37.02,176399000.0,197440000.0,89.34309157212319,21.88321,-0.09337616,-0.017570496,1013.8083,24.634247,0.82,0.864625,0.19359589,0.15372038,0.4495429,0.09501489
2024-04-23,MIEL1,Caldas,35.74,147347000.0,197440000.0,74.62874797406806,22.87674,-0.44070053,-0.09989929,1013.285,24.717285,0.82,0.27263165,0.048339367,0.047922134,0.4412519,0.45188144
2024-04-24,MIEL1,Caldas,37.15,153733000.0,197440000.0,77.86314829821718,25.133759,-0.15569305,0.49793625,1011.82874,24.635773,0.82,0.16081333,0.022888184,0.02259016,0.4317052,0.5217095
2024-04-25,MIEL1,Caldas,36.09,193461000.0,197440000.0,97.9847042139384,24.979279,-0.04347229,0.02527237,1011.7642,24.624664,0.82,0.01180172,0.0017881393,0.0014305115,0.4092352,0.050284516
2024-04-26,MIEL1,Caldas,37.7,192963000.0,197440000.0,97.73247568881686,24.365814,-0.15204406,-0.57982254,1011.21716,24.630219,0.82,0.2360344,0.048995018,0.04851818,0.4020489,0.59942603
2024-04-27,MIEL1,Caldas,37.89,173166000.0,197440000.0,87.70563209076175,23.087128,0.05835724,-0.37498474,1012.0389,24.657562,0.82,0.27954578,0.05710125,0.05686283,0.43562388,0.3794985
2024-04-28,MIEL1,Caldas,40.9,205838000.0,197440000.0,104.25344408427875,22.595062,0.22072983,-0.6570511,1012.4397,24.68924,0.82,0.297904,0.048279762,0.04798174,0.44378415,0.6931362
2024-04-29,MIEL1,Caldas,43.09,177421000.0,197440000.0,89.86071717990276,23.350922,-0.45916748,-0.16456223,1012.82404,24.711823,0.82,0.6752014,0.13291836,0.13262033,0.44626555,0.48776582
2024-04-30,MIEL1,Caldas,43.74,157296000.0,197440000.0,79.6677471636953,24.555023,-0.17648315,-0.36616898,1011.4531,24.573517,0.82,0.21839142,0.029206276,0.028640032,0.43546873,0.40648004
2024-05-01,MIEL1,Caldas,45.41,144835000.0,213340000.0,67.88928470985282,24.194183,0.36615372,0.20254898,1009.97284,24.457794,0.49,0.16617775,0.04094839,0.040650368,0.42518592,0.4184431
2024-05-02,MIEL1,Caldas,46.1,155211000.0,213340000.0,72.75288272241492,22.983673,-0.12811661,-0.49090958,1009.8862,24.387787,0.49,0.094652176,0.02259016,0.022232533,0.41366622,0.50735205
2024-05-03,MIEL1,Caldas,44.1,152361000.0,213340000.0,71.41698696915722,24.78659,-0.078258514,-0.68229294,1010.22046,24.27118,0.49,0.18966198,0.032782555,0.032544136,0.40809417,0.6867664
2024-05-04,MIEL1,Caldas,45.11,250972000.0,213340000.0,117.63944876722604,22.638885,-0.048244476,-1.0154572,1011.84625,24.132233,0.49,0.3415346,0.026226044,0.025808811,0.4278566,1.0166025
2024-05-05,MIEL1,Caldas,44.5,203541000.0,213340000.0,95.40686228555356,23.43747,-0.40584946,-0.06569672,1012.6872,24.01889,0.49,0.049591064,0.008821487,0.008404255,0.42387444,0.4111324
2024-05-06,MIEL1,Caldas,46.09,180810000.0,213340000.0,84.75203899878129,25.103363,0.1613121,0.16392136,1011.2075,23.926117,0.49,0.0034570694,0.001013279,0.00047683716,0.40490243,0.22998218
2024-05-07,MIEL1,Caldas,46.26,162197000.0,213340000.0,76.02746789162839,25.214935,-0.053340912,-0.013000488,1009.0056,23.88321,0.49,0.0063180923,0.0013113022,0.000834465,0.38649976,0.054902326
2024-05-08,MIEL1,Caldas,47.04,232180000.0,213340000.0,108.8309740320615,23.458221,0.07179642,-0.882473,1011.1725,23.8349,0.49,1.6533136,0.25093555,0.25069714,0.43288898,0.8853888
2024-05-09,MIEL1,Caldas,49.84,223619000.0,213340000.0,104.81813068341614,23.306793,-0.25356674,-0.07878876,1012.71216,23.521454,0.49,0.21648407,0.04029274,0.039994717,0.43920013,0.26552543
2024-05-10,MIEL1,Caldas,48.93,221319000.0,213340000.0,103.74003937376956,24.124542,-0.06967926,0.8989067,1011.6625,23.352386,0.49,0.019073486,0.0053048134,0.004827976,0.4254373,0.9016033
2024-05-11,MIEL1,Caldas,50.5,190882000.0,213340000.0,89.47314146432925,24.28897,-0.028949738,-0.6812172,1011.91425,23.208496,0.49,0.11229515,0.0056624413,0.005364418,0.4120676,0.6818321
2024-05-12,MIEL1,Caldas,54.2,245422000.0,213340000.0,115.03796756351365,22.608734,0.107112885,-0.8475876,1013.0797,23.183838,0.49,0.42366982,0.115036964,0.11456013,0.40965024,0.85432893
2024-05-13,MIEL1,Caldas,56.35,195611000.0,213340000.0,91.689790944033,24.918732,0.07935333,0.17760086,1010.1166,23.15622,0.49,0.00047683716,0.0005364418,5.9604645e-05,0.39789802,0.19452254
2024-05-14,MIEL1,Caldas,54.89000000000001,162933000.0,213340000.0,76.37245711071529,25.819183,-0.45146942,0.12762833,1010.0117,23.05597,0.49,0.00011920929,0.00035762787,0.0,0.3780943,0.4691627
2024-05-15,MIEL1,Caldas,54.38,200371000.0,213340000.0,93.9209712196494,24.038177,-0.13661957,-0.5714607,1012.53107,23.17978,0.49,0.18262863,0.03528595,0.034689903,0.39501542,0.58756465
2024-05-16,MIEL1,Caldas,52.88,160396000.0,213340000.0,75.18327552263992,22.993134,0.19845581,-0.3405037,1012.8497,23.299713,0.49,0.289917,0.02014637,0.019967556,0.4190858,0.39411607
2024-05-17,MIEL1,Caldas,51.1,148202000.0,213340000.0,69.467516640105,23.962067,-0.11472702,-0.3413849,1012.6708,23.564362,0.49,0.07104874,0.004053116,0.003695488,0.40355182,0.3601471
2024-05-18,MIEL1,Caldas,49.41,150379000.0,213340000.0,70.48795350145308,25.080841,-0.06687164,-0.46229553,1012.9539,23.39975,0.49,0.034213066,0.003695488,0.0032782555,0.38965237,0.46710703
2024-05-19,MIEL1,Caldas,50.14999999999999,124862000.0,213340000.0,58.52723352395237,25.099457,-0.029838562,0.4914589,1010.78577,23.152252,0.49,0.0,0.0004172325,0.0,0.37010676,0.49236387
2024-05-20,MIEL1,Caldas,49.06,166630000.0,213340000.0,78.10537170713415,25.00357,0.065639496,0.28670883,1009.0122,23.07367,0.49,0.0,0.00047683716,0.0,0.3527391,0.2941267
2024-05-21,MIEL1,Caldas,49.87,121989000.0,213340000.0,57.1805568575982,24.106781,-0.50933075,-0.57759476,1011.5119,23.013031,0.49,0.06389618,0.006556511,0.00590086,0.34345993,0.7700867
2024-05-22,MIEL1,Caldas,47.94,116653000.0,213340000.0,54.67938501921815,24.211761,0.24579239,-0.14600372,1011.7686,23.200531,0.49,0.07247925,0.014662743,0.014066696,0.34547055,0.28588632
2024-05-23,MIEL1,Caldas,47.0,125038000.0,213340000.0,58.60973094590795,24.318268,-0.25963974,-0.81407547,1013.5073,23.326141,0.49,0.03325939,0.0022649765,0.0019073486,0.34405875,0.8544774
2024-05-24,MIEL1,Caldas,46.51,144640000.0,213340000.0,67.79788131620886,24.227509,-0.1353035,-1.1545792,1013.42,23.380157,0.49,0.06997585,0.007867813,0.007390976,0.36063218,1.1624801
2024-05-25,MIEL1,Caldas,45.03,109905000.0,213340000.0,51.51635886378551,23.45932,-0.27789688,0.17632675,1013.54987,23.360718,0.49,0.09024143,0.00846386,0.008106232,0.39095742,0.3291167
2024-05-26,MIEL1,Caldas,44.55,102808000.0,213340000.0,48.1897440704978,24.683258,2.670288e-05,0.150383,1012.3075,23.308289,0.49,0.00011920929,0.00059604645,0.0,0.36837283,0.150383
2024-05-27,MIEL1,Caldas,44.98,99437000.0,213340000.0,46.60963719883754,25.155731,-0.23579407,-0.47561264,1012.4325,23.260986,0.49,0.0046491623,0.0009536743,0.00059604645,0.3520217,0.5308542
2024-05-28,MIEL1,Caldas,45.9,104896000.0,213340000.0,49.16846348551608,24.909943,-0.31890488,-0.40156937,1013.03033,23.15445,0.49,0.0026226044,0.00047683716,0.0,0.3388829,0.5127946
2024-05-29,MIEL1,Caldas,47.33,161701000.0,213340000.0,75.79497515702634,23.983917,-0.0755806,0.31664276,1013.9225,23.444336,0.49,0.35703182,0.02104044,0.020623207,0.35966313,0.32553813
2024-05-30,MIEL1,Caldas,48.09,118675000.0,213340000.0,55.62716790100309,24.79544,-0.24169922,0.33633423,1012.96234,23.488586,0.49,0.0,0.0005364418,0.0,0.35404378,0.41417292
2024-05-31,MIEL1,Caldas,50.3,145847000.0,213340000.0,68.3636448860973,24.677155,-0.3774376,0.2673149,1012.3972,23.364532,0.49,0.010609627,0.0006556511,0.00017881393,0.33995038,0.46251097
2024-06-01,MIEL1,Caldas,51.2,111196000.0,153260000.0,72.553830092653,24.826752,0.17140198,0.32352066,1010.03406,23.218842,0.22,0.0,0.0005364418,0.0,0.32523668,0.36612055
2024-06-02,MIEL1,Caldas,51.94,99634000.0,153260000.0,65.00978728957327,25.670746,0.40611267,0.6185303,1010.2775,22.98935,0.22,0.0,0.00047683716,0.0,0.30915666,0.73993725
2024-06-03,MIEL1,Caldas,52.67,96212000.0,153260000.0,62.77698029492365,25.40329,-0.076293945,0.17541122,1011.28156,22.692291,0.22,0.0,0.00047683716,0.0,0.29450017,0.19128478
2024-06-04,MIEL1,Caldas,53.35,99773000.0,153260000.0,65.10048283961895,24.583649,-0.033836365,0.3816719,1012.01544,22.458801,0.22,0.029921532,0.001013279,0.00071525574,0.29023913,0.38316882
2024-06-05,MIEL1,Caldas,53.81,92335000.0,153260000.0,60.24729218321806,24.858673,-0.27418137,0.21271515,1012.8839,22.246613,0.22,0.006198883,0.0008940697,0.0007748604,0.28642133,0.3470204
2024-06-06,MIEL1,Caldas,54.1,87118000.0,153260000.0,56.843272869633296,24.151764,-0.054714203,0.11302948,1012.595,22.176422,0.22,0.0,0.00047683716,0.0,0.2779544,0.1255759
2024-06-07,MIEL1,Caldas,54.6,81397000.0,153260000.0,53.110400626386536,24.734467,-0.056575775,-0.006252289,1013.1822,22.205292,0.22,0.0,0.00047683716,0.0,0.2684403,0.0569202
2024-06-08,MIEL1,Caldas,54.66,94849000.0,153260000.0,61.88764191569881,25.099579,-0.14319992,0.65509796,1013.4309,22.101196,0.22,0.0026226044,0.00047683716,0.0,0.2596978,0.6705666
2024-06-09,MIEL1,Caldas,54.76,86927000.0,153260000.0,56.71864804906694,24.082,-0.22309875,-0.44750977,1013.938,21.969421,0.22,0.010251999,0.0011920929,0.000834465,0.25516972,0.500038
2024-06-10,MIEL1,Caldas,56.510000000000005,131560000.0,153260000.0,85.84105441733003,25.31076,-0.17000961,-0.080509186,1012.2717,22.061707,0.22,0.007390976,0.00047683716,0.0,0.25212377,0.18810901
2024-06-11,MIEL1,Caldas,58.66,160751000.0,153260000.0,104.88777241289311,24.71518,-0.47335434,-0.28694534,1012.8223,22.111298,0.22,0.02360344,0.0006556511,0.00017881393,0.24569835,0.5535359
2024-06-12,MIEL1,Caldas,59.38,113777000.0,153260000.0,74.23789638522771,24.904144,-0.13022614,0.13950348,1012.6372,22.083374,0.22,0.0011920929,0.00047683716,5.9604645e-05,0.23679373,0.19084042
2024-06-13,MIEL1,Caldas,59.96,103513000.0,153260000.0,67.54078037322198,25.572723,-0.14067078,-0.33912277,1012.1856,22.092438,0.22,0.00011920929,0.0004172325,0.0,0.22594027,0.367141
2024-06-14,MIEL1,Caldas,61.99,150318000.0,153260000.0,98.08038627169516,23.552399,0.0032844543,-0.5277252,1012.7553,22.014221,0.22,0.27096272,0.00667572,0.006198883,0.27883765,0.5277355
2024-06-15,MIEL1,Caldas,64.5,186754000.0,153260000.0,121.85436513114968,22.833832,0.33922958,0.074543,1013.8625,21.86493,0.22,0.17988682,0.010848045,0.010311604,0.37821668,0.34732315
2024-06-16,MIEL1,Caldas,66.17,193737000.0,153260000.0,126.4106746704946,22.954742,-0.085392,0.5635681,1014.39435,21.79483,0.22,0.0988245,0.00756979,0.0073313713,0.37895095,0.5700007
2024-06-17,MIEL1,Caldas,67.34,140682000.0,153260000.0,91.79303144982384,24.127289,0.0018043518,0.026367188,1012.33984,21.476349,0.22,0.00023841858,0.00047683716,0.0,0.34905773,0.026428852
2024-06-18,MIEL1,Caldas,68.63,148794000.0,153260000.0,97.0859976510505,24.26004,0.119155884,-0.40686035,1010.53925,21.437592,0.22,0.0019073486,0.0005364418,0.00017881393,0.32992125,0.42394984
2024-06-19,MIEL1,Caldas,68.19,141865000.0,153260000.0,92.56492235416938,22.270966,0.19944382,-0.24776459,1012.0728,21.422638,0.22,0.4502535,0.036358833,0.036031008,0.4109516,0.31806466
2024-06-20,MIEL1,Caldas,67.73,133771000.0,153260000.0,87.28370090043065,23.589874,0.0699234,-0.5719147,1012.15643,21.734009,0.22,0.30994415,0.027418137,0.027000904,0.39759588,0.5761733
2024-06-21,MIEL1,Caldas,66.99000000000001,128394000.0,153260000.0,83.77528383139763,24.577057,-0.3065033,0.14956284,1012.3847,21.878754,0.22,0.033140182,0.0014901161,0.0011324883,0.37399024,0.34104738
2024-06-22,MIEL1,Caldas,66.97,122611000.0,153260000.0,80.00195745791466,24.653961,-0.22467804,-0.12475586,1012.1241,22.065704,0.22,0.0,0.0004172325,0.0,0.34986717,0.25699073
2024-06-23,MIEL1,Caldas,68.72,169159000.0,153260000.0,110.37387446169907,23.74472,-0.20738602,-0.19402695,1012.8816,22.395172,0.22,0.03707409,0.0010728836,0.00059604645,0.33579528,0.28399897
2024-06-24,MIEL1,Caldas,69.65,137046000.0,153260000.0,89.42059245726217,24.726715,-0.09782028,0.19704819,1012.54205,22.569489,0.22,0.0011920929,0.0005364418,5.9604645e-05,0.3243091,0.21999271
2024-06-25,MIEL1,Caldas,70.69,126426000.0,153260000.0,82.49119143938405,24.244232,0.04916382,0.038841248,1012.8497,22.718384,0.22,0.015735626,0.0007748604,0.00047683716,0.31769896,0.0626556
2024-06-26,MIEL1,Caldas,72.7,173399000.0,153260000.0,113.1404149810779,24.70993,0.2008667,0.19686508,1013.1375,22.718384,0.22,0.0054836273,0.00071525574,0.00023841858,0.30857432,0.28125307
2024-06-27,MIEL1,Caldas,75.46000000000001,180301000.0,153260000.0,117.64387315672712,24.022247,-0.0023612976,-0.39762497,1013.64124,22.718384,0.22,0.013828278,0.0004172325,0.00023841858,0.29494518,0.39763197
2024-06-28,MIEL1,Caldas,80.35,293504000.0,153260000.0,191.5072425942842,22.346039,-0.08406448,-0.042224884,1014.84717,22.718384,0.22,0.57184696,0.04184246,0.041425228,0.37271547,0.09407326
2024-06-29,MIEL1,Caldas,81.95,173831000.0,153260000.0,113.4222889207882,23.530243,0.24183273,-0.5682945,1014.4556,22.816956,0.22,0.058293343,0.0064373016,0.0061392784,0.37342417,0.6176097
2024-06-30,MIEL1,Caldas,83.84,178528000.0,153260000.0,116.48701552916611,23.39096,-0.11046982,0.106552124,1012.63654,23.147247,0.22,0.020503998,0.0019073486,0.0014305115,0.35169512,0.15348269
2024-07-01,MIEL1,Caldas,82.52000000000001,163206000.0,109920000.0,148.47707423580786,24.113678,-0.14689636,-0.08975983,1010.89935,23.324677,0.08,0.006198883,0.000834465,0.00047683716,0.33251143,0.17214926
2024-07-02,MIEL1,Caldas,83.62,193260000.0,109920000.0,175.8187772925764,24.777924,-0.54050446,-0.27137756,1011.84064,23.546112,0.08,0.00166893,0.0005364418,0.00011920929,0.3175384,0.6048064
2024-07-03,MIEL1,Caldas,84.58,195670000.0,109920000.0,178.0112809315866,24.452972,-0.29393005,0.22316742,1011.66064,23.606293,0.08,0.015497208,0.00059604645,0.00011920929,0.30436322,0.36905092
2024-07-04,MIEL1,Caldas,88.36,301138000.0,109920000.0,273.96106259097525,24.014862,-0.21736908,-0.66902924,1011.53345,23.841736,0.08,0.40197372,0.0063180923,0.0059604645,0.30641976,0.7034554
2024-07-05,MIEL1,Caldas,90.42,368908000.0,109920000.0,335.61499272197966,21.614716,-0.23828506,-0.2144928,1013.4528,23.958649,0.08,0.70250034,0.0641942,0.06389618,0.36519334,0.320604
2024-07-06,MIEL1,Caldas,89.72,234328000.0,109920000.0,213.18049490538576,23.54068,-0.53923416,-0.065208435,1014.247,23.72226,0.08,0.14770031,0.013828278,0.01335144,0.39187312,0.5431626
2024-07-07,MIEL1,Caldas,88.64999999999999,196582000.0,109920000.0,178.8409752547307,24.05191,0.1479721,0.5643501,1012.5059,23.334442,0.08,0.0,0.00035762787,0.0,0.35206288,0.5834268
2024-07-08,MIEL1,Caldas,87.36,183436000.0,109920000.0,166.88136826783116,24.770233,-0.15801239,0.318264,1011.21295,22.971527,0.08,0.0,0.00047683716,0.0,0.32582512,0.35533068
2024-07-09,MIEL1,Caldas,86.36,168550000.0,109920000.0,153.33879184861718,24.304169,-0.13328171,0.49415207,1010.84814,22.752289,0.08,0.0,0.0004172325,0.0,0.3105021,0.5118108
2024-07-10,MIEL1,Caldas,84.45,147321000.0,109920000.0,134.02565502183407,25.212006,-0.098293304,0.115055084,1010.22815,22.476562,0.08,0.0,0.00023841858,0.0,0.2979957,0.15132497
2024-07-11,MIEL1,Caldas,83.16,135050000.0,109920000.0,122.86208151382824,24.541718,-0.012950897,0.13135147,1010.70905,22.07782,0.08,0.0,0.00047683716,0.0,0.28241843,0.13198839
2024-07-12,MIEL1,Caldas,81.2,134964000.0,109920000.0,122.78384279475982,23.980682,0.026435852,-0.23277283,1013.84656,21.64975,0.08,0.12373924,0.0014305115,0.0011920929,0.28208455,0.23426917
2024-07-13,MIEL1,Caldas,79.96,130141000.0,109920000.0,118.39610625909754,23.901825,0.0497818,0.8859291,1013.64154,21.471222,0.08,0.0009536743,0.00047683716,5.9604645e-05,0.28056663,0.88732666
2024-07-14,MIEL1,Caldas,80.84,112921000.0,109920000.0,102.7301673944687,24.979034,-0.197258,0.49912643,1012.7619,21.356415,0.08,0.0,0.00029802322,0.0,0.2663138,0.5366916
2024-07-15,MIEL1,Caldas,78.85,105918000.0,109920000.0,96.35917030567686,24.98587,-0.079387665,0.44648743,1011.8798,21.071503,0.08,0.0,0.00035762787,0.0,0.25594133,0.4534903
2024-07-16,MIEL1,Caldas,77.12,100912000.0,109920000.0,91.80494905385736,24.718536,-0.0712471,1.0379982,1010.82404,20.940033,0.08,0.0,0.00029802322,0.0,0.24637285,1.0404404
2024-07-17,MIEL1,Caldas,77.5,94221000.0,109920000.0,85.71779475982532,24.469208,0.029636383,0.7784462,1011.9959,20.753204,0.08,0.0,0.00029802322,0.0,0.23660216,0.7790102
2024-07-18,MIEL1,Caldas,78.08,87483000.0,109920000.0,79.58788209606988,24.93509,-0.22282028,0.53507996,1013.07544,20.82663,0.08,0.0,0.00023841858,0.0,0.22636274,0.57962006
2024-07-19,MIEL1,Caldas,77.81,83894000.0,109920000.0,76.32278020378457,24.528534,-0.19142151,0.045475006,1014.09595,20.815582,0.08,0.0,0.00011920929,0.0,0.21937937,0.196749
2024-07-20,MIEL1,Caldas,75.28,79705000.0,109920000.0,72.511826783115,24.695099,-0.25392532,0.64598465,1013.03595,20.970612,0.08,0.0,0.00029802322,0.0,0.21470866,0.6940996
2024-07-21,MIEL1,Caldas,72.53,76588000.0,109920000.0,69.67612809315867,25.454437,-0.055923462,0.47499847,1011.4936,20.787506,0.08,0.0,0.00017881393,0.0,0.20796889,0.4782792
2024-07-22,MIEL1,Caldas,71.81,74839000.0,109920000.0,68.08497088791849,25.796356,-0.16700745,0.71749496,1010.59174,20.54889,0.08,0.0,0.00029802322,0.0,0.20262292,0.7366753
2024-07-23,MIEL1,Caldas,72.09,69079000.0,109920000.0,62.8447962154294,25.722626,-0.15381241,0.69062805,1011.78564,20.552094,0.08,0.0,0.0004172325,0.0,0.19755867,0.70754886
2024-07-24,MIEL1,Caldas,72.41,65727000.0,109920000.0,59.79530567685589,25.590607,-0.24391937,0.2239685,1014.8253,20.78238,0.08,0.0,0.00017881393,0.0,0.193625,0.33114734
2024-07-25,MIEL1,Caldas,72.68,63893000.0,109920000.0,58.126819505094616,26.216034,-0.33564758,0.51252747,1012.96063,21.098602,0.08,0.0,0.00029802322,0.0,0.19196028,0.612653
2024-07-26,MIEL1,Caldas,72.98,66189000.0,109920000.0,60.21561135371179,25.483368,-0.44262314,0.15641785,1012.3522,21.343231,0.08,0.0,0.00017881393,0.0,0.19193743,0.4694484
2024-07-27,MIEL1,Caldas,73.25,64453000.0,109920000.0,58.636280931586604,26.036163,-0.46611786,0.1485138,1012.22656,21.594757,0.08,0.04184246,0.00035762787,0.00023841858,0.19082323,0.4892057
2024-07-28,MIEL1,Caldas,73.37,61158000.0,109920000.0,55.6386462882096,26.27591,-0.06612015,0.56224823,1012.5739,21.717194,0.08,0.0,0.00029802322,0.0,0.18913637,0.5661227
2024-07-29,MIEL1,Caldas,73.58,61645000.0,109920000.0,56.08169577874818,26.97403,-0.1453476,0.89235306,1011.22675,21.983307,0.08,0.0,0.00017881393,0.0,0.18755844,0.90411276
2024-07-30,MIEL1,Caldas,73.77,59743000.0,109920000.0,54.35134643377001,26.085968,-0.09132767,0.8426018,1010.54266,22.062073,0.08,0.0,0.00023841858,0.0,0.18577358,0.8475367
2024-07-31,MIEL1,Caldas,73.92999999999999,120453000.0,109920000.0,109.58242358078604,25.708649,-0.35077286,0.5939369,1012.23016,21.863495,0.08,0.0,0.00023841858,0.0,0.18616368,0.6897845
2024-08-01,MIEL1,Caldas,74.03,90691000.0,106130000.0,85.45274663148969,25.65384,-0.32712936,0.6124573,1012.76764,21.783752,-0.07,0.0,0.00047683716,0.0,0.18458451,0.69434685
2024-08-02,MIEL1,Caldas,71.95,56305000.0,106130000.0,53.05285970036747,27.288605,-0.3785324,-0.34914017,1013.95685,21.873016,-0.07,0.00023841858,0.00029802322,0.0,0.18118672,0.5149618
2024-08-03,MIEL1,Caldas,70.19999999999999,55576000.0,106130000.0,52.36596626778479,26.447601,-0.5635452,-0.6241989,1012.7364,21.925568,-0.07,0.029206276,0.00047683716,0.00011920929,0.18348196,0.84095633
2024-08-04,MIEL1,Caldas,70.7,65338000.0,106130000.0,61.5641194761142,24.827118,-0.40569305,-0.36091232,1012.8674,21.975525,-0.07,0.24282932,0.0034570694,0.00333786,0.27175826,0.5429959
2024-08-05,MIEL1,Caldas,71.98,133378000.0,106130000.0,125.67417318383116,24.006317,0.01304245,-0.31774902,1013.1436,22.08371,-0.07,0.56517124,0.016331673,0.016212463,0.30749518,0.3180166
2024-08-06,MIEL1,Caldas,73.17,127990000.0,106130000.0,120.59738057099784,23.678497,-0.60521317,-0.580719,1013.0723,22.00644,-0.07,0.12767315,0.0056028366,0.0052452087,0.33837456,0.83875954
2024-08-07,MIEL1,Caldas,73.61999999999999,97671000.0,106130000.0,92.0295863563554,24.491058,-0.24016953,-0.38853836,1012.15894,21.96994,-0.07,0.002861023,0.00035762787,0.00011920929,0.31764454,0.45677507
2024-08-08,MIEL1,Caldas,71.67999999999999,70969000.0,106130000.0,66.86987656647507,24.235992,-0.5195389,-0.86149216,1012.3711,21.86441,-0.07,0.032663345,0.00059604645,0.0005364418,0.30107754,1.0060265
2024-08-09,MIEL1,Caldas,71.89,75321000.0,106130000.0,70.97050786770941,23.074615,-0.24802017,-0.5090599,1012.7717,21.731628,-0.07,0.30338764,0.0046491623,0.00423193,0.30711424,0.5662649
2024-08-10,MIEL1,Caldas,72.2,70675000.0,106130000.0,66.59285781588618,23.56308,-0.4725151,0.30899048,1013.16064,21.686096,-0.07,0.017046928,0.000834465,0.0005364418,0.31607187,0.5645756
2024-08-11,MIEL1,Caldas,72.39,73370000.0,106130000.0,69.13219636295109,23.964996,0.010047913,0.5316353,1013.52765,21.845734,-0.07,0.0,0.00029802322,0.0,0.29829302,0.53173023
2024-08-12,MIEL1,Caldas,72.57000000000001,71604000.0,106130000.0,67.46819937812117,25.17453,-0.49368286,0.40106583,1012.40155,21.675934,-0.07,0.00059604645,0.00035762787,0.0,0.27983087,0.63606334
2024-08-13,MIEL1,Caldas,72.57000000000001,64272000.0,106130000.0,60.559690945067366,24.754303,-0.14736176,0.09553528,1012.937,21.748108,-0.07,0.0,0.00029802322,0.0,0.2617259,0.17562026
2024-08-14,MIEL1,Caldas,70.27,59832000.0,106130000.0,56.376142466786014,25.019928,-0.36816788,0.24249268,1012.4381,22.157074,-0.07,0.0,0.00035762787,0.0,0.25089145,0.44085178
2024-08-15,MIEL1,Caldas,69.67999999999999,56113000.0,106130000.0,52.87194949590125,25.344269,-0.13101578,0.5607338,1011.8094,22.334503,-0.07,0.0,0.00023841858,0.0,0.23882058,0.57583636
2024-08-16,MIEL1,Caldas,69.76,65445000.0,106130000.0,61.664939225478186,26.222565,-0.16828918,0.3353119,1012.16705,22.422241,-0.07,0.0,0.00035762787,0.0,0.23083396,0.37517372
2024-08-17,MIEL1,Caldas,69.81,52003000.0,106130000.0,48.999340431546216,25.339508,0.022594452,0.3059082,1012.6106,22.683868,-0.07,0.0,0.00047683716,0.0,0.22273892,0.30674148
2024-08-18,MIEL1,Caldas,69.89,60534000.0,106130000.0,57.03759540186564,24.681122,-0.10934067,0.39590454,1012.15814,22.772095,-0.07,0.0,0.00035762787,0.0,0.21643738,0.41072592
2024-08-19,MIEL1,Caldas,69.17,49707000.0,106130000.0,46.83595590313766,25.396393,-0.11798096,0.387928,1011.9459,22.773468,-0.07,0.0,0.00047683716,0.0,0.21178284,0.40547213
2024-08-20,MIEL1,Caldas,68.58,50575000.0,106130000.0,47.6538207858287,25.738739,-0.025680542,0.4115486,1012.1731,22.78769,-0.07,0.0,0.0004172325,0.0,0.20485829,0.41234908
2024-08-21,MIEL1,Caldas,68.62,48417000.0,106130000.0,45.62046546688024,25.854523,-0.19244385,0.12147522,1011.41125,22.935638,-0.07,0.0,0.00011920929,0.0,0.2017164,0.22757606
2024-08-22,MIEL1,Caldas,68.67,49215000.0,106130000.0,46.37237350419297,26.822601,-0.34743118,-0.56228256,1011.4825,22.505798,-0.07,0.00333786,0.00047683716,0.0,0.19583437,0.6609615
2024-08-23,MIEL1,Caldas,68.8,48852000.0,106130000.0,46.030340148874025,24.401031,-0.6066475,-0.98347855,1013.0469,22.093964,-0.07,0.1860857,0.0021457672,0.00166893,0.20977974,1.1555307
2024-08-24,MIEL1,Caldas,69.01,60946000.0,106130000.0,57.4257985489494,25.371918,-0.23485184,0.3381424,1012.2605,22.100067,-0.07,0.31292439,0.019073486,0.018835068,0.3171288,0.41169852
2024-08-25,MIEL1,Caldas,69.97,88825000.0,106130000.0,83.6945255818336,25.091766,-0.14379883,-0.20721817,1013.91547,21.872894,-0.07,0.0014305115,0.00023841858,0.0,0.29643318,0.25222504
2024-08-26,MIEL1,Caldas,70.17999999999999,76871000.0,106130000.0,72.43098087251484,25.11435,-0.3767929,0.679863,1014.3953,21.515411,-0.07,0.0,0.00035762787,0.0,0.2745198,0.7772944
2024-08-27,MIEL1,Caldas,70.21,92962000.0,106130000.0,87.5925751436917,24.761688,-0.38557053,-0.0013694763,1014.64545,21.326294,-0.07,0.0046491623,0.00029802322,5.9604645e-05,0.2589147,0.38557294
2024-08-28,MIEL1,Caldas,70.32000000000001,85967000.0,106130000.0,81.00160180910204,25.883453,-0.061130524,0.44983292,1012.8683,21.29837,-0.07,0.00035762787,0.00035762787,0.0,0.24739128,0.4539676
2024-08-29,MIEL1,Caldas,70.32000000000001,64341000.0,106130000.0,60.62470554979742,25.593597,-0.52433395,0.7050247,1011.7081,21.083221,-0.07,0.0,0.00035762787,0.0,0.2401675,0.8786273
2024-08-30,MIEL1,Caldas,70.27,49592000.0,106130000.0,46.72759822858758,24.939423,-0.123363495,0.21016312,1012.10315,20.899597,-0.07,0.0,0.00023841858,0.0,0.23070647,0.24369466
2024-08-31,MIEL1,Caldas,70.43,47209000.0,106130000.0,44.482238763780266,25.621979,0.12242508,0.20031738,1012.08,20.533997,-0.07,0.01168251,0.00029802322,5.9604645e-05,0.22370343,0.23476574
2024-09-01,MIEL1,Caldas,70.74000000000001,48270000.0,136900000.0,35.25931336742148,24.74527,-0.47083282,-0.7295189,1013.2903,20.200226,-0.17,0.3042221,0.0037550926,0.0035762787,0.2515911,0.8682634
2024-09-02,MIEL1,Caldas,70.73,45447000.0,136900000.0,33.19722425127831,25.078339,-0.4478073,-0.02462387,1011.6951,20.180908,-0.17,0.00059604645,0.00029802322,0.0,0.2518056,0.4484838
2024-09-03,MIEL1,Caldas,70.78,43106000.0,136900000.0,31.487216946676405,25.648407,-0.5099335,0.06790924,1011.1741,19.992767,-0.17,0.0104904175,0.00023841858,0.0,0.24424595,0.5144354
2024-09-04,MIEL1,Caldas,71.12,74307000.0,136900000.0,54.27830533235939,25.277252,-0.55324554,-0.03672409,1011.2612,19.950134,-0.17,0.44822693,0.004887581,0.004827976,0.27061912,0.5544631
2024-09-05,MIEL1,Caldas,71.41999999999999,63022000.0,136900000.0,46.03506208911614,26.26181,-0.7454376,0.06180191,1011.0147,20.008148,-0.17,0.119805336,0.0007748604,0.0006556511,0.25763497,0.74799514
2024-09-06,MIEL1,Caldas,71.45,90150000.0,136900000.0,65.8509861212564,25.302704,-0.12921524,0.23215866,1009.9553,20.319977,-0.17,0.0,0.0,0.0,0.24807355,0.26569572
2024-09-07,MIEL1,Caldas,71.84,51867000.0,136900000.0,37.88677867056246,25.235382,-0.26641846,0.039505005,1010.17,20.55777,-0.17,0.029325485,0.00023841858,0.00023841858,0.24166055,0.26933146
2024-09-08,MIEL1,Caldas,70.3,44223000.0,136900000.0,32.30314097881665,24.712738,-0.16862488,0.4333725,1009.8078,20.653076,-0.17,0.0,0.0,0.0,0.23507638,0.46502265
2024-09-09,MIEL1,Caldas,70.27,42481000.0,136900000.0,31.030679327976625,25.802826,-0.0033111572,0.59456635,1011.0678,20.813751,-0.17,0.0,0.0,0.0,0.22684804,0.5945756
2024-09-10,MIEL1,Caldas,70.21,42451000.0,136900000.0,31.008765522279035,25.64029,-0.015338898,0.32627487,1010.40515,20.83841,-0.17,0.0,5.9604645e-05,0.0,0.22297066,0.3266352
2024-09-11,MIEL1,Caldas,70.24000000000001,42283000.0,136900000.0,30.886048210372536,25.940948,-0.4157791,-0.27718353,1009.8677,21.237549,-0.17,0.0071525574,0.0,0.0,0.21931109,0.4997029
2024-09-12,MIEL1,Caldas,69.39,40696000.0,136900000.0,29.72680788897005,26.479706,-0.7237396,-0.5667343,1010.4448,21.45633,-0.17,0.00011920929,0.00011920929,0.0,0.21665336,0.91923165
2024-09-13,MIEL1,Caldas,69.89,76029000.0,136900000.0,55.536157779401016,25.741608,-0.49489594,-0.562397,1011.84515,21.644592,-0.17,0.042796135,0.00029802322,0.00023841858,0.21505149,0.7491411
2024-09-14,MIEL1,Caldas,68.13,46682000.0,136900000.0,34.09934258582907,26.3945,-0.41985703,-0.25705338,1010.59436,21.743011,-0.17,0.0,0.0,0.0,0.2110075,0.49229702
2024-09-15,MIEL1,Caldas,68.46,72114000.0,136900000.0,52.67640613586559,26.36148,-0.12119293,-0.04069519,1010.1808,21.71634,-0.17,0.06067753,0.0006556511,0.00059604645,0.2522505,0.12784298
2024-09-16,MIEL1,Caldas,68.83,72639000.0,136900000.0,53.059897735573415,26.827545,-0.41118622,0.4903717,1009.5372,21.633942,-0.17,0.00047683716,0.0,0.0,0.23695956,0.63995194
2024-09-17,MIEL1,Caldas,69.02000000000001,54308000.0,136900000.0,39.66983199415632,25.45279,-0.20604324,0.36088943,1010.7947,21.277008,-0.17,0.0,5.9604645e-05,0.0,0.2323284,0.41556588
2024-09-18,MIEL1,Caldas,68.55,46346000.0,136900000.0,33.85390796201607,26.56491,-0.25641632,0.30048752,1009.0461,21.131409,-0.17,0.0,5.9604645e-05,0.0,0.22710693,0.39502162
2024-09-19,MIEL1,Caldas,67.45,45574000.0,136900000.0,33.289992695398105,26.854279,-0.091026306,0.13237762,1008.70795,20.794342,-0.17,0.0,5.9604645e-05,0.0,0.2194454,0.16065374
2024-09-20,MIEL1,Caldas,67.78,65775000.0,136900000.0,48.04601899196494,26.311005,-0.6120453,-0.3105011,1009.02405,20.491852,-0.17,0.00834465,0.00023841858,0.00011920929,0.21538776,0.68630195
2024-09-21,MIEL1,Caldas,67.73,45903000.0,136900000.0,33.530314097881664,25.22757,-0.54405975,-0.78503036,1010.46423,20.439514,-0.17,0.3142357,0.00333786,0.0032782555,0.21936642,0.9551302
2024-09-22,MIEL1,Caldas,67.58,62568000.0,136900000.0,45.70343316289262,23.806,-0.3811531,-0.7192383,1011.8719,20.537384,-0.17,0.48422813,0.020563602,0.020384789,0.25802407,0.813991
2024-09-23,MIEL1,Caldas,67.41,91637000.0,136900000.0,66.9371804236669,23.431732,-0.24353027,-0.017280579,1012.69763,20.423553,-0.17,0.10895729,0.008702278,0.008702278,0.3081395,0.2441426
2024-09-24,MIEL1,Caldas,67.38,56034000.0,136900000.0,40.93060628195763,24.736176,-0.19360352,-0.38183975,1011.60345,20.173523,-0.17,0.0,0.0,0.0,0.28722668,0.4281167
2024-09-25,MIEL1,Caldas,67.28,88942000.0,136900000.0,64.96859021183346,24.900482,-0.43518066,-0.48151398,1011.89294,20.084229,-0.17,0.00035762787,0.0,0.0,0.27197614,0.6490284
2024-09-26,MIEL1,Caldas,67.16,77537000.0,136900000.0,56.637691745799856,22.728241,-0.13575745,-0.9242134,1013.7488,20.04364,-0.17,0.047326088,0.0015497208,0.0014901161,0.28001913,0.9341309
2024-09-27,MIEL1,Caldas,64.88000000000001,62651000.0,136900000.0,45.76406135865596,24.116852,-0.06895447,-0.5314102,1012.41077,20.204315,-0.17,0.05722046,0.002503395,0.0024437904,0.31521854,0.53586525
2024-09-28,MIEL1,Caldas,62.95,123245000.0,136900000.0,90.02556610664719,23.675018,0.06100464,-0.0059127808,1012.14435,20.38913,-0.17,0.07736683,0.0026226044,0.0025629997,0.36074665,0.061290514
2024-09-29,MIEL1,Caldas,66.86,233273000.0,136900000.0,170.39663988312637,21.544342,-0.16933441,-0.56092453,1014.34436,20.39444,-0.17,0.59497356,0.016450882,0.016391277,0.3901886,0.585927
2024-09-30,MIEL1,Caldas,65.69,100637000.0,136900000.0,73.51132213294376,22.196564,-0.45333862,-0.39442444,1013.90125,20.249329,-0.17,0.036120415,0.0026226044,0.0026226044,0.36851948,0.60090476
2024-10-01,MIEL1,Caldas,63.54,78184000.0,193370000.0,40.43233179914154,23.61557,-0.35278702,-0.51820374,1012.6794,20.03952,-0.21,0.054240227,0.002861023,0.0027418137,0.34714615,0.62689215
2024-10-02,MIEL1,Caldas,64.16,112050000.0,193370000.0,57.94590681077728,22.34909,-0.35081482,-1.0288734,1013.34576,20.113647,-0.21,0.39577484,0.025093555,0.024974346,0.33919418,1.087038
2024-10-03,MIEL1,Caldas,63.28,81239000.0,193370000.0,42.01220458188964,23.94693,-0.22352982,-0.03225708,1012.4775,20.318756,-0.21,0.005722046,0.0004172325,0.0004172325,0.32937777,0.22584529
2024-10-04,MIEL1,Caldas,64.35,106863000.0,193370000.0,55.26348451155815,23.536163,0.12912369,-0.63674545,1013.2939,20.145111,-0.21,0.096559525,0.0011920929,0.0011920929,0.32507086,0.6497059
2024-10-05,MIEL1,Caldas,64.03999999999999,119823000.0,193370000.0,61.96566168485287,23.740387,-0.09741974,-0.52046585,1013.15375,20.268219,-0.21,0.0054836273,0.00023841858,0.00023841858,0.34666112,0.5295048
2024-10-06,MIEL1,Caldas,65.38000000000001,125104000.0,193370000.0,64.69669545431039,22.855194,0.15475082,-0.2836647,1013.8098,20.5177,-0.21,0.32639503,0.03159046,0.031530857,0.42426014,0.32313076
2024-10-07,MIEL1,Caldas,66.24,109372000.0,193370000.0,56.56099705228319,22.68393,0.24329376,-0.5818291,1011.9172,20.617737,-0.21,0.20086765,0.013828278,0.013768673,0.42547977,0.630648
2024-10-08,MIEL1,Caldas,67.03,118788000.0,193370000.0,61.43041836893003,21.478485,0.4255867,0.082603455,1013.14624,20.652435,-0.21,2.1294355,0.5865693,0.5864501,0.453714,0.433529
2024-10-09,MIEL1,Caldas,68.03,116141000.0,193370000.0,60.06154005274862,22.336578,0.06517029,-0.5168648,1013.6284,20.7789,-0.21,0.47826767,0.14734268,0.14734268,0.43414262,0.5209572
2024-10-10,MIEL1,Caldas,69.73,148568000.0,193370000.0,76.83094585509645,22.35025,-0.22177887,-0.4003067,1014.3214,20.76059,-0.21,0.4017353,0.033140182,0.03296137,0.43620664,0.45763665
2024-10-11,MIEL1,Caldas,70.67999999999999,106733000.0,193370000.0,55.19625588250504,21.680084,-0.06760788,-0.5076904,1013.3956,20.780365,-0.21,0.3055334,0.02169609,0.02169609,0.43241683,0.5121722
2024-10-12,MIEL1,Caldas,69.02000000000001,83262000.0,193370000.0,43.05838547861613,23.959198,0.059619904,-0.17046738,1012.46063,20.894379,-0.21,0.0022649765,0.00023841858,0.00017881393,0.40470597,0.18059252
2024-10-13,MIEL1,Caldas,68.43,74932000.0,193370000.0,38.75058178621296,23.67575,-0.017936707,0.27134323,1012.73267,20.535828,-0.21,0.0,0.0,0.0,0.3830858,0.27193543
2024-10-14,MIEL1,Caldas,68.86,67297000.0,193370000.0,34.80219268759373,23.677399,0.20585632,0.1880455,1013.8114,20.492493,-0.21,0.0,0.0,0.0,0.36519822,0.27881524
2024-10-15,MIEL1,Caldas,69.45,68982000.0,193370000.0,35.673579148782125,24.413116,-0.12935638,-0.22429657,1013.8569,20.4039,-0.21,0.0046491623,0.00035762787,0.00023841858,0.35083663,0.25892475
2024-10-16,MIEL1,Caldas,69.87,75009000.0,193370000.0,38.790401820344414,23.92392,-0.32925034,-0.5539093,1013.15546,20.692505,-0.21,0.04029274,0.0030994415,0.0030696392,0.33843493,0.64437664
2024-10-17,MIEL1,Caldas,68.46,97800000.0,193370000.0,50.576614779955534,26.148895,-0.34859467,-0.38681412,1011.22076,21.060028,-0.21,0.00500679,0.00029802322,0.00023841858,0.33004025,0.52071434
2024-10-18,MIEL1,Caldas,68.56,93828000.0,193370000.0,48.5225215907328,25.799347,-0.044483185,-0.52262115,1010.9344,21.292633,-0.21,0.046253204,0.0006556511,0.0005364418,0.3172458,0.52451086
2024-10-19,MIEL1,Caldas,67.82000000000001,111636000.0,193370000.0,57.73180948440813,23.362213,0.27705383,-0.76345444,1011.1362,21.393555,-0.21,0.66268444,0.022232533,0.022351742,0.34822297,0.81217086
2024-10-20,MIEL1,Caldas,68.83,126472000.0,193370000.0,65.40414748926928,22.225922,0.4273262,-0.7909813,1011.3719,21.446869,-0.21,0.7735491,0.05298853,0.052809715,0.4012642,0.89903235
2024-10-21,MIEL1,Caldas,70.72,175722000.0,193370000.0,90.87345503439003,22.829742,0.31786728,-1.0229645,1011.6097,21.434113,-0.21,0.13911724,0.0075101852,0.007212162,0.41313285,1.0712124
2024-10-22,MIEL1,Caldas,73.00999999999999,261515000.0,193370000.0,135.24073020634015,22.379425,-0.59469604,-0.72397614,1013.3833,21.634125,-0.21,0.5861521,0.06252527,0.06252527,0.43772686,0.93691236
2024-10-23,MIEL1,Caldas,74.5,150459000.0,193370000.0,77.80886383616901,23.82779,-0.077804565,-0.7173042,1012.8873,21.43805,-0.21,0.13184547,0.01168251,0.01168251,0.42105156,0.72151154
2024-10-24,MIEL1,Caldas,74.32,133991000.0,193370000.0,69.29254796504112,23.42569,-0.058273315,-0.7806206,1011.33704,21.386353,-0.21,0.07367134,0.0053048134,0.0052452087,0.4242534,0.7827926
2024-10-25,MIEL1,Caldas,75.09,105722000.0,193370000.0,54.673424005792,24.303009,-0.20306396,-0.5123558,1010.48016,21.373657,-0.21,0.0032186508,0.0004172325,0.00029802322,0.39722344,0.5511292
2024-10-26,MIEL1,Caldas,73.85000000000001,106977000.0,193370000.0,55.32243884780472,24.168732,0.010826111,-0.38912964,1010.63983,21.110596,-0.21,0.0067949295,0.00035762787,0.00017881393,0.37751433,0.3892802
2024-10-27,MIEL1,Caldas,72.97,118792000.0,193370000.0,61.43248694213167,24.394623,-0.25406265,-0.30594635,1010.52655,21.107117,-0.21,0.046014786,0.0009536743,0.0008940697,0.3733069,0.39768204
2024-10-28,MIEL1,Caldas,73.74000000000001,102290000.0,193370000.0,52.89858819878989,23.763153,0.16450119,0.37156677,1010.53656,21.35379,-0.21,0.0015497208,0.00017881393,0.00017881393,0.36122805,0.4063527
2024-10-29,MIEL1,Caldas,73.41,87773000.0,193370000.0,45.391218906759065,23.940704,-0.24441528,0.016159058,1010.8258,21.299469,-0.21,0.00047683716,5.9604645e-05,0.0,0.34748322,0.24494886
2024-10-30,MIEL1,Caldas,71.27,109610000.0,193370000.0,56.68407715778042,24.867157,-0.2754593,-0.258461,1010.53174,21.22049,-0.21,0.0038146973,0.0004172325,0.00023841858,0.3329676,0.37772992
2024-10-31,MIEL1,Caldas,71.88,178133000.0,193370000.0,92.12028753167505,22.084137,-0.43616104,-0.9593506,1011.1994,21.344727,-0.21,0.9562969,0.096559525,0.096559525,0.3854856,1.0538453
2024-11-01,MIEL1,Caldas,70.56,153452000.0,236420000.0,64.90652229083834,21.959137,0.029655457,-1.1554451,1011.34155,21.508453,-0.3,0.2988577,0.028789043,0.028729439,0.43137687,1.1558256
2024-11-02,MIEL1,Caldas,70.17999999999999,96419000.0,236420000.0,40.78292868623636,22.976776,0.20350266,-0.9124298,1011.3038,21.52481,-0.3,0.12588501,0.019609928,0.01937151,0.42051595,0.93484837
2024-11-03,MIEL1,Caldas,68.78,103431000.0,236420000.0,43.74883681583622,23.47879,0.37961197,-0.35507965,1010.48047,21.61789,-0.3,0.68354607,0.19389391,0.1938343,0.4226544,0.51979494
2024-11-04,MIEL1,Caldas,68.08,88000000.0,236420000.0,37.22189324084257,21.71402,-0.022277832,-0.5886421,1012.49097,21.923065,-0.3,1.937151,0.5906224,0.5904436,0.45482123,0.5890635
2024-11-05,MIEL1,Caldas,68.56,105316000.0,236420000.0,44.54614668809745,22.517914,0.3003235,-0.32147598,1012.3922,22.144165,-0.3,0.12421608,0.031769276,0.03170967,0.43197417,0.43993294
2024-11-06,MIEL1,Caldas,67.55,122154000.0,236420000.0,51.66821757888504,23.123444,0.07527161,-0.5611763,1012.2455,22.125519,-0.3,0.1386404,0.020802021,0.020802021,0.4374782,0.566202
2024-11-07,MIEL1,Caldas,68.15,94810000.0,236420000.0,40.10236020641232,22.507843,0.2603073,-0.7199516,1011.3201,22.201508,-0.3,0.38290024,0.062942505,0.0628829,0.4404657,0.7655653
2024-11-08,MIEL1,Caldas,69.22,314809000.0,236420000.0,133.1566703324592,20.48941,0.082595825,-0.6961937,1011.60156,22.075958,-0.3,2.538085,0.79375505,0.79357624,0.4554846,0.70107615
2024-11-09,MIEL1,Caldas,70.76,238338000.0,236420000.0,100.81126808222652,22.128082,-0.10322952,-0.62064743,1011.9316,21.945862,-0.3,1.722455,0.61023235,0.60993433,0.45675647,0.6291737
2024-11-10,MIEL1,Caldas,72.61999999999999,321868000.0,236420000.0,136.14245833685814,21.398956,-0.18335342,-0.050899506,1013.39825,22.158875,-0.3,4.702568,2.982378,2.6873946,0.45841545,0.19028726
2024-11-11,MIEL1,Caldas,74.21,228104000.0,236420000.0,96.48253108874036,21.464386,0.123981476,-0.7693634,1013.42126,22.289032,-0.3,0.37121773,0.077843666,0.07766485,0.4437433,0.779289
2024-11-12,MIEL1,Caldas,74.78,178660000.0,236420000.0,75.56890280010151,22.202728,0.13949585,-0.6997833,1012.99,22.306366,-0.3,0.42521954,0.18185377,0.18167496,0.4333038,0.7135515
2024-11-13,MIEL1,Caldas,75.13,306016000.0,236420000.0,129.4374418407918,22.61972,-0.021915436,-1.0461159,1012.1948,22.37677,-0.3,0.8584261,0.33915043,0.33903122,0.4445003,1.0463455
2024-11-14,MIEL1,Caldas,78.08,407286000.0,236420000.0,172.27222739192962,21.414886,0.009254456,-0.7303009,1012.1177,22.397797,-0.3,1.4212132,0.5646944,0.5645752,0.45965135,0.7303595
2024-11-15,MIEL1,Caldas,78.03,351753000.0,236420000.0,148.78309787666018,21.740875,0.087020874,-0.6874199,1011.84283,22.555084,-0.3,0.13315678,0.048041344,0.047922134,0.4388991,0.692906
2024-11-16,MIEL1,Caldas,77.84,246690000.0,236420000.0,104.34396413163014,22.160187,-0.36193085,-0.7663498,1011.8258,22.837555,-0.3,0.04041195,0.0051259995,0.004887581,0.42807072,0.8475175
2024-11-17,MIEL1,Caldas,78.18,239770000.0,236420000.0,101.41696979950932,22.136688,-0.48020935,-0.78222656,1012.57904,23.150543,-0.3,0.5018711,0.115573406,0.11527538,0.43411762,0.91786677
2024-11-18,MIEL1,Caldas,77.66999999999999,310424000.0,236420000.0,131.30192031131037,22.588531,-0.8314972,-0.5219536,1012.063,23.18686,-0.3,0.31781197,0.09471178,0.09423494,0.4347044,0.98174495
2024-11-19,MIEL1,Caldas,78.31,312109000.0,236420000.0,132.0146349716606,21.863495,0.32665634,-0.3710289,1012.438,23.174957,-0.3,0.47934055,0.09334087,0.093102455,0.4354409,0.49433473
2024-11-20,MIEL1,Caldas,80.9,233683000.0,236420000.0,98.84231452499787,21.83963,0.073474884,-0.54766464,1013.2125,23.131683,-0.3,0.6130934,0.089108944,0.088870525,0.43919545,0.55257136
2024-11-21,MIEL1,Caldas,81.39999999999999,233014000.0,236420000.0,98.55934354115556,22.411896,-0.24175262,-0.75035477,1013.0253,22.957062,-0.3,0.83851814,0.40209293,0.39324164,0.4498838,0.7883379
2024-11-22,MIEL1,Caldas,81.97,191905000.0,236420000.0,81.17122070890788,21.81845,-0.22612762,-0.45482254,1013.4437,22.901428,-0.3,0.52535534,0.1680851,0.16766787,0.43910575,0.5079343
2024-11-23,MIEL1,Caldas,83.91999999999999,246910000.0,236420000.0,104.43701886473228,22.07193,-0.38853836,-0.7006569,1013.78455,22.669586,-0.3,0.106453896,0.020444393,0.019907951,0.4342916,0.8011755
2024-11-24,MIEL1,Caldas,83.78999999999999,179978000.0,236420000.0,76.12638524659504,22.682404,-0.06009674,-0.4205246,1013.0156,22.488007,-0.3,0.24163723,0.020444393,0.019907951,0.43001828,0.4247971
2024-11-25,MIEL1,Caldas,83.82,213931000.0,236420000.0,90.48769139666696,23.01352,0.00059890747,-0.43092728,1012.79266,22.266632,-0.3,0.04351139,0.0064969063,0.005841255,0.41496992,0.4309277
2024-11-26,MIEL1,Caldas,86.08,180295000.0,236420000.0,76.260468657474,23.780487,0.09893417,-0.9253731,1012.77856,22.124237,-0.3,0.23341179,0.028729439,0.028014183,0.41622794,0.9306467
2024-11-27,MIEL1,Caldas,86.4,144240000.0,236420000.0,61.01006683021741,22.191986,-0.32502365,-0.38879776,1012.09784,22.012787,-0.3,0.36597252,0.14162064,0.1411438,0.44426188,0.5067584
2024-11-28,MIEL1,Caldas,86.69,136204000.0,236420000.0,57.61103121563319,23.161407,-0.0036849976,-0.7991104,1011.77625,21.930267,-0.3,0.12028217,0.01347065,0.012695789,0.42926866,0.79911894
2024-11-29,MIEL1,Caldas,88.52,136359000.0,236420000.0,57.67659250486423,23.18454,-0.13286209,-0.5122032,1012.08984,22.073181,-0.3,0.14960766,0.008523464,0.007688999,0.42425227,0.5291545
2024-11-30,MIEL1,Caldas,86.81,115976000.0,236420000.0,49.05507148295406,23.357513,-0.09638214,0.08379364,1011.6464,22.182434,-0.3,0.0011920929,0.0010728836,0.00011920929,0.40747774,0.1277141
2024-12-01,MIEL1,Caldas,85.06,129710000.0,208780000.0,62.12759842896829,22.96762,0.058799744,-0.07400894,1010.86017,22.30429,-0.42,0.00011920929,0.0009536743,0.0,0.3949989,0.09452372
2024-12-02,MIEL1,Caldas,86.14,112969000.0,208780000.0,54.109110068014175,23.772552,0.44948578,-0.455513,1011.03046,22.27069,-0.42,0.076174736,0.003695488,0.0027418137,0.38884217,0.639945
2024-12-03,MIEL1,Caldas,87.92999999999999,169487000.0,208780000.0,81.17971070025864,23.127045,-0.24096298,-0.27565002,1012.40295,22.26242,-0.42,0.1283884,0.023305416,0.022232533,0.41851267,0.36612305
2024-12-04,MIEL1,Caldas,87.74,198231000.0,208780000.0,94.9473129610116,23.779266,-0.67201996,-0.8091202,1011.6858,22.459503,-0.42,0.077962875,0.011444092,0.010371208,0.40795967,1.0518014
2024-12-05,MIEL1,Caldas,89.64,259402000.0,208780000.0,124.24657534246576,23.409332,-0.5373459,-0.45051575,1011.1181,22.537384,-0.42,0.08535385,0.01257658,0.011563301,0.40049955,0.7012168
2024-12-06,MIEL1,Caldas,93.19,229614000.0,208780000.0,109.97892518440464,22.871185,0.1594696,-0.5699005,1011.27875,22.604889,-0.42,0.21445751,0.026285648,0.025391579,0.40552476,0.5917915
2024-12-07,MIEL1,Caldas,92.67,213432000.0,208780000.0,102.22818277612798,22.62912,-0.2634468,-0.8946037,1011.77686,22.670074,-0.42,0.3554821,0.09524822,0.093996525,0.42193338,0.93258786
2024-12-08,MIEL1,Caldas,92.22,153330000.0,208780000.0,73.44094261902481,22.909882,-0.55828094,-0.5618477,1011.46204,22.637054,-0.42,0.00166893,0.0014305115,0.00035762787,0.40336853,0.7920546
2024-12-09,MIEL1,Caldas,90.33,138829000.0,208780000.0,66.49535396110738,22.581512,0.06587982,-0.122859955,1010.573,22.523224,-0.42,0.00071525574,0.0013709068,0.00011920929,0.38903517,0.13940847
2024-12-10,MIEL1,Caldas,88.67,141315000.0,208780000.0,67.68608104224543,22.40805,0.07771683,-0.03143692,1010.2042,22.346527,-0.42,0.00059604645,0.0013113022,8.940697e-05,0.37771064,0.083834276
2024-12-11,MIEL1,Caldas,87.4,142868000.0,208780000.0,68.42992623814541,22.549713,0.073013306,-0.38307953,1011.0781,22.43869,-0.42,0.00023841858,0.0011920929,0.0,0.36864334,0.38997546
2024-12-12,MIEL1,Caldas,87.45,169919000.0,208780000.0,81.38662707155858,22.878632,-0.09716034,-0.5921898,1011.71826,22.505615,-0.42,0.058174133,0.0086426735,0.0073313713,0.3643655,0.6001074
2024-12-13,MIEL1,Caldas,89.82,190819000.0,208780000.0,91.39716447935626,22.522736,0.15180969,-0.7655449,1010.8741,22.50531,-0.42,0.13458729,0.018119812,0.017046928,0.37173402,0.7804519
2024-12-14,MIEL1,Caldas,91.86,289650000.0,208780000.0,138.73455311811475,22.70523,-0.15103531,-0.893898,1011.0864,22.466461,-0.42,0.14555454,0.040352345,0.03927946,0.39684296,0.9065679
2024-12-15,MIEL1,Caldas,94.6,248373000.0,208780000.0,118.9639812242552,22.9263,0.19768524,-1.2175064,1010.868,22.454865,-0.42,0.05865097,0.010550022,0.009417534,0.38631195,1.233451
2024-12-16,MIEL1,Caldas,93.26,182925000.0,208780000.0,87.61615097231535,22.80008,-0.29656982,-0.24763489,1011.66455,22.535034,-0.42,0.23961067,0.073194504,0.07200241,0.40715683,0.38636345
2024-12-17,MIEL1,Caldas,91.95,139215000.0,208780000.0,66.68023757064853,23.478546,-0.08623505,0.04140091,1012.2506,22.67218,-0.42,0.007867813,0.0026226044,0.0013709068,0.3889851,0.09565834
2024-12-18,MIEL1,Caldas,90.17,124126000.0,208780000.0,59.45301274068397,23.354706,0.035518646,-0.084854126,1012.0603,22.873566,-0.42,0.0,0.0012516975,0.0,0.37611645,0.09198803
2024-12-19,MIEL1,Caldas,87.92999999999999,112670000.0,208780000.0,53.96589711658205,22.765411,0.2098999,-0.35717392,1011.52655,22.982574,-0.42,0.0,0.0012516975,0.0,0.368195,0.41428393
2024-12-20,MIEL1,Caldas,87.4,150810000.0,208780000.0,72.23393045310853,23.241669,-0.11434555,-0.6080742,1011.6511,23.016632,-0.42,0.049829483,0.0076293945,0.0064969063,0.36596525,0.61873186
2024-12-21,MIEL1,Caldas,88.07000000000001,167540000.0,208780000.0,80.24715011016382,22.177582,-0.06888962,-0.44786072,1012.7603,23.11264,-0.42,0.1655817,0.009536743,0.008046627,0.40977985,0.45312804
2024-12-22,MIEL1,Caldas,87.18,131648000.0,208780000.0,63.05584826132772,22.251617,0.20194244,-0.53351593,1013.42596,23.240356,-0.42,0.47636032,0.030219555,0.028908253,0.4361292,0.57045597
2024-12-23,MIEL1,Caldas,88.99000000000001,141339000.0,208780000.0,67.69757639620654,23.13205,-0.07286453,-0.03344345,1013.4964,23.365448,-0.42,0.13566017,0.016570091,0.015199184,0.43605065,0.08017296
2024-12-24,MIEL1,Caldas,91.52,145756000.0,208780000.0,69.813200498132,22.611786,0.21422195,-0.4926796,1012.90784,23.26297,-0.42,0.09775162,0.006198883,0.0047683716,0.4260374,0.5372376
2024-12-25,MIEL1,Caldas,92.49,144421000.0,208780000.0,69.1737714340454,22.94278,-0.39753723,-0.340271,1011.6853,23.224884,-0.42,0.14698505,0.016510487,0.01513958,0.4305703,0.5232783
2024-12-26,MIEL1,Caldas,97.01,370543000.0,208780000.0,177.48012261710892,22.455719,0.5776787,-0.24555588,1011.9387,23.310852,-0.42,0.4967451,0.10985136,0.10848045,0.43495613,0.6277025
2024-12-27,MIEL1,Caldas,97.75,246287000.0,208780000.0,117.96484337580227,22.046051,-0.10990143,-0.2622757,1012.4883,23.515167,-0.42,0.29742718,0.06318092,0.032782555,0.43433505,0.284371
2024-12-28,MIEL1,Caldas,98.2,200358000.0,208780000.0,95.96608870581474,22.269318,-0.23797226,-0.42695236,1013.47186,23.569305,-0.42,0.1975298,0.030040741,0.028550625,0.43905526,0.48879352
2024-12-29,MIEL1,Caldas,98.46,209595000.0,208780000.0,100.39036306159596,22.432648,0.046821594,-0.15070343,1013.85547,23.600586,-0.42,0.323534,0.05108118,0.049471855,0.44069445,0.15780933
2024-12-30,MIEL1,Caldas,99.61,285165000.0,208780000.0,136.5863588466328,21.844269,-0.049682617,-0.5725746,1012.8855,23.653412,-0.42,0.25999546,0.040888786,0.039339066,0.4417147,0.57472605
2024-12-31,MIEL1,Caldas,99.23,205402000.0,208780000.0,98.38202892997413,21.607758,-0.050224304,-0.5726547,1012.0089,23.588959,-0.42,0.238657,0.0692606,0.067442656,0.44166332,0.57485294
